author_id,institution_id
A5068022071,I4210107217
A5014950400,I4210123993
A5021997056,I4210114368
A5041369109,I4210123993
A5010415543,I4210095101
A5076833967,I4210095101
A5050425757,I4210095101
A5011814353,I4210095101
A5007252074,I4210095101
A5046846003,I2802508454
LOCAL_A000001,I2802508454
A5034194161,I4210115718
A5034194161,I4387154951
A5052932812,I67255865
A5103096805,I4210095101
A5029896071,I4210141768
A5062184716,I4210137358
A5109280766,I4210095101
A5056522373,I123565023
A5072077918,I4210095101
A5052958591,I4210152550
A5072883137,I4210152550
A5088363082,I4210152550
A5060570144,I4210143324
A5060570144,I1287643137
A5102070282,I4210095633
A5102070282,I4210152602
A5001802727,I4210152602
A5000852799,I4210152602
A5103558942,I4210163374
A5108502319,I4210123993
A5045175158,I4210152550
A5100705609,I4210143324
A5100705609,I1287643137
A5080704496,I1287643137
A5080704496,I4210143324
A5074537027,I4210095799
A5009356185,I2800701776
A5052436567,I4210159832
A5075629036,I8775707
A5114594133,I192455969
A5011724052,I94518387
A5045408352,I152815399
A5002869113,I172675005
A5002869113,I3020192730
A5020412391,I4210123993
A5076032909,I4210147407
A5079187530,I2799937713
A5086095919,I4210110470
A5069302582,I1287097855
A5045600839,I103605065
A5075291010,I4210142967
A5036038477,I191642347
A5028419807,I4210124898
A5010395979,I68278413
A5108190409,I4210118850
A5089854058,I149704539
A5075910447,I4210159988
A5112430168,I4210135298
A5074474395,I4210157079
A5089477886,I164865396
A5076850672,I4210100553
A5077878204,I4210105596
A5108812264,I4210113609
A5077271389,I4210140284
A5057837479,I4210120772
A5028391766,I4210156678
A5054097796,I4210148804
A5024449095,I4210143550
A5022979224,I181727666
A5087254067,I4210143550
A5005108080,I55383850
A5018679710,I4210123993
A5026143976,I4210111957
A5026143976,I4391012539
A5022723002,I83978394
A5082218840,I4210094501
A5110556117,I4210090642
A5090660367,I123946342
A5024526613,I26725883
A5024526613,I4210093012
A5034684238,I4210131859
A5109019942,I4210123993
A5111361533,I4210123993
A5067682063,I4210123993
A5111361534,I4210123993
A5111361534,I4387155935
A5111361534,I47265099
A5087019672,I4210123993
A5087019672,I4387155935
A5087019672,I47265099
A5101985554,I4210123993
A5068268080,I4210123993
A5007250589,I4210139239
A5043525540,I3133086891
A5043525540,I32021983
A5043525540,I4210139239
A5039479946,I143578492
A5071517633,I143578492
A5030860493,I28777354
A5088410956,I4210123993
A5029157921,I4210123993
A5024449095,I80947539
A5072269422,I143578492
A5072269422,I43369023
A5016510429,I43369023
A5041023060,I6469544
A5064606348,I4210123993
A5091554286,I187855631
A5045268600,I181727666
A5028442936,I4210111957
A5102010814,I4210123993
A5010462592,I154757721
A5010462592,I197854408
A5069724897,I3129629310
A5022176740,I4210123993
A5022176740,I913481162
A5052862902,I913481162
A5004526884,I913481162
A5042264865,I913481162
A5001474077,I70349855
A5113201220,I70349855
A5112701559,I70349855
A5044058358,I70349855
A5086554424,I70349855
A5030875962,I4210123993
A5018935783,I4210123993
A5101455057,I7726996
A5090464440,I179311214
A5091522531,I4210123993
A5015551812,I4210116271
A5055365606,I143578492
A5049698133,I49382586
A5113047463,I4210123993
A5112851593,I181727666
A5016877301,I123565023
A5100648337,I4210123993
A5005338149,I4210123993
A5015211989,I4210120055
A5016799901,I4210123993
A5081322932,I4210123993
A5060394256,I4210123993
A5110733360,I4210123993
A5079721281,I4210123993
A5005903867,I4210123993
A5080275074,I4210123993
A5102955956,I111428342
A5080477516,I157358134
A5072737254,I141445968
A5103217838,I4394709108
A5006039089,I5343935
A5072109908,I87445476
A5007077248,I82828225
A5101914364,I226567900
A5050840755,I4210109591
A5100692135,I87445476
A5079571573,I152815399
A5079571573,I3131622653
A5073647327,I141445968
A5023835965,I152815399
A5041057723,I152815399
A5012675535,I3131622653
A5084615254,I141445968
A5077989995,I4210123993
A5067659457,I3020192730
A5071489355,I11983389
A5046047434,I11983389
A5068896645,I4210123993
A5084059075,I4210120055
A5039831806,I4210123993
A5071776831,I71503853
A5050137620,I71503853
A5052523494,I4400573217
A5021666100,I31079310
A5103324738,I4210123993
A5033627409,I4210090457
A5042960304,I3124059619
A5101359005,I3124059619
A5027797037,I189210763
A5027797037,I4210131885
A5045498018,I3124059619
A5036952576,I4210140379
A5036952576,I4210165038
A5028273918,I3124059619
A5088300934,I3124059619
A5074371760,I3123069486
A5005583322,I4210123993
A5027205370,I189210763
A5027205370,I4210131885
A5033971798,I6469544
A5033971798,I80947539
A5101466206,I6469544
A5101466206,I80947539
A5078046494,I4210100043
A5078046494,I84339108
A5008780017,I153455119
A5040773786,I202539009
A5072201492,I142208455
A5005940245,I4210123993
A5047172220,I202539009
A5048753083,I3129492623
A5018426724,I141445968
A5059510291,I4210123993
A5112856865,I4210088961
A5050948507,I3020192730
A5024767943,I198105771
A5024767943,I4210090073
A5039896793,I38538140
A5028269577,I75881417
A5076004552,I158708052
A5075235852,I38538140
A5102884763,I80947539
A5024135624,I103583917
A5058979345,I32597200
A5058979345,I4210096063
A5060501800,I32597200
A5060501800,I4210096063
A5038668071,I4210123993
A5063689926,I4210096063
A5070026123,I4210097369
A5070026123,I56081889
A5054046541,I3020192730
A5040375274,I170238339
A5076045469,I202539009
A5084269594,I4210123993
A5012148464,I3020192730
A5036250530,I2802508454
A5048030754,I4880106
A5036240913,I4210123993
A5006699363,I4210123993
A5078135589,I157394403
A5065282480,I157394403
A5100421249,I157394403
A5023756965,I202539009
A5022245617,I4210123993
A5042985909,I4387155935
A5042985909,I47265099
A5003625164,I110166357
A5003625164,I4401726839
A5084774480,I54001450
A5015900702,I120089902
A5015900702,I4210123993
A5016906942,I120089902
A5039969130,I169333911
A5101325666,I3129492623
A5101325666,I4388891809
A5076358810,I120089902
A5076358810,I4210123993
A5066581436,I120089902
A5010532815,I137407579
A5010532815,I4210164694
A5074534697,I4210114709
A5074534697,I4210131959
A5036024169,I4575257
A5066816551,I252758333
A5042425451,I4210101969
A5042425451,I4391012539
A5059729965,I4210123993
A5049257114,I14243506
A5049257114,I145487455
A5059823880,I159247623
A5091402542,I848706
A5034169259,I109689652
A5085593383,I149704539
A5037305946,I12912129
A5040180866,I848706
A5072923302,I149704539
A5087405854,I4210123993
A5000994184,I4210088746
A5010818401,I4210088746
A5100701432,I141445968
A5091627176,I141445968
A5101523512,I141445968
A5086635649,I4210123993
A5053998535,I4210123993
A5062820147,I202539009
A5033734566,I202539009
A5089944324,I25757504
A5089944324,I4210098369
A5057758597,I25757504
A5057758597,I4210098369
A5104386707,I25757504
A5042163751,I132210918
A5060162053,I63135867
A5008497258,I194450716
A5082446801,I46080048
A5081831852,I99574509
A5086434450,I4210123993
A5034249017,I28022161
A5048707344,I139398662
A5019183004,I46080048
A5100623456,I46080048
A5017773373,I4210123993
A5017773373,I4210131701
A5059661400,I4210160086
A5000637794,I4210123993
A5000637794,I4210131701
A5021501825,I170238339
A5007907047,I4210123993
A5010525452,I143578492
A5064374149,I161913731
A5102968901,I131948415
A5087000202,I4210123993
A5000427458,I2799888298
A5077443977,I193670377
A5060053093,I174731842
A5112860829,I4210123993
A5084208478,I4210123993
A5063172364,I4210123993
A5080052377,I4210123993
A5074131915,I4210123993
A5052168970,I70349855
A5110045504,I70349855
A5004575662,I70349855
A5007086934,I70349855
A5033058790,I70349855
A5031029211,I70349855
A5071460878,I170238339
A5080120497,I99542240
A5021931433,I4210123993
A5054227606,I83436808
A5089967345,I2613432
A5044266379,I4210096295
A5087438050,I4210123993
A5043810535,I207776796
A5081588915,I181727666
A5064606348,I47807185
A5104101705,I194450716
A5012338314,I132210918
A5100775772,I132210918
A5100344370,I194450716
A5042141088,I4210123993
A5019049009,I4210123993
A5068032370,I185163786
A5062032042,I185163786
A5020702633,I55547365
A5074353408,I177477856
A5079664614,I151746483
A5079664614,I67009956
A5058053647,I98358874
A5085914326,I86958956
A5038709614,I151746483
A5038709614,I176601375
A5041707620,I4210123993
A5041707620,I4210131701
A5039052968,I4210123993
A5039052968,I4210131701
A5062458911,I4210123993
A5085036106,I4210123993
LOCAL_A000004,I12450925
LOCAL_A000004,I4210088746
A5091133342,I170238339
A5101772613,I4210123993
A5037305946,I205274468
A5037305946,I4210142044
A5026216458,I98381234
A5089793687,I4210124651
A5004083201,I4210123993
A5052919611,I126231945
A5091266202,I172675005
A5016154330,I186903577
A5002827253,I4210123993
A5119657244,I123565023
A5119657244,I47265099
A5017851662,I4210086947
A5017851662,I99542240
A5080476765,I123565023
A5080476765,I47265099
A5003396849,I4210142044
A5033642366,I4210093468
A5052605854,I4210123993
A5119701105,I2801894621
A5119701105,I3132161128
A5031161877,I4210123993
A5119701106,I4210132950
A5119701106,I4210138746
A5110999034,I2801894621
A5110999034,I3132161128
A5041882067,I4210124651
A5039876499,I47265099
A5005634790,I4210148201
A5053690387,I4210123993
A5053690387,I4210131701
LOCAL_A000005,I70349855
A5055683391,I70349855
A5120116412,I70349855
A5022545715,I177733328
A5001693984,I4210123993
A5017259848,I177733328
A5049116546,I177733328
A5003396849,I4210123993
A5003396849,I4210131701
A5045162218,I177733328
A5090308354,I4210124651
LOCAL_A000006,I4210109089
A5113903887,I4210152602
A5109208912,I4210146230
A5109208912,I4210153650
A5066866928,I4210115079
A5112961804,I2802508454
A5112961804,I4210123993
A5112402325,I2799883749
A5010674359,I2799883749
A5007187694,I2799883749
A5075250567,I132118926
LOCAL_A000007,I109689652
A5088052580,I141445968
A5057048916,I152743029
A5057048916,I2802587341
A5042211118,I47519274
A5079609169,I3020192730
A5024782599,I4210123993
A5025852195,I142974352
A5025852195,I4210136334
A5025852195,I56019348
A5104330936,I4210133311
A5104330936,I47519274
A5065278638,I47519274
LOCAL_A000008,I152743029
LOCAL_A000008,I2802587341
A5078382134,I152743029
A5078382134,I2802587341
A5110573326,I152743029
A5110573326,I2802587341
A5065962329,I4210123993
LOCAL_A000009,I4210148201
LOCAL_A000009,I47265099
A5066842174,I202539009
A5066842174,I4210116271
A5052937759,I202539009
A5052937759,I4210116271
A5054511774,I3020192730
A5054511774,I4210123993
A5013912685,I4210101969
A5013912685,I4391012539
A5006709815,I3020192730
A5111907929,I4210123993
A5060405566,I4210123993
A5109595474,I4210123993
A5120616452,I4210123993
A5051720799,I4210123993
A5091523509,I4210123993
A5100977585,I4210123993
A5085740219,I4210123993
A5101590240,I4210123993
A5105180206,I4210123993
LOCAL_A000010,I3020192730
A5044593104,I3020192730
A5002834057,I3020192730
A5079216361,I80281795
LOCAL_A000011,I21250087
LOCAL_A000012,I4210123993
A5009209108,I4210124651
A5114625656,I4210124651
A5114625656,I4575257
A5081343112,I182526193
A5029362407,I119511950
A5029362407,I7882870
A5084344101,I4210123993
A5050246251,I206093572
LOCAL_A000013,I4210133311
LOCAL_A000013,I47519274
LOCAL_A000014,I152743029
LOCAL_A000014,I2802587341
LOCAL_A000015,I152743029
LOCAL_A000015,I2802587341
LOCAL_A000016,I152743029
LOCAL_A000016,I2802587341
LOCAL_A000017,I142974352
LOCAL_A000017,I4210118607
LOCAL_A000017,I68171755
LOCAL_A000018,I142974352
LOCAL_A000018,I4210136334
LOCAL_A000018,I56019348
LOCAL_A000019,I142974352
LOCAL_A000019,I2802331550
LOCAL_A000019,I365282
LOCAL_A000019,I4210118607
LOCAL_A000019,I4210142271
LOCAL_A000019,I47519274
LOCAL_A000020,I4210133311
LOCAL_A000020,I47519274
LOCAL_A000021,I4210123993
LOCAL_A000022,I106841677
LOCAL_A000022,I47519274
LOCAL_A000023,I157674215
LOCAL_A000023,I47519274
LOCAL_A000024,I142974352
LOCAL_A000024,I2802331550
LOCAL_A000024,I365282
LOCAL_A000024,I4210118607
LOCAL_A000024,I4210142271
LOCAL_A000024,I47519274
LOCAL_A000025,I47519274
LOCAL_A000026,I152743029
LOCAL_A000026,I2802587341
LOCAL_A000027,I4210118607
LOCAL_A000027,I91279580
LOCAL_A000028,I4210104362
LOCAL_A000028,I91279580
LOCAL_A000029,I4210118607
LOCAL_A000029,I68171755
LOCAL_A000030,I142974352
LOCAL_A000030,I4210118607
LOCAL_A000031,I142974352
LOCAL_A000031,I152743029
LOCAL_A000032,I98298690
LOCAL_A000033,I98298690
LOCAL_A000034,I142974352
LOCAL_A000034,I4210118607
LOCAL_A000034,I68171755
LOCAL_A000035,I4210137722
LOCAL_A000035,I47519274
LOCAL_A000036,I47519274
LOCAL_A000037,I1293718874
LOCAL_A000038,I4210113809
LOCAL_A000039,I4210113809
LOCAL_A000040,I4210113809
LOCAL_A000041,I2613432
A5061019153,I123565023
A5064125102,I123565023
A5120984488,I162709352
A5120984488,I94328231
A5075229392,I4210095073
A5121014707,I4210123993
A5120974622,I4210123993
A5025851364,I4210123993
A5025851364,I4210138427
A5121514013,I4210093057
A5121514013,I4210127672
A5121514013,I8775707
A5080334122,I1338034494
A5080334122,I204778367
A5085566730,I1338034494
A5085566730,I204778367
A5121763713,I4210123993
A5121760197,I18550681
A5121813198,I4210123993
A5121798944,I4210123993
LOCAL_A000042,I2801894621
LOCAL_A000042,I3132161128
LOCAL_A000042,I4210132950
LOCAL_A000042,I4210138746
A5079519299,I2801894621
A5079519299,I3132161128
A5079519299,I4210132950
A5079519299,I4210138746
A5093634125,I4210138746
LOCAL_A000043,I4210123993
A5113048693,I4210123993
A5107588231,I4210124651
A5122902852,I4210124651
A5122907744,I4210124651
A5079955478,I4210123993
A5031822796,I4210124651
A5012479711,I4210124651
A5122903487,I196345858
A5122288736,I4210124651
A5122874808,I4210100829
A5075020121,I4210124651
A5010384305,I2802701112
A5123414799,I4210101453
A5059332003,I4210101453
A5123433400,I4210101453
A5008876218,I4210101453
A5123417145,I2802701112
A5091163237,I4210123993
A5028014897,I4210101453
A5123402673,I4210101453
A5100570849,I123565023
A5100570849,I23582244
A5100570849,I47265099
A5123569809,I47265099
A5101199251,I123565023
A5101199251,I47265099
A5103059530,I123565023
A5103059530,I47265099
A5041924362,I123565023
A5041924362,I23582244
A5041924362,I47265099
LOCAL_A000044,I4210142044
A5025851364,I4210131701
A5024466583,I4210123993
A5073587956,I4210123993
A5123559083,I52179390
A5053430025,I52179390
A5104387604,I4210123993
A5062189282,I173888879
A5123640296,I205640436
A5076489521,I4210142044
A5037177799,I23582244
A5055305566,I23582244
A5029072011,I4210123993
A5121452694,I4210123993
A5121452694,I4210131701
LOCAL_A000045,I4210095603
LOCAL_A000045,I4210150999
LOCAL_A000046,I4210134642
A5126219837,I8961855
A5074327529,I4210123993
A5074327529,I4210131701
A5110608596,I8961855
LOCAL_A000047,I170238339
A5126282675,I875944469
A5002522804,I193352282
A5126290397,I4210142044
A5027556039,I4210142044
A5126307449,I3020192730
A5056016594,I4210095603
A5056016594,I4210150999
A5122895977,I4210134642
A5011173370,I8961855
A5128192943,I170238339
A5128606674,I141445968
A5128405095,I141445968
A5128378047,I141445968
A5128385340,I4210123993
A5128385340,I4210131701
A5128559504,I86987016
A5077666944,I70349855
A5112266228,I70349855
A5076108578,I70349855
LOCAL_A000048,I46080048
A5130062909,I4210123993
A5130155980,I139398662
A5129952168,I46080048
LOCAL_A000049,I28022161
A5133317571,I184531372
A5089611382,I4210153474
A5133376077,I117222138
A5049765310,I4210123993
A5049249038,I163161326
A5076866489,I4210123993
A5109127716,I4210123993
A5072883137,I4210160947
A5059661066,I1287643137
A5088363082,I4210160947
A5052958591,I4210160947
A5111685187,I16473318
A5111685187,I4210123993
A5111685187,I4210156945
A5025759682,I16473318
A5025759682,I4210123993
A5025759682,I4210156945
A5085208410,I4210123993
A5085208410,I4210156945
A5046970229,I4210123993
A5046970229,I4210156945
A5030774861,I4210123993
A5004230431,I4210123993
A5061865174,I913481162
A5041708086,I913481162
A5079440745,I913481162
A5052671761,I913481162
A5006348959,I4210123993
LOCAL_A000050,I4210123993
A5002515116,I4210123993
A5087658530,I4210123993
A5051435891,I4210090479
A5052590300,I4210123993
A5052590300,I4210088287
A5064602782,I4210123993
A5064602782,I4210088287
A5032787752,I4210123993
A5032787752,I4210088287
A5013302470,I4210088287
A5013302470,I4210123993
A5050575155,I4210123993
A5050575155,I4210088287
A5032430599,I4210088287
A5032430599,I4210123993
A5072249565,I4210123993
A5072249565,I4210088287
A5062884692,I4210088287
A5062884692,I4210123993
A5056762239,I127073530
A5056762239,I1288070718
A5056762239,I2800593602
A5056762239,I38686511
A5056762239,I4210123993
A5038674343,I2800593602
A5038674343,I38686511
A5038674343,I4210123993
A5109344144,I2800593602
A5109344144,I38686511
A5109344144,I4210123993
A5035975805,I2800593602
A5035975805,I38686511
A5035975805,I4210123993
A5071407430,I2800593602
A5071407430,I38686511
A5071407430,I4210123993
A5038116070,I2800593602
A5038116070,I38686511
A5038116070,I4210123993
A5063075884,I2800593602
A5063075884,I38686511
A5063075884,I4210123993
A5113792609,I2800593602
A5113792609,I38686511
A5113792609,I4210123993
A5095860330,I2800593602
A5095860330,I38686511
A5095860330,I4210123993
A5019473435,I2800593602
A5019473435,I38686511
A5019473435,I4210123993
A5064913339,I2800593602
A5064913339,I38686511
A5064913339,I4210123993
A5079848691,I187855631
A5110671768,I187855631
A5110671768,I4210123993
A5001033800,I187855631
A5001033800,I4210123993
A5053295960,I4210123993
A5020463942,I123565023
A5020463942,I4210117845
A5020463942,I4210123993
A5020463942,I4210136912
A5066394609,I123565023
A5066394609,I4210117845
A5066394609,I4210123993
A5066394609,I4210136912
A5077358597,I4210123993
A5036410800,I3020192730
A5021292806,I4210137358
A5078522070,I4210104442
A5104035119,I70349855
A5074528425,I108108428
A5031177860,I4387155935
A5031177860,I47265099
A5084444623,I4210139842
A5051450131,I4210104442
A5108236710,I47265099
A5016425643,I170238339
A5050026611,I202539009
A5048057078,I202539009
A5066490148,I4210123993
A5052054550,I202539009
A5052778502,I202539009
A5039725259,I82475049
A5047692459,I4210123993
A5003545280,I4210123993
A5010287332,I4210123993
A5086626112,I173009982
A5051054748,I173009982
A5001675506,I4210110097
A5001675506,I4210123993
A5101975004,I173009982
A5026652025,I145311948
A5026652025,I4210123993
A5026652025,I75027704
A5042115750,I4210123993
A5110671529,I4210123993
A5061220760,I4210123993
A5015170656,I4210123993
A5039592401,I202539009
A5011303321,I109689652
A5049982885,I141445968
A5049982885,I4210116271
A5029795725,I141445968
A5100701432,I4210116271
A5020362824,I4210123993
A5016349144,I67009956
A5091026666,I67009956
A5015962889,I69356397
A5024823282,I182534213
A5052000517,I4210111957
A5052000517,I4210123993
A5101149266,I4210123993
A5101937289,I123565023
A5101937289,I47265099
A5079289303,I135768898
A5056957912,I170238339
A5083291115,I4210123993
A5079824896,I23582244
A5081148659,I170238339
A5091850427,I4210123993
A5071378698,I187855631
A5044156341,I4210139642
A5050217515,I16733864
A5052167850,I4210123993
A5102388480,I16733864
A5011444388,I4210123993
A5056815476,I3020192730
A5080595139,I28022161
A5034076654,I28022161
A5088757599,I16733864
A5101884386,I4210123993
A5089298247,I4210123993
A5053225960,I4210123993
A5020835202,I4210123993
A5005047524,I123565023
A5039339494,I123565023
A5039339494,I4210134642
A5042275039,I123565023
A5042275039,I4210134642
A5073908772,I158708052
A5110573321,I123565023
A5031635334,I4210134642
A5009681520,I3129629310
A5009681520,I79775147
A5076541729,I3129629310
A5076541729,I4210116271
A5102010814,I3129629310
LOCAL_A000051,I4210123993
A5024514559,I4210123993
A5085044386,I4210123993
A5065884707,I4210144900
A5040773786,I4210123993
A5092136044,I4210123993
A5067718322,I4210123993
A5056823419,I4210123993
A5062084624,I138925566
A5046399932,I138925566
A5046399932,I4210123993
A5037131073,I138925566
A5100434395,I4210110313
A5038430822,I138925566
A5062225876,I138925566
A5074997780,I127859547
A5074997780,I2802425954
A5074997780,I4210123993
A5074997780,I4210126127
A5074997780,I4210126637
A5074997780,I4210129039
A5074997780,I4210157299
A5074997780,I85788879
A5039791776,I127859547
A5023168181,I47807185
A5069711950,I4210123993
A5043402758,I202539009
A5044305514,I142208455
A5044305514,I47807185
A5026676431,I142208455
A5026676431,I47807185
A5071517633,I4210142079
A5070026123,I69181431
A5069939003,I4210109591
A5005894205,I4210109591
A5044845498,I196137440
A5074819339,I4210123993
A5006309811,I4210109591
A5048867490,I4210123993
A5042447339,I4210123993
A5024027185,I4210123993
A5023835346,I4210123993
A5112608982,I4210123993
A5060415594,I4210123993
A5101925339,I4210123993
A5053552469,I4387154394
LOCAL_A000052,I4210123993
A5090696769,I4210095101
A5047214901,I4210095101
A5000897610,I165737746
A5101585594,I4210095101
A5073228138,I205133468
A5024653854,I205133468
A5047381339,I205133468
A5008944931,I205133468
A5036815509,I205133468
A5087028337,I205133468
A5056442046,I205133468
A5089932663,I205133468
A5113659799,I4210123993
A5034973872,I3020192730
A5087097985,I4210104442
A5091512952,I4210104442
A5048155073,I4210151045
A5086822781,I208356959
A5074528425,I4210096430
A5030100270,I70349855
A5074378322,I4210137358
A5059777868,I4210137358
LOCAL_A000053,I79775147
A5051430246,I82497590
A5100637272,I4210123993
A5077358597,I141445968
LOCAL_A000054,I141445968
LOCAL_A000054,I4210104442
LOCAL_A000054,I4210123993
A5051450131,I141445968
A5101860187,I141445968
A5101860187,I3020192730
A5043003589,I3020192730
A5043003589,I4210104442
A5061408196,I4210104442
A5061408196,I4387155935
A5061408196,I47265099
A5031177860,I141445968
A5068124673,I141445968
A5068124673,I4210123993
A5102851626,I4210123993
A5102851626,I913481162
A5059660065,I913481162
A5011427978,I45756140
A5047968074,I4210123993
A5045975445,I4210123993
A5083727054,I4210093659
A5048882203,I4210123993
A5101863198,I202539009
A5072705588,I35568498
A5072705588,I4210123993
A5040035619,I35568498
A5007920882,I2802508454
A5101541497,I12450925
A5072077918,I12450925
A5072077918,I2802508454
A5111598709,I2802508454
A5074603556,I2802508454
A5074603556,I4210123993
LOCAL_A000055,I4210123993
LOCAL_A000055,I67255865
LOCAL_A000056,I12450925
LOCAL_A000056,I67255865
A5087265810,I12450925
A5087265810,I4210095101
A5026614237,I4210123993
A5053018788,I142208455
A5053018788,I4210123993
A5058292518,I3020192730
A5058292518,I4210134673
A5113033300,I47807185
A5088934266,I142208455
A5090445830,I142208455
A5073647327,I152815399
A5005289149,I152815399
A5053892732,I152815399
A5053892732,I173093425
A5087293091,I152815399
A5089470104,I152815399
A5015953024,I141445968
A5063478996,I141445968
A5048989760,I4387154394
A5071979760,I4387154394
A5081741097,I4429535
A5023756965,I4210110116
A5023756965,I4391012539
A5022245617,I4210110116
A5022245617,I4391012539
A5058934086,I114395901
A5101861939,I4210110116
A5101861939,I4391012539
A5005987402,I202539009
A5005987402,I4210110116
A5005987402,I4391012539
A5009658681,I202539009
A5060864160,I202539009
A5042273592,I202539009
A5031811244,I177733328
A5065984932,I4210123993
A5052072118,I4210123993
A5052072118,I78577930
A5045616383,I4210123993
A5091227553,I4210123993
A5088677076,I4210123993
A5073614585,I4210123993
A5085823166,I4210123993
A5000211187,I4210123993
A5050925561,I4210123993
A5100380164,I4210123993
A5051246640,I4210123993
LOCAL_A000057,I4210123993
A5049932095,I4210123993
A5039141089,I196051555
A5039141089,I4210123993
A5039141089,I4210131701
A5039141089,I99464096
A5102990924,I196051555
A5102990924,I4210123993
A5102990924,I4210131701
A5102990924,I99464096
A5002827253,I196051555
A5002827253,I4210131701
A5002827253,I99464096
A5003396849,I196051555
A5003396849,I99464096
A5072861318,I4210123993
A5101648170,I123565023
A5101648170,I170238339
LOCAL_A000058,I123565023
A5049489715,I123565023
A5050116381,I123565023
A5053086929,I124601658
A5053086929,I4403928193
A5015787949,I30771326
A5015787949,I4210135780
A5015787949,I93860229
A5033921756,I124601658
A5033921756,I4403928193
A5088692992,I124601658
A5088692992,I4403928193
A5088692992,I93860229
A5085568555,I4210093221
A5051963851,I310553
A5058447725,I64222039
A5103253581,I4210123993
A5065962329,I136761661
A5061007639,I136761661
A5103277183,I136761661
A5033959758,I136761661
A5090904750,I2610724
A5010203621,I2610724
A5079183565,I2610724
A5039286027,I2610724
A5114010145,I4577782
A5039877065,I2610724
A5039877065,I4210123993
A5056681282,I4210148201
A5061856161,I141445968
A5061856161,I202539009
A5018426724,I202539009
A5013224610,I4210123993
A5003989156,I4210123993
A5024654850,I4210123993
A5004532785,I22265921
A5042237838,I22265921
A5042237838,I23582244
A5071582722,I22265921
A5112681572,I4210123993
A5018189411,I4880106
A5037677437,I67255865
A5083516573,I4210123993
A5072566978,I4210143550
A5030383833,I4210143550
A5017596097,I202539009
A5101044326,I99552915
A5102791934,I202539009
A5102791934,I4210123993
A5102791934,I4391012539
A5102791934,I99552915
A5008745879,I4210123993
A5060017962,I181727666
A5060017962,I4210123993
A5016330319,I181727666
A5057019956,I181727666
A5068073864,I181727666
A5066871783,I181727666
A5044871381,I196699116
A5044871381,I4210093468
A5020851663,I196699116
A5080471605,I3132707006
A5061565634,I3122832768
A5035120699,I3122832768
A5049616479,I4210123993
A5064378058,I4210088633
A5064378058,I4210141426
A5019298120,I112536369
A5075548304,I4210088633
A5075548304,I4210141426
A5075749159,I4210088633
A5075749159,I4210141426
A5083849701,I169045520
A5018056862,I170013655
A5036538864,I141445968
A5061433803,I110116418
A5036310727,I4210101969
A5036310727,I4391012539
A5091968955,I4210123993
A5109606945,I4210137358
A5014695848,I99464096
A5044607532,I99464096
A5044592532,I2800875726
A5028160757,I4210137358
A5046366464,I99464096
A5087106458,I4210123993
A5049804329,I4210086020
A5044956941,I4210160086
A5056153037,I4210160086
A5092794894,I8775707
A5114074337,I8775707
A5110319120,I4210123993
A5068331641,I8775707
A5103057827,I2802508454
A5022909195,I2802508454
A5018419083,I2802508454
A5030979939,I2802508454
A5045164373,I166337079
A5073205104,I4210123993
A5053707822,I2802508454
A5005115625,I4210123993
A5061587506,I3020192730
A5011862544,I4210123993
A5102885587,I4210123993
A5029794080,I170238339
A5113227108,I4210124651
A5113227826,I4210097717
A5063308163,I4210095101
A5106785511,I4210123993
A5058364233,I4210123993
A5036760861,I4210123993
LOCAL_A000059,I94518387
A5080272177,I94518387
A5082290380,I4210123993
A5082290380,I4210144126
A5082290380,I49382586
A5114137577,I4210110070
A5058586048,I4210123993
A5058586048,I4210144126
A5058586048,I49382586
A5112588341,I4210123993
A5074325383,I1285420085
A5002032651,I4210087755
A5053950493,I141445968
A5100690079,I47265099
A5049698133,I141445968
A5036059136,I4210096295
A5066264424,I4210123993
A5102708623,I4210123993
A5080404353,I4210123993
A5103990701,I4210123993
A5101936200,I4210123993
A5086143812,I202539009
LOCAL_A000061,I913630986
A5089952804,I85461943
A5060225029,I4210123993
A5104311871,I111277659
A5112844608,I4210123993
A5066114368,I28022161
A5066114368,I4210138988
A5012969367,I28022161
A5073925871,I76903346
A5024162646,I4210123993
A5112876838,I913630986
A5020164540,I913630986
A5050662303,I913630986
A5077608549,I913630986
A5082370353,I913630986
A5084044708,I913630986
A5078266246,I913630986
A5035626331,I913630986
A5019777897,I913630986
A5030726191,I4210123993
A5101189684,I177733328
A5036631670,I4210123993
A5102804031,I4210123993
A5053998535,I108108428
A5042970296,I141445968
A5042970296,I4210123993
A5047569226,I141445968
A5047569226,I4210123993
A5066204594,I141445968
A5066204594,I4210123993
A5033598598,I141445968
A5033598598,I4210123993
A5049567040,I4210123993
A5050842566,I4210123993
A5030801216,I149851306
A5030801216,I302256491
A5030801216,I4210098675
A5014591962,I8775707
A5081835298,I4210096295
A5078059796,I4210123993
A5027154276,I4210096295
A5037185882,I4210096063
LOCAL_A000062,I109689652
A5065553213,I4210123993
A5066740309,I4210123993
A5068286496,I4210123993
A5092687136,I4210123993
A5009326662,I3129629310
A5101369867,I141445968
A5048485189,I120938084
A5054795012,I120938084
A5090251360,I120938084
A5027148979,I120938084
A5027148979,I125989756
A5101583696,I4210123993
A5077395669,I4210123993
A5093797244,I4210123993
A5011855564,I40542001
A5021191255,I134085113
LOCAL_A000063,I4210123993
A5100430160,I40542001
A5101608786,I123565023
A5112403918,I70349855
A5039052968,I70349855
A5050533579,I123565023
A5001918418,I88761825
A5001918418,I89004649
A5101545411,I88761825
A5101545411,I89004649
A5022483359,I123565023
A5068152663,I123565023
A5045704987,I177733328
A5023890153,I91045830
A5116224403,I177733328
A5044387881,I75256744
A5093416618,I91045830
A5081951393,I107851509
A5081951393,I1306264927
A5081951393,I131077856
A5081951393,I149704539
A5081951393,I4210088668
A5081951393,I4210109893
A5081951393,I4210136436
A5081951393,I4210146893
A5081951393,I4210166444
A5134226784,I11701301
A5023064512,I4210123993
A5110800043,I177733328
A5043767304,I177733328
A5007080908,I4210123993
A5060222747,I4210115718
A5057475080,I45756140
A5103205999,I70349855
A5052439520,I70349855
A5030260489,I4210115718
A5030260489,I4387154701
A5028381367,I4210115718
A5002005365,I4210115718
A5054801180,I4210115718
A5072933384,I4210115718
A5084103582,I4210115718
A5084103582,I4210123993
LOCAL_A000064,I4210115718
LOCAL_A000064,I4210123993
A5038772426,I4210097553
A5038772426,I4210122635
A5038772426,I4210130863
A5038772426,I4210137223
A5051004413,I4210123993
A5044391214,I4210097553
A5044391214,I4210122635
A5044391214,I4210130863
A5044391214,I4210137223
A5048741163,I19880235
A5029483778,I1313323035
A5029483778,I81365569
A5018614044,I70349855
A5034572659,I4210123993
A5016226095,I4210110116
A5016226095,I4391012539
A5083170304,I4210110116
A5083170304,I4391012539
A5101722766,I114030911
A5028951593,I93251985
A5060002377,I4210149923
A5054964486,I19880235
A5054924786,I202539009
A5027033593,I202539009
A5109960792,I202539009
A5109960792,I4210116271
A5006705698,I4210123993
A5081664588,I141445968
A5015706750,I79775147
A5046033495,I4210123993
A5061370494,I140172145
A5061370494,I15780179
A5061370494,I2800139702
A5061370494,I29236304
A5061370494,I4210091794
A5061370494,I4210096674
A5061370494,I4210115349
A5061370494,I4210117499
A5061370494,I4210123993
A5061370494,I4210131376
A5061370494,I4210146710
A5061370494,I4210146725
A5061370494,I4210150166
A5061370494,I4210154614
A5061370494,I4210159109
A5061370494,I4210164083
A5006316327,I140172145
A5006316327,I15780179
A5006316327,I2800139702
A5006316327,I29236304
A5006316327,I4210091794
A5006316327,I4210096674
A5006316327,I4210115349
A5006316327,I4210117499
A5006316327,I4210123993
A5006316327,I4210131376
A5006316327,I4210146710
A5006316327,I4210146725
A5006316327,I4210150166
A5006316327,I4210154614
A5006316327,I4210159109
A5006316327,I4210164083
A5017263869,I140172145
A5017263869,I15780179
A5017263869,I2800139702
A5017263869,I29236304
A5017263869,I4210091794
A5017263869,I4210096674
A5017263869,I4210115349
A5017263869,I4210117499
A5017263869,I4210123993
A5017263869,I4210131376
A5017263869,I4210146710
A5017263869,I4210146725
A5017263869,I4210150166
A5017263869,I4210154614
A5017263869,I4210159109
A5017263869,I4210164083
A5084775306,I140172145
A5084775306,I15780179
A5084775306,I2800139702
A5084775306,I29236304
A5084775306,I4210091794
A5084775306,I4210096674
A5084775306,I4210115349
A5084775306,I4210117499
A5084775306,I4210123993
A5084775306,I4210131376
A5084775306,I4210146710
A5084775306,I4210146725
A5084775306,I4210150166
A5084775306,I4210154614
A5084775306,I4210159109
A5084775306,I4210164083
A5091148818,I140172145
A5091148818,I15780179
A5091148818,I2800139702
A5091148818,I29236304
A5091148818,I4210091794
A5091148818,I4210096674
A5091148818,I4210115349
A5091148818,I4210117499
A5091148818,I4210123993
A5091148818,I4210131376
A5091148818,I4210146710
A5091148818,I4210146725
A5091148818,I4210150166
A5091148818,I4210154614
A5091148818,I4210159109
A5091148818,I4210164083
A5067618941,I140172145
A5067618941,I15780179
A5067618941,I2800139702
A5067618941,I29236304
A5067618941,I4210091794
A5067618941,I4210096674
A5067618941,I4210115349
A5067618941,I4210117499
A5067618941,I4210123993
A5067618941,I4210131376
A5067618941,I4210146710
A5067618941,I4210146725
A5067618941,I4210150166
A5067618941,I4210154614
A5067618941,I4210159109
A5067618941,I4210164083
A5010772869,I140172145
A5010772869,I15780179
A5010772869,I2800139702
A5010772869,I29236304
A5010772869,I4210091794
A5010772869,I4210096674
A5010772869,I4210115349
A5010772869,I4210117499
A5010772869,I4210123993
A5010772869,I4210131376
A5010772869,I4210146710
A5010772869,I4210146725
A5010772869,I4210150166
A5010772869,I4210154614
A5010772869,I4210159109
A5010772869,I4210164083
A5083945787,I4210123993
A5009692670,I4210123993
A5010667167,I165737746
A5010667167,I4210123993
A5089263417,I165737746
A5069149378,I165737746
A5069149378,I4210120266
A5053245824,I165737746
A5053245824,I3129215250
A5074122666,I165737746
A5019922027,I165737746
A5071543919,I4210123993
LOCAL_A000065,I120089902
LOCAL_A000065,I4210123993
LOCAL_A000065,I73685970
A5049432618,I120089902
A5049432618,I73685970
A5045107989,I120089902
A5045107989,I4210123993
A5028120119,I120089902
A5092236474,I4210123993
A5092236475,I4210123993
A5037587230,I51780484
A5074922240,I99552915
A5006513255,I70349855
A5035438749,I79775147
A5096362209,I4210123993
A5111072575,I4210093468
A5085078871,I70349855
A5103323474,I70349855
A5064645144,I70349855
A5086500382,I70349855
A5013654224,I114017466
A5013654224,I1332353952
A5013654224,I4210123993
A5013654224,I118347636
A5013654224,I1292875679
A5013654224,I4210161554
A5053655626,I118347636
A5053655626,I1292875679
A5053655626,I1332353952
A5053655626,I4210161554
A5065970712,I1332353952
A5068309504,I1332353952
A5067800126,I1332353952
A5017913111,I1332353952
A5012021096,I1332353952
A5029226423,I114017466
A5029226423,I1332353952
A5083899294,I114017466
A5083899294,I1332353952
A5083899294,I4210123993
A5041603130,I1332353952
A5052253557,I1332353952
A5113137129,I1332353952
A5018227404,I1332353952
A5091071937,I1332353952
A5108652190,I123565023
A5108652190,I49382586
A5045459799,I123565023
A5045459799,I49382586
LOCAL_A000066,I177733328
LOCAL_A000067,I4210123993
A5107947365,I4210123993
A5096746289,I4210123993
A5061059537,I177877127
A5061059537,I4210096063
A5025949224,I4210096063
LOCAL_A000068,I4210095101
LOCAL_A000069,I4210123993
LOCAL_A000070,I4210123993
LOCAL_A000071,I4210095101
LOCAL_A000072,I3020192730
LOCAL_A000072,I4210115718
LOCAL_A000073,I4210095101
LOCAL_A000074,I4210095101
LOCAL_A000075,I4210095101
LOCAL_A000076,I4210123993
LOCAL_A000077,I4210095101
A5067502210,I4210123993
A5106284058,I4210123993
A5109758958,I4210123993
A5011848775,I4210123993
A5110810020,I4210120055
A5082803859,I170238339
A5020187786,I4210126982
A5020187786,I4400008996
A5100623707,I131359167
A5061140260,I4210095101
A5115451748,I4210123993
A5013855040,I142904861
A5058673187,I113306721
A5032415906,I257903683
A5032415906,I4210103434
A5101641106,I4210123993
A5015224146,I4210123993
A5101826892,I131359167
A5115946236,I3020192730
A5036761658,I45756140
A5116034918,I4210123993
A5010733986,I4210119410
A5078162843,I4210134642
A5036824452,I4210123993
A5101644358,I196829312
A5101644358,I4210123993
LOCAL_A000078,I196829312
LOCAL_A000079,I1292875679
LOCAL_A000079,I42894916
A5101863680,I177877127
A5087959841,I196829312
A5033056152,I196829312
A5063554916,I4210096295
A5070144964,I205612303
A5031315212,I205612303
A5104192946,I4210123993
A5012114425,I4210123993
A5066391854,I4210123993
A5036229455,I4210123993
A5063678665,I4210123993
A5042141088,I4210148201
A5053750142,I79246082
A5106206940,I79246082
A5106155927,I4210123993
A5106155928,I4210116271
LOCAL_A000080,I157358134
LOCAL_A000080,I4210123993
A5048794912,I157358134
A5048794912,I170606269
A5048794912,I4210123993
A5087144106,I170606269
A5008496546,I157358134
A5106774781,I4210123993
A5034877777,I4210123993
A5004618448,I4210123993
A5070234669,I4210146893
A5025948063,I4210146893
A5025951446,I4210146893
A5034086695,I4210111957
A5014333309,I12450925
A5007404256,I129902397
A5026150255,I4210095101
A5020793898,I4210095101
LOCAL_A000081,I4210123993
A5090514977,I4210123993
A5057289601,I4210123993
A5074621625,I4210123993
A5004568971,I29199639
A5025713091,I4210123993
A5078079634,I4210111957
A5078079634,I4391012539
A5067434970,I4210123993
A5050158366,I202539009
LOCAL_A000082,I2802852271
LOCAL_A000082,I51158804
A5010992089,I51158804
A5040172783,I2802852271
A5040172783,I51158804
A5040172783,I135822937
A5055880156,I4210123993
A5055880156,I4210134406
A5055880156,I4210153702
A5108992345,I135822937
LOCAL_A000083,I4210123993
A5114217690,I4210123993
A5106845809,I4210123993
LOCAL_A000084,I67868205
A5085218551,I4210123993
LOCAL_A000085,I67868205
A5060887728,I4210123993
A5074437529,I67868205
A5036212178,I130442723
A5035840553,I130442723
A5061049640,I4210123993
A5030177637,I47403697
A5015142652,I130442723
A5116462496,I4210123993
A5116462497,I4210123993
A5117757285,I4210123993
LOCAL_A000086,I4210123993
A5117757286,I4210123993
A5117757287,I4210123993
LOCAL_A000087,I4210123993
A5111497739,I4210123993
A5120172106,I70349855
A5066453892,I4210139842
A5101412720,I70349855
A5001746495,I177733328
A5028355700,I4210123993
LOCAL_A000088,I4210123993
A5038068417,I177733328
A5117845190,I4210123993
LOCAL_A000089,I4210123993
A5035110418,I118373667
A5038180308,I118373667
A5075791229,I1291453478
A5075791229,I181727666
A5075791229,I4210123993
A5053009670,I181727666
A5109620041,I4210096295
A5121936243,I1291453478
A5121936243,I181727666
A5121936243,I4210123993
A5015861324,I181727666
A5064424890,I4210123993
A5122762361,I4210123993
A5122807415,I4210123993
A5125450163,I114017466
A5125450163,I141445968
A5125450163,I4210102522
A5131269179,I4210123993
LOCAL_A000090,I114017466
LOCAL_A000090,I141445968
LOCAL_A000090,I4210102522
A5100709068,I114017466
A5100709068,I141445968
A5100709068,I4210102522
A5129989055,I4210123993
A5129989055,I4210131701
A5062256983,I4210148201
A5101278247,I170238339
A5110058980,I1305429183
A5012956416,I2802508454
A5012956416,I4210100991
A5012956416,I4210123993
A5005524833,I4210123993
A5091622578,I4210123993
A5063731624,I4210123993
A5108738732,I4210123993
A5021838259,I31512782
A5065302871,I9842412
LOCAL_A000091,I4210123993
A5075072315,I4210101969
A5012355715,I94518387
A5029178928,I170238339
A5059892810,I4210134642
A5079947544,I4210123993
A5105003629,I4210123993
LOCAL_A000092,I202539009
A5037558820,I4210120055
A5017779359,I4210137223
A5031148394,I4210137223
A5089531486,I2802508454
A5014849714,I141445968
A5002945095,I141445968
A5046942020,I4210123993
A5074180869,I4210125847
A5109344379,I4210123993
A5027177538,I158708052
A5113139645,I4210123993
A5063544628,I4210123993
A5035740729,I4210123993
A5070941732,I4210123993
A5061363296,I4210134588
A5007945291,I4210123993
A5036002983,I158708052
A5015647530,I123565023
A5031177860,I4210104442
A5051450131,I4387155935
A5051450131,I47265099
A5015667422,I118564535
A5015667422,I4210123993
A5015667422,I4210148311
A5015667422,I87101506
A5049339151,I118564535
A5049339151,I4210134585
A5049339151,I87101506
A5073470573,I4210123993
A5057714841,I4210123993
A5112445404,I2610724
A5088536141,I177877127
A5018665089,I4210120526
A5058872102,I4210120526
A5022173691,I2610724
A5047693293,I2610724
A5047693293,I4210120526
A5112505328,I4210159515
A5085460338,I135822937
A5001223994,I4210123993
A5030713822,I135822937
A5023074991,I135822937
A5065243635,I4210159515
A5069724897,I4387155935
A5069724897,I47265099
A5112560699,I4210123993
A5062937996,I170238339
A5078022401,I194118695
A5060429609,I4210150485
LOCAL_A000093,I4210123993
A5075209004,I177733328
A5089334735,I123565023
A5089334735,I23582244
A5089334735,I4210123993
A5081829534,I4210096063
A5081829534,I4210123993
A5070137442,I4210096063
A5050136807,I4210123993
A5010346711,I4210096063
A5082843977,I277688954
A5082843977,I4390039377
A5004191876,I4210123993
A5080870118,I123565023
A5082263577,I4210123993
A5067149669,I4210123993
A5022284216,I4210123993
A5019911546,I4210123993
A5010890291,I4210123993
A5010537634,I4210123993
A5034541869,I4210123993
A5061176218,I4210123993
A5078162843,I141445968
A5078162843,I4210098226
A5014362711,I228151691
A5014362711,I4210104442
A5011297917,I4210123993
A5053995609,I138801177
A5076450937,I177733328
A5031270481,I177733328
A5053119189,I177733328
A5103064996,I208356959
A5064483608,I208356959
A5050952324,I208356959
A5007840514,I4210123993
A5001873550,I141445968
A5027387894,I141445968
A5107947365,I177733328
LOCAL_A000094,I177733328
A5111250556,I49382586
LOCAL_A000095,I4210123993
A5101677513,I177733328
A5110098746,I177733328
A5101663684,I177733328
A5087502668,I4210123993
A5017407091,I141445968
A5017407091,I142208455
A5012259174,I4210148201
A5047100737,I142208455
A5047100737,I4210116271
A5011543714,I142208455
A5058692331,I138801177
A5010420002,I138801177
A5003489886,I4210101969
A5100687895,I10660446
A5015332154,I141445968
A5018810877,I141445968
A5030680943,I28407311
A5051291679,I3133213403
A5051291679,I4210123993
A5073928697,I3133213403
A5073928697,I4210123993
A5082978015,I3133213403
A5082978015,I4210123993
A5065893608,I3133213403
A5065893608,I4210123993
A5061026929,I3133213403
A5061026929,I4210123993
A5005120026,I3133213403
A5005120026,I4210123993
A5056443847,I11880225
A5067957815,I11880225
A5060927410,I4576418
LOCAL_A000096,I4210123993
LOCAL_A000096,I4210131701
A5008510859,I11880225
A5035648668,I119025939
A5063712871,I119025939
A5068645315,I3131779051
A5059157179,I16471300
A5059157179,I883909435
A5045131495,I4210154340
LOCAL_A000097,I4210123993
A5055046244,I254887060
A5068605413,I3129629310
A5026229677,I4210123993
A5101205933,I170238339
A5101205933,I29199639
A5070726803,I170238339
A5070726803,I29199639
A5070726803,I4210123993
A5019646634,I29199639
A5019646634,I64519617
A5100776154,I182526193
A5100776154,I4210123993
A5101205934,I64519617
A5102516062,I182526193
A5024392587,I4387155935
A5024392587,I47265099
A5078351000,I100086675
A5015830577,I4210123993
A5015830577,I66867065
A5085860696,I66867065
A5016661114,I138622004
A5060923710,I4210123993
A5110817724,I141445968
A5065444985,I141445968
A5065231184,I141445968
A5081151430,I141445968
A5008909699,I4210123993
A5087900851,I4210123993
A5056454683,I4210123993
A5025004943,I4210123993
A5040500724,I123565023
A5074116301,I79775147
A5086880424,I4210123993
A5028473390,I202539009
LOCAL_A000098,I4210123993
A5074503531,I4210123993
A5103808536,I202539009
A5036083952,I202539009
A5048050751,I4210123993
A5083002277,I4210123993
A5104011371,I4210123993
A5015818019,I4210123993
A5054984885,I4210123993
A5073556653,I123565023
A5032768223,I4210095101
A5029896071,I4210095101
A5063563629,I4210123993
A5037098982,I29199639
A5037098982,I4210123993
A5037098982,I4210161636
A5100810839,I127366699
A5100810839,I29199639
A5100810839,I4210161636
A5000845033,I127366699
A5000845033,I29199639
A5000845033,I4210123993
A5000845033,I4210161636
A5089107968,I1315456113
A5089107968,I177233841
A5089107968,I4210086020
A5058058761,I4210123993
A5087370518,I4210095603
A5087370518,I4210150999
A5087370518,I4400600977
A5015273816,I4210092381
LOCAL_A000099,I4210123993
A5032063674,I151727225
A5032063674,I4210123993
A5047114429,I4387154394
A5038960846,I4391012539
A5025732300,I188760350
A5046033495,I188760350
A5046033495,I4391012539
A5046033495,I82497590
A5063243962,I4210123993
A5023751804,I4210123993
A5016378241,I12833781
A5010730262,I142608572
A5085454704,I21203515
A5069114387,I51569856
A5054722451,I4210101211
A5077358597,I3020192730
A5043003589,I2802508454
A5101205557,I2802508454
A5101205557,I3020192730
A5101205557,I4210104442
A5112515358,I177733328
A5112515358,I4210104442
A5112515358,I4210139842
A5112515358,I4387155212
A5047468382,I177733328
A5047468382,I3020192730
A5047468382,I4210139842
A5047468382,I4387155212
A5036410800,I108108428
A5036410800,I2802508454
A5036410800,I4210096430
A5074528425,I4387155935
A5074528425,I47265099
A5026319239,I4210123993
A5012042206,I848706
A5014446590,I848706
A5010882179,I848706
A5046981823,I4210123993
LOCAL_A000100,I4210123993
A5065393831,I307617284
A5013795804,I4391012539
A5100632425,I4210123993
A5004759226,I67009956
A5068564087,I4210123993
A5046705053,I913481162
A5004067290,I4210123993
A5004067290,I913481162
A5081347313,I913481162
A5023990485,I913481162
A5040711397,I913481162
A5046084609,I3133213403
A5024457808,I3133213403
A5057164223,I3133213403
A5042970296,I4387155935
A5042970296,I47265099
A5018114538,I123565023
A5029433243,I4387155935
A5029433243,I47265099
A5102890550,I109689652
A5002700971,I79775147
A5110964815,I109689652
A5052167850,I70349855
A5075708496,I123565023
A5075708496,I47265099
A5003187325,I123565023
A5003187325,I47265099
A5008470911,I4210123993
A5102865733,I70349855
LOCAL_A000101,I70349855
A5061799227,I123565023
A5061799227,I47265099
A5023335428,I4210123993
A5023335428,I4210144900
A5023335428,I79775147
A5112902939,I79775147
A5013125404,I79775147
A5055790770,I79775147
A5062478922,I4210123993
A5059455917,I70349855
A5064996552,I4210123993
A5064996552,I4210144900
A5064996552,I79775147
A5028212671,I79775147
A5064878852,I70349855
A5037497064,I170238339
A5062003821,I2802531901
A5062003821,I4210095567
A5062003821,I75778554
A5114222021,I70349855
A5069934465,I4210123993
A5070681699,I4210123993
A5102840591,I131359167
A5075466332,I120089902
A5101786594,I120089902
A5072737254,I4210123993
A5078872062,I226567900
A5055473116,I123565023
A5090965257,I4210123993
A5014549353,I4210115718
A5070675941,I226567900
A5112990496,I70349855
A5013417975,I70349855
A5072521375,I70349855
LOCAL_A000102,I70349855
A5110361679,I19820366
A5110361679,I4210092095
A5088984994,I1313323035
LOCAL_A000103,I70349855
A5108008350,I174101054
A5041172470,I174101054
A5107919035,I174101054
A5051691002,I174101054
A5051691002,I4210096127
A5062946533,I4210123993
A5051317969,I4210123993
A5048385480,I4210123993
A5006965773,I4210123993
A5002340134,I138622004
A5050195883,I4210123993
A5030946527,I56081889
A5070026123,I107640659
A5085620432,I4210123993
A5114132723,I4210123993
A5101103252,I4210123993
LOCAL_A000104,I4210123993
A5097051672,I4210123993
A5101690410,I3129629310
A5101690410,I4210123993
A5069853519,I4210117309
A5088958605,I4210123993
A5009794917,I4210097659
A5078613366,I4210123993
A5076720627,I4210123993
A5043386804,I4210123993
A5008248931,I4210123993
A5010072711,I4210123993
A5113986794,I4210123993
A5009833099,I4210101159
A5101704561,I3129629310
A5041489201,I4210123993
A5042315945,I47265099
A5102481156,I4210123993
A5061893866,I141445968
A5031717574,I4210116271
A5060040851,I4210123993
A5030756029,I106245021
A5030756029,I4210142834
A5055431798,I181414168
A5064985967,I4210090457
A5048214234,I142608572
A5080054775,I4210159566
A5090107776,I196051555
A5021571129,I3129215250
A5046483870,I3129215250
A5086514385,I124601658
A5048556948,I124601658
A5114060515,I243754102
A5085301677,I181727666
A5102966597,I181727666
A5049427526,I112450260
A5000972753,I182534213
A5000972753,I4210121509
A5077585613,I3020192730
A5059158387,I47265099
A5074327529,I4210101969
A5074327529,I4391012539
A5073605632,I64663401
A5073605632,I8961855
A5011173370,I64663401
A5048993786,I170238339
A5021292806,I170238339
A5013795804,I123565023
A5013795804,I4210123993
A5013795804,I4210148201
A5013795804,I47265099
A5059158387,I123565023
A5059158387,I4210148201
A5076831357,I141445968
A5109469192,I4210123993
A5102013370,I4210123993
A5007017513,I4210123993
A5079259160,I40542001
A5108310133,I3129492623
A5101446353,I4210104442
A5015697783,I60134161
A5087961624,I158708052
A5027177538,I141445968
A5074976419,I70349855
A5015099323,I2802508454
A5015099323,I4210104442
A5013681893,I4210104442
A5101310980,I4210123993
A5101310980,I4210129552
A5079116380,I60134161
A5100608566,I194450716
A5100608566,I4210148225
A5042163751,I4210098369
A5005583322,I91633459
A5100662935,I194450716
A5100662935,I4210148225
A5012338314,I4210098369
A5104101705,I4210148225
A5104277836,I194450716
A5104277836,I4210148225
A5008497258,I4210148225
A5001549960,I141445968
A5090982786,I177733328
A5101879339,I4210144900
A5101879339,I79775147
A5114183992,I79775147
A5063002763,I79775147
A5011576276,I79775147
A5087153845,I4210123993
A5112261767,I79775147
A5016633616,I70349855
A5104433127,I4210123993
LOCAL_A000105,I4210111957
LOCAL_A000105,I70349855
A5103648741,I4210116271
A5090389160,I4210160086
A5090389160,I4210166894
A5090389160,I70349855
A5114155395,I4210123993
A5114194696,I4210123993
A5114194697,I4210123993
A5105820446,I4210123993
A5008199788,I2802508454
A5011264671,I173009982
A5053533713,I173009982
A5009699300,I64222039
A5010116708,I64222039
A5107608257,I4210123993
A5107569559,I4210123993
A5092020621,I25399270
A5092020621,I189210763
A5092020621,I4210131885
A5042391653,I25399270
A5042391653,I4210131885
A5042391653,I189210763
A5101870214,I25399270
A5101870214,I189210763
A5101870214,I4210131885
A5065463000,I25399270
A5065463000,I189210763
A5065463000,I4210131885
A5060090368,I25399270
A5060090368,I189210763
A5060090368,I4210131885
A5029154290,I4210115718
A5046435904,I4210115718
A5078539417,I4210115718
A5025125736,I4210123993
A5037074523,I4210115718
A5023198807,I131359167
A5023198807,I170238339
A5021501825,I4210160086
A5059661400,I131359167
A5100623707,I170238339
A5100920364,I2802508454
A5100920364,I4210123993
LOCAL_A000106,I2802508454
A5084241302,I4210108426
A5084241302,I4210158110
A5051831286,I2802508454
A5065688594,I202539009
A5065688594,I4387155935
A5065688594,I47265099
A5025776689,I4387155935
A5025776689,I47265099
A5101038118,I202539009
A5101851526,I202539009
A5101851526,I4387155935
A5049791266,I188891513
A5049791266,I2799424032
A5036260987,I4210123993
A5102404071,I4210148201
A5043055992,I4210148201
A5065859187,I4210148201
A5007636550,I4210123993
A5045109374,I27429435
A5029670464,I4210165842
A5109295168,I27429435
A5109295168,I4210123993
A5011071867,I27429435
A5011071867,I4210116271
A5064560837,I27429435
A5059002683,I27429435
A5021979532,I27429435
A5084339087,I27429435
A5044033680,I204442077
A5044033680,I205274468
A5044033680,I4210123993
A5115998618,I183111857
A5115998618,I187531555
A5115998618,I205274468
A5036727378,I183111857
A5036727378,I187531555
A5031687662,I183111857
A5031687662,I187531555
A5082583844,I204442077
A5082583844,I205274468
A5082583844,I4210156041
A5116808724,I198105771
A5035585781,I198105771
A5078012911,I198105771
A5082387253,I108108428
A5001700413,I4210123993
A5041694698,I4210123993
A5088349333,I47807185
A5047566421,I170238339
A5047566421,I70349855
A5112690050,I123565023
A5042517501,I4210123993
A5075383762,I4210123993
A5037702503,I187855631
A5050040097,I187855631
A5113921883,I4210134588
A5019965004,I2610724
A5012007941,I2610724
A5023056660,I2610724
A5005197974,I4210123993
A5010372016,I4210123993
A5029624791,I4210123993
A5065210241,I4210123993
A5051802781,I4210123993
A5028460070,I181727666
A5028460070,I4387153637
A5058325292,I4210123993
A5033434650,I138622004
A5067894346,I138622004
A5066957498,I138622004
A5086441327,I109689652
A5050411356,I170238339
A5110923917,I170238339
A5019689277,I120089902
A5067253160,I182526193
A5040974749,I126231945
A5077653271,I4210088746
A5042349140,I4210134642
A5013024980,I131359167
A5039113161,I141445968
A5070660416,I202539009
A5070660416,I4210123993
A5064080611,I202539009
A5064080611,I4210096063
A5064080611,I4210123993
A5009526572,I202539009
A5009526572,I4210123993
A5085509570,I168635309
A5085509570,I2801954088
A5085509570,I4210152146
A5080199946,I168635309
A5009289774,I4210153608
A5047030006,I109689652
A5081893974,I4210123993
A5010793698,I120089902
A5102793218,I170238339
A5017884554,I126231945
A5067398066,I1315456113
A5062934357,I4210123993
A5055240240,I1315456113
A5053823405,I6406202
A5097683438,I4210123993
A5018538544,I4210123993
A5089906507,I4210123993
A5048690673,I4210123993
A5077520883,I4210123993
A5045420242,I4210123993
A5103029566,I4210123993
A5048344489,I257903683
A5087208424,I4210123993
A5011290352,I257903683
A5019334343,I4210123993
A5014429224,I4210123993
A5089220341,I4210123993
A5022527502,I4210147944
A5112331051,I4210123993
A5101205557,I208356959
A5084369852,I4210104442
A5061255396,I208356959
A5061255396,I2802508454
A5061255396,I4210104442
A5051097584,I208356959
A5051097584,I4210104442
A5051097584,I2802508454
A5066553195,I123565023
A5103146667,I170238339
A5036551566,I4210162568
A5059374909,I170238339
A5085629269,I170238339
A5007663091,I170238339
A5010458646,I70349855
A5040005212,I4210162568
A5040005212,I82495205
LOCAL_A000153,I4210123993
A5019381003,I202539009
A5088701092,I3020192730
A5066394609,I23582244
A5066394609,I47265099
A5045269843,I141445968
A5041803184,I109689652
A5041803184,I123565023
A5041803184,I23582244
A5035354610,I23582244
A5035354610,I123565023
A5061565634,I4210123993
A5022950828,I3122832768
A5000286137,I3122832768
A5033150655,I136199984
A5033150655,I36721946
A5060760122,I124357947
A5060760122,I45084792
A5083170304,I4210101969
A5059380500,I70349855
A5074800646,I4210123755
A5033629831,I1313323035
A5027082692,I4210123755
A5083924160,I4210137425
A5016226095,I4210101969
A5006420582,I70349855
A5068665609,I4210101969
A5068665609,I4391012539
A5102806749,I4210108666
A5102806749,I4400008994
A5091244134,I2802701112
A5112688126,I4210101453
A5109711777,I4210101453
A5067379892,I4210101453
A5110789313,I2802701112
A5110789313,I4210123993
A5089407510,I2802701112
A5079271587,I2802701112
A5113049027,I4210123993
A5108286478,I141445968
A5081588326,I4210123755
A5071384938,I165143802
A5071384938,I4210138055
A5057073317,I165143802
A5057073317,I4210138055
A5048623965,I141445968
A5061674272,I205133468
A5061674272,I4210116576
A5067390924,I205133468
A5027281024,I205133468
A5101280028,I4210123993
A5084369012,I205133468
A5017369658,I157358134
A5081459010,I157358134
A5006096258,I4210124651
A5067058159,I4210123993
LOCAL_A000202,I4210091958
LOCAL_A000202,I4210097659
A5046932726,I4210091958
A5046932726,I4210097659
A5056999212,I204947315
A5104242418,I204947315
A5030683099,I212220629
A5104242419,I4210123993
A5056220381,I181727666
A5056220381,I4387153637
A5003360104,I109689652
A5029048793,I181727666
A5101314574,I4210096063
A5101314574,I68947357
A5097356205,I4210123993
A5039967759,I109689652
A5085044386,I109689652
A5089333255,I2800403580
A5089333255,I4210123993
A5037259558,I2800403580
A5037259558,I4210122018
A5015668847,I4210134642
A5070564589,I2802066829
A5103120340,I141445968
A5004974582,I141445968
LOCAL_A000203,I141445968
A5011756398,I141445968
A5058220593,I4210123993
A5026319239,I4210141768
A5026319239,I848706
A5038934404,I4210123993
A5038934404,I4210141768
A5038934404,I848706
A5001100117,I4210123993
A5001100117,I4210141768
A5001100117,I848706
A5050385284,I4210123993
A5050385284,I4210141768
A5050385284,I848706
A5071682792,I4210123993
A5086896127,I4210123993
A5101479540,I4210123993
A5023973706,I913630986
A5006458816,I913630986
A5016346715,I177733328
A5050096200,I202539009
A5027768275,I4210123993
A5017544315,I4210123993
A5107933958,I4210137358
A5059133436,I4210123993
A5006098346,I4210123993
A5056072889,I4210148201
A5056072889,I43439940
A5014407605,I3133213403
A5004611183,I3133213403
A5002407497,I3133213403
A5071281982,I3133213403
A5023521273,I194450716
A5100632122,I194450716
A5100344338,I194450716
A5022132012,I194450716
A5100449436,I194450716
A5005583322,I194450716
A5005583322,I2800055476
A5112893838,I63135867
A5041017487,I4403928371
A5041017487,I63135867
A5041017487,I86519309
A5083592049,I4210123993
A5028411206,I4210123993
A5018401587,I130442723
A5018401587,I4210112140
A5074171210,I19409027
A5074171210,I243754102
A5074171210,I71637028
A5081626037,I1294671590
A5081626037,I15057530
A5081626037,I4210099840
A5015142652,I4210112140
A5100766548,I4387155935
A5100766548,I47265099
A5081322932,I3020192730
A5065997378,I4210142311
A5101207218,I4210101969
A5101207218,I4391012539
A5104075025,I4210123993
A5104122021,I4387155935
A5104122021,I47265099
A5063801562,I4210123993
A5059958821,I4210123993
A5101236199,I4210086020
A5102547534,I4210086020
A5109632243,I4210123993
A5080864544,I3020192730
A5039180885,I4210139842
A5101637383,I177733328
A5030726191,I4210139842
A5043157568,I4210104442
A5092809842,I4210123993
A5112986970,I4210124651
A5019874446,I4210123993
A5113339823,I4210123993
A5113339823,I4210148201
A5010338533,I4210123993
A5010338533,I4210148201
LOCAL_A000204,I4210122689
A5104026243,I4210123993
A5058794010,I4210123993
A5082133635,I12079687
A5038764838,I4210123993
LOCAL_A000205,I202539009
A5092858813,I4391012539
A5058626278,I267427436
A5018054378,I141445968
A5077653271,I12450925
A5021210951,I4210095603
A5055876350,I109689652
A5109666639,I141445968
A5019746336,I4210123993
A5067434970,I123565023
A5101613907,I141445968
A5055712333,I4210123993
A5096196814,I4210123993
A5093706060,I4210123993
A5101182142,I4210123993
A5035122431,I4210123993
A5081592766,I177733328
A5092090247,I4210123993
A5069067099,I4210123993
A5094127272,I2801971706
A5010412662,I70349855
A5100772703,I4210104442
A5100772703,I4210154685
A5100772703,I47807185
A5086776190,I4210116271
A5008055301,I4210123993
A5061359290,I4210135784
A5069277141,I4210123993
A5010268119,I4210111779
A5010268119,I4210135784
A5055641789,I142637625
A5055641789,I4210104442
A5009547395,I4210104442
A5089075576,I4210104442
A5101594165,I4210123993
A5104314850,I4210123993
A5098911047,I123565023
A5098911047,I47265099
A5113721342,I123565023
A5113721342,I47265099
A5037688862,I94518387
A5101913899,I4210123993
A5065293686,I94518387
A5058465231,I4210123993
A5098960318,I141445968
A5061317037,I4210123993
A5000752224,I182526193
A5007717816,I1289243028
A5028419754,I63098007
LOCAL_A000206,I4210123993
A5007637251,I4210123993
A5113308037,I4210123993
A5100637270,I4210137425
A5040349893,I1315456113
A5061345492,I1315456113
A5091945662,I1315456113
A5056915949,I1315456113
A5032903751,I70349855
A5007099952,I4210123993
A5101861939,I4210123993
A5085150492,I123565023
A5085150492,I4210093468
A5085941799,I123565023
A5085941799,I4210093468
A5101876204,I123565023
A5101876204,I4210093468
A5079480834,I123565023
A5079480834,I4210093468
A5106802150,I123565023
A5106802150,I4210093468
A5107446421,I123565023
A5107446421,I4210093468
A5108783693,I123565023
A5108783693,I4210093468
A5111341143,I4210125847
A5114215421,I4210123993
A5067527606,I4210093468
A5103133298,I123565023
A5103133298,I4210093468
A5088732419,I123565023
A5088732419,I4210093468
LOCAL_A000207,I94518387
A5106982387,I4210123993
A5004341522,I185523456
A5092550508,I4210123993
A5065522973,I4210123993
A5092528512,I4210123993
A5062367420,I90745801
A5090732320,I3020192730
A5085494628,I2802531901
A5085494628,I4210100945
A5085494628,I75778554
A5091968955,I123565023
A5091968955,I47265099
A5111250556,I123565023
A5107976280,I4210123993
A5026693488,I177733328
A5109734751,I4210123993
A5114527443,I4210123993
A5114202432,I1315456113
LOCAL_A000208,I1315456113
A5101955675,I4210123993
A5101567168,I3020192730
A5073742421,I1315456113
A5093585054,I1315456113
LOCAL_A000209,I1315456113
A5013383889,I170238339
A5017779359,I4210097553
A5017779359,I4210122635
A5017779359,I4210130863
A5087749642,I4210097553
A5087749642,I4210122635
A5087749642,I4210130863
A5087749642,I4210137223
A5039423577,I4210097553
A5039423577,I4210122635
A5039423577,I4210130863
A5039423577,I4210137223
A5029663721,I4210157242
A5107618613,I4210123993
A5104136263,I170238339
A5016874352,I123565023
A5016874352,I49382586
A5103531940,I150468666
A5103531940,I4210123993
A5103531940,I4210158018
A5069741011,I144696833
A5069741011,I150468666
A5069741011,I4210123993
A5069741011,I4210158018
A5083459846,I144696833
A5083459846,I150468666
A5083459846,I4210123993
A5083459846,I4210158018
A5113482366,I144696833
A5113482366,I150468666
A5113482366,I4210123993
A5113482366,I4210158018
A5023129486,I144696833
A5023129486,I150468666
A5023129486,I4210123993
A5023129486,I4210158018
A5015187278,I4210123993
A5015187278,I4210142044
A5003396849,I23582244
A5094282888,I4210123993
A5063325493,I4210163004
A5113353655,I4210163004
A5008382937,I3129984471
A5008382937,I85461943
A5069511944,I4210095603
A5069511944,I4400600977
A5088192772,I4210148201
A5102730698,I4210123993
A5061269743,I4210123993
A5116783865,I1307112335
A5116783865,I153718931
A5029407674,I4210123993
A5061034390,I27837315
A5019750138,I4210101453
A5011268524,I2802701112
A5007262927,I4210123993
A5016698027,I4210101453
A5019689277,I4210148201
A5005360975,I4210148201
A5010817506,I141445968
A5055510228,I4210134642
A5092892831,I4210123993
A5043004126,I4210123993
A5117757326,I4210123993
A5117757327,I4210123993
A5117858545,I4210123993
A5104331230,I141445968
A5099244504,I141445968
A5061317037,I4210165760
A5072701601,I170726198
A5010696478,I4210123993
A5042141088,I142208455
A5015416684,I142208455
A5042254735,I142208455
A5102013689,I4210123993
A5103945707,I3020192730
A5045312477,I4210162839
A5019242451,I189575948
LOCAL_A000210,I37802460
A5119281887,I4210123993
A5119281888,I4210123993
A5119281889,I4210123993
A5005919150,I4210146471
A5005919150,I47807185
A5039659391,I177233841
A5049392649,I177233841
A5083954845,I177233841
A5070948770,I177233841
A5111817425,I4210157079
A5090361625,I4210125083
A5108224525,I4210120128
A5013951937,I4210123993
A5074230194,I4210120565
A5101588421,I4210123993
A5110369816,I4210143324
A5103063003,I4210102412
A5023109138,I4210123993
A5110966762,I4210095101
A5017977010,I4210123993
A5012062329,I169173203
A5012062329,I204730241
A5012062329,I4210087727
A5012062329,I4210091437
A5012062329,I4210101766
A5012062329,I4210102955
A5012062329,I4210123993
A5110945029,I4210123993
A5075466332,I138689650
A5068935522,I123565023
A5068935522,I47265099
A5051166280,I4210152155
LOCAL_A000211,I4210123993
A5035975805,I4210158737
A5035351643,I2800593602
A5035351643,I4210123993
A5029262393,I4210123993
A5040078698,I120089902
A5010231114,I170238339
A5018054378,I170238339
A5000737661,I141445968
A5000737661,I170238339
A5019526804,I170238339
A5007840514,I170238339
A5042992750,I4210123993
A5000027231,I123565023
A5000027231,I4210086057
A5000027231,I47265099
A5030296089,I4210123993
A5100704450,I4210123993
A5057515922,I4210123993
A5015097286,I4210123993
A5089575397,I4210123993
A5048731153,I4210123993
A5034064963,I4210123993
A5069711950,I142208455
A5023168181,I142208455
A5044305514,I141445968
A5033756063,I142208455
A5012381405,I4210123993
A5102084027,I4210123993
A5049791266,I12832649
A5069510364,I4210104442
A5024590295,I4210104442
A5036410800,I4210104442
A5086262788,I3020192730
A5086262788,I4210104442
A5009716673,I4210120055
A5035696819,I70349855
A5097105432,I4210123993
A5112575468,I4210123993
A5034194161,I3020192730
A5040734845,I70349855
A5082824466,I170238339
A5010882179,I170238339
A5107908300,I4210141768
A5039582436,I4210159515
A5041050732,I4210109591
A5009564069,I4210123993
A5074508126,I135822937
A5041861160,I4210123993
A5101801606,I135822937
A5007201485,I4210123993
A5007201485,I4210141768
A5007201485,I848706
A5075431871,I4210123993
A5075431871,I4210141768
A5075431871,I848706
A5066599245,I192915278
A5052611963,I6406202
A5038633272,I4210123993
LOCAL_A000212,I123565023
LOCAL_A000212,I228151691
A5061718849,I4210123993
A5082750409,I120089902
A5082750409,I4210093659
A5071773232,I4210123993
A5082595015,I151727225
A5015302001,I151727225
A5078129675,I151727225
A5008780017,I151727225
A5062887483,I4210131701
A5060670572,I13144388
A5101868998,I4210139842
A5004798557,I4210108666
A5100753115,I70349855
A5064895029,I4210100829
A5023652148,I3129629310
A5002233566,I123565023
A5002233566,I182526193
A5002233566,I23582244
A5054973662,I4391012539
A5057056307,I4210123993
A5070660416,I4210150999
A5014184732,I202539009
A5014184732,I4210123993
A5014184732,I4210150999
A5014184732,I4400600977
A5009526572,I4210150999
A5064080611,I4210150999
LOCAL_A000213,I4210123993
A5075533872,I141445968
A5022868764,I141445968
A5074941223,I4210123993
A5074702103,I4210123993
A5041441406,I4210123993
A5076809954,I202539009
A5100632425,I202539009
A5100632425,I67009956
A5100632425,I82497590
A5061425102,I45756140
A5025839759,I45756140
A5090730240,I4210123993
A5092771767,I45756140
A5018634287,I182526193
A5071030668,I4210123993
A5100617481,I4210123993
A5054223932,I4210123993
A5101414185,I4210123993
A5072039769,I4210123993
A5078016706,I4210123993
LOCAL_A000214,I4210123993
A5088899338,I1283280774
A5053135691,I4210123993
A5088003737,I136199984
A5091530626,I19700959
A5069753355,I75717288
A5048563533,I1283280774
A5005091829,I1283280774
A5005091829,I4210119317
A5028396638,I1283280774
A5021544196,I136199984
A5078980138,I136199984
A5089709445,I4210123993
A5102764900,I136199984
A5021876776,I136199984
LOCAL_A000215,I1315456113
A5072290797,I4210123993
A5025886183,I4210123993
A5080590087,I4210123993
A5032779199,I4210134331
A5025021236,I4210120055
A5003874380,I4210096063
A5112557251,I4210106257
A5007233714,I4210157430
A5082418119,I4210106257
A5043579879,I4210123993
A5007840514,I4210120055
A5077694527,I172951950
A5015417417,I4210123993
A5113457602,I4210123993
A5018307990,I4210123993
LOCAL_A000216,I4210123993
A5072707677,I47807185
A5014209082,I47807185
A5101932598,I4210123993
A5016269396,I4210123993
A5046435599,I3129492623
A5100612152,I138622004
A5005028168,I149704539
A5084701281,I4210123993
A5080989266,I4210123993
A5022572064,I47265099
A5055087826,I4210123993
A5076098136,I4210123993
LOCAL_A000217,I4210123993
A5062102741,I177733328
A5045294363,I4210123993
A5089950338,I4210123993
A5022607270,I4210123993
A5012438728,I4210123993
A5028400794,I4210123993
A5108761377,I4210123993
A5021775879,I4210123993
A5011524280,I4210123993
A5013127410,I4210123993
A5101105129,I4210123993
A5029249233,I4210157207
A5052492423,I4210134642
A5060950462,I4210123993
A5083721261,I4210123993
A5102384455,I4210123993
A5085410675,I4210123993
A5085410675,I4210133559
A5071253475,I4210133559
A5104076001,I2800191616
A5078113857,I4210123993
LOCAL_A000218,I4210123993
A5063030612,I4210134642
A5061433920,I3133213403
A5083658619,I4210123993
A5000769140,I4210123993
A5047353442,I4210117309
A5052439876,I4210123993
A5088345418,I141059654
A5088345418,I4388891800
A5057644436,I87482320
A5034456266,I174731842
A5034456266,I4210150297
A5070026123,I120378409
A5089897389,I4210123993
A5022563807,I186771145
A5083861519,I4210123993
A5053998535,I141445968
A5056888335,I4210123993
A5062199270,I4210123993
A5012248664,I4210123993
A5044990778,I12450925
A5017639225,I3020192730
A5039631988,I11892038
A5113567751,I123565023
A5022457847,I4210123993
A5022457847,I89015989
A5036249628,I4210093468
A5018164756,I89015989
A5055541043,I4210123993
A5028344237,I70349855
A5044305514,I4210123993
A5088410956,I142208455
A5110846094,I4210123993
A5112744355,I4210123993
A5015030111,I4210123993
A5101793667,I2800525753
A5101793667,I4210120696
A5101793667,I4210165038
A5037715406,I2800525753
A5037715406,I4210120696
A5071517633,I921990950
A5104687879,I4210123993
A5109107978,I117222138
A5025906301,I4210123993
A5114038173,I3020192730
A5035577823,I4210166539
A5103065067,I4210111957
A5103065067,I4391012539
A5109495255,I4210123993
A5043227923,I4210123993
A5054933494,I848706
A5050450168,I4210123993
A5060317298,I4210119680
A5060317298,I4210123161
A5110180724,I4210119680
A5110180724,I2656126
A5110180724,I4210123161
A5007640729,I4210123161
A5007640729,I4210119680
A5062476242,I4210123161
A5062476242,I2656126
A5062476242,I4210119680
A5024009181,I4210123993
A5056677817,I3130395211
A5078556006,I8961855
A5100766548,I4210123993
A5081322932,I4387155935
A5001365679,I4210117309
A5051245111,I4210123993
A5050155021,I57093077
A5065459150,I4210110116
A5065459150,I4210123993
A5065459150,I49382586
A5108814981,I3020192730
A5061256998,I4210104442
A5104288554,I4210123993
A5026676431,I4210123993
A5081127782,I141445968
A5081127782,I4210123993
A5051450131,I4210154685
A5051450131,I47807185
A5061739783,I4210104442
A5061739783,I4210154685
A5061739783,I47807185
A5091512952,I4210154685
A5091512952,I47807185
A5016102178,I2802508454
A5001857425,I4210123993
A5025509748,I70349855
A5001562845,I177733328
A5001160212,I70349855
A5005067091,I67255865
A5041445983,I202539009
A5030044861,I202539009
A5024825570,I70349855
LOCAL_A000099,I202539009
LOCAL_A000099,I23582244
LOCAL_A000099,I4391012539
A5010198389,I202539009
A5042854558,I4210123993
LOCAL_A000219,I4210123993
A5109594304,I4210123993
LOCAL_A000220,I4210123993
A5056461673,I3133213403
A5028286533,I3133213403
A5036386687,I3133213403
A5009202157,I4210123993
A5015666278,I141445968
A5068385014,I123565023
A5068385014,I141445968
A5012509568,I123565023
A5068715226,I4210095101
A5027335588,I4210123993
A5103518993,I131359167
A5100705891,I131359167
A5100776154,I4210131701
A5085504353,I29199639
A5030756029,I184693016
A5030756029,I4210126829
A5002058256,I47807185
A5017932855,I3020192730
A5017932855,I61893789
A5089199473,I12450925
A5083610651,I4210156679
A5114050306,I3020192730
A5114050306,I61893789
A5042237838,I4210141768
A5058772199,I2800139495
A5058772199,I86987016
A5071849699,I4210116270
A5033052825,I4210123993
A5077090472,I4210116271
A5086230780,I3132362326
A5046033495,I141445968
LOCAL_A000281,I4210123993
A5112933551,I141445968
A5067226256,I4210123993
A5044172436,I4210123993
A5045080368,I141445968
A5081127696,I4210137358
A5011004624,I4210137358
A5018512305,I70349855
A5076730030,I4210123993
A5000068956,I123754550
A5068500779,I1313323035
A5068500779,I132091411
A5068500779,I4210086928
A5101235577,I4210124651
A5101626772,I141584323
A5078505911,I4210123993
A5062048651,I4210148201
A5108738049,I4210148201
A5071064677,I4210148201
A5081814601,I4210148201
LOCAL_A000282,I4210123993
LOCAL_A000283,I4210123993
LOCAL_A000284,I4210110116
LOCAL_A000284,I4391012539
A5017679520,I4210123993
A5102642642,I4210123993
A5107943446,I4210123993
A5101260642,I3129215250
A5101260643,I3129215250
A5108307825,I4210123993
A5082563112,I82475049
A5048870921,I29894533
A5102895643,I154893126
A5055786940,I123565023
A5055786940,I23582244
A5113069115,I4210123993
A5093472703,I4210123993
A5015069505,I4387155935
A5015069505,I47265099
A5103009774,I202539009
A5036377736,I79775147
A5077856417,I165932596
A5054983995,I185523456
A5056015724,I165932596
A5040929731,I165932596
A5026149302,I123565023
A5026149302,I47265099
A5113069412,I123565023
A5113069412,I47265099
A5026969387,I4210123993
A5093113482,I4210134375
A5002312869,I123565023
A5002312869,I47265099
A5080216121,I123565023
A5080216121,I47265099
A5089374005,I70349855
A5034679255,I67868205
A5060719743,I4210101969
A5065874722,I4210108666
A5065874722,I4400008994
A5049222685,I107139324
A5100742989,I4210111884
A5021863822,I4210138249
A5098756445,I4210123993
A5017509727,I4210123993
A5112800545,I4210123993
A5090217780,I4210123993
A5026242942,I176714629
A5111061391,I4210152127
A5098414159,I4210123993
A5098041131,I4210123993
LOCAL_A000285,I4210123993
A5020278447,I123565023
A5020278447,I124601658
A5020278447,I170238339
A5020278447,I93860229
A5048556948,I123565023
A5048556948,I170238339
A5048556948,I93860229
A5088692992,I123565023
A5088692992,I170238339
A5015787949,I123565023
A5015787949,I170238339
A5033921756,I123565023
A5033921756,I170238339
A5033921756,I93860229
A5072861318,I123565023
A5052848551,I123565023
A5052848551,I124601658
A5052848551,I170238339
A5052848551,I4210123993
A5052848551,I4403928193
A5052848551,I93860229
A5101648170,I124601658
A5101648170,I4403928193
A5077159769,I141445968
A5077159769,I181727666
A5077159769,I4210096386
A5027981134,I141445968
A5027981134,I181727666
A5027981134,I4210096386
A5007636550,I141445968
A5007636550,I181727666
A5007636550,I4210096386
A5071278301,I223822909
A5071278301,I4210123993
A5064898960,I4210123993
A5064898960,I8087733
A5000600923,I4210123993
A5000600923,I8087733
A5054358107,I4210123993
A5054358107,I8087733
A5090829303,I182526193
A5006545912,I182526193
A5032570574,I182526193
A5091402542,I141445968
LOCAL_A000286,I2613432
A5007717816,I155781252
A5101440087,I4210139315
A5108824078,I2613432
A5100354734,I4210123993
A5007239425,I1332353952
A5103958108,I1332353952
A5047127247,I1332353952
A5041603130,I12912129
A5041603130,I137902535
A5041603130,I4210095895
A5005385235,I1332353952
A5101028042,I1332353952
A5061672192,I1332353952
A5064878852,I4210148301
A5064878852,I64519617
A5114222021,I4210148301
A5114222021,I64519617
A5004627844,I4210125363
A5064910317,I192389796
A5064910317,I98947143
A5070810971,I4210125363
A5084694056,I4210125363
A5103150367,I4210125363
A5083079358,I4210123993
A5029534432,I4210144979
A5113029034,I219193219
A5088459735,I2802613557
A5062156514,I4210125363
A5103221637,I4210123993
A5075681850,I4210123993
A5102376855,I79775147
A5011794101,I162838928
A5011794101,I4210093852
A5043383799,I162838928
A5082528388,I4210123993
A5100962753,I4210123993
A5100417317,I4210123993
A5101945330,I4210123993
A5002509297,I4210123993
A5002509297,I24185976
A5080417608,I4210123993
A5076578682,I4210123993
A5100762383,I4210123993
A5102021989,I4210123993
A5088692992,I4210119991
A5036583209,I123565023
A5036583209,I170238339
A5036583209,I4210088668
A5036583209,I93860229
A5048556948,I4210119991
A5033921756,I4210119991
A5072861318,I170238339
A5072861318,I4210119991
A5072861318,I93860229
A5053086929,I93860229
A5023139055,I4210123993
A5064618445,I4210123993
A5092800839,I4210123993
A5070927179,I4210123993
A5045602523,I4210123993
A5092800840,I4210123993
A5036887999,I2802701112
A5112706783,I123565023
A5112706783,I23582244
A5112706783,I25846049
A5112706783,I4210096386
A5112706783,I70349855
A5112706783,I89004649
A5003463460,I70349855
A5039052968,I123565023
A5039052968,I23582244
A5039052968,I25846049
A5039052968,I4210096386
A5039052968,I89004649
A5109665139,I123565023
A5109665139,I23582244
A5109665139,I25846049
A5109665139,I4210096386
A5109665139,I70349855
A5109665139,I89004649
A5050533579,I23582244
A5050533579,I25846049
A5050533579,I4210096386
A5050533579,I70349855
A5050533579,I89004649
A5101545411,I123565023
A5101545411,I23582244
A5101545411,I25846049
A5101545411,I4210096386
A5101545411,I70349855
A5091746122,I123565023
A5091746122,I23582244
A5091746122,I25846049
A5091746122,I4210096386
A5091746122,I70349855
A5091746122,I89004649
A5022483359,I23582244
A5022483359,I25846049
A5022483359,I4210096386
A5022483359,I70349855
A5022483359,I89004649
A5068152663,I23582244
A5068152663,I25846049
A5068152663,I4210096386
A5068152663,I70349855
A5068152663,I89004649
A5030197858,I182526193
A5030197858,I4210123993
A5081626037,I126460647
A5027018014,I4210108007
A5000548221,I170238339
A5083021064,I1340206300
A5083021064,I25390106
A5083021064,I2801607516
A5083021064,I4210087759
A5083021064,I4210123993
A5083021064,I4210146410
A5069867157,I163361683
A5069867157,I4210088637
A5069867157,I98285908
A5078525116,I163361683
A5078525116,I4210104926
A5078525116,I4210105595
A5078525116,I4210138169
A5078525116,I98285908
A5078250747,I4210138169
A5078250747,I75717288
A5078250747,I98285908
A5023847482,I171589843
A5023847482,I4210123993
A5023847482,I4210138169
A5023847482,I4210164862
A5023847482,I98285908
A5110409610,I163361683
A5110409610,I4210138169
A5110409610,I98285908
A5034050904,I16718484
A5034050904,I4210138169
A5034050904,I4210145656
A5034050904,I98285908
A5035362471,I4210123993
A5063393733,I4210088961
A5103323474,I2802508454
A5023323877,I4210123993
A5044054195,I4210101969
A5014044862,I4210123993
A5000049016,I4210123993
A5053741823,I169045520
A5053741823,I4210123993
A5053741823,I4210151606
A5053741823,I4210163712
A5053741823,I4210165018
A5053741823,I4210166095
A5059278613,I169045520
A5059278613,I4210123993
A5059278613,I4210151606
A5059278613,I4210163712
A5059278613,I4210165018
A5059278613,I4210166095
A5070244639,I169045520
A5070244639,I4210123993
A5070244639,I4210151606
A5070244639,I4210163712
A5070244639,I4210165018
A5070244639,I4210166095
A5087698693,I169045520
A5087698693,I4210123993
A5087698693,I4210151606
A5087698693,I4210163712
A5087698693,I4210165018
A5087698693,I4210166095
A5070348318,I4210123993
A5103046309,I4210123993
A5030154211,I4210123993
A5100415670,I4210123993
A5064473053,I4210123993
A5071090412,I4210123993
A5062581235,I4210123993
A5101308419,I4210123993
A5108103361,I4210123993
A5102220548,I4210123993
A5101639650,I4210123993
A5018725411,I4210123993
A5004954278,I4210123993
A5016128874,I4210123993
A5100839259,I4210123993
A5101648450,I4210123993
A5110679012,I4210123993
A5006594954,I4210123993
A5113453184,I900231141
A5035772870,I4210123993
A5100676084,I4210123993
A5102409685,I4210123993
A5088461473,I4210123993
A5061201875,I4210123993
A5044946155,I4210123993
A5088805063,I4210123993
A5103462837,I4210123993
A5063193184,I4210123993
A5113169613,I4210123993
A5067826188,I4210123993
A5060026159,I4210123993
A5077465191,I4210123993
A5100970994,I4210123993
A5073077276,I4210123993
A5035693571,I4210123993
A5027485314,I4210117836
A5032882089,I4210123993
A5100352418,I4210123993
A5078778703,I4210123993
A5028101406,I4210123993
A5101870783,I4210123993
A5012747702,I4210123993
A5013742376,I4210123993
A5100642380,I4210123993
A5012338476,I4210123993
A5101539552,I4210123993
A5100914650,I4210123993
A5023755501,I4210123993
A5010181020,I4210123993
A5003791909,I4210123993
A5100418954,I4210123993
A5022071004,I4210123993
A5101940487,I4210123993
A5079146545,I4210123993
A5087680483,I4210123993
A5101440733,I4210123993
A5000392422,I4210123993
A5100336793,I4210123993
A5023389293,I4210123993
A5078038327,I4210123993
A5102002673,I4210123993
A5100727459,I4210123993
A5100425283,I4210123993
A5080027721,I196699116
A5032333683,I4210123993
A5075223103,I4210123993
A5101356478,I4210123993
A5102212713,I4210123993
A5016443118,I4210123993
A5112107553,I4210123993
A5101978986,I4210123993
A5102657472,I4210123993
A5050179474,I4210123993
A5039870293,I4210123993
A5077149091,I4210123993
A5101468353,I4210123993
A5101838627,I4210123993
A5051884219,I4210123993
A5034313357,I4210123993
A5100437263,I4210123993
A5103166964,I4210123993
A5101579465,I4210123993
A5103137371,I4210123993
A5069741452,I4210123993
A5059838493,I4210123993
A5009067755,I4210123993
A5056596042,I4210123993
A5033714280,I4210123993
A5007520446,I4210123993
A5019101426,I4210123993
A5110367900,I130579109
A5058571639,I4210123993
A5087672790,I4210123993
A5026950458,I4210123993
LOCAL_A000288,I4210123993
A5074982789,I4210123993
A5108577449,I4210123993
A5104000316,I4210123993
A5101727536,I4210123993
A5067673175,I4210123993
A5100939206,I4210123993
LOCAL_A000289,I4210123993
A5102884219,I4210123993
A5090643890,I4210123993
A5102861347,I4210123993
A5027631172,I4210123993
A5106716948,I4210123993
A5110373196,I4401200389
A5100294403,I4210123993
A5038701537,I4210123993
A5100719060,I4210123993
A5103670294,I4210123993
A5100754504,I4210123993
A5102221833,I4210123993
A5100569874,I4210123993
A5101153859,I4210123993
A5101402718,I4210123993
A5000067885,I4210123993
A5046049487,I4210123993
A5083387016,I4210123993
A5070442948,I4210123993
A5063807725,I4210123993
A5107174257,I4210123993
A5059100699,I4210123993
A5043910551,I4210123993
A5115588329,I4210123993
A5006572715,I4210123993
A5102001542,I4210123993
A5041986292,I4210123993
A5114377952,I4210123993
A5101547642,I4210123993
A5103106651,I4210123993
A5102027458,I4210123993
A5026736557,I4210123993
A5081094991,I4210123993
A5100626681,I4210123993
A5103784185,I4210123993
A5062050270,I4210123993
A5104280858,I4210123993
A5051487546,I4210123993
A5100411480,I4210123993
A5102728063,I4210123993
A5017221030,I4210123993
A5100452334,I4210123993
A5113955270,I4210123993
A5100374993,I4210123993
A5071278301,I4210125796
A5019197846,I2802768257
A5019197846,I4210120009
A5019197846,I4210123993
A5057183308,I2802768257
A5057183308,I4210120009
A5057183308,I4210123993
A5004702190,I17937529
A5004702190,I223822909
A5004702190,I4210123993
A5082438382,I4210113917
A5082438382,I4210123993
A5023887333,I4210123993
A5023887333,I4210125796
A5025524243,I2802768257
A5025524243,I4210120009
A5025524243,I4210123993
A5111758380,I4210123993
A5111758380,I4210125796
A5058555117,I4210123993
A5058555117,I4210125796
A5072098542,I4210123993
A5072098542,I4210125796
A5073839152,I4210123993
A5073839152,I4210125796
A5035626095,I4210123993
A5035626095,I4210125796
A5015294864,I4210123993
A5015294864,I4210125796
A5022072785,I55769427
A5086600645,I1283055418
A5086600645,I55769427
A5043430500,I55769427
A5100383604,I4210123993
A5100383604,I55769427
A5106181325,I55769427
A5015396426,I55769427
A5064898960,I4210125796
A5038369638,I4210123993
A5038369638,I4210125796
A5036413818,I4210123993
A5036413818,I4210157659
A5082542863,I4210123993
A5082542863,I4210157659
A5032288237,I4210123993
A5032288237,I4210125796
A5113563018,I4210123993
A5113563018,I4210155144
A5112843290,I170897317
A5068613629,I170897317
A5100383607,I4210088741
A5100383607,I4210123993
A5043643766,I4210088741
A5016901707,I1282516798
A5038719267,I87216513
A5020723643,I4210088741
A5070062505,I4210088741
A5070062505,I4210113015
A5070426067,I1282516798
A5065084903,I158438070
A5065084903,I4210123993
A5082854198,I4210123993
A5074698039,I4210123993
A5079913240,I208356959
A5091402697,I208356959
A5001133335,I4210123993
A5080542895,I4210141097
A5113850859,I4210101969
A5076831599,I23582244
A5110281713,I23582244
A5012959918,I70349855
A5078106534,I913481162
A5113060363,I913481162
A5048664845,I4210087915
A5061151551,I4210087915
A5041315606,I4210087915
A5017046939,I4210087915
A5101846708,I4210087915
A5010718958,I4210087915
A5010718958,I4210160873
A5100689692,I4210087915
A5100689692,I4210123993
A5033033828,I4210087915
A5033033828,I862669128
A5058935102,I27837315
A5058935102,I71187865
A5035255903,I4210087915
A5055887373,I4210106751
A5075570047,I4210110925
A5036096394,I291402441
A5036096394,I63966007
A5069753355,I1283280774
A5091530626,I1283280774
A5006481103,I1283280774
A5021369042,I1283280774
A5015707475,I1283280774
A5029736742,I1283280774
A5053135691,I1283280774
A5100732442,I135598925
A5020358581,I1283280774
A5038298046,I1283280774
A5025654358,I1283280774
A5109361678,I1283280774
A5109361678,I4210152274
A5079061954,I143302722
A5034073288,I135598925
A5034073288,I4210161116
A5064861833,I1283280774
A5064521237,I1283280774
A5089709445,I1283280774
A5021876776,I1283280774
A5028914131,I1283280774
A5068914974,I4210143899
A5055505215,I110200422
A5012676647,I1283280774
A5113863931,I1283280774
A5064861833,I4210143899
A5064521237,I4210143899
A5112826970,I4210087915
A5112826970,I4210119527
A5050494962,I4210087915
A5069847897,I4210153282
A5066981564,I163150328
A5089711572,I1332387789
A5089711572,I25399158
A5103749367,I2251586001
A5034981153,I208356959
A5034981153,I4210123993
A5050257903,I44461941
A5078708416,I4210123993
A5102004265,I4210123993
A5034305048,I4210123993
A5047015242,I4210123993
A5100727651,I4210123993
A5109216007,I4210123993
A5112495549,I3020192730
A5040523210,I3020192730
A5002766078,I11935315
A5002766078,I19894307
A5002766078,I4210123993
A5002766078,I4210159287
LOCAL_A000290,I11935315
LOCAL_A000290,I19894307
LOCAL_A000290,I4210159287
A5069022584,I11935315
A5069022584,I19894307
A5069022584,I4210159287
A5052291165,I11935315
A5052291165,I19894307
A5052291165,I4210159287
LOCAL_A000291,I11935315
LOCAL_A000291,I19894307
LOCAL_A000291,I4210159287
LOCAL_A000292,I11935315
LOCAL_A000292,I19894307
LOCAL_A000292,I4210159287
LOCAL_A000293,I11935315
LOCAL_A000293,I19894307
LOCAL_A000293,I4210159287
A5002715032,I11935315
A5002715032,I19894307
A5002715032,I4210159287
A5047251015,I11935315
A5047251015,I19894307
A5047251015,I4210159287
A5023183230,I4210123993
A5012509568,I2802443542
A5043650731,I2802443542
A5109158453,I2802443542
A5059831731,I181727666
A5088350962,I4210123993
A5098157644,I4210123993
A5087726456,I4210095101
A5087726456,I4210141768
A5070562619,I4210123993
A5070562619,I4210131056
A5070562619,I4210134642
A5072742774,I4210101969
A5087917590,I4210123993
A5072861318,I159885104
A5072861318,I4210117271
A5101588922,I159885104
A5101588922,I4210117271
A5069029743,I4210112569
A5063551372,I4210112569
A5101813011,I4210123993
A5066407131,I182627622
A5066407131,I4210123993
A5021110208,I142904861
A5070726452,I29199639
A5035311348,I4210123993
A5045277826,I4210101969
A5045277826,I123565023
A5033393657,I43895496
A5050385284,I4210095101
A5010882179,I4210098226
A5010882179,I141445968
A5110729206,I4210123993
A5087442163,I2801662971
A5087442163,I4210123993
A5077989995,I141445968
A5074060298,I4210095101
A5049942941,I90090648
A5014499824,I4210123993
LOCAL_A000294,I90090648
LOCAL_A000295,I4210123993
A5043963174,I4210123993
LOCAL_A000296,I4210123993
A5035799063,I4210144126
A5101569963,I187855631
A5101569963,I4210123993
A5100715903,I4210123993
A5112623757,I4210123993
A5065666743,I141445968
A5013667478,I141445968
A5024404261,I141445968
A5069373806,I111268130
A5069373806,I2802195347
A5069373806,I4210123993
A5069373806,I4210124344
A5069373806,I4210149240
A5090948020,I111268130
A5090948020,I2802195347
A5090948020,I4210123993
A5090948020,I4210124344
A5090948020,I4210149240
A5034986304,I111268130
A5034986304,I2802195347
A5034986304,I4210123993
A5034986304,I4210124344
A5034986304,I4210149240
A5018592470,I26120043
A5078738355,I26120043
A5041560102,I4210123993
A5079062419,I158708052
A5062877716,I4210123993
A5100777969,I4210123993
A5038633272,I187855631
A5109801092,I3132161128
A5003495146,I4210123993
A5101153572,I4210123993
A5113027053,I4210123993
A5071364715,I4210123993
A5068068488,I4210123993
A5017574392,I202539009
A5050703987,I4210123993
A5067659457,I4210123993
A5061957366,I4210123993
A5041034605,I4210123993
A5109517914,I4210123993
A5044711213,I4210123993
A5057952428,I123565023
A5036126619,I47807185
A5014754170,I4210123993
A5049528580,I4210123993
A5065502298,I4210123993
A5102765203,I79775147
A5033264739,I141445968
A5012509568,I141445968
A5042094599,I202539009
LOCAL_A000297,I4210123993
A5024408684,I4210123993
A5030900211,I4210123993
A5027706693,I4210123993
A5061704682,I4210123993
A5007005563,I4210123993
A5050803572,I4210123993
A5108957582,I4210123993
A5034454292,I4210096063
A5071961095,I4210123993
A5079652119,I47265099
A5059207282,I47265099
A5038225521,I4210123993
A5049531721,I4210097659
A5018026493,I4210123993
A5066574572,I47265099
A5033808806,I4210123993
A5036924759,I4210123993
A5052287713,I4210123993
A5020086114,I4210123993
A5052548763,I4210123993
A5036038715,I4210123993
A5019292270,I4210123993
A5060808788,I4210123993
A5075950807,I141445968
A5047377666,I123565023
A5047377666,I23582244
A5091398943,I4210123993
A5035960995,I141445968
A5109383268,I123565023
A5109383268,I47265099
LOCAL_A000298,I141445968
A5090756733,I4210123993
A5070636138,I4210108426
A5070636138,I4210123993
A5041542952,I4210108426
A5112911020,I4210108426
A5112911020,I4210123993
A5029980919,I3020192730
A5112687318,I4210108426
A5112687318,I4210123993
A5009575522,I4210123993
A5065170284,I4210134642
A5031233789,I4210123993
A5065186859,I70349855
LOCAL_A000299,I70349855
A5048757265,I4210123993
A5025370032,I177733328
A5015670985,I4210097553
A5015670985,I4210122635
A5015670985,I4210130863
A5015670985,I4210137223
A5031703189,I4210097553
A5031703189,I4210122635
A5031703189,I4210130863
A5031703189,I4210137223
A5087859003,I4210097553
A5087859003,I4210122635
A5087859003,I4210130863
A5087859003,I4210137223
A5110803276,I4210123993
A5017384034,I4210123993
A5042295571,I4210123993
A5067110618,I4210123993
A5017559788,I4210123993
A5029731231,I4210123993
A5006213260,I4210123993
A5066150494,I4210123993
A5100759043,I4210123993
A5073871936,I4210123993
A5015278628,I177733328
A5108531741,I177733328
A5064437476,I4210123993
A5045159073,I4210123993
A5102484757,I4210101969
A5102484757,I4391012539
A5059518320,I91807558
A5110085228,I4210112569
A5077406567,I4210123993
A5033921165,I4210123993
A5068093105,I4210123993
A5062516283,I4387154394
A5042185009,I4210123993
A5042185009,I4387154394
A5086009373,I4210123993
A5102006115,I4210123993
A5019541405,I4210123993
A5033896757,I4210123993
A5091625480,I4210123993
A5060829860,I212220629
A5086509701,I3132158071
A5053823405,I3132158071
A5067117391,I4210123993
A5007129032,I170238339
A5032442216,I123565023
A5026900647,I4210111957
A5112633710,I4210123993
A5065869162,I4210123993
A5044476993,I4210123993
A5101409609,I141445968
A5029307415,I123565023
A5029307415,I47265099
A5056246280,I123565023
A5056246280,I47265099
A5029912738,I123565023
A5029912738,I47265099
A5104010371,I4210123993
A5040857467,I141445968
A5030966029,I202539009
A5078615031,I123565023
A5078615031,I47265099
A5067921618,I202539009
A5078514638,I4210123993
A5059748553,I4210123993
A5056461250,I23582244
A5012519187,I4210123993
LOCAL_A000300,I23582244
A5022723572,I4210123993
A5028188200,I123565023
A5112241048,I114531698
A5067924169,I123565023
A5067924169,I47265099
A5057330116,I4210146893
A5101826892,I4210123993
A5083805250,I98947143
A5008120161,I123565023
A5041960973,I4210123993
A5063959328,I4210148201
A5025155792,I4210138918
A5023725893,I4210123993
A5040640883,I4210123993
A5062889982,I4210123993
A5017687000,I4210123993
A5073610685,I4210123993
A5040768487,I123565023
A5040768487,I47265099
A5101821143,I123565023
A5101821143,I47265099
A5113888338,I4387155935
A5113888338,I47265099
A5044678839,I29199639
A5032440878,I4210123993
A5043478466,I181727666
A5021733333,I158708052
A5060295199,I25399158
A5089022716,I1332092204
A5089022716,I25399158
A5089022716,I902798049
LOCAL_A000301,I4210105946
A5056985800,I4210105946
A5060343625,I168719708
A5075235852,I4210105946
A5073375320,I4210123993
A5103934844,I4210123993
A5036573017,I4210123993
A5000973793,I4210127180
A5070026123,I4210102461
A5004270298,I4210123993
A5084065970,I4210135839
A5022561054,I4210123993
A5062880735,I4210123993
A5003211382,I1286329397
A5043173692,I1286329397
A5018821709,I1286329397
A5049636432,I1286329397
A5005403550,I1286329397
A5005403550,I4210103174
A5017438640,I1286329397
A5017438640,I4210123993
A5028650701,I1286329397
A5025577220,I1286329397
A5025577220,I898388014
A5058149770,I1286329397
A5018582414,I1286329397
A5009080326,I1286329397
A5017572945,I1286329397
A5025220393,I4210123993
A5104107891,I141445968
A5110942797,I4387154394
LOCAL_A000302,I4210101969
LOCAL_A000302,I4391012539
A5112206530,I20942203
A5049275505,I4210119841
A5056025737,I197081775
A5069810619,I3129215250
A5009714502,I4210123993
A5084347766,I4210123993
A5110849253,I4210123993
A5103840607,I48076826
A5109542308,I260719752
A5071517633,I141445968
A5046255585,I123565023
A5046255585,I13590829
A5046255585,I4210123993
LOCAL_A000304,I123565023
LOCAL_A000304,I13590829
LOCAL_A000304,I4210123993
A5029157921,I123565023
A5029157921,I13590829
A5033103782,I123565023
A5077974169,I4210123993
A5089075317,I4210123993
A5007724232,I123565023
A5024327009,I47265099
A5048137524,I4210123993
A5100634151,I4210123993
A5099351333,I4210123993
LOCAL_A000309,I4210123993
A5071477512,I70349855
A5077097054,I4210123993
A5077097054,I70349855
A5102004247,I70349855
A5067800187,I4389425394
A5006496190,I70349855
A5057057975,I123565023
A5057057975,I23582244
A5020833933,I70349855
A5039180885,I177733328
A5039180885,I4210096386
A5039180885,I4210104442
A5101637383,I4210096386
A5101637383,I4210104442
A5043157568,I177733328
A5043157568,I4210096386
A5034129399,I32597200
A5034129399,I4210141966
A5034129399,I87445476
A5101024767,I4210141966
A5025880905,I4210141966
A5032689906,I87445476
A5038668071,I32597200
A5018716044,I4210123993
A5081622130,I4210123993
A5062039544,I4210123993
A5058150074,I4210123993
A5042803653,I4210123993
A5035101973,I4210123993
A5051877757,I202539009
LOCAL_A000315,I202539009
A5016568572,I4210123993
A5016568572,I47807185
A5030044861,I4210123993
A5072224443,I4210150999
A5072224443,I4400600977
A5065771880,I202539009
A5092295668,I4210123993
A5035756893,I4210123993
A5063440811,I4210123993
A5059821967,I4387153637
A5059821967,I181727666
A5114023578,I4210123993
A5114023578,I181727666
A5114023578,I4387153637
A5032599875,I4387153637
A5032599875,I4210123993
A5032599875,I181727666
LOCAL_A000316,I181727666
LOCAL_A000316,I4387153637
A5100677169,I1304085615
A5012152789,I109689652
A5012152789,I4210095603
A5070261515,I4210148201
A5036617503,I4210123993
LOCAL_A000371,I4210123993
A5101795004,I4210123993
LOCAL_A000372,I4210123993
LOCAL_A000373,I141445968
A5102791934,I4210101969
A5024291260,I4210123755
A5024291260,I4210123993
LOCAL_A000374,I4210108666
LOCAL_A000374,I4210123755
LOCAL_A000103,I4210108666
A5109033530,I4210119841
A5109033530,I70349855
A5054964486,I4210119841
A5006468960,I4210123993
A5079813953,I4210123993
A5058677337,I4210123993
A5091402697,I4210123993
A5091402697,I4210148897
A5018388816,I4210123993
A5019381003,I4210101969
A5019381003,I4391012539
A5027033593,I3020192730
A5088454026,I4210134642
A5112861862,I4210148201
A5102490695,I47265099
A5015193720,I4210123993
LOCAL_A000375,I4210110116
LOCAL_A000375,I4391012539
A5084294716,I3132567084
A5039307851,I22265921
A5036830029,I3132567084
A5046502643,I3132567084
A5112681572,I4210125903
A5019381003,I4210110116
A5109586304,I4210123993
A5018186356,I135822937
A5060093847,I4210123993
A5054296239,I135822937
A5114032954,I135822937
LOCAL_A000376,I135822937
A5063300406,I4210095523
A5052999341,I205133468
A5052525223,I205133468
A5052442705,I4210123993
A5068264867,I205133468
A5057678443,I205133468
A5022528171,I205133468
A5029004884,I205133468
A5034492478,I205133468
A5091336030,I205133468
LOCAL_A000375,I4210101969
A5110942797,I118692353
A5026770074,I70349855
A5021287146,I83436808
A5002161235,I21376657
A5002161235,I39534123
A5046539676,I4575257
A5046539676,I93906172
A5045162054,I4210123993
A5089469659,I130309236
A5101610614,I21376657
A5026538440,I4575257
A5026538440,I93906172
A5064913428,I39534123
A5018528890,I4210123993
A5000167478,I4387155442
A5014568710,I4210123993
A5004964247,I144889574
A5025205889,I4210123993
A5036292398,I3133213403
A5073228774,I3133213403
A5015367073,I3133213403
A5091100497,I3133213403
A5071261094,I3133213403
A5053204545,I3133213403
A5085582592,I79238269
A5012628404,I4210148201
A5012628404,I47265099
A5045532432,I4210123993
A5015033686,I4210123993
A5009063961,I4210139842
A5101660391,I153512688
A5028976017,I153512688
A5070660416,I3129629310
A5041914128,I202539009
A5041914128,I3129629310
A5041914128,I4210123993
A5064080611,I3129629310
A5009526572,I3129629310
A5002700971,I123565023
A5002700971,I23582244
A5057673381,I139264467
A5024924822,I4210123993
A5064935874,I4210123993
A5042559130,I4210123993
A5043362152,I4210096295
A5045179061,I4210097536
A5045179061,I4210123993
A5058762592,I212220629
A5067057339,I4210123993
A5065748190,I4210123993
A5110964815,I139264467
A5057673381,I109689652
A5047512380,I114030911
A5039887490,I4210091658
A5039887490,I4210098535
A5039887490,I4210104666
A5039887490,I4210114363
A5039887490,I4210120668
A5039887490,I4210123993
A5039887490,I4210157340
A5039887490,I4210157790
A5087870646,I4210091658
A5087870646,I4210098535
A5087870646,I4210104666
A5087870646,I4210114363
A5087870646,I4210120668
A5087870646,I4210123993
A5087870646,I4210157340
A5087870646,I4210157790
A5111567379,I4210091658
A5111567379,I4210098535
A5111567379,I4210104666
A5111567379,I4210114363
A5111567379,I4210120668
A5111567379,I4210123993
A5111567379,I4210157340
A5111567379,I4210157790
A5035774373,I4210091658
A5035774373,I4210098535
A5035774373,I4210104666
A5035774373,I4210114363
A5035774373,I4210120668
A5035774373,I4210123993
A5035774373,I4210157340
A5035774373,I4210157790
A5085524233,I70349855
A5023973706,I70349855
A5083362726,I4210108666
A5083362726,I4400008994
A5009736760,I4210135839
A5046526189,I70349855
A5056909844,I4391012539
LOCAL_A000378,I4210123993
A5112177412,I173009982
A5051963851,I111966504
A5051963851,I125590103
A5001675506,I173009982
A5009130748,I4210123993
A5016189943,I4210123993
A5011868594,I4210123993
A5022413759,I123565023
A5022413759,I47265099
A5057023966,I4210123993
A5070354745,I49382586
A5010228370,I177733328
A5074035628,I177733328
A5014397493,I4210123993
LOCAL_A000379,I4210095523
A5042145631,I49382586
LOCAL_A000380,I4210123993
A5009757136,I170238339
A5052029634,I23582244
A5070708078,I114017466
A5070708078,I47807185
A5002099463,I114017466
A5104115221,I47807185
A5003620404,I114017466
A5003620404,I136750679
A5003620404,I31746571
A5003822713,I204824540
A5068483265,I114017466
A5068483265,I31746571
A5068483265,I4210123993
A5080743502,I141445968
A5110780252,I141445968
LOCAL_A000381,I70349855
A5086822781,I47807185
LOCAL_A000382,I141445968
LOCAL_A000382,I4210123993
LOCAL_A000382,I4387155935
A5031177860,I4210123993
A5077358597,I4210104442
A5070482335,I204442077
A5070482335,I205274468
A5111349661,I4210104335
A5111349661,I848706
A5101884633,I74801974
A5010001093,I139264467
A5010001093,I4210104335
A5113211574,I4210145414
A5113714554,I139264467
A5010882179,I4210123993
A5002953807,I169556180
A5002953807,I4210162022
A5014247682,I138925566
A5014247682,I4210104335
A5036850374,I74801974
A5107276587,I197347611
A5086241692,I201537933
A5086241692,I4210162022
A5027527648,I4210092312
A5027527648,I4210142646
A5027527648,I98677209
A5051704996,I70349855
A5025657852,I138925566
A5025657852,I197347611
A5016981467,I138925566
A5016981467,I4210104335
A5053530979,I172553438
A5053530979,I80611190
A5011418488,I138925566
A5011418488,I4210104335
A5086419990,I848706
A5104753098,I48566637
A5035021719,I4210104335
A5035021719,I848706
A5009714575,I848706
A5022270322,I138925566
A5088838623,I197347611
A5088838623,I4210104335
A5083743252,I4210104335
A5009865975,I138925566
A5009865975,I4210104335
A5084845414,I4210162022
A5068659658,I74801974
A5100681381,I74801974
A5000164844,I74801974
A5112927327,I180670191
A5060576424,I180670191
A5109035078,I4210123993
A5013499835,I180670191
A5002775135,I180670191
A5110985355,I109689652
A5110985355,I123565023
A5110985355,I23582244
LOCAL_A000383,I4210123993
A5069162937,I123565023
A5069162937,I47265099
A5006254056,I123565023
A5006254056,I47265099
A5066152930,I123565023
A5066152930,I47265099
A5009714502,I4210116271
A5084347766,I4210116271
A5024924822,I4210116271
A5036337561,I4210123993
A5108844516,I123565023
A5102525038,I4210096063
A5113262960,I141445968
LOCAL_A000384,I123565023
LOCAL_A000384,I47265099
LOCAL_A000099,I123565023
LOCAL_A000099,I47265099
A5020362824,I4391012539
A5020362824,I79775147
LOCAL_A000385,I4210123993
LOCAL_A000385,I4391012539
LOCAL_A000385,I79775147
LOCAL_A000386,I4210123993
LOCAL_A000386,I4391012539
LOCAL_A000386,I79775147
LOCAL_A000388,I202539009
LOCAL_A000388,I4210086020
LOCAL_A000388,I4210123993
A5108640854,I67868205
A5104132940,I1289196864
A5104132940,I4210123993
A5092228143,I67868205
A5114060108,I1289196864
A5114060108,I4210123993
A5040190344,I1289196864
A5040190344,I4210123993
LOCAL_A000389,I4210123993
LOCAL_A000389,I70349855
A5045826726,I70349855
A5083276453,I70349855
A5008510437,I70349855
A5035378097,I23582244
A5052968307,I23582244
A5065042911,I141445968
A5101219574,I123565023
A5101219574,I141445968
A5101219574,I4210111957
A5012509568,I4210111957
A5057625755,I4210123993
A5112965708,I170979836
A5092443615,I170979836
A5013334398,I170979836
A5088783066,I136848882
A5088783066,I47164929
A5063042707,I47164929
A5072983548,I4210123993
A5072983548,I4210125903
A5059615758,I4210093659
LOCAL_A000390,I70349855
A5048178300,I4210162957
A5070501321,I4210123993
A5111063999,I4210162957
A5054062927,I177233841
A5054062927,I4210162957
A5101227434,I4210123993
A5042953536,I4210123993
A5104075392,I4210162957
A5088894961,I177233841
A5088894961,I4210162957
A5111016325,I4210123993
A5109626592,I4210123993
A5101972755,I202539009
A5101972755,I4210123993
LOCAL_A000391,I4210123993
A5012533041,I4210123993
A5012533041,I4210136194
A5021056526,I56081889
A5112982599,I120089902
A5112982600,I187855631
A5031708507,I4210123993
A5104159172,I4210123993
LOCAL_A000392,I123565023
LOCAL_A000392,I181727666
LOCAL_A000392,I4387155442
A5027548516,I4210123993
A5092677217,I4210123993
A5092815858,I4210123993
A5092718174,I3129984471
A5112918103,I4210125847
A5080314531,I4210125847
A5092774130,I4210125847
A5018288108,I94518387
A5062017995,I186903577
A5002904166,I28407311
A5042307561,I20089843
A5112918103,I4210123993
A5080314531,I4210123993
A5013842891,I4210122257
A5113003739,I4210148201
A5092949062,I181727666
A5092949062,I187855631
A5054360822,I4210111957
A5103072436,I4210123993
A5077930392,I4210123993
LOCAL_A000393,I4210123993
A5017615722,I4210100991
A5017615722,I2802508454
A5017615722,I4210152602
A5059041759,I2802508454
A5088730223,I2802508454
A5088730223,I4210100991
A5011841596,I4210123993
A5032750590,I4210097553
A5032750590,I4210122635
A5032750590,I4210130863
A5032750590,I4210137223
A5113015228,I4210123993
A5007737431,I3020192730
A5102346530,I4210148897
A5043412244,I4210101969
A5043412244,I4391012539
A5114045481,I4210123993
A5027433720,I141445968
LOCAL_A000394,I4210123993
A5108870180,I4210123993
A5113021945,I4210095523
A5113021945,I4210123993
A5092395055,I172901346
A5092395055,I4210123993
A5022241843,I4210116271
LOCAL_A000396,I4210108168
LOCAL_A000396,I4210122217
LOCAL_A000396,I4210123993
A5030697249,I4210122217
A5030697249,I4210148533
A5028867378,I4210123993
A5031742904,I123565023
A5004993090,I4210123993
A5096325752,I123565023
A5101265078,I123565023
A5101265078,I4210123993
A5103195189,I123565023
A5096042325,I123565023
A5079356031,I123565023
A5111060140,I29199639
A5090559942,I123565023
A5087806761,I3122832768
A5110579458,I3122832768
A5013902945,I3121602497
A5071788034,I4210146027
A5049616479,I141445968
A5093360005,I4210123993
A5012087265,I112536369
A5012087265,I4210096386
A5112687130,I112536369
A5112687130,I4210096386
A5029407674,I112536369
A5113092365,I4210123993
A5113092365,I70349855
A5101290167,I4210148201
A5109478605,I70349855
A5112331051,I4210088379
A5026614237,I2722730
A5101569963,I4210096295
A5093677853,I4210123993
A5093677854,I4210117309
A5104233840,I4210117309
A5104233841,I109689652
A5023010845,I4210123993
A5079426909,I4210148201
A5109679550,I4210115718
LOCAL_A000397,I4210115718
A5092593524,I4210115718
A5040535770,I4210123993
A5090836028,I4210115718
A5114186846,I64519617
LOCAL_A000399,I4210123993
LOCAL_A000400,I64519617
A5056677817,I4210090124
A5094041631,I4210123161
LOCAL_A000402,I114017466
LOCAL_A000402,I4210123993
A5035970169,I1332353952
A5108908629,I79238269
LOCAL_A000403,I4210123993
A5049884996,I205274468
A5111151930,I141445968
A5010770404,I4210123993
A5094282889,I4210123993
LOCAL_A000404,I4210101969
LOCAL_A000404,I4391012539
A5054964486,I4210150146
A5046667713,I109689652
A5047754943,I4210123993
A5066718144,I67255865
A5101340227,I4210123993
A5078920305,I181727666
A5078920305,I4387153637
A5049764226,I160993911
A5049764226,I185523456
A5077856417,I4210123993
A5027163198,I186903577
A5102780199,I55060895
A5049415464,I185523456
A5104293876,I4210148201
A5041894479,I4210123993
A5102660187,I181727666
A5096680269,I4210123993
A5103520002,I4210116271
A5101353051,I149581226
A5093981255,I117965899
A5034938372,I117965899
A5003473737,I4210123993
A5055004314,I117965899
A5057664957,I117965899
A5068511935,I117965899
A5101626772,I99464096
A5090593514,I8961855
A5002827253,I4210137358
A5108934667,I4210123993
A5046033495,I4210096386
A5098817519,I4391012539
A5099167405,I4210123993
A5015666278,I123565023
A5103170579,I158552681
A5099440089,I4210123993
LOCAL_A000405,I4210123993
A5057348645,I181727666
A5099851173,I181727666
A5099851173,I4210123993
A5053761995,I181727666
A5110647737,I208356959
A5100037796,I4210123993
LOCAL_A000406,I4210123993
A5065962329,I4210145660
A5065962329,I88761825
A5068862407,I4210148201
A5043049232,I4210145660
A5043049232,I88761825
A5104635098,I4210123993
A5002689322,I4210123993
A5107334594,I4210123993
A5007925084,I4210123993
A5109750908,I4210123993
A5104942826,I4210123993
A5111265074,I4210123993
A5109750909,I4210123993
A5104942827,I4210123993
A5065465017,I4210112186
LOCAL_A000407,I4210123993
A5105012314,I4210106910
A5036074751,I13850615
A5036074751,I19820366
A5106161395,I4210123993
A5106257856,I141445968
A5035584901,I4210096063
A5106502439,I4210097659
A5082154225,I2802852271
A5110947774,I4210123993
A5108638252,I4387155935
A5007295809,I4210123993
A5085150492,I47265099
A5079480834,I47265099
A5101815460,I47265099
A5069826673,I47265099
A5103112755,I47265099
A5101690410,I47265099
A5108233925,I47265099
A5103133298,I47265099
A5031031874,I47265099
A5040003914,I4210156213
A5106803393,I4210156213
A5106781066,I4210123993
A5017305518,I123565023
A5017305518,I23582244
A5037989297,I4210123993
A5113357766,I4210123993
A5106841018,I123565023
A5053794733,I123565023
A5051420985,I193365169
A5051420985,I4210123993
A5106931559,I193365169
A5106931559,I4210123993
A5111347523,I4210123993
A5016982085,I193365169
A5057274224,I193365169
A5072903915,I193365169
A5107198922,I142904861
A5043214194,I177733328
A5107581936,I109689652
A5107581936,I123565023
A5107581936,I47265099
A5021847930,I4210109591
A5022946961,I165507594
A5107760606,I4210123993
A5084325237,I83436808
A5101624945,I189643551
A5110835806,I4210159142
A5120017289,I4210122257
A5061980990,I4210122257
A5061980990,I4210159142
A5037488103,I4210123993
A5100744810,I4210108426
LOCAL_A000408,I4210123993
A5046633562,I4210123993
LOCAL_A000409,I4210123993
A5042752687,I4210123993
A5074158974,I4210123993
LOCAL_A000410,I4210123993
A5109136467,I4210123993
LOCAL_A000411,I4210123993
A5012795098,I4210123993
A5055888733,I4210123993
A5016165289,I4210123993
A5101972901,I181727666
A5101972901,I4387153637
A5055103179,I141445968
LOCAL_A000412,I4210131701
A5004341522,I4210123993
A5104337962,I13850615
A5104337962,I19820366
A5104337962,I4210165038
A5101080410,I13850615
A5101080410,I19820366
A5101080410,I4210145338
A5113747468,I13850615
A5113747468,I19820366
A5113747468,I4210145338
A5103159189,I13850615
A5103159189,I19820366
A5103159189,I4210145338
A5115435966,I4210123993
A5030511837,I3129492623
A5007920755,I3132362326
A5115633054,I4210123993
A5074978546,I177733328
A5090865034,I2801941164
A5014097779,I2801941164
A5054946215,I47818738
A5109776692,I29199639
A5069067099,I47265099
LOCAL_A000413,I123565023
LOCAL_A000413,I4210137425
A5004094067,I123565023
A5004094067,I23582244
A5073800051,I123565023
A5073800051,I23582244
LOCAL_A000415,I4210123993
LOCAL_A000415,I4210158617
A5030177637,I130442723
A5091046899,I2801049591
LOCAL_A000416,I130442723
A5091576742,I4210123993
A5055658324,I4210122802
LOCAL_A000418,I4210122802
A5101742691,I4210122802
A5077456883,I4210122802
A5116144841,I142208455
A5020231952,I142208455
A5100015837,I4210123993
LOCAL_A000419,I4210123993
A5025379392,I4210123993
LOCAL_A000420,I4210123993
A5010213012,I4210123993
A5103152813,I4210089944
A5103152813,I98251732
LOCAL_A000421,I20942203
LOCAL_A000421,I67031392
A5111347325,I4210123993
A5078984352,I4210128965
A5084293052,I4210128965
A5116250663,I179331831
A5083147348,I4210128965
A5085026472,I188815454
A5085026472,I205133468
A5085026472,I4210126772
A5085026472,I4387154144
A5066772680,I111199411
A5038456548,I188815454
A5038456548,I205133468
A5036072460,I111199411
A5007358249,I188815454
A5007358249,I205133468
A5010910230,I188815454
A5049578807,I4210123993
A5021059255,I188815454
A5065649299,I188815454
A5065649299,I2801941164
A5064804073,I188815454
A5064804073,I317356780
A5024054120,I119744171
A5024054120,I188815454
A5003021924,I188815454
A5071115771,I188815454
A5072611129,I80188885
A5025363291,I181547552
A5025363291,I188815454
A5025363291,I205133468
A5019298056,I4210144126
A5081485853,I4210144126
A5025614310,I4210123993
A5058840176,I208356959
A5004612077,I4210123993
LOCAL_A000422,I267427436
LOCAL_A000422,I47807185
A5075064773,I4210123993
LOCAL_A000423,I79775147
A5116441306,I267427436
A5116441306,I47807185
A5033041246,I267427436
A5033041246,I47807185
LOCAL_A000424,I267427436
LOCAL_A000424,I47807185
A5101267559,I267427436
A5101267559,I47807185
LOCAL_A000425,I267427436
LOCAL_A000425,I47807185
A5055888733,I267427436
A5055888733,I47807185
LOCAL_A000426,I267427436
LOCAL_A000426,I47807185
LOCAL_A000427,I4210123993
A5110845742,I4210123993
A5021296526,I4210123993
LOCAL_A000428,I4210123993
A5038001329,I4210123993
LOCAL_A000429,I4210123993
A5114995951,I4210123993
A5086143812,I120089902
A5021197768,I3132999081
A5069783085,I3132999081
A5107520148,I121799043
A5107520148,I4210123993
A5019746336,I121799043
A5084344101,I121799043
A5116630260,I4210148490
A5116630261,I4210123993
A5022353158,I205640436
A5057393450,I4210099641
LOCAL_A000430,I94518387
LOCAL_A000431,I123565023
LOCAL_A000431,I94518387
A5066979288,I123565023
A5066979288,I94518387
A5104139448,I94518387
A5053044038,I123565023
A5053044038,I94518387
LOCAL_A000432,I4210123993
A5063751724,I23582244
A5063751724,I4210123993
LOCAL_A000433,I4210123993
A5021261421,I4210123993
A5033957854,I4210123993
LOCAL_A000434,I4210123993
A5058668108,I4210123993
A5055133700,I1315456113
A5010210073,I1315456113
A5039705052,I4210123993
A5102516866,I1315456113
A5057592175,I1315456113
A5068081123,I123565023
A5117078370,I4210123993
A5111310324,I4210123993
A5117087722,I141445968
A5104075933,I4210118835
LOCAL_A000436,I4210123993
A5013654224,I4210148235
A5107906105,I1332353952
A5107906105,I4210148235
A5101416013,I1332353952
A5101416013,I4210148235
A5067800126,I4210148235
A5103958108,I4210148235
A5054517839,I1332353952
A5054517839,I4210148235
A5041603130,I4210148235
A5052253557,I4210148235
A5018227404,I4210148235
A5113137129,I4210148235
A5017913111,I4210148235
A5025344010,I1332353952
A5025344010,I4210148235
A5117182966,I2608206482
A5032625001,I2608206482
LOCAL_A000437,I4210123993
A5081983746,I4210123993
A5117323253,I2608206482
A5079471980,I2608206482
LOCAL_A000438,I170238339
A5070354745,I123565023
A5046152034,I177733328
LOCAL_A000439,I177733328
A5117346098,I177733328
A5117424256,I4210123993
A5112978882,I4210123993
A5117428843,I4210123993
A5061277637,I4210123993
A5117428933,I4210123993
LOCAL_A000440,I4210123993
A5003871391,I4210123993
A5098732947,I131359167
A5106708348,I4210124651
A5024056764,I177733328
A5058987661,I177733328
A5002285759,I4210123993
A5062003821,I198596950
A5008074955,I4210095567
A5008074955,I75778554
A5080190481,I123565023
A5080190481,I4210104442
A5012274597,I8775707
A5074093573,I4210123993
A5072516040,I79775147
A5113287346,I23582244
A5117599546,I123565023
A5025952021,I2802508454
A5071928109,I94518387
A5081826415,I55133342
A5005562712,I1292875679
A5005562712,I4210101388
A5075005049,I55133342
A5061056422,I4210123993
A5117603944,I4210123993
LOCAL_A000441,I4210123993
LOCAL_A000442,I4210123993
A5023652148,I4210123993
A5117603954,I4210123993
A5116540098,I120089902
A5114705828,I4210123993
A5038835298,I4210095603
A5038835298,I4400600977
A5072708707,I4387155935
A5072708707,I47265099
A5027709025,I4210148897
LOCAL_A000443,I170238339
A5117757559,I4210123993
A5111800896,I4210123993
A5049764226,I4210123993
A5110130160,I4210123993
A5047114429,I4210123993
A5117757562,I4210123993
A5117757563,I4210096063
A5042789478,I4210123993
A5117758222,I4210123993
A5034148650,I4210122689
A5046613313,I4210088963
A5071504081,I142263535
A5100012822,I142263535
A5117644945,I142263535
A5082627916,I142263535
A5110731166,I27765905
A5089200750,I33278361
A5089022716,I4210092733
A5036887999,I28290843
A5117938566,I2802701112
A5113627912,I177733328
A5033765445,I4210123993
A5108186826,I4210123993
A5075791229,I170606269
A5075791229,I4210086194
A5075791229,I72677000
A5087144106,I72677000
A5025713017,I170606269
A5025713017,I181727666
A5074761112,I181727666
A5074761112,I4210123993
A5101464227,I181727666
A5101464227,I4210123993
A5017280670,I70349855
A5017280670,I4210123993
A5077694527,I205783295
A5118143935,I4210123993
LOCAL_A000444,I18550681
A5055078097,I182526193
A5051113352,I4210123993
A5118388860,I4210166400
A5054946215,I4210145880
A5019108633,I2802508454
A5101835954,I4210115343
A5108865394,I2802508454
A5118601678,I47818738
A5067559759,I47818738
A5100643970,I47818738
A5089444182,I47818738
A5058526082,I4210123993
LOCAL_A000445,I4210123993
A5118648874,I181727666
A5118648875,I267427436
A5114195715,I208356959
A5118694700,I4210123993
A5012861326,I4210123993
LOCAL_A000446,I4210123993
A5101788557,I4210123993
A5013260322,I4210123993
A5118752430,I3020192730
A5044906171,I4210123993
A5101662082,I4210123993
A5012956416,I123565023
A5026427058,I23582244
A5035378097,I123565023
A5103184608,I123565023
A5102008622,I70349855
A5020729122,I70349855
A5113119675,I70349855
A5031370887,I179093154
A5031370887,I25041050
A5031370887,I70349855
A5118908313,I4210123993
LOCAL_A000447,I79775147
A5081255705,I79775147
A5050879879,I94518387
A5036034688,I94518387
A5119042679,I177733328
A5119042680,I4210123993
A5119042680,I4210131701
A5073172349,I141445968
A5009549735,I187855631
A5009549735,I4210116271
A5000210296,I141445968
A5113009765,I141445968
A5034342997,I170238339
A5100759389,I267427436
A5031297358,I267427436
A5077733475,I267427436
A5055532716,I267427436
A5032100162,I4210123993
A5052294575,I141445968
A5006282791,I154348853
A5012875627,I154348853
A5080476765,I4210104442
A5034159221,I199856841
A5050904768,I199856841
A5028948267,I199856841
A5078787236,I4210123993
A5084985533,I4210123993
A5090489273,I135822937
A5090489273,I177233841
A5119326618,I3129492623
A5071926923,I3129492623
A5099052586,I23582244
A5099052586,I67868205
A5112077621,I3129492623
A5110548057,I3129492623
A5080811307,I3129492623
A5066821118,I3129492623
A5119368558,I4210123993
A5023271480,I4210123993
A5119368559,I4210123993
A5117364495,I4210123993
LOCAL_A000448,I4210123993
A5119371022,I4210166374
LOCAL_A000449,I4210166374
A5119371023,I4210166374
A5119371024,I4210123993
A5101629727,I4210123993
A5101879339,I4210123993
A5044936759,I4210123993
A5112689304,I181727666
A5040850954,I181727666
A5067691424,I157358134
LOCAL_A000202,I135822937
LOCAL_A000202,I138622004
LOCAL_A000202,I177233841
A5071594228,I56590836
LOCAL_A000450,I4210123993
A5112799690,I4210096063
LOCAL_A000451,I70349855
A5051047872,I170238339
A5051047872,I18550681
A5024910823,I170238339
A5024910823,I18550681
A5119566593,I4210123993
A5109689211,I2802508454
A5119568655,I3130697706
A5119568655,I4388891809
A5119568656,I4210123993
LOCAL_A000452,I3130697706
A5116116783,I4210123993
A5059989774,I170238339
A5073305924,I181727666
A5054482402,I170238339
A5053616239,I3129492623
A5010632118,I4210128583
A5010632118,I45129253
A5100402379,I4210123993
A5100402379,I45129253
A5021354106,I4210123993
A5021354106,I45129253
A5076305988,I45129253
A5006811097,I45129253
A5006811097,I62916508
A5069939265,I4210123993
LOCAL_A000453,I4210096063
A5055050491,I4210123993
A5120542484,I4210151045
A5103064879,I4210123993
A5057264704,I1294671590
A5057264704,I161929037
A5057264704,I2802204017
A5057264704,I4210126368
A5091701946,I861853513
A5069952562,I165143802
A5072878768,I4210127772
A5041448847,I4210127772
A5043749543,I4210127772
A5026364638,I4210127772
A5115720696,I141445968
A5013383889,I4210123993
A5014715890,I10232997
A5107436860,I4210158385
A5107436860,I47519274
A5089700327,I47519274
A5117365838,I4210137722
A5117365838,I47519274
A5065278638,I4210133311
A5119797401,I205158640
A5119797401,I47519274
A5067497938,I142974352
A5067497938,I2802331550
A5067497938,I365282
A5067497938,I4210118607
A5067497938,I4210142271
A5067497938,I47519274
A5113121460,I142974352
A5113121460,I2802331550
A5113121460,I365282
A5113121460,I4210118607
A5113121460,I4210142271
A5113121460,I47519274
A5026391773,I142974352
A5026391773,I152743029
A5026391773,I68171755
A5024439777,I4210158385
A5109582787,I114150738
A5109582787,I4210165704
A5018885199,I142974352
A5018885199,I4210136334
A5018885199,I56019348
A5119048346,I4210123993
LOCAL_A000454,I4210101969
LOCAL_A000455,I4210123993
A5114368828,I4210123993
A5046562648,I170238339
A5104779246,I4210115718
A5104779246,I4387154951
A5003489886,I4210161636
A5100687895,I4210161636
A5087106458,I4210161636
A5112230202,I4210123993
A5065897099,I82571370
A5059897834,I82571370
A5027936517,I83205935
A5075279250,I886702836
A5111186868,I4210130708
A5018757905,I173009982
LOCAL_A000457,I173009982
A5101610795,I173009982
A5053429667,I123565023
A5053429667,I4210123993
A5053429667,I47265099
A5040031185,I181727666
A5066900397,I123565023
A5066900397,I4210117845
A5066900397,I4210136912
A5068908636,I4210095101
A5091390670,I4210104442
A5091390670,I70349855
A5054233093,I70349855
LOCAL_A000458,I4210093468
A5036382252,I70349855
A5005681997,I70349855
A5101475545,I3020192730
A5027351152,I4210116271
A5016059020,I4210123993
A5035821509,I70349855
A5007410147,I4210123993
A5103514725,I4210123993
A5102981857,I181727666
A5039122925,I4210123993
A5113932182,I3130313246
A5113932182,I4210148201
LOCAL_A000459,I4210123993
A5120194609,I4210123993
A5033928651,I4210123993
A5103028918,I4210123993
A5054736195,I4210123993
A5086989944,I4210122257
A5020787018,I4210137425
A5020787018,I4210159515
A5043693171,I4210123993
A5028244068,I2802508454
A5028244068,I4210100991
A5028244068,I4210120055
A5012589054,I4210123993
A5106649352,I2802508454
A5068991338,I4210100991
A5068991338,I4210120055
A5076286685,I142631665
A5076286685,I197681013
A5076286685,I4210126119
A5091799409,I196829312
A5065757063,I196829312
A5065757063,I4210123993
A5065757063,I94518387
A5112322690,I8775707
A5041064801,I45756140
A5000459728,I4210101969
A5030792313,I4210101969
A5014938626,I4210115718
A5116503919,I38538140
LOCAL_A000460,I4210101969
LOCAL_A000460,I4391012539
A5000375848,I4210148201
A5056682277,I4210123993
A5073611407,I94518387
A5078128767,I4210101969
A5078128767,I4391012539
LOCAL_A000461,I141445968
A5055651175,I2802508454
LOCAL_A000462,I2802508454
LOCAL_A000463,I2802508454
A5101962558,I2802508454
A5013984891,I2802508454
A5112388401,I4210123993
A5102958072,I91807558
A5068804587,I92008406
A5015269024,I177733328
A5102013689,I3020192730
A5091407554,I4210101969
A5108312301,I123565023
A5108312301,I4210104442
A5108312301,I47265099
A5039502465,I47807185
A5074560142,I4210104442
LOCAL_A000464,I123565023
LOCAL_A000464,I4210104442
LOCAL_A000464,I4210148201
LOCAL_A000465,I123565023
LOCAL_A000465,I4210104442
LOCAL_A000465,I4210111957
LOCAL_A000465,I4210148201
LOCAL_A000465,I4210139842
A5064289811,I4210101969
A5064289811,I4210123993
A5064289811,I4391012539
A5110956725,I4210129552
A5120524910,I4210123993
A5013846032,I4210159142
A5013842891,I170238339
A5102008168,I177733328
A5068477180,I177733328
A5117509360,I4210123993
A5117509360,I4210131701
A5120676815,I177733328
A5101908614,I177733328
A5035224025,I201537933
A5035224025,I4210131147
A5035224025,I82475049
A5120630366,I4210123993
A5013790137,I3020192730
A5114045903,I4210123993
A5120712991,I4210123993
A5037482393,I4210123993
A5062292777,I107139324
A5051000539,I4210162935
A5082945083,I242057862
A5076626025,I161371597
A5076626025,I4210129855
A5020053167,I161371597
A5083804370,I2801454379
A5025312667,I189462010
A5074350013,I4210154967
A5070587435,I894293524
A5080831219,I4210113837
A5028063152,I170396143
A5009080751,I2802505396
A5118883091,I4210167104
A5039876499,I4210148201
LOCAL_A000466,I94518387
A5120690682,I94518387
A5011855564,I4210111957
A5101900159,I4210123993
A5101900159,I94518387
A5103041986,I94518387
A5101663833,I4210123993
A5101663833,I94518387
A5120691163,I142208455
A5120715242,I142208455
A5000461756,I187293425
A5120691164,I142208455
A5084006403,I177733328
A5084006403,I4210102087
A5084006403,I4210166347
A5084006403,I4387155212
LOCAL_A000467,I4210123993
LOCAL_A000468,I177733328
LOCAL_A000468,I4387155212
A5108865394,I4210123993
A5048072243,I4210123993
A5115945200,I2801894621
A5115945200,I3132161128
A5115945200,I4210102087
A5115945200,I4210166347
A5053219066,I4210095101
A5069332870,I4210115718
A5069332870,I4387154951
A5044058358,I4210098226
A5033058790,I4210098226
A5006955283,I4210159515
A5080025175,I70349855
A5050688178,I70349855
A5110933354,I70349855
A5112607197,I70349855
LOCAL_A000469,I70349855
A5069820449,I70349855
A5050055502,I70349855
A5061584198,I70349855
A5080211232,I4210123993
A5080211232,I70349855
A5035821509,I4210123993
A5110830995,I47265099
A5100612147,I4210123993
A5100612147,I70349855
LOCAL_A000470,I70349855
A5095604805,I123565023
A5095604805,I4210100829
A5057145784,I123565023
A5057145784,I23582244
A5045302320,I161296585
A5041697858,I123565023
A5041697858,I23582244
A5051920398,I4210157535
A5051920398,I45129253
A5103087729,I4210130964
LOCAL_A000471,I4210123993
A5112844475,I4210123993
A5049806976,I109689652
LOCAL_A000472,I4210101969
LOCAL_A000472,I4391012539
A5101504996,I181727666
A5023945815,I4210095101
A5051278633,I141445968
A5015666278,I4210111957
A5116628216,I141445968
A5101399124,I141445968
A5093925263,I4210123993
A5116628217,I141445968
LOCAL_A000473,I123565023
LOCAL_A000473,I47265099
LOCAL_A000474,I4210101969
LOCAL_A000475,I4210123993
LOCAL_A000476,I71503853
LOCAL_A000477,I71503853
LOCAL_A000478,I55060895
LOCAL_A000479,I205640436
LOCAL_A000480,I168635309
LOCAL_A000481,I189909677
LOCAL_A000482,I119896790
LOCAL_A000483,I130343225
LOCAL_A000484,I11892038
LOCAL_A000485,I4210102512
LOCAL_A000486,I205640436
LOCAL_A000487,I4210091240
LOCAL_A000488,I271457894
LOCAL_A000489,I45129253
LOCAL_A000490,I111199411
LOCAL_A000491,I16969244
LOCAL_A000492,I192619145
LOCAL_A000493,I72227227
LOCAL_A000494,I215330179
LOCAL_A000495,I4210087849
LOCAL_A000496,I69552723
LOCAL_A000497,I198105771
LOCAL_A000498,I4210123993
LOCAL_A000499,I4210125530
LOCAL_A000500,I157273133
LOCAL_A000501,I4210101907
LOCAL_A000502,I155028946
LOCAL_A000503,I4210116687
LOCAL_A000504,I2801261953
LOCAL_A000505,I4287427
LOCAL_A000506,I43895496
LOCAL_A000507,I161372803
LOCAL_A000508,I185492890
LOCAL_A000509,I12859529
LOCAL_A000510,I4210125530
LOCAL_A000511,I192619145
LOCAL_A000512,I4210119417
LOCAL_A000513,I72227227
LOCAL_A000514,I144917393
LOCAL_A000515,I205640436
LOCAL_A000516,I45129253
LOCAL_A000517,I170897317
LOCAL_A000518,I168635309
LOCAL_A000519,I205640436
LOCAL_A000520,I142208455
LOCAL_A000520,I4210123993
LOCAL_A000521,I142208455
LOCAL_A000522,I142208455
LOCAL_A000523,I187293425
LOCAL_A000524,I142208455
LOCAL_A000525,I142208455
LOCAL_A000526,I142208455
A5120924308,I4210123993
A5120906618,I199856841
A5048243071,I154348853
A5120882202,I62885914
LOCAL_A000527,I4210123993
A5120906256,I205640436
A5120946312,I4210142044
A5120968951,I80849659
A5031994008,I80849659
A5058104633,I80849659
A5052329546,I80849659
A5033922417,I80849659
A5120996342,I80849659
A5053050741,I184647316
A5120992317,I1925986
A5055042504,I80849659
A5120953003,I88273585
A5044825873,I4210136482
A5121012343,I4210136482
A5120981353,I4210123993
A5121038845,I4210123993
A5121050124,I4210123993
A5121361644,I4210124651
A5002377783,I67868205
LOCAL_A000528,I123565023
LOCAL_A000528,I47265099
A5055270754,I181727666
A5019323166,I123565023
A5025004943,I123565023
A5034359529,I4210146893
A5038711387,I4210123993
A5112947648,I129902397
A5043639014,I4210146893
A5121476018,I4210146893
A5121474607,I4210146893
A5003055047,I4210111957
A5121460221,I4210111957
A5121471224,I19880235
A5121471224,I4400009067
A5000794649,I4210123799
A5121471388,I4210123799
A5121465761,I4210123799
LOCAL_A000529,I4210123993
A5121616489,I4210123993
A5121658844,I151746483
A5043987756,I151746483
A5121682937,I4210123993
A5080477516,I4210095297
A5033647992,I3129492623
LOCAL_A000530,I120089902
LOCAL_A000530,I142608572
LOCAL_A000530,I159247623
LOCAL_A000530,I4210123993
A5012512059,I120089902
A5012512059,I142608572
A5012512059,I159247623
A5076358810,I3129492623
A5076358810,I4388891809
A5080843178,I3129492623
A5080843178,I4388891809
A5067409197,I4210115718
LOCAL_A000531,I4210115718
A5035306169,I4210115718
A5022294297,I4210115718
A5112633397,I4210115718
A5109711025,I4210115718
A5016425643,I4210126287
A5109994888,I4210115718
A5101613703,I4210115718
A5052409320,I4210154685
A5052409320,I4387156139
A5086812774,I4210115718
A5102898390,I4210095101
A5000637794,I141445968
A5068268080,I4210131701
A5038884691,I56590836
A5088916464,I180634299
A5008300007,I56590836
A5103857970,I4210123993
A5054642186,I76835614
A5061973812,I72539421
A5061973812,I76835614
A5029102618,I76835614
A5087117056,I76835614
A5100338420,I76835614
A5031811244,I4210090603
A5072683795,I169521973
A5079461216,I204250578
A5029163162,I204250578
A5072941252,I1302275403
A5072941252,I2801328717
A5072941252,I4210100294
A5072941252,I76835614
A5079259587,I76835614
A5071688512,I2800649613
A5071688512,I76835614
LOCAL_A000532,I76835614
A5071493756,I141445968
A5011087520,I46080048
A5073592697,I28022161
A5021368295,I145608581
A5021368295,I4210157065
A5104001656,I46080048
A5059773332,I4210125938
A5015551812,I177233841
A5102791402,I4210096295
A5059158135,I181727666
LOCAL_A000533,I177233841
A5051697844,I141445968
A5079210120,I70349855
A5081246759,I96673099
A5113031574,I70349855
A5087385345,I70349855
A5066261564,I70349855
A5043100261,I70349855
A5071750358,I96673099
A5113031575,I70349855
LOCAL_A000534,I70349855
A5052000517,I4210131701
LOCAL_A000535,I4210123993
A5100696961,I32597200
A5000225753,I17442442
A5101852052,I25757504
A5038668071,I2801227569
A5008610676,I4210123993
A5015751719,I1315456113
A5015751719,I4210086020
A5015751719,I80611190
A5042743185,I80611190
A5032063674,I686019
A5053882063,I46080048
A5012013451,I205746353
A5015546142,I28022161
A5023886955,I28022161
A5083152805,I119004910
A5016895866,I1341015664
A5044593104,I4210137358
A5000192304,I4387155935
A5000192304,I47265099
A5064393318,I4210157823
A5064393318,I91277730
A5016410629,I132359460
A5044657350,I155028946
A5017693604,I170726198
A5056343785,I170726198
A5089944324,I10052268
A5003423239,I25757504
A5002238892,I25757504
A5081032657,I71920554
A5065323250,I108108428
A5011791421,I108108428
A5087389811,I4210123993
A5049758571,I134635517
A5034683151,I134635517
A5112518881,I48076826
A5034087931,I94518387
A5042098541,I120089902
A5015915107,I28777354
A5063894861,I28777354
A5101287236,I28777354
A5034916559,I28777354
A5058199474,I28777354
A5030209618,I28777354
A5015962281,I4210134642
A5060158506,I4210126287
A5115602156,I4210094876
A5072008290,I4210133311
A5002248149,I4210156889
A5002248149,I78757542
A5062012235,I4210123993
A5013060777,I4210123993
A5014568924,I4210123993
A5087460269,I4210123993
A5050155021,I123565023
A5050155021,I99043593
A5013382990,I56590836
A5006103601,I4387155935
A5006103601,I47265099
A5000602333,I169333911
A5000602333,I40413290
A5022798909,I28022161
A5052038865,I120089902
A5049270537,I2802508454
A5065939774,I4210108426
A5007516284,I2802508454
A5086812375,I2802508454
A5015220416,I4210123993
A5052811415,I2802508454
A5012521502,I2802508454
A5017294870,I2802508454
A5053488393,I285663978
A5053488393,I4210120471
A5053488393,I4210126395
A5053488393,I60858718
A5101966424,I186903577
A5040810553,I197347611
A5040810553,I89004649
A5102781968,I197347611
A5068504606,I4210095101
A5055220887,I4210095101
A5029071674,I3129492623
A5039312494,I3129492623
A5039312494,I4210095101
A5086743869,I4210095101
A5028563714,I3129492623
A5028563714,I4210095101
A5102818446,I4210095101
A5091637262,I170238339
A5035326900,I4210095101
A5042098541,I28022161
A5039969130,I28022161
A5022798909,I120089902
A5022798909,I169333911
LOCAL_A000536,I120089902
LOCAL_A000536,I4210123993
A5102341962,I70349855
A5049649933,I170238339
A5016169617,I3129492623
A5062017995,I4210149358
A5080037825,I186903577
A5050981728,I110200422
A5063172188,I110200422
A5002019686,I110200422
A5078074629,I4387155935
A5078074629,I47265099
A5039561939,I120089902
A5099116975,I4210123993
A5049382316,I131359167
A5007977315,I3020192730
A5099116976,I4387155935
A5099116976,I47265099
A5016882940,I204250578
A5102021727,I46080048
A5110454044,I46080048
A5107918911,I28022161
A5056919969,I28022161
A5033684516,I55240360
A5090960288,I46080048
A5102449057,I46080048
A5013750406,I154864474
A5044103447,I154864474
A5033799057,I142608572
A5033799057,I159247623
A5082881241,I4528857
A5080090568,I179331831
A5100645455,I82952536
A5100645455,I882248123
A5044748360,I108714496
A5044748360,I4210131288
A5044748360,I63596082
A5044748360,I82952536
A5085674671,I33849332
A5072396416,I131868736
A5041135448,I177733328
A5064006808,I4210123993
A5015225298,I177733328
A5111275451,I177733328
A5010191491,I177733328
A5076310748,I177733328
A5076310748,I4387155212
A5056158177,I47807185
A5035049724,I4210123993
A5081731365,I123565023
A5081731365,I4387155442
A5111016928,I4210123993
A5035286000,I4210148201
A5046042230,I4210123993
A5002530601,I28777354
A5015095214,I123565023
A5015095214,I47265099
A5100643561,I28777354
A5070416393,I4210124651
A5029859092,I4210124651
A5024203074,I4210124651
A5063957902,I4210123993
A5077799265,I4210123993
A5009617428,I4210123993
A5088435831,I4210123993
A5083403495,I189210763
A5083403495,I4210131885
A5028272884,I4210140379
A5101893134,I12079687
A5101893134,I189210763
A5068504606,I71437568
A5016059020,I4210101284
A5040168155,I4210095101
A5040168155,I71437568
A5055289089,I151811957
A5055289089,I4210098226
A5055289089,I70349855
A5041279466,I4210095101
A5035326900,I71437568
A5102984408,I4210123993
A5004131008,I181727666
A5031315212,I148366613
A5070144964,I148366613
A5011627378,I11983389
A5011627378,I175532246
A5011627378,I3131870445
A5011627378,I4210107997
A5011627378,I4210143550
A5011627378,I5085271
A5011627378,I55285296
A5101279534,I4210123993
A5113071500,I4210123993
A5102592280,I3020192730
A5093492663,I43406934
A5028135770,I4210150999
A5028135770,I4400600977
A5094582176,I4387155935
A5041972283,I141445968
A5001649826,I32597200
A5001649826,I4210093659
A5027283721,I4210096063
A5014633603,I4210093659
A5078701490,I4210093659
A5084660092,I99464096
A5015920621,I4210093659
A5111348471,I170238339
A5111348471,I4210115718
A5111348471,I4210159515
LOCAL_A000537,I170238339
LOCAL_A000537,I4210115718
LOCAL_A000537,I4210159515
A5008604791,I70349855
A5008604791,I94518387
A5068570499,I3020192730
A5108271314,I4210123993
A5034642372,I33849332
A5003667222,I139322472
A5040773786,I120089902
A5040773786,I142208455
A5098695042,I184679254
A5098695042,I4210116098
A5026745688,I199440890
A5026745688,I4210116098
A5026745688,I60342839
A5026745688,I95457486
A5106740255,I130828816
A5106740255,I4210116098
A5090352762,I204250578
A5090352762,I4210116098
A5029852484,I120250893
A5029852484,I4210136542
A5073649293,I154136665
A5030073755,I4210144295
A5024332433,I98635879
A5082881656,I146655781
A5082881656,I199440890
A5082881656,I4210116098
A5098699139,I80281795
A5066533851,I71920554
A5015660461,I199440890
A5044406931,I4210116098
A5012780158,I40120149
A5011245031,I4387154144
A5103802413,I4210097719
A5051445017,I47726972
A5044034763,I98635879
A5057050099,I2799747612
A5054960739,I47818738
A5054960739,I91045830
A5076400696,I60342839
A5042948921,I47818738
A5008748101,I15766328
A5008748101,I4210117018
A5085741547,I144693123
A5085741547,I4210116098
A5004627844,I223532165
A5070810971,I223532165
A5084694056,I223532165
A5103150367,I223532165
A5030005142,I219193219
A5088459735,I185261750
A5062156514,I223532165
A5114329407,I141445968
A5033621300,I47807185
A5093091534,I22299242
A5040081743,I4210123993
A5021698878,I32597200
A5021698878,I4210144364
A5021698878,I74801974
A5108227773,I22299242
A5032662195,I22299242
A5076784188,I94518387
A5052138057,I94518387
A5016121125,I94518387
A5065742799,I22299242
A5041272794,I120089902
A5079379433,I12832649
A5016336795,I55240360
A5062358076,I3129492623
A5062358076,I3130697706
A5052578911,I12832649
A5064354848,I55240360
A5012583826,I196355604
A5012583826,I30849647
A5005583322,I146367977
A5028777364,I187846814
A5024312801,I196355604
A5024312801,I30849647
A5004928802,I196355604
A5004928802,I30849647
A5052572077,I196355604
A5052572077,I30849647
A5027047123,I126633494
A5087916376,I138925566
A5102673704,I4210123993
A5111275451,I4387155212
A5056432086,I177733328
A5024433704,I177733328
A5109723297,I177733328
A5113341526,I177733328
A5113341526,I4387155212
A5060832511,I177733328
A5002666870,I76835614
A5081819949,I177733328
A5026125675,I177733328
A5020354608,I177733328
LOCAL_A000538,I76835614
A5013697617,I76835614
A5056350822,I76835614
A5073115693,I177733328
A5091544796,I165737746
A5091544796,I177733328
A5113089117,I165737746
A5113089117,I4210123993
A5015152865,I165737746
A5053245824,I123565023
A5084884218,I177733328
A5087105083,I4210116268
LOCAL_A000539,I4210116268
A5102899700,I108688024
A5102899700,I143413998
A5102899700,I4210119987
A5030069786,I63135867
A5100755541,I4210154004
A5008497258,I108688024
A5008497258,I143413998
A5053717509,I181727666
A5053717509,I3129629310
A5001226600,I4210123993
A5101298039,I4210123993
A5023810707,I165143802
A5023810707,I4210138055
A5112805145,I141445968
A5073610437,I4210123755
A5010264989,I4210137358
A5056133033,I4210115718
A5114995941,I4210123993
A5088308470,I31439502
A5077980145,I155028946
A5001144676,I31439502
A5115912140,I31439502
A5044657350,I24676775
A5121968098,I152743029
A5121970945,I152743029
A5121970945,I4210118607
A5121929092,I152743029
A5121929092,I4210102636
A5121929092,I4210118607
A5121929092,I68171755
A5102556818,I142974352
A5102556818,I152743029
A5102556818,I4210102636
A5102556818,I4210118607
A5102556818,I68171755
A5121964248,I142974352
A5121964248,I4210118607
A5085874769,I142974352
A5085874769,I4210136334
A5085874769,I56019348
A5121948811,I47519274
A5121977166,I152743029
A5121977166,I4210102636
A5121977166,I4210118607
A5121977166,I68171755
A5121974331,I152743029
A5121974331,I4210102636
A5121974331,I4210118607
A5121951039,I152743029
A5121951039,I4210102636
A5121951039,I4210118607
A5101719668,I4210133311
A5101719668,I47519274
A5121950089,I106841677
A5121950089,I152743029
A5121974717,I152743029
A5121974717,I157674215
A5027646035,I2613432
A5121943369,I47519274
A5121972120,I142974352
A5121972120,I152743029
A5121972120,I4210102636
A5121972120,I4210118607
A5121972120,I68171755
A5073055413,I4210118607
A5122193922,I4210123993
A5107899843,I4210124651
A5056170160,I4210124651
A5006110409,I4210124651
A5083456347,I4210123993
A5025365223,I3129629310
A5037059087,I3129629310
A5122303994,I1294671590
A5122303994,I2802204017
A5122303994,I4210126368
A5122310706,I4210123993
A5030329332,I165143802
A5122391746,I4210123993
A5085001179,I4210134375
A5122635273,I4210123993
A5122646940,I4210123993
A5122525206,I47265099
A5096130234,I3020192730
A5032639542,I3020192730
A5122445446,I4210123993
A5122678371,I4210123993
A5122423602,I70349855
A5119042680,I177733328
A5068477180,I109689652
A5122877860,I177733328
LOCAL_A000540,I4210123993
A5123232411,I4210095101
A5123242141,I4210095101
A5122339110,I4210160086
A5122355350,I4210123993
A5122355350,I4210131701
A5123683358,I4210124651
A5123655582,I4210123993
A5123927654,I4210123993
A5124029635,I155028946
A5124033776,I155028946
A5123901476,I4210107015
A5124017476,I155028946
A5124022763,I155028946
A5067977804,I24676775
A5123912627,I4210123993
A5123912627,I4210164862
A5097335407,I4210123993
LOCAL_A000542,I4210123993
A5124070504,I4210123993
A5124133344,I4210123993
A5124118104,I170238339
A5124118104,I4210135839
A5124079671,I170238339
A5124084838,I3020192730
A5053336588,I4210111957
A5124059558,I4210135839
A5109579113,I170238339
A5124109688,I170238339
A5124063539,I170238339
A5124063539,I4210135839
LOCAL_A000544,I4210162568
LOCAL_A000544,I82495205
A5121922326,I4210123993
A5126146973,I4210123993
A5124225233,I4210113837
A5124248425,I170396143
A5124206567,I2802505396
A5124273116,I4210123993
A5119314122,I4210123993
A5124256204,I4210123993
LOCAL_A000545,I4210123993
LOCAL_A000546,I4210123993
A5124290475,I4210123993
A5124201354,I23582244
A5076572310,I23582244
A5124156341,I23582244
A5091253663,I123565023
A5091253663,I47265099
A5124362125,I4210116271
A5124365524,I4210116271
A5124327425,I4210116271
A5124436291,I4210116271
LOCAL_A000547,I70349855
A5113194675,I4210123993
A5124301476,I3020192730
A5009893388,I3020192730
A5025726068,I3020192730
A5124453177,I4210115718
A5124377472,I4210115718
A5124364946,I4210115718
A5124393123,I64519617
LOCAL_A000548,I4210123993
A5063590027,I226567900
A5124588332,I226567900
A5124912709,I4210123993
A5123725179,I205274468
A5122875143,I98381234
A5124944636,I4210123993
A5086688190,I94518387
A5004974582,I123565023
A5102761696,I123565023
A5009778531,I123565023
A5124964039,I4210123993
A5124906508,I4210123993
A5124936434,I4210123993
A5124971450,I4210123993
A5076303094,I4210123993
A5124913994,I4210123993
A5124906951,I876193797
A5124934837,I876193797
A5029517462,I876193797
A5120978819,I4210148201
A5124970310,I4210123993
A5121793322,I123565023
A5101725627,I123565023
A5123725993,I94518387
A5101505292,I94518387
A5124895427,I120089902
A5124951340,I4210123993
A5109917542,I4210123993
A5002151461,I4210123993
A5124880789,I4210123993
A5124887268,I4210123993
A5124933293,I4210123993
A5124912806,I4210123993
A5124953506,I4210123993
A5124896920,I47265099
A5008093246,I4210149435
A5016461160,I109689652
A5069645890,I87111246
A5084344101,I4210143793
A5060172696,I4210123993
A5019746336,I4210143793
A5124890289,I123565023
A5124890262,I4210088746
LOCAL_A000549,I4210123993
A5124878754,I123565023
A5107591587,I4210123993
A5124888030,I4210123993
A5124939854,I4210123993
A5124943248,I120089902
A5002699769,I4210111957
A5002949972,I4210123993
A5124978282,I177733328
A5125005209,I177733328
A5125090196,I177733328
A5101907055,I4210123993
A5101907055,I4210131701
A5125158520,I109689652
A5125158520,I123565023
A5125158520,I47265099
A5107042390,I4210123993
A5125156133,I123565023
A5125156133,I23582244
A5125156133,I4210086020
A5125196382,I177733328
A5104387604,I4210136724
A5117935240,I4210137425
A5121030745,I4210137425
A5125178220,I124386471
A5125178220,I205640436
LOCAL_A000550,I4210142044
A5125177715,I4210142044
A5001795239,I161593684
A5001795239,I2799628689
A5125409075,I4210137425
A5125404860,I4210137425
A5120448212,I4210137425
A5051137028,I4210137425
A5125402023,I4210142044
LOCAL_A000551,I4210123993
A5125477204,I18550681
A5039189916,I4210123993
A5125476879,I4210109591
A5125476879,I4210161490
LOCAL_A000552,I4210123993
A5126033772,I47519274
A5112840902,I77920804
A5028440843,I47519274
A5028440843,I98298690
A5126008088,I4210158385
A5126008088,I47519274
A5126009246,I4210133311
A5126009246,I47519274
A5025159311,I4210142271
A5025159311,I47519274
A5028482510,I98298690
A5125342398,I47519274
A5125342398,I98298690
A5110635812,I47519274
A5061989511,I47519274
A5126004705,I123565023
A5126004705,I23582244
A5126004705,I47519274
A5126021229,I47519274
A5092237489,I123565023
A5092237489,I23582244
A5126012782,I47519274
A5126032981,I4210142271
A5126032981,I47519274
A5126099983,I4210123993
A5043085038,I177733328
A5126087650,I177733328
A5126081921,I177733328
A5126085233,I189643551
A5075020324,I177733328
A5074327529,I4210138427
A5126253702,I94518387
A5125946113,I177733328
A5023492471,I177733328
A5100637272,I3129629310
A5126193240,I123565023
A5126193240,I23582244
A5126193240,I4210123993
A5126193240,I47265099
A5041707620,I126406834
A5041707620,I130294970
A5126318146,I126406834
A5126318146,I130294970
A5126318146,I4210098675
A5126349317,I126406834
A5126349317,I130294970
A5040102344,I4210123993
A5126611252,I4210143550
LOCAL_A000553,I4210123993
A5101974080,I4210090971
A5027038320,I4210161757
A5126799033,I4210133311
A5126799033,I47519274
A5024588356,I4210091198
A5024588356,I98298690
A5126852895,I4210158385
A5126852895,I47519274
A5028482510,I4210091198
A5028440843,I4210091198
A5019567462,I4210142271
A5019567462,I47519274
A5005283925,I2801039369
A5126833535,I142974352
A5126833535,I2802331550
A5126833535,I4210118607
A5126833535,I47519274
A5126835975,I47519274
A5126837277,I887998513
A5126791070,I4210137722
A5126812074,I47519274
A5126849722,I47519274
A5126824066,I47519274
A5086914152,I4210142271
A5086914152,I47519274
A5101716076,I204512498
A5101716076,I6469544
A5126871406,I157725225
A5126899755,I4210123993
A5126917756,I4210123993
A5009549644,I157725225
A5126923270,I4210123993
A5121846813,I187855631
A5121846813,I4210116271
A5126967423,I177733328
LOCAL_A000554,I177733328
A5126973237,I177733328
A5106269420,I177733328
A5126973597,I177733328
LOCAL_A000555,I123565023
LOCAL_A000555,I47265099
A5127851653,I205640436
A5127824099,I4210142044
A5127802930,I4210133311
A5127802930,I47519274
A5060471872,I170238339
A5060471872,I47519274
A5024439777,I47519274
A5127820180,I4210113809
A5125908715,I152743029
A5125908715,I4210102636
A5125908715,I4210118607
A5125908715,I68171755
A5058591249,I47519274
A5004952365,I152743029
A5004952365,I47519274
A5101487006,I4210113809
A5127851075,I47519274
A5093294021,I123565023
A5093294021,I47265099
A5089869571,I123565023
A5089869571,I47265099
A5111002528,I3129629310
A5128214906,I4210123993
A5013889869,I4210115718
A5013889869,I4387154951
A5122389452,I2802701112
A5128165841,I4210123993
A5128210291,I2802701112
A5128187188,I2802701112
A5113864661,I2802701112
A5121799310,I4210115718
A5121799310,I4387154951
A5021802783,I4210115718
A5021802783,I4387154951
A5123864020,I4210115718
A5123864020,I4387154951
A5071754735,I107470533
A5128178653,I2802701112
A5112944835,I4210123993
A5128247676,I4210123993
A5056447969,I111277659
A5104855964,I4210123993
A5110193080,I4210123993
A5104270940,I4210123993
A5026815034,I4210123993
A5086796749,I4210123993
A5116174047,I4210123993
A5128342307,I4210095101
A5128645162,I4210095101
A5128617275,I4210095101
A5128503682,I170238339
A5128362655,I4210123993
A5128336422,I4210134331
A5035983964,I4210123993
A5128329689,I4210134642
A5128356792,I170238339
A5128359839,I4210115718
A5128349832,I123565023
A5128349832,I177233841
A5128349832,I257903683
A5128343243,I4210115718
A5012079766,I173664879
A5012079766,I8961855
A5123684279,I170238339
A5128356196,I4210145880
A5128356196,I47818738
A5085044386,I123565023
A5085044386,I23582244
A5128707607,I4210123993
A5094236769,I4210123993
A5128704412,I4210123993
A5128716151,I4210123993
A5128753364,I4210123993
A5128736244,I4210123993
A5071784955,I4210123993
LOCAL_A000556,I4210123993
A5087070774,I4210123993
A5124956555,I4210123993
A5128872648,I4210123993
A5128809922,I4210123993
LOCAL_A000557,I4210123993
A5039111818,I4210123993
A5089751241,I2800279901
A5022117269,I154526488
A5022117269,I204730241
A5022117269,I4210092774
A5022117269,I4210097159
A5022117269,I4210141964
A5010151535,I154526488
A5010151535,I204730241
A5010151535,I4210092774
A5010151535,I4210097159
A5010151535,I4210141964
A5129503416,I4210123993
A5129617498,I4210126318
A5125097696,I2802849423
A5064176753,I4210152634
A5107408554,I2802849423
A5129417776,I1298563314
A5126343199,I154526488
A5126343199,I204730241
A5126343199,I4210092774
A5126343199,I4210097159
A5126343199,I4210141964
LOCAL_A000558,I47265099
A5129587758,I47265099
LOCAL_A000559,I202539009
A5109766802,I47265099
LOCAL_A000560,I47265099
A5119821511,I47265099
A5054233093,I47265099
A5058516893,I47265099
LOCAL_A000561,I47265099
A5010412662,I47265099
A5129409195,I4210123993
A5129411618,I47265099
A5075415764,I4210123993
A5129576085,I47265099
A5129448426,I4210123993
A5129722229,I4210123993
A5129723596,I23582244
A5129679066,I4210123993
A5041231861,I4210101969
A5129726591,I4210123993
A5129724645,I2802089456
A5129705205,I2802089456
A5129678195,I123565023
A5129678195,I228151691
A5080830696,I4210118607
A5080830696,I68171755
A5000758877,I152743029
A5000758877,I4210102636
A5000758877,I4210118607
A5000758877,I68171755
A5034056640,I152743029
A5034056640,I4210102636
A5034056640,I4210118607
A5034056640,I68171755
A5129722438,I142974352
A5129722438,I4210118607
A5019446985,I142974352
A5019446985,I152743029
A5019446985,I98298690
A5129739876,I142974352
A5129739876,I4210136334
A5129739876,I56019348
A5007973770,I142974352
A5007973770,I152743029
A5007973770,I98298690
A5012207972,I98298690
A5129723627,I98298690
A5129749146,I142974352
A5129749146,I152743029
A5129749146,I4210102636
A5129749146,I4210118607
A5129749146,I68171755
A5129674933,I4210133311
A5129674933,I47519274
A5129709377,I1293718874
A5060701822,I47519274
A5129725786,I47519274
A5129721131,I4210123993
A5129644697,I4210123993
A5129735939,I4210123993
A5129696686,I4210123993
A5021691466,I4210123993
A5108912822,I4210123993
A5129878561,I4210133311
A5129878561,I47519274
A5080788166,I2802331550
A5080788166,I47519274
A5009050600,I4210133311
A5009050600,I47519274
A5130160039,I142974352
A5130160039,I4210136334
A5130160039,I56019348
A5129823529,I152743029
A5129823529,I4210102636
A5129823529,I4210118607
A5129823529,I68171755
A5130084594,I142974352
A5130084594,I2802331550
A5130084594,I365282
A5130084594,I4210118607
A5130084594,I4210142271
A5130084594,I47519274
A5130098709,I142974352
A5130098709,I2802331550
A5130098709,I365282
A5130098709,I4210118607
A5130098709,I4210142271
A5130098709,I47519274
A5129955226,I4210113809
A5130028438,I4210118607
A5130028438,I4387154394
A5130102011,I47519274
A5129810714,I142974352
A5129810714,I152743029
A5129810714,I4210102636
A5129810714,I4210118607
A5129810714,I68171755
A5130087177,I4210123993
A5130087177,I4210131701
A5129926033,I4210160086
A5103966558,I170238339
A5130001086,I4210123993
A5130058879,I4210123993
A5129840241,I4210123993
A5130080333,I4210123993
A5130149376,I177733328
A5050579769,I177733328
A5130089632,I4210123993
A5129859482,I123565023
A5129782021,I4210123993
A5129903790,I4210123993
A5130026653,I141445968
A5130078012,I4210123993
A5025425560,I135310074
A5121950089,I47519274
A5121974717,I47519274
A5089681202,I142974352
A5089681202,I2802331550
A5089681202,I365282
A5089681202,I4210118607
A5089681202,I4210142271
A5089681202,I47519274
A5026391773,I4210102636
A5026391773,I4210118607
A5130238958,I3020192730
A5130242755,I4210123993
A5130252883,I4210122689
A5041758579,I4210118607
A5130396600,I152743029
A5130396600,I4210102636
A5130396600,I4210118607
A5130396600,I68171755
A5125899320,I152743029
A5125899320,I4210102636
A5125899320,I4210118607
A5125899320,I68171755
A5130406462,I152743029
A5130406462,I4210102636
A5130406462,I4210118607
A5130406462,I68171755
A5130325740,I142974352
A5130325740,I4210136334
A5130325740,I56019348
A5130332417,I142974352
A5130332417,I4210118607
A5045349106,I152743029
A5045349106,I4210118607
A5130335043,I142974352
A5130335043,I152743029
A5130335043,I4210102636
A5130335043,I4210118607
A5130335043,I68171755
A5130343899,I4210133311
A5130343899,I47519274
A5130355847,I47519274
A5130388406,I142974352
A5130388406,I152743029
A5130388406,I4210102636
A5130388406,I4210118607
A5130388406,I68171755
A5022935112,I4210118607
LOCAL_A000562,I4210123993
A5130678885,I4210123993
A5130697482,I4210123993
A5112953474,I4210142044
A5089615125,I74801974
A5089615125,I880766802
A5119564603,I4210142044
A5119564603,I45756140
A5130888934,I4210123993
A5109658764,I4210123993
A5130900413,I4210123993
A5051597492,I4210123993
A5131048753,I4210123993
A5030043518,I4210123993
A5132655044,I4210123993
A5127784211,I141445968
A5127784211,I4210093057
A5127784211,I4210137766
A5132687538,I3020192730
A5132687538,I7868373
A5127813669,I18550681
A5127813669,I4210109397
A5093054692,I123565023
A5093054692,I4210093057
A5093054692,I47265099
A5100759389,I100625452
A5108681897,I267427436
A5132551954,I100625452
A5132551954,I267427436
A5132713198,I4210123993
A5132643128,I4210123993
A5058278223,I170238339
A5082307315,I66862912
A5132703250,I4210123993
A5132567939,I4210123993
A5132746810,I4210134642
A5007637679,I47265099
A5132988298,I142974352
A5132988298,I4210118607
A5132988298,I68171755
A5132980108,I1293718874
A5132980108,I152743029
A5132980108,I4210102636
A5132980108,I4210118607
A5132980108,I68171755
A5125899320,I1293718874
A5132997043,I1293718874
A5132997043,I152743029
A5132997043,I4210102636
A5132997043,I4210118607
A5132997043,I68171755
A5132986591,I142974352
A5132986591,I4210136334
A5132986591,I56019348
A5132998477,I142974352
A5132998477,I4210118607
A5132988667,I152743029
A5132988667,I4210118607
A5132990251,I142974352
A5132990251,I152743029
A5132990251,I4210102636
A5132990251,I4210118607
A5132990251,I68171755
A5132976383,I4210133311
A5132976383,I47519274
A5132979210,I1293718874
A5132979210,I142974352
A5132979210,I152743029
A5132979210,I4210102636
A5132979210,I4210118607
A5132979210,I68171755
A5132984408,I4210119487
A5133005158,I4210123993
A5133026678,I4210123993
A5112950777,I4210123993
A5133110342,I4210123993
A5133126062,I123565023
A5133109930,I123565023
A5023113227,I4210115718
A5023113227,I4210142044
A5133178690,I4210104442
A5133178690,I4210138427
A5101204564,I70349855
A5050464986,I181727666
A5073756344,I4210123993
A5073756344,I70349855
A5115980099,I4210144900
LOCAL_A000563,I4210115718
A5133156427,I70349855
A5133198721,I15807432
A5065585303,I70349855
A5063848301,I118373667
A5112976796,I3020615197
A5112976796,I4210097717
A5133280575,I3020615197
A5133280575,I4210097717
A5032051091,I4210123993
A5133262214,I3020615197
A5133262214,I4210097717
LOCAL_A000062,I3130313246
A5133244710,I4210123993
A5122306876,I3020192730
A5028487735,I189643551
A5133342206,I4210123993
A5133348079,I49332381
A5133348079,I8692664
A5010808044,I170201317
A5102806354,I170201317
A5005051343,I140172145
A5005051343,I170201317
A5133427062,I4210123993
A5133435331,I4210093659
A5130918484,I202539009
A5133627928,I109689652
A5103505239,I177733328
A5103505239,I4210086020
A5043809031,I4210086020
A5112650189,I4210123993
A5052970907,I177733328
A5001975381,I177733328
A5133791329,I118292597
A5133814960,I118292597
A5133814960,I154864474
A5101258999,I4210123993
A5133821499,I3129492623
A5133822558,I3129492623
A5107415755,I4210123993
A5085817694,I2802508454
A5100744810,I4210102224
A5103742538,I4210095101
A5103742538,I4210134685
A5035626329,I4210095101
A5134015655,I170238339
A5134019745,I4210162568
A5134019745,I82495205
A5011946964,I4210123993
A5119834139,I125861091
A5134286694,I4210123993
A5134315448,I4210123993
A5134314768,I4210123993
A5134246626,I4210123993
A5088653693,I182023848
A5132605860,I47818738
A5107851161,I4210123993
A5013241108,I4210123993
A5063218061,I4210123993
A5079972402,I4210123993
A5134527313,I4210123993
A5134532908,I4210123993
A5134502036,I4210123993
A5134498492,I4210123993
A5134546392,I152743029
A5134546392,I2802587341
A5134528492,I4210119487
A5034056640,I142974352
A5134548566,I142974352
A5134548566,I4210136334
A5134548566,I56019348
A5134539793,I142974352
A5134539793,I2802331550
A5134539793,I365282
A5134539793,I4210118607
A5134539793,I4210119487
A5134539793,I4210142271
A5134539793,I47519274
A5019446985,I4210118607
A5134553459,I142974352
A5134553459,I152743029
A5134553459,I4210102636
A5134553459,I4210118607
A5134553459,I68171755
A5134489233,I4210133311
A5134489233,I47519274
A5067497938,I4210119487
A5134550811,I47519274
A5019745875,I152743029
A5019745875,I2802587341
A5134569039,I4210123993
A5066909635,I4210095523
A5113359591,I4210123993
A5134759489,I4210123993
A5134781207,I4210123993
A5134791404,I4210123993
A5134781418,I4210161490
A5109475242,I177733328
A5000577107,I913630986
A5134886675,I4210139842
A5088952493,I177733328
A5108143070,I177733328
A5135080598,I70349855
A5135088089,I70349855
A5135077615,I70349855
A5135069444,I202539009
A5055316375,I202539009
A5055316375,I23582244
A5135073893,I4210123993
A5043524211,I70349855
A5044326088,I86677382
A5059676139,I86677382
A5054723226,I86677382
A5069510364,I170238339
A5135086837,I3020192730
A5000210296,I4210123993
A5135155521,I4210136165
A5135160172,I4210109845
A5130658184,I4210123993
A5135244611,I4210136165
A5114129464,I4210113566
A5114129464,I4210136165
A5135152093,I4210113809
A5135237975,I47519274
A5135133994,I47519274
A5135222137,I4210136334
A5135208887,I47519274
A5135221641,I157674215
A5135221641,I47519274
A5135106888,I4210102636
A5135106888,I4210118607
A5135098546,I4210102636
A5135098546,I4210118607
A5135227654,I4210102636
A5135227654,I4210118607
A5103768228,I47519274
A5135175869,I4210113809
A5135130984,I4210123993
A5135136621,I188716491
A5102951176,I71270174
A5135251830,I79775147
A5135198317,I4210123993
A5121050176,I80849659
A5121830684,I80849659
A5135121032,I80849659
A5135268164,I80849659
A5135236530,I80849659
A5079443977,I80849659
A5135216739,I80849659
A5135174498,I1925986
A5135206950,I80849659
A5135276087,I80849659
A5135158832,I4210136482
A5059489963,I4210136482
A5135197974,I1925986
A5135197974,I4210123993
A5135380258,I4210123993
A5120715242,I4210116271
A5135400802,I4210123993
A5135400802,I4210131701
A5135356426,I204778367
A5135526446,I4210123993
A5135526446,I4210131701
A5135480789,I4210123993
A5135480789,I4210131701
A5135434178,I4210123993
A5135434178,I4210131701
A5135488699,I4210123993
A5135488699,I4210131701
A5135511189,I4210123993
A5135428161,I4210123993
A5116456162,I4210123993
A5135500547,I3133213403
A5037126039,I4210141869
A5065836015,I2799392579
A5065836015,I4392738060
A5026652437,I4210129200
A5135603184,I4210123993
A5135672485,I4210123993
A5135701536,I4210101969
A5135701536,I4391012539
A5135708090,I4210123993
A5084280578,I131359167
A5135852227,I4210123993
A5062713436,I94518387
A5135945642,I4210146230
A5135945642,I4210148301
A5135945642,I94518387
A5107946858,I94518387
A5135981851,I94518387
A5135930978,I94518387
A5135913429,I94518387
A5007969668,I4210146230
A5007969668,I4210148301
A5135925100,I4210126982
A5008653388,I4210123993
A5135922283,I4210123993
A5026934828,I123565023
A5026934828,I163770644
A5135945670,I123565023
A5135945475,I123565023
A5044033680,I2799725268
A5136040019,I180670191
A5136040019,I4210156041
A5136085905,I1294350288
A5136085905,I205274468
A5136085905,I4210156041
A5136043944,I205274468
A5136043944,I4210156041
A5107937189,I4210123993
A5136015910,I4210123993
A5136018359,I4210123993
A5052468815,I4210123993
A5136027486,I4210103231
A5028743344,I127339247
A5029957844,I126231945
A5016008264,I4210142044
A5127062529,I4210142044
A5136161517,I4210123993
A5136160460,I4210142044
A5136234150,I4210123993
A5136269085,I4210123993
A5136268330,I4210123993
A5112763625,I4210123993
A5136188560,I157485424
A5136188560,I193775966
A5125536071,I157485424
A5136219938,I193775966
A5121452694,I4210138427
A5136217108,I157485424
A5101114148,I157485424
A5136180805,I193775966
A5136234928,I1311218312
A5136234928,I148366613
A5136234928,I25846049
A5136234928,I316699675
A5125543565,I17145004
A5125543565,I2799857465
A5136190142,I157485424
A5136238313,I4210123993
A5136194177,I4210123993
A5136197888,I4210123993
A5136227825,I4210123993
A5136251515,I4210123993
A5136203748,I4210123993
A5136314463,I51556381
A5075390584,I51556381
A5136294812,I1336096307
A5081445314,I173268674
A5112157787,I51556381
A5136285735,I51556381
A5135570915,I4210124779
A5099225713,I4210099662
A5136291996,I4210123993
A5136296185,I4210123993
A5136377972,I4210123993
A5136407418,I4210123993
A5136407418,I4210131701
A5136436435,I4210097717
A5136412233,I170238339
A5135692394,I70349855
A5073530367,I70349855
A5061596524,I141445968
A5136363689,I123565023
A5136363689,I70349855
A5088959676,I70349855
A5052867498,I4210086020
A5052867498,I70349855
A5136378533,I141445968
A5136423173,I4210146893
A5136423173,I4210155479
A5101186189,I70349855
A5136550729,I228151691
A5136546160,I228151691
A5025741771,I228151691
A5082336411,I228151691
A5136231447,I228151691
A5055109098,I202539009
A5093287777,I153562115
A5136580768,I4210123993
A5136580768,I4210131701
A5132943204,I3129492623
A5136527356,I4210160086
A5136549000,I4210095101
A5136593842,I4210123993
A5136539897,I141445968
A5103928365,I3132362326
A5103928365,I4210123993
A5065748190,I3132362326
A5044033680,I28407311
A5126262670,I187531555
A5126262670,I205274468
A5136085905,I187531555
A5123359358,I187531555
A5136773117,I205274468
A5136827707,I4210123993
A5136852879,I4210123993
A5136851867,I4210123993
A5136886963,I4210123993
A5136926768,I4210123993
A5136910116,I1925986
A5136910116,I4210123993
A5129715936,I1925986
A5136940267,I80849659
A5136962121,I80849659
A5056322359,I207123951
A5136946130,I207123951
A5061134783,I207123951
A5136990545,I80849659
A5132124518,I207123951
A5136930533,I1925986
A5024558444,I1925986
A5136930714,I1925986
A5107052422,I223532165
A5021824756,I1294504835
A5021824756,I223532165
A5132104550,I223532165
A5136905343,I1925986
A5136905343,I223532165
A5129646369,I223532165
A5080661941,I223532165
A5136977010,I4387152983
A5136977010,I69740276
A5062250884,I223532165
A5136928656,I223532165
A5136918616,I4575257
A5136918616,I93906172
A5129736816,I4387152983
A5129736816,I69740276
A5086340912,I4210111779
A5086340912,I74801974
A5132049969,I4387152983
A5132049969,I69740276
A5110833308,I4210111779
A5110833308,I74801974
A5134549678,I74801974
A5033819945,I74801974
A5113298949,I223532165
A5129668892,I202391551
A5129668892,I4210122644
A5129700560,I223532165
A5136943832,I3130643134
A5129663707,I189513530
A5132294692,I223532165
A5136911368,I41802502
A5104384413,I2802340896
A5132017636,I41802502
A5136925850,I74801974
A5129663908,I41802502
A5132327831,I223532165
A5131974323,I848706
A5136911064,I223532165
A5043204255,I185088104
A5029874126,I41802502
A5129686486,I4210102177
A5082263749,I171481255
A5132079624,I74801974
A5090060709,I4210102177
A5132046045,I74801974
A5136985777,I4575257
A5136985777,I93906172
A5041027404,I200870766
A5041027404,I223532165
A5041027404,I4387152983
A5041027404,I69740276
A5136948187,I4210142421
A5136948187,I848706
A5129934117,I4387152983
A5129934117,I69740276
A5136905975,I137975476
A5129737777,I189513530
A5129672000,I132053463
A5136913741,I74801974
A5129771426,I4210102177
A5136945458,I137975476
A5130098630,I189513530
A5136985834,I4210102177
A5136905539,I193775966
A5045339304,I4575257
A5045339304,I93906172
A5005475639,I848706
A5136962949,I4210102177
A5107318322,I192455894
A5107318322,I223532165
A5136966328,I137975476
A5129740652,I223532165
A5136963529,I223532165
A5129723091,I189513530
A5136931926,I189513530
A5136964667,I77063589
A5136954205,I137975476
A5107949962,I189513530
A5136898255,I189513530
A5136952759,I74801974
A5136981193,I74801974
A5110723201,I74801974
A5107841618,I74801974
A5136936495,I74801974
A5109980044,I184937672
A5136930195,I165522056
A5076195331,I90023481
A5136947962,I848706
A5000572041,I4575257
A5000572041,I93906172
A5136948813,I223532165
A5056388805,I34250744
A5136928618,I19880235
A5136928618,I4210102177
A5136941845,I223532165
A5136898771,I4210102177
A5132077295,I48566637
A5136913949,I74801974
A5136914265,I74801974
A5136932902,I189513530
A5134174412,I74801974
A5136896145,I74801974
A5020825456,I4387152983
A5020825456,I69740276
A5136913435,I137975476
A5038791421,I181727666
A5136988705,I4210123993
A5117639584,I181727666
A5136910678,I4210123993
A5004755597,I4210126287
A5065353383,I4210160086
A5007637679,I4210111957
A5007637679,I4391012539
A5137058739,I109289231
A5137058739,I118692353
A5137058739,I151229976
A5137058739,I192703390
A5137058739,I4387154394
A5000585437,I16590763
A5000585437,I192703390
A5137038659,I11701301
A5111119645,I109289231
A5111119645,I118692353
A5111119645,I151229976
A5111119645,I4210123993
A5111119645,I4387154394
A5002827253,I4210160393
A5014938626,I4210109591
A5090662722,I169541294
A5136998865,I4210123993
A5136998865,I4210136724
A5124054050,I4210123993
A5020523273,I202539009
A5137083886,I4210154685
A5069842035,I4210123993
A5047027947,I4210139842
A5112855604,I4210139842
A5137019412,I4210123993
A5137034080,I139264467
A5137034080,I2802457231
A5136992181,I4210123993
A5137176937,I2802852271
A5056625994,I141445968
A5056625994,I4210148201
A5056625994,I47265099
A5137142487,I170238339
A5137106802,I8775707
A5137183534,I4210123993
A5137183534,I4210131701
A5128348289,I4210150999
A5128348289,I4400600977
A5137339313,I1315456113
A5051552397,I257903683
A5001310284,I1315456113
A5066565612,I1315456113
A5137322044,I1315456113
A5110680345,I1315456113
A5092078833,I1315456113
A5001863172,I1315456113
A5116571599,I1315456113
A5047470642,I4210123993
A5136484967,I4210123993
A5137326585,I4210123993
A5042837158,I4387155935
A5042837158,I47265099
A5058620025,I4210142044
A5137464092,I4210123993
A5137438584,I4210142044
A5063960876,I32597200
A5114117904,I3129629310
A5110833872,I2802701112
A5137480998,I4210101453
A5137498136,I4210101453
A5137491069,I4210101453
A5137511902,I2802701112
A5137477358,I4210101453
A5137525102,I4210123993
A5121066759,I4210115718
A5128700301,I170238339
A5128700301,I4210115718
A5065588110,I170238339
A5065588110,I4210115718
A5101053869,I170238339
A5101053869,I4210115718
A5103731291,I170238339
A5103731291,I4210115718
A5137605807,I4210115718
A5046213612,I4210115718
A5137576630,I137265801
LOCAL_A000564,I170238339
LOCAL_A000564,I4210115718
LOCAL_A000565,I4210116271
A5137599796,I38538140
A5137599796,I4210123993
A5014472521,I38538140
A5137570767,I4210126982
A5137731172,I4210123993
A5101860760,I36001604
A5024527852,I12469534
A5035589368,I36001604
A5123931166,I36001604
A5137873774,I58716616
A5127869048,I18550681
A5101288712,I4210123993
A5068820312,I4210123993
A5134506871,I18550681
A5137821333,I2802050120
A5117610020,I3133213403
A5117610020,I4210129200
A5117610020,I904090387
A5065836015,I4210129200
A5065836015,I904090387
A5116456162,I4210129200
A5116456162,I904090387
A5137964415,I3133213403
A5137959653,I3133213403
A5123202475,I1299170990
A5123202475,I4210129200
A5123202475,I904090387
A5137961821,I110357561
A5137993674,I4210122689
A5120347235,I3020192730
A5137928570,I123565023
A5137920385,I4210123993
A5138020603,I4210123993
A5138052135,I4210123993
A5052421157,I8775707
A5078951421,I8775707
A5138033626,I8775707
A5102448148,I177733328
A5102448148,I4210101969
A5138020952,I177733328
A5138020952,I4210101969
A5138069038,I4210123993
A5138039220,I4210123993
A5036595306,I4210162839
A5112728667,I37802460
A5085537455,I40279923
A5085537455,I4210162839
A5085537455,I4394709093
A5001105773,I40279923
A5001105773,I4210162839
A5001105773,I4394709093
A5138180568,I4210091008
A5138149664,I4210117859
A5055538986,I40279923
A5055538986,I4210162839
A5055538986,I4394709093
A5059009171,I177733328
A5123188130,I177733328
A5138125595,I4210134642
A5138152850,I177733328
A5037139048,I110617504
A5138166377,I170238339
A5138162018,I4210123993
A5138162018,I4210131701
A5106164109,I4210123993
A5116787028,I181397559
A5116787028,I4210088379
A5138215236,I4210088379
A5138264912,I4210088379
A5083202029,I4210123993
A5133003200,I181397559
A5133053510,I181397559
A5138214688,I4210123993
A5064282135,I4210116271
A5138226202,I4210123993
A5138204528,I4210123993
A5138392795,I123565023
A5138392795,I4210117309
A5113182779,I4210123993
A5110786089,I181727666
A5110786089,I228151691
A5078162843,I23582244
A5138750666,I23582244
A5072294451,I23582244
A5138262578,I47807185
A5037510069,I4210123993
A5046621202,I181727666
A5035159452,I2802508454
A5110277318,I2802508454
A5050247722,I4210123993
A5134644764,I4210115343
A5060496598,I2802508454
A5060496598,I4210100991
A5089369458,I4210122257
A5101983590,I3132707006
A5069093485,I4210122257
A5077529549,I10232997
A5014715890,I4210141757
A5116037833,I4210141757
A5095380028,I4210141757
A5039779616,I10232997
A5090498564,I4210123993
A5129476969,I185523456
A5138992584,I70349855
A5069873921,I4210098226
A5069873921,I70349855
A5139018057,I4210123993
A5139102677,I2802508454
A5139063661,I4210120055
A5139063594,I4210115343
A5133248498,I4210123993
A5121620694,I2802508454
A5139065087,I2802508454
A5113354082,I4210123993
A5139202772,I4210123993
A5139195928,I4210143793
A5139150702,I4210143793
A5139188409,I4210143793
A5139173248,I4210143793
A5139175222,I4210123993
A5064476016,I1315456113
A5064657974,I70349855
A5139426445,I177733328
A5139457398,I1315456113
A5086706877,I142208455
A5126618891,I142208455
A5101464450,I142208455
A5139404053,I4210095101
A5139451528,I4210123993
A5139451528,I4210131701
A5104351126,I170238339
A5076120969,I4210116271
A5083712493,I3020192730
A5015915107,I149213910
A5110069127,I28630478
A5037481542,I183638586
A5031407090,I35462925
A5052527227,I35462925
A5059877507,I4210104442
A5059877507,I4210148201
A5011855564,I4210110116
A5074435622,I31746571
A5107377625,I4210124651
A5102787852,I28777354
A5102787852,I4210104442
A5102787852,I4210148201
A5111340704,I4210124651
A5022649488,I848706
A5062525719,I205274468
A5056447969,I4210123993
A5035740729,I4210116271
A5114995942,I4210123993
LOCAL_A000566,I4210138918
A5024527579,I1315456113
A5049003532,I24062138
A5070240653,I1315456113
A5065581277,I1315456113
A5014186775,I4210123993
A5009247971,I1315456113
A5041738711,I4210123993
A5083902869,I94518387
LOCAL_A000084,I177233841
A5076966340,I4210123993
A5036869152,I94518387
A5101499505,I94518387
LOCAL_A000567,I70349855
A5002305257,I70349855
A5067373966,I123565023
A5111281452,I4210157573
A5106596649,I123565023
A5106596649,I177233841
A5106596649,I4210123993
A5106596649,I63169043
A5077324612,I123565023
A5077324612,I177233841
A5077324612,I63169043
A5113339637,I123565023
A5113339637,I177233841
A5113339637,I63169043
A5090389160,I123565023
A5090389160,I177233841
A5090389160,I63169043
A5107867309,I4210138746
LOCAL_A000568,I64519617
A5016282504,I189643551
A5076130025,I189643551
A5036356696,I5023651
LOCAL_A000569,I2801894621
LOCAL_A000569,I3132161128
A5023492471,I4210134642
A5102650285,I177733328
A5072082220,I177233841
A5072082220,I4210119841
LOCAL_A000570,I177233841
LOCAL_A000570,I4210119841
A5029402778,I8692664
A5107942006,I114017466
A5107942006,I138564716
A5032091221,I79775147
A5077330100,I4576418
A5039189182,I114017466
A5049249147,I82495205
A5042002273,I91951123
A5109357060,I91807558
LOCAL_A000571,I4210155448
A5059312578,I3130697706
A5015962281,I47265099
A5074219943,I204778367
A5104346383,I4210134642
A5068838532,I177733328
A5113709518,I53012624
A5061293056,I177733328
A5106258038,I177733328
LOCAL_A000572,I177733328
A5101974200,I177733328
A5101974200,I4387155212
A5085948144,I4210123993
A5074567656,I102516824
A5074567656,I4210112165
A5020410686,I3129492623
A5004161082,I123565023
A5004161082,I49382586
A5028926914,I4210142044
A5028926914,I45756140
A5010612728,I4210142044
A5010612728,I45756140
LOCAL_A000573,I4210123993
A5119227694,I67868205
A5054095804,I46080048
A5082446801,I1307585291
A5041470006,I29891158
A5101732045,I4210123993
A5024748232,I139398662
A5059592113,I170726198
A5016621990,I170726198
A5102762185,I11880225
A5045306957,I82952536
A5103601073,I161010349
A5103601073,I47519274
A5100617659,I4210137722
A5100617659,I47519274
A5050404183,I4210137722
A5004952365,I4210142271
A5104246908,I4210123993
A5106361655,I4210109591
A5060773603,I4210109591
A5063548021,I133738476
A5055473116,I12450925
A5064606348,I179193067
A5089706471,I4210123993
A5091396479,I85461943
A5107928007,I101407740
A5004174989,I4210128752
A5046582092,I169333911
A5023492471,I109689652
A5027706324,I4210109623
A5112070802,I4210162071
A5013073221,I4210123993
A5110094777,I4210123993
A5021191541,I4210120128
A5056482864,I163161326
A5084021444,I201448701
A5084021444,I4210123993
A5082519416,I913481162
A5106234466,I913481162
A5052862902,I7876267
A5026652025,I130769515
A5026652025,I208333798
A5026652025,I47838141
A5042115750,I130769515
A5042115750,I145311948
A5042115750,I208333798
A5042115750,I47838141
A5068776863,I130769515
A5068776863,I145311948
A5068776863,I208333798
A5068776863,I4210123993
A5068776863,I47838141
A5061220760,I130769515
A5061220760,I145311948
A5061220760,I208333798
A5061220760,I47838141
A5022332552,I2802508454
A5103096805,I4210123799
A5112653162,I43518871
A5112653162,I4387154394
A5049701520,I78768145
A5045215148,I4210123993
A5047445885,I189158943
A5022579647,I189158943
A5090518122,I2803066834
A5037669071,I2803066834
A5058888535,I11935315
A5058888535,I19894307
A5058888535,I4210159287
A5015697944,I11935315
A5015697944,I19894307
A5015697944,I4210159287
A5037307550,I11935315
A5037307550,I19894307
A5037307550,I4210159287
A5085027248,I11935315
A5085027248,I19894307
A5085027248,I4210159287
A5030715845,I4210152550
A5030715845,I4210160947
A5111911511,I1289490764
A5111911511,I4210124306
A5015622316,I1315836254
A5021265784,I1289490764
A5021265784,I4210102376
A5021265784,I4210113904
A5045175158,I18960004
A5080892177,I4210160947
LOCAL_A000574,I4210123993
A5046308015,I4210144126
A5091724281,I4210144126
A5029499585,I2799342587
A5029499585,I4210123993
A5016763122,I2801778319
A5109230591,I2799342587
A5109230591,I4210123993
A5027845624,I4210130898
A5071261948,I105094715
A5111869788,I4210141241
A5002766078,I1294671590
A5058888535,I1294671590
A5069022584,I1294671590
A5052291165,I1294671590
A5015697944,I1294671590
A5062852134,I11935315
A5062852134,I1294671590
A5062852134,I19894307
A5062852134,I4210159287
A5085027248,I1294671590
A5047251015,I1294671590
A5088853821,I132735039
A5026429087,I84524832
A5112037077,I4210124323
A5029995327,I4210124323
A5031094477,I4210124323
A5056304373,I4210124323
A5013811641,I132735039
A5042425451,I170238339
A5036310727,I182526193
A5101961231,I161350542
A5104004303,I4387155935
A5104004303,I47265099
A5101761853,I4210123993
A5021556130,I11935315
A5021556130,I1294671590
A5021556130,I4210159287
A5001311957,I4210123993
A5000830586,I4210123993
A5082250333,I4210123993
A5002305257,I4210134642
A5103002149,I177733328
A5103002149,I4387155212
A5053119189,I4210123993
A5101705534,I4210106043
A5101705534,I4210123993
A5061860430,I4210123993
A5026074930,I4210123993
A5056368956,I4210123993
A5110577305,I123565023
A5039042106,I202539009
A5007693704,I99682543
A5049349769,I4210096063
A5065058297,I4387155935
A5065058297,I47265099
A5030190819,I2802508454
A5053664482,I202539009
A5059209425,I2802508454
A5059209425,I2802701112
A5061887361,I2802508454
A5102008169,I123565023
A5043763268,I123565023
A5075903963,I2802701112
A5047648157,I2802508454
A5047648157,I2802701112
A5036734449,I47807185
A5046868741,I2802508454
A5100770603,I181727666
A5112469672,I4210123993
A5067624332,I135237710
A5078519359,I126427551
A5023403556,I104941359
A5023403556,I139322472
A5023403556,I146367977
A5023403556,I91633459
A5035154661,I4210162190
A5057217204,I182000528
A5057217204,I192398990
A5057217204,I4400009028
A5057217204,I56306041
A5023756965,I4210099114
A5057749394,I11935315
A5057749394,I1294671590
A5057749394,I134635517
A5057749394,I3130588412
A5057749394,I4210159287
A5039672274,I11935315
A5039672274,I1294671590
A5039672274,I4210159287
A5002715032,I1294671590
A5105370959,I134635517
A5003674306,I134635517
A5028857740,I11935315
A5028857740,I1294671590
A5028857740,I4210159287
A5016425643,I202539009
A5016425643,I4210145579
A5053113069,I202539009
A5036684171,I170238339
A5036684171,I202539009
A5036684171,I4210145579
A5018943018,I202539009
A5100717750,I202539009
A5100717750,I4210099114
A5031189170,I913630986
A5066978200,I39555362
A5014062090,I43439940
A5028937831,I60488453
A5061828397,I4210123993
A5061828397,I60488453
A5030334886,I4210095101
A5070026123,I186771145
A5055267657,I102335020
A5055267657,I4210088711
A5048556948,I4403928193
A5113010213,I123565023
A5087658530,I182526193
A5032768223,I110357561
A5007252074,I110357561
A5010415543,I110357561
A5029896071,I5100685
A5041369109,I11947397
A5041369109,I4210091979
A5034194161,I4210158445
A5052932812,I189909677
A5062184716,I4210136724
A5056522373,I228151691
A5056522373,I883909435
A5072077918,I110357561
A5100752861,I4387154394
A5054805148,I202539009
A5045332874,I202539009
A5059510291,I158708052
A5059510291,I4210144126
A5059510291,I49382586
A5063440476,I4210144126
A5063440476,I49382586
A5041172470,I4210144126
A5041172470,I49382586
A5039756985,I158708052
A5039756985,I98301867
A5035112064,I104338594
A5080092209,I141445968
LOCAL_A000575,I175548057
A5077352345,I4210115326
A5036239936,I175548057
A5027651245,I175548057
A5024051545,I4210123993
A5059732519,I175548057
A5100450639,I197347611
A5031811244,I1320351128
A5101997513,I141445968
A5054226404,I4210144126
A5054226404,I4210148201
A5029973339,I141445968
LOCAL_A000576,I4210148201
A5010057346,I1341015664
A5010057346,I4210095101
A5029981257,I4210115718
A5002467172,I4210095101
A5029071674,I3130697706
A5071547141,I4210095101
A5054046541,I170238339
A5103258061,I170238339
A5078263828,I123565023
A5078263828,I23582244
A5042961006,I4210148201
A5107919436,I3020192730
A5027584112,I123565023
A5027584112,I47265099
A5069734411,I81433678
A5086428556,I81433678
A5019585102,I197465736
A5048412714,I177733328
A5034798042,I36721946
A5092349333,I142208455
A5113012247,I46080048
A5072567250,I46080048
A5059773332,I46080048
A5059034951,I127670440
A5056993916,I115475287
A5056993916,I4210147796
A5056993916,I61623833
A5013475006,I180437899
A5069165069,I163340411
A5069165069,I198645480
A5069165069,I99464096
A5108746448,I127670440
A5108746448,I5023651
A5018766595,I169572211
A5053378533,I127670440
A5042425451,I864159182
A5076717996,I19820366
A5076717996,I4210160793
A5076717996,I4210165038
A5000866983,I4210147796
A5000866983,I61623833
A5016154330,I141445968
A5002904166,I176601375
A5012612250,I109689652
A5067080251,I4210095101
A5072982996,I4210095101
A5089901216,I4210095101
A5101572022,I4210144275
A5102771088,I132359460
A5034663096,I189109744
A5113366228,I132359460
A5008258299,I132359460
A5101481517,I132359460
A5053333628,I132359460
A5052248524,I189109744
A5109484736,I120089902
A5037825941,I4210133406
A5079805985,I126231945
A5011655568,I4210123993
A5055267657,I124601658
A5066384363,I123565023
A5043160132,I3129492623
A5014333309,I70349855
A5021469380,I4391012539
A5023492471,I148366613
A5069800548,I4210124651
A5035910808,I91807558
A5040018532,I91807558
A5063159047,I4210123993
A5071517633,I86519309
A5056209905,I3020445194
A5056209905,I4210120471
A5100701432,I142208455
A5032941002,I120089902
A5049923319,I2801314757
A5049923319,I4210113384
A5049923319,I4210114783
A5049923319,I4210123993
A5068287338,I2801314757
A5068287338,I4210113384
A5068287338,I4210123993
A5055337948,I2801314757
A5055337948,I4210113384
A5055337948,I4210123993
A5011528405,I2801314757
A5011528405,I4210113384
A5011528405,I4210123993
A5085841822,I47265099
A5085841822,I3020192730
A5068398026,I3020192730
A5068398026,I79775147
A5061332152,I4210123993
A5080048400,I3020192730
A5004005170,I141445968
A5049089848,I126231945
A5027283721,I32597200
A5025977132,I4210159538
LOCAL_A000577,I4210096063
A5091500375,I193775966
A5091500375,I4210142395
A5110748521,I16733864
A5110748521,I84653119
A5088757599,I84653119
A5025451580,I3132999081
A5038617538,I57496824
A5084344101,I141445968
A5101942828,I199693650
A5042739922,I170238339
A5024813208,I4210095101
A5019098023,I3129492623
A5068433944,I4210101969
A5068433944,I4391012539
A5072884424,I3129492623
A5110917966,I4210095101
A5022231076,I170238339
A5077582388,I4210139642
A5035395012,I203172682
A5028500163,I28777354
A5035101973,I4210160086
A5009805440,I4210160086
A5007383712,I4210160086
A5104034403,I3129492623
A5088136225,I123565023
A5000043086,I4210088746
A5033494582,I4210123993
A5002130582,I4210123993
A5081206508,I4210123993
A5039142428,I4210116271
A5027385468,I99682543
A5023113797,I157358134
A5108782097,I181727666
A5042425451,I4210110116
A5053540902,I187531555
A5006375556,I176861719
A5001907851,I98962006
A5049558646,I122147150
A5006503198,I154851008
A5073170321,I82952536
A5021733333,I48076826
A5005345397,I48076826
A5062542939,I67388046
A5081105220,I215927
A5090037543,I130309236
A5090037543,I80693520
A5033199664,I48076826
A5028272884,I3124059619
A5108706799,I3124059619
A5009717125,I3124059619
A5101800295,I4210112595
A5058820007,I3124059619
A5036640407,I51622183
A5080858949,I87216513
A5058063287,I4210096063
A5059493647,I177733328
A5092439237,I6469544
A5087200966,I4210086811
A5045509692,I157358134
A5014308617,I170238339
A5045740847,I170238339
A5045740847,I4210123993
A5009533013,I88017793
A5009533013,I142608572
A5058710387,I4210165529
A5039382955,I106778892
A5015882055,I106778892
A5045513289,I82952536
A5050158948,I4210165529
A5078842316,I170238339
A5078842316,I4210091861
A5078842316,I85461943
A5015010937,I4210123993
A5061514881,I121980950
A5046987451,I121980950
A5041694698,I121980950
A5076135647,I121980950
A5058540098,I4210111036
A5058540098,I4210124651
A5008529454,I70349855
A5073095780,I70349855
A5101726934,I3130697706
A5101726934,I4388891809
A5033547388,I4210115718
A5033547388,I4387154951
A5024548193,I4210115718
A5024548193,I4387154951
A5061640316,I4210108666
A5061640316,I4210126287
LOCAL_A000578,I4210108666
LOCAL_A000578,I4210126287
LOCAL_A000579,I4210108666
LOCAL_A000579,I4210126287
LOCAL_A000580,I4210108666
LOCAL_A000580,I4210126287
LOCAL_A000580,I70349855
LOCAL_A000581,I70349855
A5044178581,I177233841
A5015273816,I177233841
A5015523916,I3124969661
A5066814201,I3124969661
A5016854536,I3124969661
A5033343758,I4210139160
A5085509570,I141445968
A5102955956,I4210123993
A5102955956,I44636411
A5080477516,I4210123993
A5013901116,I157358134
A5065438450,I157358134
A5065438450,I181727666
A5021889240,I157358134
A5021889240,I181727666
A5080275074,I181727666
A5005497446,I120089902
A5102004284,I4210123993
A5017599839,I165745306
A5103098636,I165745306
A5108048174,I165745306
A5002969262,I4387156274
A5100441311,I87445476
A5109464542,I202539009
A5101538445,I4210123993
A5101951708,I170238339
A5053403067,I4387155935
A5053403067,I47265099
A5057105630,I142974352
A5057105630,I192168892
A5018331389,I4210096815
A5018331389,I4388891891
A5018331389,I867280407
A5086096942,I162030827
A5097765031,I4210123993
A5015610209,I4210123993
A5040962133,I4210123993
A5064720446,I181727666
A5053901514,I4210123993
A5007222296,I4210124230
A5102826855,I4210124230
A5015756945,I4210124230
A5109514994,I4210124230
A5047998559,I139322472
A5087016803,I885383172
A5091523962,I139322472
A5003678121,I919958821
A5084718407,I3132999081
A5030291168,I28022161
A5024816582,I114395901
A5024816582,I3132999081
A5058096520,I16733864
A5001193118,I22265921
A5001193118,I4210115718
A5001193118,I4387154701
A5045408352,I4210123993
A5007523071,I4210123993
A5073290826,I78928947
A5088238351,I4210123993
A5091972389,I4210128965
A5091972389,I83332908
A5084293052,I83332908
A5032368950,I115715567
A5012741140,I123565023
A5012741140,I1341015664
A5012741140,I4210123993
A5039918314,I123565023
A5027768275,I1341015664
A5019250403,I123565023
A5019250403,I23582244
A5019250403,I4210123993
A5100701430,I28777354
A5100705624,I28777354
A5075983792,I109689652
A5004237375,I304664074
A5004237375,I6406202
A5049441779,I180664298
A5036994574,I180664298
A5073007383,I180664298
A5011347329,I304664074
A5101617017,I4210123993
LOCAL_A000582,I177233841
A5052946148,I113306721
A5060980928,I4210123993
A5076701661,I4210123993
A5101240606,I123565023
A5104201126,I123565023
A5104201126,I88761825
A5104201126,I89004649
A5001918418,I4210123993
A5047032205,I182997119
A5037620294,I182997119
A5102754824,I33585257
A5102754824,I4210092213
A5014433518,I4210123993
A5039424904,I162148367
A5039424904,I172787465
A5039424904,I85461943
A5058362925,I10457146
A5024930700,I48076826
A5018545038,I48076826
A5057972238,I48076826
A5024140904,I48076826
A5107908640,I48076826
A5070324389,I177233841
A5070324389,I4210146230
A5070324389,I94518387
A5049516895,I135388327
A5067607444,I4210099876
A5076877524,I8778637
A5026340579,I2799786571
A5080843178,I3130697706
A5023756965,I114395901
A5032063674,I109689652
A5032063674,I123565023
A5032063674,I23582244
A5010835990,I141445968
A5110951526,I130009713
A5110951526,I4210118384
LOCAL_A000583,I10180231
A5051081707,I97455420
A5007425238,I68649149
A5100748218,I68649149
A5075332753,I68649149
LOCAL_A000584,I109689652
A5102955956,I157358134
A5042835508,I157358134
A5032092538,I157358134
A5077488637,I157358134
A5077488637,I181727666
A5021889240,I4210123993
A5080275074,I44636411
A5102880338,I141445968
A5074260255,I887064364
A5103976840,I4210095101
A5100651745,I4210095101
A5015666823,I4210095101
A5040734845,I4210093468
A5011614425,I70349855
A5105298433,I165737746
A5056555278,I165737746
A5006308177,I153512688
A5072465650,I3020192730
A5111269850,I3020192730
A5027303758,I3020192730
A5016799901,I4210125847
LOCAL_A000585,I4210123993
A5025664353,I4210089898
A5024816987,I4210123993
A5006566365,I141445968
A5026663888,I4210095101
A5065031193,I4210104442
A5057317030,I3020192730
A5057317030,I39534123
A5077994859,I3020192730
A5041307201,I4210148201
LOCAL_A000586,I4210148201
A5097874829,I141445968
A5056041188,I3020192730
A5056058108,I3020192730
A5042648484,I3020192730
A5047733972,I3020192730
A5077351891,I4210123993
A5039967609,I3020192730
A5017922376,I3020192730
A5101189126,I203899302
A5113930059,I203899302
A5018903635,I142732210
A5008961078,I16076960
A5039058211,I4210123993
A5014271929,I203899302
A5074629462,I1327237609
A5074629462,I176808543
A5074629462,I4210166499
A5022008299,I1327237609
A5022008299,I176808543
A5100424203,I1327237609
A5100424203,I176808543
A5100390651,I176808543
A5075420892,I4210150479
A5100634247,I176808543
A5034421354,I155028946
A5102559764,I155028946
A5023756965,I157358134
A5093290377,I4210123993
A5072572935,I157358134
A5072572935,I202539009
A5071122568,I1290523313
A5071122568,I202539009
A5050043464,I1290523313
A5100701430,I158708052
A5100342577,I113940042
A5062199751,I928334797
A5078885223,I4210123993
A5020360390,I158708052
A5023492471,I91807558
A5054711582,I98358874
A5023894442,I98358874
A5077289428,I4210104335
A5077289428,I848706
A5100612055,I4210104335
A5100612055,I848706
A5071238214,I4210104335
A5071238214,I848706
A5005886146,I4210104335
A5005886146,I848706
A5071852839,I4210104335
A5071852839,I848706
A5104652264,I4210104335
A5104652264,I848706
A5100383157,I123900574
A5082221333,I4210104335
A5082221333,I848706
A5074064328,I4210104335
A5074064328,I848706
A5017284186,I4210104335
A5017284186,I848706
A5023227947,I848706
A5061856949,I4210104335
A5061856949,I848706
A5061856949,I3129492623
A5066821118,I4210123993
A5066821118,I4210131701
A5039052968,I848706
A5103066046,I848706
A5065568852,I4210104335
A5065568852,I848706
A5100328627,I4210104335
A5100328627,I848706
A5077232345,I4210104335
A5077232345,I848706
A5014860684,I4210131701
LOCAL_A000587,I4210086947
LOCAL_A000587,I99542240
A5096741207,I2802508454
A5016209496,I123565023
A5016209496,I172675005
A5016209496,I4210108017
A5016209496,I4210123993
A5016209496,I4210151045
A5056582727,I172675005
A5056582727,I4210108017
A5007280992,I123565023
A5089058918,I123565023
A5101441808,I123565023
A5101441808,I4210123993
A5101441808,I4210151045
A5081987033,I4210151045
A5107286799,I123565023
A5107286799,I4210123993
A5107286799,I4210151045
LOCAL_A000285,I123565023
LOCAL_A000285,I172675005
LOCAL_A000285,I4210108017
LOCAL_A000285,I4210151045
A5089584186,I123565023
A5089584186,I4210123993
A5089584186,I4210151045
A5025022818,I4210123993
A5036004952,I4210119759
A5089278605,I4210123993
A5050227832,I4210123993
A5110699531,I4210123993
A5019495317,I4210119759
A5030649192,I4210123993
A5002976413,I4210123993
A5020977498,I8264552
A5028577107,I205984670
A5017887478,I4210095603
A5017887478,I4400600977
A5091597013,I123565023
A5020785151,I123565023
A5020785151,I23582244
A5020785151,I3020192730
A5057600108,I4210116271
A5068398026,I123565023
A5068398026,I23582244
A5076945065,I123565023
A5076945065,I228151691
A5066642825,I4210123993
LOCAL_A000588,I4210123993
A5101768172,I158708052
A5014062090,I131651094
A5014062090,I921990950
A5087802698,I60488453
A5101775830,I32597200
A5101775830,I4210093659
A5024894161,I4210093659
A5017300335,I4210093659
A5052910132,I4210133467
A5045258763,I4210123993
A5109776893,I4210124230
A5019304743,I4210124230
A5014526200,I108714496
A5014526200,I63596082
A5092028947,I4210124230
A5063385963,I4210115718
A5000275860,I4210115718
A5059754168,I4210115718
A5087366501,I4210115718
A5087366501,I4401726905
A5092989807,I4210126287
A5010707914,I302256491
A5111200579,I302256491
A5029188808,I302256491
A5109718495,I302256491
A5075515533,I126406834
A5043664908,I2801312763
A5050585586,I149851306
A5050585586,I4210098675
A5000632223,I149851306
A5000632223,I4210098675
A5073331310,I126406834
A5073331310,I77443782
A5016122031,I151229976
A5104270940,I4210137731
A5110193080,I4210137731
A5031161877,I2800632838
A5008382937,I86346663
A5062189282,I4387930256
A5080334122,I173888879
A5030631827,I4210095101
A5092892831,I181727666
A5055097412,I2802304065
LOCAL_A000589,I181727666
A5081876084,I123338534
A5084339206,I2802304065
A5106932605,I181727666
A5000226189,I4210154685
A5000226189,I4387156139
A5063300125,I4210154685
A5063300125,I4387156139
A5006198476,I170238339
A5109789023,I4210115718
LOCAL_A000590,I4210115718
A5059455259,I177233841
A5110918074,I3129492623
LOCAL_A000591,I170238339
A5110600308,I4210122257
A5036720382,I4210122257
A5041778801,I4210095101
A5113862126,I4210144126
A5014200305,I4210144126
A5089526105,I4210123993
A5030402937,I4210122257
A5021434198,I4210104442
A5046789775,I4210104442
A5049791266,I141445968
A5027956814,I60837268
A5053295960,I181727666
A5034636962,I4210136301
A5100840424,I141445968
A5085306572,I121980950
A5080542795,I121980950
A5069627644,I121980950
A5065237636,I121980950
A5081533584,I202539009
A5102819254,I123565023
A5068268537,I202539009
A5000170087,I202539009
A5108769132,I202539009
A5111192946,I202539009
LOCAL_A000592,I4210123993
A5015381463,I202539009
A5046042230,I151229976
A5100366805,I848706
A5045269587,I4210123993
A5007880310,I139264467
A5007880310,I4210123907
A5068463807,I2802194831
A5068463807,I848706
A5084172156,I55240360
A5101344332,I4210123993
A5108592072,I4387155935
A5108592072,I47265099
A5028661130,I3020192730
LOCAL_A000594,I177733328
A5021654534,I131359167
A5060548857,I887064364
A5005871776,I4210123993
A5035085724,I141445968
A5116552325,I4210123993
LOCAL_A000595,I70349855
A5102959200,I70349855
A5102791402,I70349855
A5007062060,I70349855
A5101705942,I70349855
LOCAL_A000596,I70349855
A5101149346,I70349855
A5045073476,I70349855
A5008646614,I4210123993
A5006405976,I4210116271
A5069934465,I70349855
A5104136263,I4210095523
A5039060442,I4210123993
A5026941681,I4210123993
A5026380019,I70349855
A5006585321,I70349855
A5048355279,I70349855
A5057481424,I70349855
A5006515236,I4210104442
A5086283782,I23582244
A5086283782,I70349855
A5034192580,I23582244
A5101990554,I70349855
A5066740309,I4387154394
A5078122387,I4210123993
A5012907404,I4210123993
A5070885088,I4210111957
A5070885088,I4391012539
A5061478001,I4210111957
A5061478001,I4391012539
A5016399927,I3020192730
A5029071674,I5100685
A5076923993,I3129492623
A5076923993,I5100685
A5104034403,I5100685
A5037701642,I3129492623
A5032059076,I153904384
A5091570362,I98381234
A5034939841,I4210115718
A5034939841,I4387154951
A5008034575,I4210115718
A5008034575,I4387154951
A5038741719,I47164929
A5061693096,I47164929
A5072055957,I55952717
A5035059477,I70349855
A5026663888,I153904384
A5060870949,I177233841
A5046667713,I64519617
A5054841477,I91807558
A5092241114,I177233841
A5065225644,I70349855
A5021000959,I70349855
A5104340853,I848706
A5033554224,I70349855
A5108902976,I47807185
A5112361199,I4210123993
A5056304959,I126477371
A5060302514,I202539009
A5003259785,I194450716
A5101651242,I132210918
A5101437812,I194450716
A5100314779,I194450716
A5053354763,I100286613
A5067606131,I109689652
A5066953147,I4210148201
A5107125627,I4210148201
A5047541214,I196829312
A5114971328,I4387155935
A5114971328,I47265099
A5000515264,I8775707
A5002135635,I35928602
A5013795804,I4210095101
A5013795804,I4210134642
A5089924692,I123565023
A5089924692,I23582244
A5030882676,I123565023
A5030882676,I23582244
A5110290912,I123565023
A5110290912,I23582244
A5054072407,I4210108050
A5054072407,I4210120810
A5090868432,I4880106
A5030044183,I4880106
LOCAL_A000597,I4210123993
A5059104200,I4880106
A5102498822,I12450925
A5028391259,I4210116271
A5058766877,I47265099
LOCAL_A000598,I4210123993
A5044784332,I4210123993
A5102771088,I38260057
A5101739118,I4210101034
A5101739118,I74796645
A5103046358,I38260057
A5103046358,I132359460
A5053333628,I38260057
A5108293775,I189575948
A5108293775,I4387155039
A5016811667,I4210101034
A5016811667,I74796645
A5016410629,I38260057
A5100361027,I6469544
A5100361027,I80947539
A5092372479,I181727666
LOCAL_A000599,I4210123993
LOCAL_A000599,I4210131701
A5072778651,I109689652
A5101663227,I4210095603
A5101663227,I4400600977
A5042854558,I4210148201
LOCAL_A000600,I4210148201
A5110402647,I3020192730
A5047172220,I47265099
A5042417560,I52158045
A5071023394,I52158045
A5069951259,I52158045
A5000823484,I4210133311
A5004625284,I106778892
A5066638282,I91041137
A5007065483,I177877127
A5083661698,I141445968
A5092550508,I4210131701
A5090622402,I146416000
LOCAL_A000601,I196355604
LOCAL_A000601,I30849647
A5062256983,I102134673
A5108048174,I4210098205
A5033467314,I165745306
A5033467314,I4210098205
A5017599839,I4210098205
A5049025379,I4210112595
A5000949447,I165745306
A5000949447,I4210098205
A5101615863,I165745306
A5101615863,I4210098205
A5100629829,I165745306
A5100629829,I4210098205
A5088337340,I4210123993
A5083435065,I141445968
A5077326623,I181727666
A5009738758,I291386647
A5103017171,I291386647
A5101438067,I70349855
A5005115625,I70349855
A5086326009,I70349855
A5011611673,I70349855
A5061906200,I4210138918
A5004646516,I686019
A5090071206,I291386647
A5061509700,I8264552
A5044270780,I8264552
A5109622472,I70349855
A5112894832,I70349855
A5104142688,I70349855
A5102396654,I70349855
A5034971656,I4210093468
A5034971656,I70349855
A5065602862,I4210116271
A5068462237,I3020192730
A5018594029,I4210118944
A5006133207,I202539009
A5006133207,I70349855
A5035821509,I202539009
A5047516371,I142208455
A5101412722,I141445968
A5101648170,I228151691
A5010818401,I12450925
A5000994184,I12450925
A5034704196,I131359167
A5054990885,I4210123993
A5044748414,I165737746
A5037328649,I177733328
A5031161877,I2800979047
LOCAL_A000602,I2800979047
LOCAL_A000602,I4210123993
A5104881614,I2800979047
A5104881614,I4210123993
A5094282888,I2800979047
A5089071501,I4210118607
A5049716230,I142974352
A5046738686,I1293718874
A5046738686,I4210118607
A5101108089,I142974352
A5101108089,I4210118607
A5101108089,I4210136334
A5101108089,I56019348
A5018885199,I4210118607
A5006218473,I91807558
A5070837537,I4210118607
A5027646035,I867280407
A5073109221,I867280407
A5051486060,I142974352
A5051486060,I4210118607
A5007792819,I4210118607
A5113393298,I16733864
A5113393298,I192168892
A5111334653,I16733864
A5111334653,I192168892
A5070384492,I4210111884
A5070384492,I4387930225
A5070384492,I47519274
A5048785235,I47519274
A5088917647,I4210162377
A5088917647,I47519274
A5089700327,I4210145660
A5089700327,I58716616
A5089700327,I88761825
A5109654630,I182526193
A5011206551,I109689652
LOCAL_A000603,I126231945
A5025542439,I199856841
A5082000443,I177733328
A5079553187,I177733328
A5117389294,I4210134642
A5104179689,I177733328
A5104179689,I4387155212
A5011324375,I4210090971
A5067485345,I132735039
A5073646553,I132735039
A5073646553,I205984670
A5073646553,I4210142209
A5056223358,I155028946
A5054630782,I2802238791
A5008687474,I155028946
LOCAL_A000604,I155028946
A5021153739,I155028946
A5023075536,I155028946
A5022638034,I155028946
A5045562391,I155028946
A5077256081,I1289490764
A5077256081,I1334095494
A5077256081,I4210096256
A5077256081,I4210124306
A5071719715,I1289490764
A5071719715,I1334095494
A5071719715,I4210096256
A5071719715,I4210123993
A5071719715,I4210124306
A5071719715,I4210150894
A5071719715,I899146839
A5110325729,I1289490764
A5110325729,I1334095494
A5110325729,I4210096256
A5110325729,I4210123993
A5110325729,I4210124306
A5110325729,I4210150894
A5110325729,I899146839
A5059108095,I4210118335
A5047790977,I4210118335
A5064103828,I4210118335
A5102896013,I4210118335
A5088692992,I160013858
A5048556948,I160013858
A5033921756,I160013858
A5053086929,I160013858
A5056525180,I4400600977
A5064908437,I109689652
A5093305250,I151221077
A5034764343,I141445968
A5104723824,I4210123993
A5044423283,I177233841
A5044423283,I67868205
A5024205395,I177233841
A5024205395,I67868205
A5023727753,I4210157573
A5052612735,I4210123993
A5114245107,I4210123993
A5113430687,I4210123993
A5066154677,I123565023
A5101292188,I119806805
A5092859826,I135598925
A5077593563,I141445968
A5077593563,I4210148201
A5054287799,I141445968
A5054287799,I4210148201
A5004341522,I4210148201
A5053998535,I185523456
A5008120161,I4210123993
A5008120161,I8775707
A5101399124,I8775707
A5101399124,I4210148201
A5109716671,I4210142044
A5109145665,I4210142044
A5043481464,I4210142044
A5043481464,I70349855
A5045964701,I3129492623
A5025937752,I3129492623
A5034514715,I3129754710
A5101984598,I39534123
A5074304527,I39534123
A5045478080,I39534123
A5089706471,I123565023
A5029895401,I141445968
A5016925074,I141445968
A5101880043,I141445968
A5044574268,I141445968
A5073095832,I141445968
A5101906855,I148751991
A5093464640,I4210123993
A5101950922,I4210095101
A5108320384,I4210095101
A5049752209,I4210095101
A5074595772,I4210095101
A5007967745,I4210095101
A5065361608,I4210123993
A5028918749,I3129492623
A5005258745,I4210123993
A5113115341,I4210123993
A5065648868,I152743029
A5065648868,I2802587341
A5103273709,I152743029
A5103273709,I2802587341
A5102621665,I24943067
A5102621665,I4210159575
A5100520720,I1343052199
A5067640205,I4210088961
A5036415036,I90767664
A5024850056,I49382586
A5116303657,I4210123993
A5057408423,I181727666
A5019820840,I29894533
LOCAL_A000605,I131359167
A5111309295,I131359167
A5088418938,I131359167
A5076489521,I111277659
A5064915286,I111277659
A5013795804,I4210101969
LOCAL_A000606,I123565023
A5110569154,I123565023
A5113037102,I123565023
LOCAL_A000607,I123565023
LOCAL_A000608,I4389425394
A5004189991,I4389425394
A5041058125,I82497590
A5031337674,I177136067
A5101569965,I177233841
A5101569965,I4210137425
A5101569965,I67868205
A5038559143,I177233841
A5038559143,I70349855
A5031764988,I4210137425
A5031764988,I67868205
A5031764988,I70349855
A5111252189,I177233841
A5111252189,I4210137425
A5111252189,I67868205
A5031597959,I135822937
A5031597959,I177233841
A5044423283,I135822937
A5044423283,I4210137425
A5062616301,I177233841
A5062616301,I4210123993
LOCAL_A000609,I70349855
LOCAL_A000609,I99464096
A5101654962,I70349855
A5073151775,I4210133587
LOCAL_A000610,I4210137425
LOCAL_A000610,I67868205
A5071977845,I4210095101
A5100596949,I177733328
A5002160190,I177733328
A5015253252,I177733328
A5058034466,I177733328
A5100612147,I177733328
A5084329073,I4210139842
A5074751857,I173911158
A5042434513,I52357470
A5114545008,I75256744
A5114767761,I4210138746
A5115713811,I4210123993
A5115713811,I4210162955
A5101886347,I4210123993
A5101886347,I4210162955
A5086061422,I4210095101
A5091726191,I4210095101
A5116337066,I4210095101
A5036306881,I111277659
A5101480212,I111277659
A5014324941,I4210123993
A5045047983,I4210116271
A5069990651,I70349855
A5104423471,I4210116271
A5055658324,I3020192730
A5117094630,I79775147
A5036481436,I4210116271
LOCAL_A000611,I4210123993
A5067247554,I4210123993
A5026299963,I23582244
A5026299963,I47265099
A5109594464,I181547552
A5109594464,I188815454
A5109594464,I205133468
A5073087031,I123565023
A5073087031,I23582244
LOCAL_A000612,I123565023
LOCAL_A000612,I23582244
A5050946182,I123565023
A5050946182,I23582244
A5088223152,I123565023
A5088223152,I23582244
A5023853430,I123565023
A5023853430,I23582244
A5078092289,I123565023
A5078092289,I23582244
A5118272990,I4210123993
A5012583826,I125989756
A5054597879,I113330528
A5054597879,I95023434
A5088950452,I125989756
A5090435705,I4210123993
A5063639499,I123565023
A5063639499,I4210104442
A5063639499,I4210154685
A5063639499,I47807185
A5091955267,I4210104442
A5091955267,I4210154685
A5091955267,I47807185
A5101410064,I3020192730
A5101410064,I61893789
A5047902084,I176601375
A5049779869,I4210141639
A5049779869,I62318514
LOCAL_A000613,I4210123993
A5089869571,I4210123993
A5111002528,I3020192730
A5063263505,I82951845
LOCAL_A000614,I80611190
A5103269673,I181727666
A5103269673,I4387153637
A5103220984,I4210096295
A5008475914,I4210096295
A5109724952,I4210123993
A5102749218,I141445968
A5089855087,I2801398864
A5056175362,I202539009
A5083529055,I202539009
A5101888078,I202539009
A5037995503,I35928602
A5100390259,I35928602
A5114202395,I177733328
A5113318434,I177733328
A5016501138,I3129492623
A5103213810,I99041443
A5055106821,I4210090782
A5109301306,I184693016
A5024110740,I4210113809
A5042211118,I84653119
A5005018946,I184693016
A5108152504,I184693016
A5060471872,I84653119
A5070384492,I84653119
A5071723663,I184693016
A5071723663,I4210126829
A5064008395,I2802166871
A5062003821,I4210138643
A5102744968,I4210138643
A5111093469,I4210139842
A5111093469,I70349855
A5026219446,I198596950
A5026219446,I4210095567
A5026219446,I4210138643
A5109802312,I141445968
A5075075490,I173664879
A5036233313,I4061448
A5023909031,I8961855
A5007628074,I8961855
A5074963113,I121595252
A5074963113,I1332107658
A5030164268,I8961855
A5058809619,I147482076
A5034877777,I123565023
A5034877777,I181727666
A5034877777,I4387155442
A5019505457,I28777354
A5028355700,I4210156903
A5028355700,I59499333
A5110152999,I28022161
A5106172262,I33849332
A5106172262,I4210116886
A5066757856,I2800727921
A5066757856,I37445192
A5111820289,I33849332
LOCAL_A000615,I876193797
A5070418811,I12649496
A5058096520,I4210123993
A5072119812,I16733864
A5046597225,I8775707
A5045408352,I45935490
A5036520383,I4210116271
A5073961077,I79775147
A5073182215,I3020192730
A5117424208,I4210123993
A5082293385,I170238339
A5079476476,I4210134642
A5018664401,I4387155935
A5018664401,I47265099
A5101994945,I73685970
A5052038865,I73685970
A5118587893,I120089902
A5101980585,I4210148201
LOCAL_A000616,I4210095101
LOCAL_A000616,I4210141768
LOCAL_A000617,I170238339
A5074050779,I118347636
A5006178080,I28777354
LOCAL_A000618,I141445968
A5128142112,I170238339
A5058088271,I4210142044
A5088561246,I65079550
LOCAL_A000619,I4210123993
A5036649104,I4210117845
A5005768372,I4210123993
A5003970144,I4210123993
A5076385003,I240042149
A5108850616,I123565023
A5108850616,I23582244
A5084838089,I136761661
A5003130042,I136761661
A5111162167,I141445968
A5100578712,I141445968
A5102660498,I4210123993
A5072945695,I157696592
A5062663112,I169199633
A5085001179,I123565023
LOCAL_A000620,I123565023
LOCAL_A000621,I205490536
A5086635649,I4210131701
LOCAL_A000622,I109689652
A5117613150,I109689652
A5103852709,I170238339
A5086812774,I3020192730
A5089096517,I10660446
A5062653189,I10660446
A5040248665,I28777354
A5100394494,I67900169
LOCAL_A000623,I177233841
LOCAL_A000624,I177733328
A5101972755,I142904861
A5109960742,I4210118607
A5109960742,I91279580
A5102233003,I1293718874
A5011810216,I142974352
A5011810216,I152743029
A5011810216,I4210118607
A5011810216,I68171755
A5014260545,I4210104362
A5014260545,I91279580
A5025852195,I120211734
A5101819600,I47519274
A5024782599,I4210143793
A5055094158,I4210118607
A5055094158,I68171755
A5034407820,I2802753785
A5034407820,I4210127074
A5034407820,I4210142271
A5034407820,I4210158385
A5034407820,I47519274
A5120569387,I177733328
A5123185333,I4210134642
A5037139048,I91951123
A5123227832,I170238339
A5123209213,I177733328
A5123186240,I91951123
A5017305518,I4210123993
A5112268129,I135822937
A5035305639,I135822937
A5104309497,I135822937
A5053412741,I135822937
A5066684419,I177733328
A5017259848,I913630986
A5101053857,I177733328
A5031890617,I2801520950
A5031890617,I36234482
A5017621747,I7882870
A5089557187,I133836048
A5089557187,I4210090442
A5115399159,I4210152766
LOCAL_A000625,I4210090508
A5077185547,I2800191209
A5016561586,I17606148
A5115399160,I4210088630
A5010653031,I70931966
A5028284310,I4210086830
A5038218244,I4210117242
A5038218244,I4210119974
A5004839227,I32597200
A5004839227,I4210145253
A5085179438,I4210099919
A5115399157,I4210125303
A5115399158,I2802007660
A5045689082,I4210104730
A5045689082,I4210123993
A5080083095,I100930933
A5101783382,I2799506148
A5009230144,I133960621
A5010760857,I4210139188
A5019703024,I4210131435
A5068485938,I150540706
A5071127149,I118564535
A5071127149,I130692619
A5021149547,I185658715
A5021149547,I4210101951
A5075390580,I9360294
A5055437349,I109689652
A5086210076,I109689652
A5101529135,I4210123993
A5116397599,I202539009
A5078668326,I3132567084
A5078668326,I4210107769
LOCAL_A000626,I4210138746
A5065578580,I2801894621
LOCAL_A000627,I4210138746
A5106977164,I4210123993
A5086553552,I47265099
A5116540100,I47265099
A5045777504,I47265099
A5049089848,I130438778
A5113377787,I202539009
A5101695585,I3020192730
A5101695585,I4210110116
A5101695585,I4210123993
A5101695585,I4210131701
A5101695585,I4210138427
A5026404081,I2800023466
A5026404081,I3020192730
A5026404081,I4210110116
A5026404081,I4210123993
A5026404081,I4210138427
A5026404081,I4210148201
A5058605077,I2800023466
A5058605077,I4210123993
A5058605077,I4210131701
A5058605077,I4210138427
A5110131349,I2800023466
A5110131349,I4210123993
A5110131349,I4210148201
A5039052968,I3020192730
A5039052968,I4210110116
A5039052968,I4210138427
A5102013370,I2800023466
A5082307315,I3020192730
A5082307315,I4210110116
A5082307315,I4210123993
A5082307315,I4210138427
A5045541958,I4210121466
A5023462796,I3129984471
A5023462796,I85461943
A5053364755,I85461943
A5085127149,I134359838
A5085127149,I4391767729
A5084819749,I158708052
A5049116546,I4210091339
A5069345368,I913630986
A5003396849,I4210136724
A5045162218,I4210091339
A5089524326,I876193797
A5108029911,I876193797
A5062580557,I876193797
A5063754238,I135822937
A5066830587,I4210115718
A5066830587,I4405263268
A5076303094,I118373667
A5015461915,I142401562
A5042031508,I56590836
A5070562283,I131359167
A5100777968,I45756140
A5027981134,I4210095603
A5017773373,I4210138427
A5113811229,I4210095101
A5113811229,I5100685
A5071977845,I5100685
A5000637794,I4210138427
A5028753652,I130291710
A5028753652,I132359460
A5113366228,I130291710
A5008596384,I130291710
A5008596384,I4210123993
A5086434450,I275778967
A5079670135,I132359460
A5079670135,I275778967
A5016410629,I130291710
A5047027947,I177733328
A5112855604,I177733328
A5067025192,I4210123993
LOCAL_A000629,I141445968
LOCAL_A000630,I4210123993
LOCAL_A000631,I4210123993
LOCAL_A000632,I4210123993
A5123198465,I4210123993
A5112751609,I123565023
A5112751609,I23582244
A5123217918,I123565023
A5123217918,I23582244
A5123199436,I4210123993
A5092525310,I123565023
A5092525310,I23582244
A5124037743,I4210123993
A5040269249,I25846049
A5055712772,I25846049
A5123991349,I25846049
A5079788081,I25846049
A5123902480,I121750182
A5123993505,I4210133503
A5123940368,I79775147
A5123952632,I3020192730
A5007251700,I4210139842
A5123961539,I4210139842
A5123919836,I4210133503
A5027988721,I4210116271
A5018802115,I3020192730
A5124048792,I4387155935
A5124048792,I47265099
A5039829241,I141445968
A5130391613,I2802508454
A5130341667,I141445968
A5130363023,I141445968
A5087019672,I4210136062
A5087019672,I919571938
A5101308540,I141445968
A5101308540,I4210123993
A5130362156,I57664883
A5026865222,I141445968
A5026865222,I4210123993
A5128730894,I2802508454
A5099594564,I4210126287
A5099594565,I43895496
A5107575422,I2802508454
A5107575422,I4210104442
A5107575422,I4210148201
A5107575423,I4210123993
A5056827171,I118373667
A5069928094,I118373667
LOCAL_A000633,I141445968
LOCAL_A000634,I141445968
LOCAL_A000635,I141445968
A5068122335,I141445968
A5048092944,I4210123993
LOCAL_A000637,I4210123993
A5112631868,I291386647
A5017672291,I291386647
A5117527759,I291386647
LOCAL_A000638,I70349855
A5045070026,I70349855
A5020344273,I4210137425
A5119547354,I141445968
LOCAL_A000639,I4880106
A5110835806,I4210122257
A5012841844,I4210123993
A5085762348,I4210123993
LOCAL_A000641,I4210123993
A5059082065,I23582244
A5059082065,I3020192730
A5109863810,I3020192730
A5100771609,I23582244
A5100771609,I3020192730
A5120107431,I4210134642
A5101381093,I4210124651
A5123935196,I2801894621
A5123935196,I3132161128
A5123935196,I4210132950
A5123935196,I4210138746
A5123995324,I2801894621
A5123995324,I3132161128
A5123995324,I4210132950
A5123995324,I4210138746
A5123939718,I4210123993
A5025004943,I47265099
A5133483751,I4210134642
A5133515580,I177733328
A5133529032,I170238339
A5129679066,I4210131701
A5111866792,I4210122016
A5084547760,I913481162
A5071619309,I913481162
A5072224443,I4210123993
A5050886317,I4210152550
A5108077585,I1287643137
A5004868082,I4210143324
A5019008914,I4210143324
A5052092290,I107672454
A5052092290,I36258959
A5052092290,I4210099595
A5052092290,I4210105147
A5052092290,I4210158294
A5075519026,I107672454
A5075519026,I36258959
A5075519026,I4210099595
A5075519026,I4210105147
A5075519026,I4210123993
A5075519026,I4210158294
A5033221741,I107672454
A5033221741,I36258959
A5033221741,I4210099595
A5033221741,I4210105147
A5033221741,I4210123993
A5033221741,I4210158294
A5059457085,I141445968
A5058292518,I203189479
A5076315053,I4210141097
A5020643866,I4210141097
A5049067140,I2802508454
A5009585629,I2802508454
A5037668109,I4210123993
A5101103076,I193775966
A5101103076,I4400600942
A5011289611,I193775966
A5011289611,I4400600942
A5035968290,I193775966
A5035968290,I4400600942
A5061376260,I4210123993
A5061376260,I4210141097
A5072476761,I4210123993
A5038671220,I4210123993
A5083662095,I4210123993
A5027239578,I4210104442
A5040778010,I154381313
A5090824386,I179193067
LOCAL_A000644,I123565023
A5101472479,I154864474
A5090734900,I3020192730
A5109960792,I208356959
A5061719042,I141445968
A5023192051,I70349855
A5005045485,I4210098226
LOCAL_A000645,I4210098226
LOCAL_A000645,I70349855
A5043955830,I4210163248
A5089656800,I67868205
A5059979748,I202539009
A5073906374,I3129492623
A5052167850,I154864474
A5022825726,I16733864
A5055525972,I154864474
A5055940614,I4210123993
A5086169122,I4210123993
A5010221839,I4210111899
A5010221839,I4210123993
A5010221839,I4210140343
A5110345358,I4210111899
A5110345358,I4210123993
A5009716584,I4210111899
A5009716584,I4210123993
A5063655240,I4210111899
A5063655240,I4210123993
A5088868434,I4210111899
A5088868434,I4210123993
A5045898489,I4210111899
A5045898489,I4210123993
A5009228968,I4210148201
LOCAL_A000646,I4210123993
A5044452244,I41156924
A5042265263,I4210121772
A5004176765,I4210121772
A5029518373,I21203515
A5029518373,I4210088526
A5027574307,I192513696
A5006223967,I192513696
A5081442162,I143923087
A5044564966,I3129553732
A5035275556,I181085462
A5091410883,I192513696
A5018119494,I4210123993
A5100757726,I4210100953
A5000259040,I143578492
A5004271260,I4575257
A5100670952,I4210123993
A5100438985,I4575257
A5044829491,I85922643
A5008780017,I143578492
A5113067823,I123565023
A5113067823,I23582244
A5030881692,I4210123993
A5079032924,I123565023
A5079032924,I23582244
A5072952199,I123565023
A5072952199,I23582244
A5072952199,I3020192730
A5053982776,I123565023
A5053982776,I23582244
A5053982776,I3020192730
A5027129342,I4210123993
A5089409625,I64519617
A5089409625,I94518387
A5038357686,I94518387
A5103712019,I64519617
A5103712019,I94518387
A5097638246,I64519617
A5097638246,I94518387
LOCAL_A000647,I64519617
LOCAL_A000647,I94518387
A5058972343,I114112103
A5071644998,I114112103
A5033733596,I56081889
A5003546699,I4387154758
A5008976102,I186771145
A5067890490,I141445968
A5062801799,I60342839
A5071311283,I114756412
A5003092345,I45756140
A5006188990,I4387154394
A5024981821,I4387154394
A5068826746,I4387154394
A5015110890,I4210123993
LOCAL_A000648,I3020192730
A5021286794,I3020192730
A5061293056,I4210123993
A5076030417,I70349855
LOCAL_A000649,I70349855
A5069934157,I70349855
LOCAL_A000650,I70349855
LOCAL_A000651,I70349855
A5064720446,I3129629310
A5001226600,I4210154711
A5087172256,I4210123993
A5040168155,I4210134642
A5040168155,I4388891809
A5021331415,I4210136099
A5100637269,I4210095101
A5071493756,I32881790
A5057884284,I142208455
A5057884284,I149461666
A5101205557,I4210116271
A5079727585,I4210116271
A5079727585,I2802508454
A5032455988,I4210088961
A5107190682,I133960621
A5107190682,I260719752
A5102794571,I4210136099
LOCAL_A000652,I170238339
LOCAL_A000652,I3129492623
LOCAL_A000652,I3130697706
LOCAL_A000652,I4210123993
LOCAL_A000652,I4210131701
A5000637794,I170238339
A5021501825,I3129492623
A5021501825,I3130697706
A5104125128,I4210123993
A5013517307,I4210141426
A5044546353,I167694869
A5092080605,I182526193
A5068470300,I185523456
A5002781179,I112536369
A5021771514,I1333651918
A5021771514,I4387154453
A5085765783,I202539009
A5046696824,I4210096063
A5031349506,I4210123993
A5030522798,I4210123993
A5050268148,I4210123993
A5075078838,I4210123993
LOCAL_A000653,I4210096063
A5053883070,I1317621060
LOCAL_A000654,I4210123993
A5058794010,I12079687
A5004667230,I129604602
A5112875977,I123565023
A5053086929,I30771326
A5053086929,I4210088668
A5053086929,I4210135780
A5035224025,I145286018
A5047547190,I3129492623
A5062984662,I1341015664
A5110590514,I177733328
A5017339857,I4401200382
A5055323888,I4210159645
A5023875296,I152815399
A5013777042,I152815399
A5086990384,I152815399
A5057929288,I152815399
A5023052681,I152815399
A5088433291,I152815399
A5001031417,I4210123993
A5039113161,I109689652
A5028849339,I109689652
A5102747977,I163753206
A5100403280,I163753206
A5102530480,I187855631
A5102428787,I47807185
A5081765985,I123565023
A5081765985,I4387155442
A5081765985,I3130313246
A5108864193,I4210123993
A5112492572,I123565023
A5113822792,I202539009
LOCAL_A000655,I142208455
LOCAL_A000655,I4210123993
LOCAL_A000657,I141445968
A5101205557,I170238339
A5091841688,I170238339
A5091841688,I2802508454
A5091841688,I4210104442
LOCAL_A000658,I170238339
LOCAL_A000658,I2802508454
LOCAL_A000658,I4210104442
A5104035119,I4210123993
A5112326314,I125861091
A5029157921,I4210144126
A5053295960,I3129629310
A5080870118,I228151691
A5101966547,I123565023
A5101966547,I228151691
A5101640847,I123565023
A5101640847,I228151691
A5101640847,I4210123993
A5001785029,I4210123993
A5000817178,I4210123993
A5042362477,I4210123993
A5067395177,I4210116271
A5060527763,I101407740
A5078120613,I78037679
A5081530810,I59272784
A5031113286,I75092371
A5104084220,I464993
A5104084220,I3130958653
A5101736122,I177733328
A5109467550,I4210157573
A5110964815,I123565023
A5110964815,I23582244
A5057673381,I123565023
A5057673381,I23582244
A5010793698,I4210148201
A5086553552,I4387155935
A5077509813,I182526193
A5111112361,I182526193
A5092080606,I182526193
A5042786686,I179193067
A5111021016,I4210101969
A5111021016,I4391012539
A5069929256,I170238339
A5113942299,I4210137358
A5011654520,I4210111957
A5011654520,I4391012539
A5020507166,I4210123993
A5020507166,I4210137358
LOCAL_A000659,I4210137358
A5070026123,I70593384
A5078584137,I107640659
A5023913918,I4210123993
A5112652952,I107640659
A5035395012,I8078737
A5008930531,I28710699
A5056302319,I141445968
A5083127097,I141445968
A5000531779,I4210123993
A5012120874,I123565023
LOCAL_A000660,I4210123993
LOCAL_A000661,I208356959
A5043416024,I4210123993
A5026263106,I197610006
A5026263106,I904495901
A5068882573,I106969075
LOCAL_A000662,I202539009
LOCAL_A000663,I141445968
LOCAL_A000664,I109689652
A5102933878,I4210086020
A5030423329,I123565023
A5030423329,I202539009
A5030423329,I23582244
A5022564032,I4210160086
A5081945254,I4210123993
A5103955201,I187855631
A5103138840,I4210100829
A5100352958,I84884186
A5064437476,I123565023
A5064437476,I23582244
A5113989777,I130828816
A5073172349,I123565023
A5083960512,I862893732
A5048472994,I182000528
A5048472994,I4210165529
A5048472994,I931278978
A5102015735,I4210088963
A5102015735,I4210165529
A5102015735,I931278978
A5004913719,I51569856
A5103249297,I4210090457
A5032504273,I103031861
A5029671794,I193073490
A5077893525,I3130997290
LOCAL_A000665,I4210123993
A5012852285,I177233841
A5018775716,I4387155296
A5085634489,I177233841
A5089855087,I141445968
A5052254001,I4210123993
A5062560716,I123565023
A5062560716,I138622004
A5062560716,I181727666
A5062560716,I3129629310
A5073069376,I51158804
A5074180869,I4210096063
A5011741622,I4210123993
A5006970624,I121980950
LOCAL_A000666,I94658018
LOCAL_A000667,I4210123993
LOCAL_A000668,I4210123993
LOCAL_A000669,I4210123993
A5056865763,I121980950
A5084471393,I121980950
A5054780283,I4210123993
A5005258254,I4210123993
A5045408352,I2613432
A5099120825,I165737746
A5049922872,I3129629310
A5076831357,I123565023
A5076831357,I23582244
A5014767912,I170238339
A5058905920,I4210123993
A5100354734,I12912129
A5100354734,I137902535
A5109419815,I1332353952
LOCAL_A000670,I4210123993
A5015134079,I123044942
A5015134079,I197518295
A5026384627,I8977528
A5104601006,I31079310
A5114377555,I5936373
A5071482191,I170726198
A5071482191,I74788687
A5008682765,I159247623
A5008682765,I35928602
A5084793653,I159247623
A5010689925,I159247623
A5108140676,I35928602
A5009690733,I35928602
A5090037972,I67337280
A5034944739,I35928602
A5012179893,I155781252
A5012179893,I179193067
A5012179893,I182526193
A5012179893,I205640436
A5012179893,I4210123993
A5012179893,I4210153885
A5012179893,I63098007
A5012179893,I848706
A5114110828,I49382586
A5093538491,I49382586
A5031633765,I177733328
A5070368948,I4210123993
A5094279601,I4210088963
A5043555012,I158708052
A5084438384,I4210122689
A5067918460,I170238339
A5079358556,I22299242
A5079358556,I4210123755
A5060646961,I4210123755
A5077108852,I4210123755
A5067463039,I4210154298
A5056465948,I4210123993
A5087397357,I4210154298
A5081322932,I47265099
A5039137182,I123565023
A5039137182,I4210123993
A5081382082,I4210123993
A5103065067,I4210101969
A5001939335,I12450925
A5064606348,I143578492
A5046024857,I4210123993
A5033054759,I117965899
A5044784332,I117965899
A5102116435,I117965899
A5011618630,I36258959
A5012907646,I4210123993
A5090616142,I181727666
LOCAL_A000316,I4210123993
A5015069505,I202539009
LOCAL_A000672,I4210123993
LOCAL_A000672,I79775147
A5092655067,I4210163248
A5057116918,I4210163248
A5057116918,I67868205
A5060143737,I4210163248
A5060143737,I67868205
A5088783066,I4387155935
A5088783066,I47265099
A5047923619,I121799043
A5038733482,I202539009
LOCAL_A000673,I4210123993
A5042408344,I4880106
A5059639534,I4880106
A5080706652,I4210123993
A5101289672,I4210123993
A5108892405,I4210123993
A5101289673,I4210123993
A5074775195,I257903683
A5005897892,I4210123993
A5116174048,I177733328
A5116174048,I4387155212
A5116174049,I4210123993
A5005695272,I4210123993
A5048245818,I4210123993
A5069865145,I4210123993
A5027349486,I4210123993
A5022972729,I4210123993
A5009152095,I4210123993
A5067638085,I4210123993
A5003854144,I4210123993
A5023142347,I152815399
A5071517633,I3141906898
A5007637679,I4210123993
A5113845275,I186771145
A5072079980,I32625721
A5072079980,I4210123993
A5090133883,I4210123993
A5051935392,I721619
A5015967624,I721619
A5102896814,I177733328
A5014564005,I177733328
A5014564005,I4210100829
A5049478123,I177733328
A5044053378,I4210123993
A5014156347,I177733328
A5014156347,I4210100829
A5104119779,I177733328
A5049578807,I188815454
A5103064996,I2801941164
A5022369934,I2801941164
A5019463062,I2801941164
A5021858410,I2801941164
A5081961625,I2801941164
A5064804073,I4387152983
A5064804073,I69740276
A5114549543,I188815454
A5050610976,I4387155935
A5050610976,I47265099
A5003254637,I4210096063
A5028627559,I165737746
A5028627559,I3129215250
A5028627559,I3131387778
A5028627559,I4210119805
A5028627559,I4210147329
A5069149378,I4210123993
A5010667167,I3129215250
A5010667167,I3131387778
A5010667167,I4210119805
A5010667167,I4210147329
A5029945067,I165737746
A5029945067,I4210123993
A5104158761,I123565023
A5104158761,I47265099
A5101235995,I38538140
A5101235995,I43518871
A5101235995,I4387154394
A5102547308,I38538140
A5104158762,I4210123993
A5100613698,I38538140
A5100613698,I43518871
A5100613698,I4387154394
LOCAL_A000674,I123565023
LOCAL_A000674,I47265099
A5083124889,I162838928
A5083124889,I25846049
A5093276916,I4210115718
A5030451807,I3129629310
A5000269339,I4391012539
A5107881229,I4210123993
A5041295651,I4210123993
A5101402518,I3020192730
A5012575818,I79775147
A5062041023,I921716337
A5043677244,I4210162190
A5100393094,I921716337
LOCAL_A000675,I4210123755
A5110798012,I4210123755
A5102734020,I4210123755
A5085607636,I4210123755
A5109730740,I4210123755
A5029148446,I4210146893
A5113245593,I4210123755
A5040052703,I155028946
A5069007853,I82904351
A5052374056,I4210126287
A5076947041,I29199639
A5051157727,I4210154111
A5085028163,I29199639
A5111288522,I4210124651
A5005952694,I181727666
A5005952694,I4210123993
LOCAL_A000529,I181727666
A5106610329,I4210123993
A5104197221,I4210123993
A5101790883,I4387154394
A5015918478,I4387154394
A5113344629,I4210123993
A5000167478,I123565023
A5000167478,I181727666
A5094057503,I208356959
A5111354010,I4210123993
A5075214747,I182526193
A5075214747,I70349855
A5108824078,I4210123993
A5066145908,I4210139315
LOCAL_A000676,I182526193
LOCAL_A000676,I4210123993
A5108109013,I123565023
A5108109013,I23582244
A5111991433,I4210108426
A5111991433,I4210158110
A5103014821,I4210108426
A5048414571,I4210108426
LOCAL_A000677,I2802508454
A5070181852,I23582244
A5028027304,I4210123993
A5007439601,I123565023
A5007439601,I23582244
A5008653388,I3020192730
LOCAL_A000678,I4210123993
A5104242462,I4210155267
A5044322231,I4210093468
A5044322231,I4210123993
A5002515116,I4210093468
A5084048258,I4210093468
A5084048258,I4210123993
A5019688833,I4210093468
A5019688833,I4210123993
A5103978016,I4210093468
A5103978016,I4210123993
A5111420624,I4210093468
A5111420624,I4210123993
A5112740426,I123565023
A5060086486,I85922643
A5060086486,I4210123993
A5060086486,I158708052
A5094633734,I4210123993
A5094396568,I71270174
A5094396568,I4210148897
A5094396568,I63525965
A5099757064,I63525965
A5112827539,I4210148897
A5112827539,I71270174
A5112827539,I63525965
A5099757065,I63525965
A5099757065,I4210148897
A5099757065,I71270174
A5108726909,I913481162
A5069167776,I4210123993
A5039967759,I4210123993
A5101489171,I206597221
A5101489171,I44073558
A5101958583,I4210123993
A5102537963,I4210123993
A5100443627,I145808223
A5018334271,I139264467
A5049138961,I116631150
A5049138961,I40542001
A5049138961,I4210136447
A5087428803,I2802508454
A5086375063,I2802508454
A5101366509,I2802508454
A5079651930,I2802508454
A5113118240,I2802508454
A5113118240,I4210115343
A5022642033,I2802508454
A5114134175,I2802508454
A5093920008,I2802508454
A5109724358,I4210115343
A5113118238,I2802508454
A5113118238,I4210115343
LOCAL_A000707,I4210115343
A5100846021,I4210115343
A5101315003,I4210123993
A5101304286,I913630986
A5104243157,I913630986
A5113118239,I2802508454
A5113118239,I4210115343
A5101315004,I4210115343
A5053686396,I4210100252
A5036823105,I4210123993
A5045944169,I70349855
A5071521088,I70349855
A5039949041,I70349855
A5006023366,I70349855
A5101465468,I4210115718
A5042395512,I70349855
A5102804265,I70349855
A5101353641,I70349855
A5103884475,I70349855
A5085832671,I70349855
A5036212178,I4210117728
A5111317906,I130442723
A5111317906,I4210117728
A5015142652,I4210117728
A5041832298,I45756140
A5100741130,I20942203
A5100741130,I67031392
A5109713772,I4210115718
A5038942051,I126231945
A5104296153,I126231945
A5030919137,I9842412
A5011154592,I9842412
A5101469019,I126231945
A5101757963,I126231945
A5090773160,I126231945
A5063584493,I123565023
A5063584493,I202539009
A5063584493,I47265099
A5063325493,I47807185
A5092718174,I47807185
A5102772323,I67868205
A5114054713,I4210095101
LOCAL_A000708,I109689652
A5101710140,I123565023
A5101710140,I47265099
A5080877722,I123565023
A5080877722,I47265099
A5108143130,I4210123993
A5000022585,I4210104442
A5086866654,I4210104442
A5118963635,I4210104442
A5054786913,I4210123993
A5112645301,I4210123993
A5038031031,I4210101969
A5031952416,I4210101969
A5071609618,I4210101969
A5047320410,I4210101969
A5088188698,I4210101969
A5101609039,I10660446
A5037769855,I2802042752
A5063525316,I203899302
A5049076609,I203899302
A5002233700,I203899302
A5047208892,I121980950
A5063988759,I4210097717
A5010707914,I149851306
A5010707914,I4210098675
A5104115904,I89440247
A5069639294,I89440247
A5092687136,I141445968
A5051509129,I2800525753
A5051509129,I4210120696
A5051509129,I4210165038
A5101420279,I134161618
A5101420279,I4210138331
A5101420279,I84653119
A5016152230,I70349855
A5111144764,I4210134642
A5082958436,I135822937
A5015706750,I15766117
A5015706750,I4092182
A5016298705,I123565023
A5016298705,I47265099
A5091027836,I47265099
A5064027518,I2802701112
A5103193588,I2802701112
A5032242801,I4210145347
A5074200091,I220840466
A5074200091,I2801758192
A5074200091,I99908691
A5113179272,I4210093468
A5036260987,I165143802
A5036260987,I2799677732
A5100337614,I165143802
A5100337614,I2799677732
A5010077597,I70349855
A5051185903,I70349855
A5033485941,I3020192730
A5090872335,I181727666
LOCAL_A000709,I109689652
A5010505038,I123565023
A5010505038,I47265099
A5076385003,I126477371
A5076385003,I4210117728
A5116174086,I4210123993
A5100613572,I177733328
A5100613572,I4387155212
A5116701399,I202539009
A5116701399,I4210101969
A5116701399,I4391012539
A5025132197,I198105771
A5025132197,I4210159985
A5083053786,I86346663
A5020203529,I3020192730
A5081124735,I3020192730
A5000054820,I3020192730
A5068462237,I204337017
A5043012596,I2802335433
A5110750141,I4210123993
A5108954551,I4387155935
A5108954551,I47265099
A5082745090,I123565023
A5082745090,I47265099
A5109525017,I123565023
A5109525017,I47265099
A5000321582,I99542240
A5037211367,I4210134642
A5023113227,I4210104442
A5064050048,I4210104442
A5082083737,I201537933
A5034643812,I118501908
A5035240489,I4210109390
A5112470311,I4387155935
A5112470311,I47265099
A5007052251,I4210134642
A5088942436,I4210123993
A5050737114,I4210134642
A5062647756,I4210115718
LOCAL_A000710,I4210123993
A5110933537,I4210115718
A5091622578,I3020192730
A5086554424,I94518387
LOCAL_A000711,I70349855
LOCAL_A000711,I94518387
A5113201220,I94518387
A5001474077,I94518387
A5039649826,I4210142079
A5009671191,I141445968
A5104187193,I141445968
A5101258839,I4387155935
A5101258839,I47265099
A5085021661,I158708052
A5065973639,I4210123993
A5087547039,I123565023
A5087547039,I47265099
A5066154677,I4210123993
A5066154677,I85922643
A5094583817,I123565023
A5094583817,I4210123993
A5094583817,I85922643
A5102017380,I1315456113
A5061934686,I4210124651
A5101590309,I4210116271
A5061545552,I2802508454
A5032903751,I4210148301
A5030678711,I27429435
A5030678711,I4210123993
A5102666774,I202539009
A5102666774,I27429435
A5102666774,I4210116271
A5101868875,I27429435
A5088589391,I123565023
A5088589391,I23582244
A5113239988,I123565023
A5113239988,I4210123993
A5113239988,I85922643
A5113245914,I135822937
A5110015524,I1315456113
A5057088209,I47807185
A5055671335,I94518387
A5058150074,I3020192730
A5075877402,I177733328
A5033172061,I177733328
A5104338666,I123565023
A5104338666,I47265099
A5111242591,I123565023
A5111242591,I23582244
A5010581356,I202539009
A5109753108,I4210135839
A5113306497,I4210123993
A5003162913,I124246371
A5109472612,I913630986
A5107154585,I4210123993
A5023113227,I4210138427
A5064050048,I4210138427
A5037837813,I205490536
A5034973872,I4210118097
A5042636879,I121296143
A5008497258,I179324530
A5008497258,I4210086659
A5008497258,I4210160994
A5086911502,I4210137805
A5086911502,I71270174
A5061756650,I4210137805
A5061756650,I71270174
A5033587154,I4210137805
A5033587154,I71270174
LOCAL_A000712,I23582244
LOCAL_A000712,I2802508454
A5035470871,I177733328
LOCAL_A000713,I23582244
LOCAL_A000713,I2802508454
LOCAL_A000714,I23582244
LOCAL_A000714,I2802508454
A5102702020,I205401836
A5102702020,I241749
A5102702020,I4210139501
A5011157840,I205401836
A5036952833,I4210134642
A5055424683,I98285908
A5018713405,I74899385
A5109139032,I4210123993
A5037701642,I4210123993
LOCAL_A000715,I3129492623
LOCAL_A000715,I4210123993
A5047638529,I3129492623
A5047638529,I4210148897
A5045611980,I177233841
A5045611980,I4210102522
A5045611980,I4210148897
A5055240207,I177233841
A5055240207,I3129492623
A5113279192,I3129492623
A5113279192,I4210123993
A5053164561,I188538660
A5053164561,I2802236040
A5053164561,I3129492623
A5053164561,I4210123993
A5063270063,I2802236040
A5036010540,I32062511
A5036010540,I4210085930
A5001635692,I32062511
A5001635692,I4210085930
A5054261847,I168635309
A5054261847,I205640436
A5042273243,I168635309
A5122261563,I189909677
A5106111285,I119896790
A5122224274,I130343225
A5051526686,I11892038
A5035316905,I4210102512
A5044608756,I205640436
A5054981597,I4210091240
A5111228622,I271457894
A5069176903,I45129253
A5122246823,I111199411
A5063909702,I16969244
A5011034168,I192619145
A5011034168,I4210117796
A5004179658,I72227227
A5122295020,I215330179
A5009945961,I4210087849
A5075293805,I69552723
A5026678611,I198105771
A5122254251,I4210125530
A5063760978,I157273133
A5122123240,I4210101907
LOCAL_A000716,I155028946
A5059910185,I4210116687
A5018716310,I2801261953
A5018716310,I4210099821
A5025285609,I4287427
A5044269266,I43895496
A5078138004,I161372803
A5116302831,I185492890
A5103322564,I12859529
A5052104891,I4210125530
A5085954814,I192619145
A5006311823,I4210119417
A5017992365,I4210103010
A5017992365,I72227227
A5029419036,I144917393
A5036483874,I205640436
A5122189634,I4210098748
A5122189634,I45129253
A5011083260,I1296812847
A5011083260,I4210124077
A5024153751,I168635309
A5086503053,I205640436
A5038661325,I3020192730
A5038661325,I94518387
A5123784405,I4210137358
A5121806418,I202539009
A5101480393,I4210148201
A5108265219,I170238339
A5111189285,I3020192730
A5111189285,I94518387
LOCAL_A000717,I177233841
A5058440573,I80611190
A5050404323,I60158472
A5011855564,I142208455
A5120054875,I4210148201
A5120054875,I47265099
A5129434995,I118373667
A5129411191,I28777354
A5075052743,I4210123993
A5018823341,I28777354
A5082578116,I4210123993
A5071255604,I4210095523
A5071570842,I170238339
A5086255445,I1315456113
A5016501250,I4210148201
A5114079096,I1315456113
LOCAL_A000718,I2802508454
A5111033585,I4210123993
A5021501825,I4210124651
A5021501825,I4210148861
A5104039630,I4210124651
A5104039630,I4210148861
A5100632425,I123565023
A5100632425,I47265099
A5060339388,I151229976
A5044252117,I174025329
A5018984230,I188329596
A5016425455,I2802604338
A5114168431,I2802508454
A5104313465,I2802508454
A5069983339,I2802508454
A5069983339,I4210115343
A5016256744,I4210116271
A5099127038,I4210137358
A5099127039,I4210137358
A5103224266,I35928602
A5027890317,I141445968
A5099127041,I4210123993
A5045025427,I4210123993
A5067398066,I4210123993
A5040567185,I5100685
LOCAL_A000719,I4210123993
LOCAL_A000720,I4210123993
LOCAL_A000721,I109689652
LOCAL_A000722,I109689652
A5116329275,I4210123993
A5066185060,I2802508454
A5101451102,I70349855
A5071070151,I70349855
A5040567185,I177233841
A5040567185,I67868205
A5073009058,I135822937
A5116777686,I177233841
A5116777686,I67868205
A5116777687,I4210139842
A5100742825,I135822937
A5116777688,I177233841
A5116777688,I67868205
LOCAL_A000724,I4210123993
LOCAL_A000725,I4210123993
LOCAL_A000727,I123565023
A5072370418,I1315456113
LOCAL_A000729,I1315456113
LOCAL_A000726,I4210123993
LOCAL_A000730,I1315456113
A5036377736,I4210148201
A5117907413,I4210123993
A5030758686,I18550681
A5118149059,I18550681
LOCAL_A000731,I18550681
A5118149060,I18550681
A5113058619,I4210123993
LOCAL_A000732,I47265099
A5108116590,I18550681
A5101386108,I4210141097
A5118149061,I4210123993
LOCAL_A000733,I2802508454
A5019391401,I2802508454
A5118514486,I2802508454
A5113849259,I23582244
A5113849259,I47265099
A5022353158,I4210134393
LOCAL_A000734,I4210123993
A5066757939,I4210161490
A5117799111,I4210131196
A5117799111,I52357470
A5100698220,I4210131196
A5075693129,I4210089758
A5039052968,I4210116091
A5012999481,I119449181
A5012999481,I4210131196
A5041639816,I119449181
A5041639816,I4210131196
