author_id,author_name
LOCAL_A000142,A Adewumi
LOCAL_A000145,A Afia
LOCAL_A000683,A Chamot
LOCAL_A000150,A Cinar
LOCAL_A000405,A D Pham
LOCAL_A000141,A Ezugwu
LOCAL_A000337,A Furnham
LOCAL_A000255,A Hayes
LOCAL_A000257,A Huffcutt
LOCAL_A000223,A Katz
LOCAL_A000340,A Kristof
LOCAL_A000187,A Nouh
LOCAL_A000158,A Nowakowski
LOCAL_A000349,A O'cass
LOCAL_A000172,A Omar
LOCAL_A000310,A Ordanini
LOCAL_A000147,A Ouaarab
LOCAL_A000311,A Parasuraman
LOCAL_A000694,A Shahraki
LOCAL_A000357,A Tsui
LOCAL_A000705,A Wenden
LOCAL_A000008,A-Mei Huang
A5101610614,A. A. EL‐BARBARY
A5112631868,A. A. Kharchanka
A5136436435,A. A. Lavrentyev
A5020036590,A. Behnke
A5080083095,A. Duclos
A5062003821,A. E. Cárcamo Hernández
A5086340912,A. Fedynitch
A5129668892,A. Gálvez Ureña
A5077893525,A. Heri Iswanto
A5000637794,A. I. Kartamyshev
A5130087177,A. I. Kartamyshev
A5126917756,A. Idries
LOCAL_A000293,A. Julbe
A5085027248,A. Julbe
A5025657852,A. Kim
A5129672000,A. Korochkin
A5136966328,A. Matsuzawa
A5109711777,A. N. Schemelev
A5077602107,A. Naesha Nithish
A5077395669,A. Nguyen
A5057050099,A. Novo
A5109980044,A. Oshima
A5049636432,A. Pickering
A5136219938,A. Putta Rangappa
A5113227826,A.A. Lavrentyev
A5043664908,A.O. Fedorchuk
A5042264865,A.P.J. Mol
A5012512059,A.S. El-Shafay
LOCAL_A000585,A.T. Nguyen
A5048485189,A.V. Vyazmin
A5083459846,AMMAR A. RASHIED
A5060002377,ANDREY N. KUZNETSOV
A5053378533,Aarish Maqsood
A5068511935,Aaron T. Ohta
A5044252117,Aaron Tham
A5075548304,Abbas Atapourfard
A5007425238,Abd Ullah
A5023886955,Abdallah A. A. Mohammed
A5078351000,Abdel Rahman Al-Tawaha
A5044748360,Abdelaziz Salah Saidi
A5090107776,Abdolsatar Sorkheh
A5022528171,Abdul Muin Hasan Busri
A5101860760,Abdul Wahab
A5086990384,Abdullah Aamir Hayat
A5087254067,Abdurrahman Adamu Pantamee
A5017369658,Abel Duarte Alonso
A5079670135,Abhik Chatterjee
A5065897099,Abhishek Srivastava
A5013334398,Abhra Chanda
A5034456266,Abou Bakar
A5027038320,Abubokor Hanip
A5091972389,Achouak Bouarar
A5071504081,Adam Blanchard
A5053615849,Adam Cheng
A5010718958,Adam Mauskapf
A5039631988,Adeniyi Temitope Adetunji
A5027651245,Adhikesavan Harikrishnan
A5057678443,Adi Rizal Soleh
A5076717996,Adil Dilawar
A5032750590,Aditya Wisnu Wardana
LOCAL_A000492,"Adom, Philip Kofi"
A5056555278,Adriana Knápková
A5008748101,Adrián Cardíl
A5053488393,Adão Silva
A5113012247,Afia Abida Sultana
A5058710387,Afnan Al Agha
A5068470300,Afshin Ghahramani
A5061565634,Afshin Maleki
A5102021727,Afzal Shah
A5026263106,Agbotiname Lucky Imoize
A5075229392,Agnieszka Maria Koziel
A5007717816,Ahad Hasan Tanim
A5090464440,Ahmad Al-Fadly
A5062663112,Ahmad Baroutaji
A5064374149,Ahmad Ibrahim Aljumah
A5078519359,Ahmed A. Ewees
A5084293052,Ahmed Chemseddine Bouarar
A5059823880,Ahmed Elbeltagi
A5008682765,Ahmed H.E. Hassan
A5033799057,Ahmed M. Galal
A5051081707,Ahmed M. Masoud
A5068412234,Ahmed Qassem Ali Sharhan Al-Sudani
A5065393831,Ahmet Ocak Akdemi̇r
A5005197974,Ai Anh Thu Su
A5092687136,Ai Ngoc Nhan Le
A5003791909,Aijun Zhu
A5087672790,Aixian Li
A5039779616,Aizhan Nazyrova
LOCAL_A000049,Ajamaluddin Malik
A5052248524,Ajay Mandal
A5044657350,Ajaya Bhattarai
A5124022763,Ajaya Bhattarai
A5062084624,Ajit Kumar Patra
A5064393318,Ajmal Koya Pulikkal
A5040269249,Akhil Pradiprao Khedulkar
A5036994574,Akinola S. Akinwumiju
A5004237375,Akinwale T. Ogunrinde
A5079061954,Alan Daugherty
A5109603511,Albert Schömig
A5029518373,Albina Anvarovna Bilyalova
A5034159221,Alcibíades Lara Lafargue
A5058692331,Alessio Morelli
A5023056660,Alexander Hildebrandt
A5070810971,Alexander J. Bradshaw
A5022173691,Alexander Jakob
A5037601612,Alexander Mojcher
A5049249038,Alexander Neumann
A5007062060,Alexander Tong
A5137498136,Alexandr N. Schemelev
A5072683795,Alexandra N. Davis
A5028419754,Alexandre S. Gagnon
A5112130532,Alexandre Ventura
A5110451785,Alfredo F. Sierra
A5070244639,Alfredo Ismael Curbelo Garnica
A5038709614,Ali Elkamel
A5013902945,Ali Jafari
A5104601006,Ali Nouh Mabdeh
A5112902939,Ali Q
A5002781179,Ali Talebi
A5077529549,Alibek Barlybayev
A5122123240,Alice Kammwamba
A5112518881,Alice Sharp
A5126262670,Alina Mona Zenker
A5115998618,Alina Zenker
A5100643970,Alireza Kazemi
A5080542795,Alisa Dabb
A5009230144,Alisdair M. Boag
A5052322742,Allan R. de Caen
A5078980138,Allison B. Andraski
A5089333255,Allison Langham-Putrow
LOCAL_A000079,Alsharif Abuadbba
A5068264867,Amalia Fauqiah Ashari
A5100748218,Aman Ullah
A5032787752,Amanda Mummert
A5045179061,Amar Debbouche
A5045562391,Amar Prasad Yadav
A5058447725,Amartuvshin Renchin-Ochir
A5072945695,Ameen Topa
A5024135624,Amena Sibghatullah
A5011264671,Amgalan Altansukh
A5103802413,Amin Shaban
A5054981597,Aminath Shazly
LOCAL_A000487,Aminath Shazly
A5053995609,Amir Farokh Payam
A5054597879,Amir H. Mohammadi
A5062367420,Amir Karton
A5040443493,Amit Grover
A5048563533,Amitabh Sharma
A5083152805,Amjad Iqbal
A5068645315,Ammar Abdel Amir Al-Salami
A5076400696,Ammar Abulibdeh
A5005886146,Amol R. Jadhav
A5041448847,Ampuan Situmeang
A5126837277,Amruta Aher
A5037259558,Amy Riegelman
A5059673944,Amélia G. Reis
A5065058297,An Duong Thi Binh
A5115980099,An Duy Dam
A5114079096,An G.T. Nguyen
A5029731231,An Nguyen
A5067463039,An Nguyen
A5138264912,An Nguyen Dinh Minh
LOCAL_A000661,An Pham Hoang
A5118149060,An T. Phan
A5081983746,An Thien Ngoc Nguyen
A5110729206,An et al.
A5101366509,An-Tran Pham
A5059592113,Ana Pilipović
A5008382937,Anand Marya
A5028286533,Anastacio Montejo P. Sadura
LOCAL_A000301,Anat Thapinta
A5112976796,Anatoly Lavrentyev
A5076626025,Andi Maryani A. Mustapeng
A5056442046,Andra Rizqiawan
A5052999341,Andra Rizqiawan
A5038218244,Andre Kortum
A5113792609,Andrea Light
A5112445404,Andrea Preuß
A5035756893,Andrea Turner
A5000600923,Andreas Geßner
A5108426113,Andrew H. Travers
A5045270482,Andrew K. Mlynarchik
A5016425455,Andrew Le
A5082563112,Andrew Lian
A5073811795,Andrew Lockey
A5087397357,Andrew Tilker
A5109718495,Andrij O. Selezen
A5044592532,André Fielicke
A5091570362,Andy Nguyen
A5090133883,Angelica E. Lang
A5036386687,Angelie Dela Piedra
A5087749642,Anggraeni Endah Kusumaningrum
A5045689082,Angie Hibbert
A5056482864,Angélica Paula Neumann
A5024327009,Anh Bao The Luu
LOCAL_A000724,Anh Do Thi Ngoc
A5058292518,Anh Duc Le
LOCAL_A000213,Anh Duc PHAM
A5081151430,Anh Duc Pham
A5045611980,Anh Duong
A5013889869,Anh Dzung Nguyen
A5047569226,Anh H. Vo
A5102408214,Anh Ha Le
A5121760197,Anh Hoang Cu
A5120107431,Anh Kim Phan
LOCAL_A000434,Anh Lam Tu Nguyen
A5130900413,Anh Lê
A5024754432,Anh Mai Tuan
A5117389295,Anh Minh Pham-Phan
A5051720799,Anh N. Le
A5008646614,Anh Ngoc Thi
A5033041246,Anh Ngoc Tuan
LOCAL_A000281,Anh Nguyen
A5102765203,Anh Nguyen
A5101951708,Anh Nguyen
A5112982599,Anh Nguyen Cat Nguyen
A5025898651,Anh Nguyen Thi Hoai
A5053901514,Anh Nguyen Tram Tran
A5092859826,Anh Phuong Le Thi
A5016882940,Anh Quoc Le
LOCAL_A000639,Anh Quynh Pham
A5011611673,Anh Son Hoang
A5012956416,Anh T. Vo
LOCAL_A000725,Anh T.D. Nguyen
A5130678885,Anh Thi Dy Nguyen
A5108271314,Anh Thi Hoang Tran
A5108892405,Anh Thi Kim Phan
A5113067823,Anh Thu Nguyen
A5139173248,Anh Thuy Tram Nguyen
A5015253252,Anh Thy Thi Chau
A5012907646,Anh Tram Nguyen Tran
A5101997513,Anh Tran
A5103928365,Anh Triet Nguyen
A5101886347,Anh Tu Nguyen
A5126343199,Anh Tuan Dinh-Xuan
A5065748190,Anh Tuan Nguyen
A5100759043,Anh Tuan Nguyen
A5126193240,Anh Tuan Nguyen
LOCAL_A000099,Anh Tuan Nguyen
A5011791421,Anh Tuan Ta
A5049432618,Anh Tuan Vu
LOCAL_A000441,Anh Tuyet Bui
A5100753115,Anh Tuấn Lê
A5067921618,Anh Van Dang
A5101590309,Anh Van Nguyen
A5101265078,Anh Viet Hoang Nguyen
A5109723297,Anh Vo Thi Tu
A5073647327,Anh Vu Le
A5038661325,Anh Vy Tran
A5083610651,Anh-Dung Chung
A5100846021,Anh-Dung Hoang
LOCAL_A000722,Anh-Duy Huynh
LOCAL_A000721,Anh-Khoa Huynh
A5110290912,Anh-Minh Le
A5101240606,Anh-Thi Cao Tran
A5002312869,Anh-Tu Tran
A5105298433,Anh-Tuan Nguyen Huynh
A5111162167,Anh-Vu LE
A5026969387,Anh‐Duc Pham
A5052867498,Anh‐Khoa Ton
A5112706783,Anh‐Thu Nguyen
A5040773786,Anh‐Tu Le
A5090435705,Anh‐Tu Nguyen
A5036869152,Anh‐Tuan Vu
A5048870921,Ania Lian
A5021368295,Anis Ahmad
A5036004952,Anja Eckstein
A5110699531,Anke Daser
A5016378241,Anna Gustina Zainal
A5115399159,Anna Latysheva
A5030697249,Anna Lempert
A5020977498,Anna Rudawská
LOCAL_A000667,Anne Reid Griffin
A5110671529,Anne Reid Griffin
A5071750358,Anne S. Meyer
A5032316879,Anne-Marie Guerguerian
A5057536910,Anne‐Marie Guerguerian
A5033587154,Anne‐Marie Hede
A5081741097,Ansari Saleh Ahmar
A5029671794,Ansuman Samal
A5071261094,Anthony Abel C. Lawas
A5004964247,Antoine Renucci
A5079805985,Antonino Masaracchia
A5024823282,António M. Lopes
A5031407090,Anuli Njoku
A5123931166,Anwar ul Haq Ali Shah
A5032882089,Anyong Qing
A5076489521,An‐Giang Nguyen
A5007520446,Ao Zhen
A5035585781,Apichart Pattanaporkratana
A5007077248,Apichit Maneengam
A5101189126,Aqeel Ahmad
A5027205370,Aqsa Anees
A5015170656,Aram Dobalian
LOCAL_A000669,Aram Dobalian
A5062801799,Arameh Eyvazian
A5004176765,Arash Hashemifardnia
A5056461673,Archieryan C. Villegas
A5021369042,Arda Halu
A5061674272,Ardian Jayakusuma
A5137477358,Areg A. Totolian
A5123402673,Areg A. Totolian
A5056993916,Arfan Arshad
A5075519026,Ariel J. Lang
A5083960512,Arif Partono Prasetio
A5047381339,Aris Setyawan
A5060225029,Arivalagan Pugazhendhi
A5039479946,Arjun Chakravarthi Pogaku
A5007628074,Armando Reyes‐Serrato
A5113366228,Arnab Patra
A5011618630,Arnold L. Rheingold
A5078046494,Arshian Sharif
LOCAL_A000575,Arul Balasubramanian
A5086428556,Arun Kumar Singh
A5020337708,Asger Granfeldt
A5066981564,Ashok Kumar Das
A5089469659,Ashraf A. El‐Shehawy
A5088308470,Ashraf El‐Hashani
A5055106821,Ashwani Kumar
LOCAL_A000519,"Ashworth, Peta"
A5001105773,Asrop Syafi’i
A5043555012,Asshaima Paramita Devi
A5001635692,Assylbek Nurgabdeshov
A5031703189,Astari Wulandari
A5046705053,Astha Bhatta
A5074350013,Atsushi Ebihara
A5056443847,Atul S Gawande
A5101441808,Au Hai Nguyen
A5080090568,Ayman A. Aly
A5121974717,Ayman Fathima
LOCAL_A000023,Ayman Fathima
A5035154661,Ayman Mutahar AlRassas
A5017884554,Ayse Kortun
A5086626112,Ayumi Chida
LOCAL_A000457,Ayumi Fujiwara
LOCAL_A000489,Ayşe Lisa Allison
A5069176903,Ayşe Lisa Allison
A5108746448,Azhar Baig
A5045740847,Azher M. Abed
LOCAL_A000317,B Afsar
LOCAL_A000148,B Ahiod
LOCAL_A000227,B Avolio
LOCAL_A000229,B Bass
LOCAL_A000680,B Celik
LOCAL_A000244,B Erdogan
LOCAL_A000165,B He
LOCAL_A000333,B Holmes
LOCAL_A000365,B Kodden
LOCAL_A000161,B Setiyono
LOCAL_A000356,B Steijn
A5136918616,B. G. Cheon
A5107276587,B. Hong
A5110548057,B. Le
A5136962949,B. Lubsandorzhiev
A5088838623,B. Moon
A5007222296,B. Rezini
A5133280575,B. V. Gabrelian
A5029945067,B.R. Kumar
A5063988759,B.V. Gabrelian
A5113239988,BAO TRI LE
A5050952324,BUI DINH THANG
A5109654630,Ba Hoang Tran
A5056447969,Ba Huu Dinh
A5086776390,Ba Van Tran
A5062820147,Ba-Phu Nguyen
A5053540902,Babak Mohammadi
A5022825726,Babasaheb M. Matsagar
A5049567040,Bac Cong Truong
A5009575522,Bac Thi Vo
A5034877777,Bac Truong Cong
A5025004943,Bac Truong Cong
A5053950493,Bach Hoang Dinh
A5109801092,Bach Le
A5091611269,Bach Tan Sinh
A5087916376,Baehyun Min
A5075749159,Bagher Ghermezcheshme
A5016349144,Bahman Moradi
A5100012822,Bailey Secker
LOCAL_A000503,Bakary Conteh
A5059910185,Bakary Conteh
A5040180866,Balachandran Manavalan
A5057929288,Balakrishnan Ramalingam
A5087802698,Balbir Barn
A5138149664,Bambang Wahrudin
A5079471980,Bambang Widi Pratolo
A5038559143,Ban Van Phuc
A5096042325,Bang Nguyen Khanh Ha
A5085150492,Bang Quoc Ho
A5112751609,Bang Tam Thi Dao
A5028743344,Bang Tran
A5030966029,Bang V. Dinh
LOCAL_A000493,"Banga, Margaret"
A5030132492,Bao C. Vo
A5010674359,Bao Huynh
A5111800896,Bao Nguyen
A5093797244,Bao The Phung
A5111063999,Bao Tram Tran
A5106269420,Bao Trang Nguyen Thi
A5013499835,Bao Truong
LOCAL_A000063,Bao Vo Nguyen Quoc
A5018119494,Bao Vy Nguyen
A5091968955,Bao-Ngan Nguyen-Ha
A5121014707,Bao-Trang Nguyen Doi
A5033808806,Bao-Tuan Nguyen
A5090559942,Bao‐Son Trinh
A5020785151,Bao‐Tran Tran Pham
LOCAL_A000057,Barbara H. Lang
A5112557251,Barkalov Sergei
A5033150655,Barrak Alahmad
A5054767996,Basil Lang
A5010910230,Batsaikhan Saruuljavkhlan
A5053403067,Bay Vo
A5039876499,Ba‐Dinh Nguyen‐Tran
A5049427526,Behrooz Keshtegar
A5095380028,Bekbolat Kurmetbek
A5003211382,Belle Philibosian
A5128348289,Ben Chu Van
A5123901476,Benadict Rakesh
A5069627644,Benjamin D. Hill
A5074353408,Benyamin Ranjbar
A5043049232,Beom‐Seok Yang
A5021287285,Bernard F. Langan
A5137038659,Bernard Gan
A5089200750,Bernard M. Hang’ombe
A5077280166,Bernd W. Böttiger
A5110058980,Bernhard Schneider
A5025205889,Bert Laeyendecker
A5042843111,Bertram Pitt
A5109692993,Bhumika Das
A5106716948,Bian Guang
A5106361655,Bich Ha Dam
A5027890317,Bich Hang
A5115056502,Bich Ngoc Doan
A5058063287,Bich Ngoc Hong Pham
A5125005209,Bich Thao Thi Pham
A5135160172,Bich Thi Ngoc Ho
A5047100737,Bich-Ngan T. Nguyen
A5062889982,Bich-Thuy-Le Thi
A5116329276,Bich-Tram Vo-Ngoc
A5038791421,Bich-Van Nguyen-Thi
A5081032657,Bicheng Yan
A5032059076,Bich‐Phuong Thi Nguyen
A5016410629,Bidyut Saha
LOCAL_A000498,Bijeesh Kozhikkodan Veettil
A5061049640,Bijeesh Kozhikkodan Veettil
LOCAL_A000525,"Bilik, Petr"
LOCAL_A000523,"Bilík, Šimon"
A5028101406,Bin Gao
A5101651242,Bin Xu
A5100775772,Bin Xu
A5138262578,Binh  Quang Do
A5022868764,Binh An NGUYEN
A5009893388,Binh An Pham
A5050257903,Binh Chi Bui
A5042752687,Binh Duc Vu
A5111033585,Binh N.D. Pham
A5015861324,Binh Quang NGUYEN
A5074761112,Binh Quang Nguyen
A5046621202,Binh Thai Pham
A5044452244,Binh Thanh Dang
A5030715845,Binh Thanh Kieu
A5135155521,Binh Thanh Le
A5081533584,Binh Thanh Nguyen
A5102376855,Binh Van Tran
A5083805250,Binod Adhikari
A5028753652,Bipasha Saha
A5110069127,Birendra Kumar
A5054261847,Bishal Bharadwaj
LOCAL_A000479,Bishal Bharadwaj
A5080037825,Björn Ottersten
A5075291010,Blair L. Bigham
A5011157840,Bo Da
A5049025379,Bo Kang
A5100393094,Bo Liu
A5074353144,Bo Løfgren
A5026950458,Bo Yu
A5102728063,Bo Zhao
A5121951039,Bo-Sheng Chen
A5059002683,Boaz Jessie Jackin
LOCAL_A000496,"Bohlmann, Jessika"
A5056015724,Boo Cheong Khoo
A5085021661,Boonchai Stitmannaithum
A5015152865,Boris Popesko
A5126618891,Boris Pustejovsky
A5103098636,Bo‐Wen Guan
A5085428223,Bradley S. Marino
A5124017476,Brahamdeo Yadav
A5054630782,Brahamdeo Yadav
A5065237636,Brandon A. Furman
A5071482191,Branislav Dudić
A5070496761,Brian Eigel
A5065282480,Brian Garner
A5109947023,Brian J. O’Neil
A5071261948,Brij B. Gupta
A5023129486,Britt Lang
A5062156514,Bryn T. M. Dentinger
A5105370959,Buchari Buchari
A5061140260,Bui D. Hoi
A5002700971,Bui Dai Nghia
A5009549735,Bui Duc Nam
A5054801180,Bui Duong Giang
A5041307201,Bui HUU-TRUNG
A5049578807,Bui Hoang Phuc
A5054226404,Bui Le Ngoc Minh
A5067409197,Bui Minh Quy
A5039918314,Bui Quang Thong
A5077406567,Bui Tan Manh
A5084103582,Bui Thanh Nhan
A5041172470,Bui The Huy
A5097105432,Bui Thi Bao Tram
LOCAL_A000219,Bui Thi Kim Loan
A5007261664,Bui Thi Ngoc Dung
A5052937759,Bui Thi Phuong Quynh
A5117845190,Bui Thi Phuong Thuy
A5101613907,Bui Thuy Trang
A5109586304,Bui Van Hie
A5042854558,Bui Van Hien
A5022564032,Bui Van Thang
A5004575662,Bui Xuan Khuyen
A5047377666,Bui Xuan Thang
A5031635334,Bui‐Linh‐Chi Huynh
A5054095804,Bulbul Ahmed
LOCAL_A000048,Bulbul Ahmed
A5077443977,Bushra Tufail
LOCAL_A000549,Buu Quoc Mai
A5030860493,Byung Moo Lee
A5000994184,Bá Cao Nguyễn
A5059380500,Bá Vương Trương
A5010653031,Bérénice Conversy
A5032440878,Bùi Hữu Phúc
A5007086934,Bùi Sơn Tùng
A5009805440,Bùi Thị Minh Nguyệt
A5041369109,Bùi Thị Phương Thuý
A5067659457,Bùi Vũ Minh
A5128736244,Bạch Thị Quyên
A5125477204,Bảo Nghi Từ
LOCAL_A000347,C Borucki
LOCAL_A000238,C Chow
A5017566261,C E Grim
A5113613159,C E McCoy
LOCAL_A000252,C Fornell
LOCAL_A000222,C Grunert
LOCAL_A000262,C Higgins
LOCAL_A000131,C Jiang
LOCAL_A000358,C O'reilly
LOCAL_A000108,C Obreque
LOCAL_A000117,C Papadimitriou
A5043158224,C Pauzner
LOCAL_A000263,C Thoresen
LOCAL_A000191,C Yang
A5136911064,C. C. H. Jui
A5034636962,C. Cuong
A5045349106,C. H. Wu
A5070261515,C. HUYNH
A5103462837,C. J. Han
A5021660019,C. Keith Ozaki
A5136913741,C. Koyama
A5069952562,C. M. Wang
A5136941845,C. Rott
A5018821709,C. S. Prentice
A5008745879,C. Tran
LOCAL_A000243,C.-H Wu
A5030329332,C.M. Wang
A5100337614,C.M. Wang
A5026934828,C.T. Phan
A5109789023,C.T.A. Xuan
A5081003707,CRISPTOPHER HUGO
A5074800646,CUONG HUU NGUYEN
A5115566123,Ca Thi Thuy
A5078778703,Cai Xing-yuan
A5107575422,Cam Quynh Truong
A5018582414,Cameron Folmar
A5021292806,Cam‐Tu D. Phan
A5083276453,Cang Ngoc Ly
A5075791229,Canh Phuc Nguyen
A5082745090,Cao Bang Vo
LOCAL_A000627,Cao Binh Tran
A5093634125,Cao Bính Trần
A5031192326,Cao C. Tu
A5077097054,Cao Ngoc Minh Trang
A5117543445,Cao Thi Linh
A5116630260,Cao Thi Thang
A5116787028,Cao Tran Thanh Trung
LOCAL_A000216,Cao Tri Nguyen
A5086989944,Cao Văn Ánh
A5057393450,Cao Xuan Bach
A5002945095,Cao Xuan Phuong
A5036481436,Cao Xuan Thuy
A5027351152,Cao-Hien Nguyen
A5101315004,Cao-Hoai-Linh Nguyen
A5056465948,Cap Pham Van
A5071776831,Carla A. F. Amado
LOCAL_A000476,Carla Alexandra da Encarnação Filipe Amado
A5038116070,Carla Coffey
A5035840553,Carla Cristine Porcher
A5086600645,Carlos A. Labarrere
A5023787832,Carlos D. Libhaber
A5052862902,Carolien Kroeze
A5010760857,Carolina Arenas
A5063172188,Caroline Corrêa de Faria
A5035975805,Carrie L. Lang
A5103601073,Carter Rebecca
A5085410675,Cas van Cruchten
A5076866489,Catherine L. Lang
A5029499585,Catherine Lange
A5113029034,Cathie Aime
A5059379004,Cecilia Jimeno
A5010696478,Celeste Fowles Nguyen
A5083849701,Celso Augusto Guimarães Santos
A5064008395,Cesar Bonilla
A5000427458,Ch. Paramaiah
A5028269577,Chadag Vishnumurthy Mohan
A5021771514,Chaitanya B. Pande
A5112927327,Cham Nguyen
A5000515264,Chan Dai Truyen Thai
A5124029635,Chandradip Kumar Yadav
A5056223358,Chandradip Kumar Yadav
A5112623757,Chang Zhao
A5093706060,Chanh Huynh Cong
A5122445446,Chanh M. Nguyen
A5007099952,Chanh M. Nguyen
A5135656182,Chanh Nguyen
A5076004552,Channarong Rodkhum
A5064915286,Chan‐Jin Park
A5032063674,Chao Yang
A5024981821,Chao-Jung Lai
A5015302001,Chaozhu Zhang
A5073238754,Charles Christoph Roehr
A5089854058,Charles D. Deakin
A5108122544,Charles D. Deakin
A5085823166,Charles DiMaggio
A5061151551,Chase W. Kessinger
A5064424890,Chau Ly Thi Huyen
A5017574392,Chau Minh Thuyen
A5051278633,Chau Minh Tran
A5072737254,Chau Ngoc Dang
A5094633734,Chau Nha
A5099127038,Chau Phan Kim Dieu
A5099127039,Chau Phan Kim Hue
A5073151775,Chau Phi Dinh
A5029795725,Chau Si Thien Dong
A5127813669,Chau Thai Mai
A5074595772,Chau Thi Minh Tran
A5082387253,Chawalit Jeenanunta
LOCAL_A000016,Che-Yu Su
A5072923302,Chee Peng Lim
A5126008088,Chee-Kin Then
A5044326088,Cheewita Suwanchawalit
A5103784185,Chen Bao
A5102004265,Chen Cui
A5061201875,Chen Sing
LOCAL_A000718,Chen V. Tran
A5100344370,Chen Wei
A5102212713,Chen Zheng
A5043810535,Chen-Hsien Lin
A5101648450,Cheng Wen
A5040974749,Cheng Yin
A5102899700,Cheng Zhang
A5007792819,Cheng-Chieh Fang
A5110573326,Cheng‐Che E. Lan
A5007973770,Cheng‐Chun Wu
A5015918478,Cheng‐Di Dong
A5102968901,Cheng‐Feng Cheng
A5061359290,Cheng‐Rong Hsing
A5101660391,Cheng‐Ting Huang
A5101420279,Cheng‐Wei Chen
A5052910132,Chenlei Xue
A5070426067,Cheryl Bushnell
A5053430025,Cheryl Cockburn‐Wootten
A5103273709,Che‐Yu Su
A5058626278,Chi Cuong Nguyen
A5031349506,Chi Danh LUU
A5055712333,Chi Lan
A5127851653,Chi M. Phan
A5022353158,Chi M. Phan
A5123640296,Chi M. Phan
A5125178220,Chi M. Phan
A5120906256,Chi Minh Phan
A5102004247,Chi Nguyen Quynh Ho
A5009130748,Chi Nguyen-Thuy-Lan
A5023853430,Chi Nhan Ha Thuc
A5122762361,Chi Pham Quyet
A5049067140,Chi Thanh
A5139065087,Chi Thanh Vo
A5049249147,Chi Thanh Vu
A5018419083,Chi Thi Ngoc Nguyen
A5003341125,Chi Toan Le
A5088238351,Chi Tuong Phan
A5052167850,Chi Văn Nguyên
LOCAL_A000031,Chi-Jen Wu
A5132988667,Chi-Jen Wu
A5019446985,Chi-Jen Wu
A5121970945,Chi-Jen Wu
A5092525310,Chi-Nhan Ha-Thuc
A5135152093,Chia-Hui Liu
LOCAL_A000039,Chia-Lung Shih
A5127820180,Chia-Lung Shih
A5135175869,Chia-Lung Shih
A5129955226,Chia-Lung Shih
A5059518320,Chia-Wei Lo
A5053552469,Chia‐Nan Wang
A5043383799,Chieh‐Chen Huang
A5031717574,Chiem Trong Hien
A5136423173,Chien Phuong Tran
A5064895029,Chien Thi Hong
A5062516283,Chien-Chang Chou
A5125899320,Chien-Cheng Chao
A5130335043,Chien-Han Yuan
A5121972120,Chien-Han Yuan
A5132990251,Chien-Han Yuan
LOCAL_A000034,Chien-Han Yuan
A5129749146,Chien-Han Yuan
A5134553459,Chien-Han Yuan
A5011810216,Chien‐Han Yuan
A5133791329,Chieu Huynh Van Nguyen
A5016982085,Chih-Chi Yang
A5129723627,Chih-Chun Lin
LOCAL_A000033,Chih-Chun Lin
A5137058739,Chih-Hsing Liu
LOCAL_A000030,Chih-Hsuan Chang
A5130406462,Chih-Hsuan Chang
A5132997043,Chih-Hsuan Chang
A5121977166,Chih-Hsuan Chang
A5034056640,Chih-Hsuan Chang
A5130355847,Chih-Yang Wang
A5130102011,Chih-Yang Wang
A5126835975,Chih-Yang Wang
A5129725786,Chih-Yang Wang
A5134550811,Chih-Yang Wang
LOCAL_A000025,Chih-Yang Wang
A5127851075,Chih-Yang Wang
A5126033772,Chih-Yang Wang
A5019567462,Chih-jung Yao
A5100752861,Chih‐Cheng Chen
A5019745875,Chih‐Jen Yang
A5042211118,Chih‐Yang Wang
A5070026123,Chijioke Nwachukwu
A5043825329,Chika Nishiyama
A5078738355,Chikako Idegawa
A5135222137,Ching-Chung Ko
A5085874769,Ching-Chung Ko
LOCAL_A000018,Ching-Chung Ko
A5134548566,Ching-Chung Ko
A5130160039,Ching-Chung Ko
A5130325740,Ching-Chung Ko
A5129739876,Ching-Chung Ko
A5132986591,Ching-Chung Ko
A5073109221,Ching‐Cheng Hsu
A5102884763,Ching‐Chi Hsu
A5018885199,Ching‐Chung Ko
A5025852195,Ching‐Chung Ko
A5010268119,Ching‐Ming Wei
A5058278223,Chinh Chien Nguyen
A5127784211,Chinh Dung Trinh
A5016644403,Chinh Le Xuan
A5092655067,Chinh Ta Huu
A5117935240,Chinh Tam Thai
A5036248676,Chinh Van Dang
A5026678611,Chinnathan Areeprasert
LOCAL_A000497,Chinnathan Areeprasert
A5113845275,Chinonye Love Moses
A5040052703,Chitra Bahadur Baniya
A5051526686,Chizoba Obianuju Oranu
LOCAL_A000484,Chizoba Obianuju Oranu
A5043402758,Chi‐Bao Le
A5010412662,Chi–Hien Dang
A5101153859,Chong Du
A5106258038,Chong Kim Thien Duc
A5133003200,Choon Jin Teh
A5101108089,Chou‐Yuan Ko
A5048030754,Chow‐Yen‐Desmond Sim
A5123559083,Chris Ryan
A5038369638,Christian Huenefeld
A5073928697,Christian Kyle N. Cesa
A5073249579,Christian Vaillancourt
A5049932095,Christina W. Hoven
A5005091829,Christine E. Seidman
A5028857740,Christophe Innocent
A5026242942,Christopher Bell
A5013846032,Christopher Hoang
A5087144106,Chrıstophe Schınckus
A5136827707,Chu Hien Thao
A5092771767,Chu Tuong
A5056133033,Chu Viet Ha
A5128359839,Chu Viet Ha
A5090865034,Chuan Khac Hoang
A5119281888,Chuan Yang
A5100676084,Chuanlang Zhan
A5006218473,Chuan‐Fa Chang
A5004532785,Chuen‐Fa Ni
A5080417608,Chun-Fu Chen
A5126012782,Chun-Mao Lin
A5129709377,Chung-Bao Hsieh
A5102233003,Chung-Bao Hsieh
A5132984408,Chung-Bao Hsieh
LOCAL_A000037,Chung-Bao Hsieh
A5046738686,Chung-Bao Hsieh
A5134528492,Chung-Bao Hsieh
A5121948811,Chung-Bao Hsieh
A5080788166,Chung-Che Wu
A5060701822,Chung-Chieh Chiao
A5054642186,Chung-Ho Lin
LOCAL_A000538,Chung-Ho Lin
A5121974331,Chung-Hsien Lin
A5091390670,Chung-Tu-Nhi Truong
LOCAL_A000532,Chung‐Ho Lin
A5100728493,Chunyi Li
A5054841477,Chun‐Yu Lin
A5124890262,Chuong Duy Nguyen
LOCAL_A000731,Chuong H. Nguyen
A5066553195,Chuong Hoang Nguyen
A5044990778,Chuong Nguyen Thien
LOCAL_A000677,Chuong Van Le
A5042803653,Châu Quang Vũ
A5016346715,Châu Tài Tảo
A5025949224,Chí Minh Hồ
A5100623707,Chương V. Nguyen
A5034492478,Cindy Shavia
A5090710719,Citic Securities
A5006481103,Claudia Goettsch
A5078876786,Claudio Sandroni
A5058972343,Claus Kuperschmidt
A5073228774,Clenth I. Naingue
A5045164373,Cleo L. Bishop
A5028491207,Clifton W. Callaway
A5089932663,Coen Pramono Danudiningrat
A5084694056,Colin Domnauer
A5058872102,Colin Georgi
A5108310133,Colleen Nguyen
A5018802115,Cong Chien Truong
A5049884996,Cong Danh Bui
A5092528512,Cong Hoang Truong Van
A5092236474,Cong Minh
A5121936243,Cong Thanh Nguyen
A5100772703,Cong Tien Nguyen
A5065293686,Cong Tu Nguyen
A5084444623,Cong-Luan Tran
A5061893866,Cong-Trang Nguyen
A5089199473,Cong-Trieu Le
A5045162054,Cuc Kim Trinh
A5002834057,Cuc Thi Le
A5001873550,Cuong Dinh Tran
A5109139032,Cuong Hoang
A5102708623,Cuong Huy Nguyen
A5059958821,Cuong Nguyen
A5113119675,Cuong Phan Minh Le
A5023198807,Cuong Q. Nguyen
A5103966558,Cuong Q. Nguyen
A5020354608,Cuong T. Nguyen
A5043416024,Cuong Tran Quoc Khanh
LOCAL_A000577,Cuong-Le Thanh
A5014209082,Cuu Ho Van
A5038883492,Cynthia Martínez-Garrido
A5015697944,Cyril Vallicari
LOCAL_A000291,Cyril Vallicari
A5000845033,Công Văn Nguyến
A5061596524,Công-Hâu Huynh
A5007280992,Cấn Thu Văn
LOCAL_A000240,D Buhrmester
LOCAL_A000323,D Cable
LOCAL_A000236,D Caldwell
LOCAL_A000325,D Castaneda
LOCAL_A000122,D Cattaruzza
LOCAL_A000271,D Cavenago
LOCAL_A000324,D Derue
LOCAL_A000195,D Essam
A5112073302,D Ganten
LOCAL_A000190,D Gao
LOCAL_A000233,D Kenny
LOCAL_A000253,D Larcker
LOCAL_A000686,D Murphy
LOCAL_A000278,D Organ
LOCAL_A000119,D Smith
A5110590514,D T
LOCAL_A000174,D Wolpert
LOCAL_A000127,D Xu
A5113822792,D-H Ha
A5021191541,D. David
A5015332154,D. Dinh-Cong
A5123725993,D. Duy Nguyen
A5129663908,D. Ikeda
A5132327831,D. Ivanov
A5027527648,D. Kahl
A5129679066,D. Khoa Nguyen
A5016981467,D. Kim
A5027845624,D. L. Sherwood
A5113989777,D. Lesnic
A5133529032,D. M. Hoat
LOCAL_A000047,D. M. Hoat
A5123227832,D. M. Hoat
A5128192943,D. M. Hoat
A5136930533,D. Mazzucco
A5113211574,D. N. Binh
LOCAL_A000642,D. Ngu
A5111758380,D. Niethammer
A5086255445,D. P. Khoi
A5125536071,D. Praveen Kumar
A5080661941,D. R. Bergman
A5136990545,D. R. da Silva
A5132124518,D. Rodeheffer
A5132077295,D. Ryu
A5017284186,D. S. Yee
A5136913435,D. Sato
A5071570842,D. T. Binh
A5037497064,D. T. Binh
A5114222021,D. T. Huong
LOCAL_A000098,D. T. Pham
A5046987451,D. W. Waldram
A5089807232,D. Weinert
A5138166377,D.M. Hoat
A5048993786,D.M. Hoat
A5027148979,D.O. Poletaev
A5044322231,D.P. Hung
A5103978016,D.T. Nguyen
A5035110418,D.Y. Lee
A5001857425,DOAN TRUNG VO
LOCAL_A000636,Da-Huong H. Phan
A5043227923,Dac Quynh Mi Nguyen
A5046940577,Dachel Martínez Asanza
A5089096517,Dacheng Zhou
A5010231114,Dac‐Binh Ha
A5101852052,Dagang Wang
LOCAL_A000013,Dahlak Daniel Solomon
A5009050600,Dahlak Daniel Solomon
A5135237975,Dahlak Solomon Solomon
A5063193184,Dai Jian Guo
LOCAL_A000387,Dai Nghia Bui
A5060646961,Dai Phan Viet
A5061332152,Dai Van Nguyen
A5033052825,Dai-Long Tran
A5130363023,Dai-Phuc Phan Tran
A5103065067,Dai‐Hung Ngo
A5057057975,Dai‐Nghiep Ngo
A5038456548,Dalla Doohan
A5028135770,Dam Minh Linh
A5011524280,Dam Thi Thanh Giang
A5065278638,Damtew Solomon
A5000794649,Dan Le Van
A5048412714,Dan Nguyen-Thihong
A5112840902,Dana R. Crawford
LOCAL_A000011,Dang Bao Nhi Nguyen
A5113567751,Dang Duc Trong
A5124978282,Dang Hai Nguyen
A5063393733,Dang Hoang Quyen
LOCAL_A000388,Dang Huu Phuc
A5117389294,Dang Khoa Dang
A5101861939,Dang Khoa Nguyen
A5065042911,Dang Khoa Tran
A5080811307,Dang Kim Hoang
A5102013370,Dang Le Tri Nguyen
A5111269850,Dang Manh Le
A5113262960,Dang My Thanh
A5049649933,Dang Ngoc Toan
A5112805145,Dang Nguyen Thao Nguyen
A5102650285,Dang Phuc Dam
A5110999034,Dang Phuong Linh
A5080864544,Dang Quoc Cuong
LOCAL_A000076,Dang T. Hue
A5102428787,Dang T. Tran
A5091402697,Dang Thanh Liem
A5025125736,Dang Thi Huyen Trang
A5018512305,Dang Thi Kim Thuy
A5068504606,Dang Thi Ngoc Hoa
A5094282888,Dang Thi Nhu Thao
LOCAL_A000393,Dang Thi Nhu Thao
LOCAL_A000623,Dang Thi Phuong Anh
A5124936434,Dang Thi Thu Hang
A5046042230,Dang Thuan An Nguyen
A5104423471,Dang Thuy Mui
A5137821333,Dang Tien Nguyen
A5104132940,Dang Tran Duc Minh
A5075950807,Dang Trung Hau
A5072742774,Dang Tuan Hiep
A5086905703,Dang Van Soa
A5043955830,Dang Xuan Tung
A5113069412,Dang-Minh-Tri Lai
A5063754238,Danh Bich
A5022245617,Danh C. Vu
A5124896920,Danh Le
A5005768372,Danh Phuoc Huynh
A5129411618,Danh Thanh Nguyen
LOCAL_A000284,Danh Vu
A5021191255,Daniel Benevides da Costa
A5108224525,Daniel David
A5036096394,Daniel G. Anderson
A5007250589,Daniel Höche
A5056885320,Daniel J. Licht
A5088003737,Daniel M. DeLaughter
A5070913859,Daniel Meyrán
A5008074955,Daniel Salinas
A5021997056,Daniel Sims
A5025312667,Daniele Cicuzza
A5036583209,Danièle Bevacqua
A5136027486,Dao Anh Trung Le
A5092228143,Dao Ba Huy
A5058540098,Dao Cuong To
A5080272177,Dao Duy Nam
A5023192051,Dao Hong Duc
A5011756398,Dao Huy Tuan
A5037059087,Dao Le Kieu Oanh
A5042098541,Dao Nam Cao
A5063075392,Dao Van Dung
A5065884707,Dao Van Duong
A5075020121,Dao Van‐Duong
A5068093105,Dao ba Loc
A5116302831,Darcy E. Glenn
A5022527502,Darien Sykes
A5010992089,Darrin Hodgetts
A5071594228,Dat Bao
A5041707620,Dat D. Vo
A5135434178,Dat D. Vo
A5111598709,Dat Nguyen
A5083202029,Dat Tan Nguyen
A5101595253,Dat Thanh Nguyen
A5011724052,Dat Vi Thanh
A5019541405,Dau Thi Phuong Uyen
A5084241302,Dau Van Nguyen
A5064476016,Dau Xuan Duc
A5011347329,David A. Olasehinde
A5028777364,David A. Wood
A5068500779,David B. Saakian
A5045600839,David Berry
A5073228138,David Buntoro Kamadjaja
A5018227404,David Fuchs
A5110731166,David Huchzermeyer
A5018098972,David Janzén
A5051246640,David M. Abramson
A5073498622,David M. Greer
A5076850672,David Markenson
A5066145908,David P. Wright
A5047127247,David Salter
A5012021096,David Salter
A5103277183,David Shum
A5003607184,David Stanton
A5026364638,David Tan
A5101440087,David Wright
A5021828664,David Zideman
A5084369012,DavidBuntoro Kamadjaja
A5053086929,Davide Cassi
A5032538132,Dayong Si
A5100755541,Dayong Wang
LOCAL_A000488,"De-la-Torre, Gabriel Enrique"
A5104084220,Debashis Adhikari
A5019585102,Debdatta Kandar
A5069442872,Deems Okamoto
A5038369716,Deepti Tikariha Jangde
A5070348318,Deng Wen
A5100617481,Deng Zhang
A5082528388,Dennis J. Leary
A5080199946,Dennis R. Salahub
LOCAL_A000377,"Departamento de Ecuaciones Diferenciales y Análisis Numérico, Facultad de Matemáticas, Universidad de Sevilla, C/Tarfia s/n, 41012-Sevilla, Spain"
A5008231286,Detlev Ganten
A5101044326,Devender Kumar
A5074922240,Devendra Kumar
A5010420002,Dewar Finlay
A5029004884,Dewati Ayusri Artha
A5027709025,De‐Thu Huynh
A5064985967,Dhameer A. Mutlak
A5069783085,Dhruvik Agravat
A5101978986,Dian Liu
A5019750138,Diana E. Reingardt
A5035351643,Diane Simon
A5023389293,Dianjun Zhang
A5069302582,Dianne L. Atkins
A5027349486,Dick van Zuilen
A5081951393,Didier Lesueur
A5121830684,Diego R. R. da Silva
A5031994008,Diego Rhamon Reis da Silva
A5018331389,Diem Hong Tran
A5075903963,Diem Ngoc Duong
A5108233925,Diem Ngoc Ngo
A5110849253,Dien Thanh Le
LOCAL_A000283,Dien To
A5043639014,Dien Tran Duc
A5077351891,Dien Vu Thanh TO
A5087502668,Diep Doan
A5082370353,Diep T. Toan
A5062946533,Diep Thi Ngoc Le
A5037185882,Diep Van Nguyen
A5044053378,Diep Xuan Doan
A5065771880,Dieu An Nguyen Thi
A5071070151,Dieu Linh Tran
A5001133335,Dieu Thi My Tran
A5027706693,Dieu Tran Thi My
A5052287713,Dieu-Thuyen Truong
LOCAL_A000499,Dieudonne Shukuru Wasso
A5101732045,Dileep Kumar
A5123912627,Dileep Kumar
A5086434450,Dileep Kumar
A5130062909,Dileep Kumar
A5034663096,Dinesh Joshi
A5066816551,Dinesh Kumar Vishwakarma
A5070442948,Ding Jing-pin
A5028918749,Dinh Chuong Nguyen
A5036720382,Dinh Cong Pho
A5002377783,Dinh Dieu Hong
A5000769140,Dinh Hoa Dang
LOCAL_A000212,Dinh Hung Nguyen
A5136852879,Dinh Huu Loc
LOCAL_A000384,Dinh Huy Nguyen
A5107154585,Dinh Huynh Tu
A5078885223,Dinh Khuong Nguyen
A5009794917,Dinh Luong Khac
A5066757939,Dinh Nhi Bui
A5089334735,Dinh Phamtoan
A5138033626,Dinh Phi Le
A5103014821,Dinh Quang Truong
LOCAL_A000587,Dinh Quoc Huy Pham
A5058905920,Dinh Son Cao
A5021802783,Dinh Sy Nguyen
A5104192946,Dinh Tam Nguyen
A5070708078,Dinh Tan Nguyen
A5016169617,Dinh Thanh Khan
A5001031417,Dinh Thi Tam
A5114202432,Dinh Thi Truong Giang
A5030260489,Dinh Thuy Van
A5035059477,Dinh Tien Dung Nguyen
LOCAL_A000589,Dinh Tien Minh
A5042315945,Dinh Tran Ngoc Hien
A5044845498,Dinh Tran Ngoc Huy
A5038031031,Dinh Trung Nguyen
A5101704561,Dinh Trần Ngọc Huy
A5022561054,Dinh Tuan Le
A5024392587,Dinh Tung Vo
A5045107989,Dinh Tuyen Nguyen
A5003545280,Dinh Van Ho
A5036034688,Dinh Van Tung
A5062017995,Dinh-Hieu Tran
A5008120161,Dinh-Hung Nguyen
LOCAL_A000720,Dinh-Son Tran
A5039502465,Dinh-Thai Do
A5089924692,Dinh-Thanh Nguyen
A5063959328,Dinh-Thien-Vuong Doan
A5008475914,Dinh-minh-tu Nguyen
A5056957912,Dinh‐Hoi Bui
A5071517633,Dinh‐Thuan Do
A5104035119,Dinh‐Tri Mai
A5122246823,Dinushika Madhushani Yapa Abeywardhana
LOCAL_A000490,Dinushika Madhushani Yapa Abeywardhana
A5090960288,Dipa Islam
A5092028947,Dj. Hemidi
A5074371760,Dmitriy A. Martyushev
A5070418471,Do Bao Son
A5122874808,Do Dieu Linh
A5002285759,Do Hoang Viet
A5001474077,Do Hung Manh
LOCAL_A000630,Do Huu Tam
A5031029211,Do Khanh Tung
A5029624791,Do Lam Vy Le
A5069167776,Do Lu Cong Minh
A5071547141,Do Mai Nguyen
A5123684279,Do Minh Hoat
A5039967609,Do Minh-Huy
A5137993674,Do Muoi
A5034148650,Do Muoi
A5108312301,Do Ngoc Hien
A5119048346,Do Quoc Minh Chau
LOCAL_A000069,Do T. Q. Huong
A5113353655,Do The Hung
A5121030745,Do Thi Mai Dung
A5024782599,Do Thi Minh Xuan
LOCAL_A000021,Do Thi Minh Xuan
A5034764343,Do Tuong Ha
A5023973706,Do Van Truong
A5091522531,Doan Dang Phi Hung
A5080892177,Doan Ngu
A5049392649,Doan Nguyet Linh
A5056246280,Doan Son Tran
A5083721261,Doan Thanh Son
A5062880735,Doan Thi Loc
A5079913240,Doan Thi My Hanh
A5055940614,Doan Thi Nhe
A5028442936,Doan Trang
A5073375320,Doan Van Hoang
A5030726191,Doan Xuan Diep
A5041135448,Doan Xuan Tien Nguyen
A5046562648,Doan-An Trieu
A5082583844,Dominic Trépel
A5136043944,Dominic Trépel
A5136773117,Dominic Trépel
A5080704496,Don C. Des Jarlais
A5108077585,Don Des Jarlais
A5025732300,Donal O’Regan
A5005497446,Dong Doan Van
A5022649488,Dong In Kim
A5048344489,Dong Le Van
A5113003739,Dong Phan Tan
A5071609618,Dong Phuong Truong
A5028803174,Dong Van Hoang
LOCAL_A000451,Dong X. Nguyen
A5010181020,Dong Xiao-ying
A5039142428,Dong Xuan Pham
A5067673175,Dong Zhong
A5101103076,Dong-Joo Yang
A5100643561,Dongkyu Lee
A5100342577,Dongsheng Zhang
A5027574307,Doris Fuster-Guillén
A5012999481,Doris Heinrich
A5123202475,Doston Pirnazarov
A5046970229,Douglas G. Fishel
A5113115341,Douglas L. Nguyen
A5044748414,Drahomíra Pavelková
A5054296239,Du Nguyễn Đức
A5027303758,Duc Anh Dinh
A5103029566,Duc Anh Le
A5055050491,Duc Anh Le
A5004993090,Duc Anh Pham
A5074158974,Duc Anh Phan
A5080052377,Duc Bao Tran Pham
LOCAL_A000102,Duc Binh Tran
A5054062927,Duc Duy Nguyen
A5061059537,Duc Hong Vo
A5074116301,Duc Le Anh
A5109917542,Duc M. Vo
A5029774953,Duc Manh Phan
A5101399107,Duc Minh Nguyen
A5079476476,Duc Minh Pham
A5034169259,Duc Ngoc Minh Dang
A5101182142,Duc Pham Anh
A5011868594,Duc Pham-Anh
A5107569559,Duc Phuoc Le
LOCAL_A000205,Duc Phuong Nguyen
LOCAL_A000708,Duc Quang Hoang
A5109713772,Duc Quang Vu
A5000817178,Duc Thanh Hung Duong
A5022241843,Duc Thinh Vu
A5019646634,Duc Tho Pham
LOCAL_A000527,Duc Toan Truong
A5104387604,Duc Toan Truong
A5136314463,Duc Tran
A5109478605,Duc Trong Le
A5080843178,Duc Trong Nguyen Le
A5074435622,Duc Van Le
A5060040851,Duc Van Phan
A5010346711,Duc-Duy Pham
A5102513442,Duc-Hoan Huynh
A5069820449,Duc-Huy Pham
A5058058761,Duc-Nhan Nguyen
A5102780199,Duc-Quang Vu
A5001193118,Duc-Quang Vu
LOCAL_A000655,Duc-Van Phan
A5011427978,DucHieu Le
A5068463807,Duck Cho
A5016298705,Duc‐Anh Le
A5061408196,Duc‐Dung Pham
A5005634790,Duc‐Huynh Phan
A5069277141,Duc‐Long Nguyen
A5062256983,Duc‐Quang Hoang
A5030756029,Dumitru Bǎleanu
A5016209496,Dung Duc Tran
A5075681850,Dung Minh Ha-Tran
A5043809031,Dung My Tran
A5053018788,Dung Nguyen
A5052612735,Dung Phung
A5058526082,Dung Quang Le
A5051697844,Dung Thi Pham
A5102481156,Dung Thi Thuy Nguyen
A5055658324,Dung Thuy Nguyen Pham
LOCAL_A000425,Dung Tien Pham
A5079358556,Dung Van Tran
A5018114538,Duong Anh Minh Vu
A5129587758,Duong Anh Tan
LOCAL_A000285,Duong Anh Tran
A5033103782,Duong Bao Tram
A5078059796,Duong Binh
A5114368828,Duong D. Hoang-Trong
A5058605077,Duong Dinh Pham
A5006545912,Duong Do Van
A5084329073,Duong Hai Vo Tran
A5052439520,Duong Huong Quynh
A5044956941,Duong Khanh
A5071784955,Duong Minh Tri
LOCAL_A000065,Duong Nam Nguyen
A5028381367,Duong Nghia Bang
A5069842035,Duong Nguyen Nguyen
A5038001329,Duong Nhu Quynh Nguyen
A5058620025,Duong Q. Nguyen
A5110281713,Duong Quang
A5109734751,Duong Thanh Hung Duc
A5050703987,Duong Thi Chuyen
A5069345368,Duong Thi Huyen
A5026283144,Duong Thi Lim
A5055240240,Duong Thi Thanh Thanh
A5055888733,Duong Thuy Hoang
A5114023578,Duong Tien
A5020412391,Duong Tran Anh
A5136291996,Duong Tran Anh
A5117509360,Duong Trong Nhan
A5117599546,Duong Truong Phuc
A5059729965,Duong Tuan Anh
A5091266202,Dusit Niyato
A5038764838,Duy Binh Ho
A5102547308,Duy Binh Nguyen
A5015818019,Duy C. Bui
A5044906171,Duy Chinh Nguyen
A5114045903,Duy Cong Vo
A5078951421,Duy Hien Tong
A5074603556,Duy Hien Tran
A5001954729,Duy Huỳnh Nhật
A5138162018,Duy Khanh Nguyen
A5135488699,Duy Khanh Nguyen
A5074327529,Duy Khanh Nguyen
A5119042681,Duy Khanh Nguyễn
A5103258679,Duy Khanh Pham
A5058313792,Duy Khanh Phạm
A5111089455,Duy Khuong Ly
A5053717509,Duy Khánh Phạm
A5023113797,Duy Le Anh Tran
A5093925263,Duy Ly-Khuong
A5128385340,Duy Ly‐Khuong
A5109495255,Duy Ngoc Pham
A5027129342,Duy Ngoc Pham
A5061587506,Duy Nguyen
A5115713811,Duy Nguyen Luc Ha
A5011290352,Duy Nguyen Phan
A5030451807,Duy Nhat Vu
A5035305639,Duy Phuong Nguyen
A5082824466,Duy Quang Dao
A5093677853,Duy Tan La
A5113942299,Duy Thuc Nguyen
A5109475242,Duy Toan Pham
A5038068417,Duy Toàn Phạm
A5087900851,Duy Tue Nguyen
A5087961624,Duy Vu Nguyen
A5000737661,Duy-Binh Ha
A5018054378,Duy-Hung Ha
LOCAL_A000656,Duy-Hung Ha
A5086635649,Duy-Khuong Ly
A5032442216,Duyen My Thi Vo
A5108844516,Duyen Nguyen Thi Thuy
A5113091446,Duyen Thi Kim Huynh
A5103224266,Duyen Thi Ngoc Huynh
A5042447339,Duyen Thi Nhu Huynh
A5108783693,Duyên Thi Kim Nguyêñ
A5070240653,Duy‐Duan Nguyen
A5072249565,Dyann Matson Koffman
A5079848691,Dzung Tran Trung PHAN
A5009757136,Dzung Tri Tran
A5055880156,Dũng Chí Vũ
A5046570834,Dương Ngoc Truong
A5085460338,Dương Quốc Hoàn
A5061256998,Dương Thúc Huy
A5006535949,Dương Thị Anh Đào
A5081814601,Dương Thị Quyên
A5094583818,Dương Thị Thúy Nga
A5011614425,Dương Thị Thủy
A5029896071,Dương Tuấn Quang
A5130888934,Dương Đổng
LOCAL_A000116,E Bottani
A5111869788,E D Frederickson
LOCAL_A000250,E Diener
LOCAL_A000171,E Elsayed
LOCAL_A000248,E Sierminska
LOCAL_A000314,E Williams
A5007201485,E. Boutalbi
A5053530979,E. J. Kim
A5009714575,E. J. Lee
A5062580557,E. James Jebaseelan Samuel
A5132046045,E. Kido
A5111061391,E. L. Conway
A5047142221,E. Löyning
A5056449503,E. M. de PAIVA
A5111866792,E. Weiß
A5027485314,EM Fields
A5014950400,Eddy Lang
A5057837479,Edison Ferreira de Paiva
A5057164223,Edlin M. Villarin
A5012007941,Eduard Kovalski
A5090925538,Edward A. Lebowitz
A5067618941,Edward Gaiser
A5056582727,Edward Park
A5028014897,Edward S. Ramsay
A5088653693,Eghbal Motaei
A5042265263,Ehsan Namaziandost
A5058053647,Ehsan Rahimi
A5039141089,Ehsan Shakerzadeh
A5041560102,Eibun Senaha
LOCAL_A000012,Eibun Senaha
A5102116435,Eileen Chen
A5087859003,Eko Nursanty
A5101914364,Eko Priyo Purnomo
A5050478516,Elaine Gilfoyle
A5010462592,Eleftherios Thalassinos
A5064521237,Elena Aïkawa
A5123433400,Elena N. Serikova
A5137491069,Elena N. Serikova
A5102990924,Elham Tahmasebi
A5059278613,Eliane Pereira dos Santos
A5111719564,Elieser Kaplinsky
A5058149770,Elijah Turner
A5067125998,Elio Di Segni
A5084825086,Elio DiSegni
A5087117056,Elizabeth R. Rogers
A5019197846,Elke Kleideiter
A5038884691,Emadaldin Mohammadi Golafshani
A5049758571,Emenda Sembiring
A5017572945,Emilie Bowman
A5118388860,Emily Wotzka
A5031890617,Emma Roberts
A5059457085,Emmanuel Nduka Amaefule
A5103087729,Emmanuelle Peyvel
A5013811641,Endre Harsanyie
A5063590027,Endro Dwi Hatmanto
A5052590300,Enid Chung Roemer
A5009699300,Enkhbayar Altantsetseg
LOCAL_A000504,"Erasmus, Victoria Ndinelago"
A5105003629,Erhard W. Lang
A5070062505,Eric D. Peterson
A5080893189,Eric J. Lavonas
A5049923319,Erica Kornblith
A5074997780,Erick Prayogo Walton
A5058362925,Erick Saavedra Flores
A5063956844,Ericka L. Fink
A5025664353,Erik Velasco
A5051430246,Erkan Nane
A5015367073,Ern Jell P. Abing
A5106111285,Ernoiz Antriyandarti
LOCAL_A000482,Ernoiz Antriyandarti
A5011627378,Erose Sthapit
A5049257114,Eslam Mohammed Abdelkader
A5103322564,Esther Minayo Ishuga
A5118752430,Ethan Vo
A5054517839,Eugene Tam
A5035240489,Eugene V. Koonin
A5079187530,Eunice M. Singletary
A5008930531,Evangelos Pallis
A5064804073,Evariste Tshibangu‐Kabamba
A5065071509,Everard van Kemenade
A5074260255,Evert Jan Meijer
A5088950452,Evgeny Burnaev
A5082438382,Ewa Kościelniak
A5046366464,Ewald Janssens
A5085741547,Ewane Basil Ewane
A5079958449,Eyal Golan
A5050925561,Ezra Susser
LOCAL_A000129,F Ekstedt
LOCAL_A000124,F Semet
LOCAL_A000228,F Yammarino
A5136977010,F. Bradfield
A5087698693,F. D. da SILVA CURBELO
A5029874126,F. Kakimoto
A5081887421,F. Mekideche-Chafa
A5055267657,F. Sartori
A5005283925,Fabio Gionfra
A5020278447,Fabio Sartori
A5086514385,Fabio Sartori
A5074963113,Fabián N. Murrieta-Rico
A5003546699,Fadeyi Olatunji
A5101942828,Fahad Ahmed Al-Zahrani
A5087200966,Fahimeh Baei
A5008961078,Faiza Sharif
A5027631172,Fan Hui
A5056596042,Fan Jiwzhong
LOCAL_A000289,Fang Shui
A5002238892,Fangpeng Cui
A5022008299,Fangwei Han
A5089444182,Faras Al Balushi
A5112687130,Farhad Mohammad Torab
A5067522840,Farhan Bhanji
A5045541958,Farhan Khan
A5057644436,Farhan Mirza
A5061693096,Farid A. Harraz
A5085454704,Farida Imamutdinovna Gabidullina
A5035255903,Farouc A. Jaffer
A5116462497,Fastabiqul Khairot
A5035395012,Fatemeh Afghah
A5055004314,Fatemeh Soltanifar
A5135221641,Fathima Ayman
A5025159311,Fat‐Moon Suk
A5027290274,Fayaz A. Malla
A5114060515,Fazal-E-Asim
A5075390580,Federico Fracassi
A5076305988,Federico Galvanin
A5035970169,Fei Ji
A5029226423,Fei Ji
A5034129399,Fei Yang
A5025713017,Felicia Hui Ling Chong
A5013742376,Feng Guo
A5100839259,Feng Quan
A5035693571,Feng Quanyua
A5033971798,Fengsheng Chien
A5057860286,Fenqin Zhang
A5082978015,Ferdinand F. Batayola
A5090593514,Fernando Buendía
A5124588332,Fiqha Humairah
A5107436860,Fitria Sari Wulandari
LOCAL_A000036,Fitria Sari Wulandari
A5115399157,Flavia Tavares
A5068485938,Florian K. Zeugswetter
A5020358581,Florian Schlotter
A5061741179,Forqan Ali Hussein Al-Khafaji
A5080054775,Fotima Sapoeva
A5075005049,Francesca Spigarelli
A5015787949,Francesco Scotognella
A5060760122,Francesco Sera
A5072941252,Francisco Palermo
A5021876776,Frank M. Sacks
A5003854144,Frank Verstappen
A5098414159,Frans C. van Ameyden van Duym
A5051113352,Frederic Krabbe
A5054591254,Fredrik Kiil
A5011245031,Frida Sidik
A5072098542,Friederike Gieseke
A5056794023,Friedrich C. Luft
A5082945083,Fulgent P. Coritico
A5001675506,Fumito Chiba
A5006311823,Fèmi E. Hounnou
LOCAL_A000512,Fèmi E. Hounnou
LOCAL_A000700,G &zareian
A5124934837,G Boopalan
LOCAL_A000107,G Campuzano
LOCAL_A000188,G Croes
LOCAL_A000330,G Langie
LOCAL_A000339,G Lee
LOCAL_A000138,G Li
LOCAL_A000193,G Reinelt
LOCAL_A000312,G Rubera
LOCAL_A000115,G Vignali
A5113298949,G. Furlich
A5136898771,G. I. Rubtsov
A5051435891,G. Lettinga
A5036212178,G. P. Hallal
LOCAL_A000615,G. Vinitha
A5011418488,G. W. Kim
A5010707914,G.L. Myronchuk
A5111228622,Gabriel Enrique De-la-Torre
A5135216739,Gabriel S. Diniz
A5120996342,Gabriel Sousa Diniz
A5119797401,Gabriela Natasha Sutandi
A5112843290,Gabrielle Harris
A5074774772,Gabrielle Nuthall
A5111192946,Gai Dai Dinh
A5057758597,Gaizhuo Zhang
A5002161235,Gamal M. Nassar
A5070384492,Gangga Anuraga
A5037837813,Gap‐Sue Kim
LOCAL_A000518,"Gates, Ian D."
LOCAL_A000480,"Gates, Tara"
A5079381636,Gavin D. Perkins
A5101402718,Ge Sang
LOCAL_A000002,Gene Yong-Kwang Ong
A5088677076,George J. Musa
A5089751241,George Mylonakis
A5114010145,Gerald Hörner
A5016561586,Ghita Benchekroun
A5019505457,Ghulam Dastgeer
A5018592470,Gi-Chol Cho
A5119834139,Gia Bao Duong
A5042408344,Gia Hong Tran
A5133427062,Gia Huy Huynh
A5059374909,Gia Huy Ngo
A5015610209,Gia Linh Ha
A5029048793,Gia Luat Diep
A5106785511,Gia Luat Diep
A5055473116,Gia Quyen Phan
A5054990885,Gia Thien Luu
A5104942826,Gia Đức Trương
A5102787852,Gia-Vuong Nguyen
A5121471388,Giang Dang Ngoc Thi
A5113245914,Giang Huong Thi Vu
A5036250530,Giang N. L. Vo
A5102666774,Giang Ngoc Ha
A5086441327,Giang Ngoc Nguyen
A5041738711,Giang Nguyen Hoang Le
A5063551372,Giang Nu To Truong
A5108320384,Giang Thi Huong Ngo
A5123961539,Giang Thi Thu Hong
A5021635788,Giang Tien Nguyen
A5118963635,Giao
A5079426909,Giao Hà Nam Khánh
A5075708496,Giau M. Le
A5052104891,Gilbert M. Mugisho
A5092989807,Gio Serafin Ivan Jimenez Marcaida
A5135276087,Giovane B. Suss
A5120953003,Giovane Beck Suss
A5029534432,Giuliana Furci
A5054097796,Giuseppe Ristagno
A5091701946,Giuseppe Ruta
LOCAL_A000508,"Glenn, Darcy"
A5103749367,Goh Su-Yen
A5121471224,Gorin Sergey
A5026382468,Gowri Sivaramakrishnan
A5015967624,Gregorio H. Cocoletzi
A5064473053,Guangde Yang
A5102220548,Guangwu Xiong
A5112826970,Guanming Qi
A5078680445,Gudrun Demmert
A5084660092,Guido De Roeck
A5035589368,Gul Rahman
LOCAL_A000513,"Guloba, Madina Mwagale"
A5061672192,Gunaratnam Gunashanhar
A5116808724,Gunganist Kongklad
A5038701537,Guo Al-lia
A5051877757,Guo Feng Luo
A5042002273,Guo-Ping Chang Chien
A5123186240,Guo-Ping Chang-Chien
A5100380164,Guohua Li
A5029163162,Gustavo Carlo
A5009690733,Gyeongpyo Ham
LOCAL_A000201,H Adeli
A5031627421,H Becker
LOCAL_A000332,H De Cieri
LOCAL_A000241,H Deng
LOCAL_A000185,H Hasanien
LOCAL_A000691,H Kassem
LOCAL_A000329,H Knipprath
LOCAL_A000692,H Le
LOCAL_A000693,H Manzouri
A5055790770,H N Le
A5060496598,H Quach
LOCAL_A000180,H Rezk
LOCAL_A000366,H Robben
LOCAL_A000239,H Ruhl
A5133126062,H-T. Dinh
A5071030668,H. A. M. van der Heijden
A5136985777,H. B. Kim
A5071619309,H. Brüning
A5055786940,H. Dai
A5104384413,H. He
A5126899755,H. Jung
A5076730030,H. Mineo
A5130242755,H. N. Long
A5069934465,H. N. Long
A5136931926,H. Nakamura
A5110723201,H. Ohoka
A5136930195,H. Oshima
A5025370032,H. P. B. Ngoc
A5088589391,H. Pham
A5032100162,H. Quan
A5045420242,H. S. Le
A5136913949,H. Sagawa
A5041321676,H. Tran
A5001649826,H. Tran-Ngoc
A5042307561,H. Vincent Poor
A5027706324,H. William Strausś
A5100681381,H. Yamaguchi
A5040711397,H.H.M. Rijnaarts
A5109145665,H.M. Nguyen
A5006198476,H.N. Toan
A5120347235,H.N.T. Phung
A5036260987,H.P. Nguyen
A5122310706,HP Nguyen
LOCAL_A000395,HPU2
A5004954278,HU Jian-ming
A5077159769,Ha Che‐Ngoc
A5096362209,Ha Hoang Hieu
A5001975381,Ha Hong Nguyen
A5068570499,Ha Huu
A5126307449,Ha Huu Do
A5054736195,Ha Luong
A5088349333,Ha Manh Bui
A5083516573,Ha Ngo Ngan
A5011071867,Ha Ngoc Giang
A5117757285,Ha Nguyen Ngan
A5035584901,Ha Pham
A5104115904,Ha Som Oh
A5102880338,Ha T.
A5022572064,Ha Thai Thi Thu
A5075235852,Ha Thanh Dong
A5044156341,Ha Thanh Ho
A5102933878,Ha Thanh Tung
A5080404353,Ha Thi Nguyen
A5048414571,Ha Thi Thanh Nguyen
A5007052251,Ha Thi Yen Nhi
A5114202395,Ha Thu Hoang
A5000852799,Ha Viet Dong
A5121476018,Ha Vo Thi
A5015273816,Ha-Nam Nguyen
A5017977010,HaHoang Thi Hong
A5064378058,Hadi Nazaripouya
A5002135635,Haejoon Jung
A5024527852,Hafiz Muhammad Tofil
A5124037743,Hai Bang Truong
A5028355700,Hai Bang Truong
LOCAL_A000619,Hai Bang Truong
A5085948144,Hai Canh Vu
A5121682937,Hai Duong Nguyen
A5012148464,Hai Ha Pham Thi
LOCAL_A000596,Hai Hoang
A5100570849,Hai Le Tran
A5082578116,Hai Minh Nguyen Tran
A5015417417,Hai Minh Nguyen-Tran
A5101149346,Hai Phong Nguyen
A5029407674,Hai T. Nguyen
A5107851161,Hai T. Nguyen
A5080275074,Hai Thanh Pham
A5113058619,Hai Thi Tang
A5016121125,Hai Trung Huynh
A5051047872,Hai Xuan Nguyen
A5102346530,Hai-Bang Truong
LOCAL_A000058,Hai-Ha Pham
A5049270537,Hai-Yen Nguyen-Thi
A5112037077,Haidar Ali
A5072039769,Haihua Ruan
A5067607444,Haika Mohi-Ud-Din
A5100727459,Haiqing Wang
A5100742825,Haiyan Hong
A5050158948,Hakim AL Garalleh
A5029433243,Ham Nguyen
A5018903635,Hamayoun Mahmood
A5078842316,Hamid Assilzadeh
A5052523494,Hamid Mukhlis
A5067559759,Hamoud Al-Hadrami
A5099244504,Han Gia Dang
LOCAL_A000282,Han Luong
A5094582176,Han Minh Chau
A5031370887,Han Thai Minh Nguyen
A5104340853,Han Thi Truong
LOCAL_A000583,Hanaa Ahmed
A5024653854,Handhito Satriyo
A5007005563,Hang Le Thu
A5083529055,Hang Ngoc Thuy Tran
A5069332870,Hang Nguyen Thai Phung
A5069826673,Hang Thi Nguyen
A5103505239,Hang Thi Thu Ho
A5066261564,Hang Thi Thuy Cao
A5101950922,Hang Thi Tran
A5128187188,Hanh Lan Nguyen
A5106344374,Hanh My Le Bui
A5033434650,Hanh Phuc Le
A5102749218,Hanh Thi Hong Nguyen
A5050450168,Hanh Vu Thi Kim
A5069639294,Hanleem Lee
A5036413818,Hans‐Peter Vornlocher
A5042391653,Hanyu Jin
A5084459300,Han‐Suk Kim
A5100629829,Hao Lu
A5100452334,Hao Ma
A5108769132,Hao Phu Dong
A5136015910,Hao Quang Nguyen
A5039649826,Hao Van Le
A5024439777,Hao-Chien Yang
A5002969262,Haoran Hu
A5036483874,Hari Vuthaluru
A5059157179,Harikumar Pallathadka
A5050494962,Harkamal S. Jhajj
A5044574268,Hau Huu Huynh
A5112944835,Hau Tran
A5073009058,Hau Tran Duc
A5126849722,Haw-Ming Huang
A5055538986,Hawwin Muzakki
A5111186868,Hayato Murakami
A5081442162,Hazhari Ismail
A5034305048,He Huang
A5100719060,He Xiao
A5071719715,Heather A. Cook
A5056827171,Heejae Park
A5102781968,Heejung Yu
A5039877065,Heinrich Lang
A5084227679,Helen G. Liley
A5021056526,Helena Chládková
A5075693129,Hem Desai
A5074629462,Hemeng Zhang
A5093416618,Hendra Gonsalve W. Lasar
A5066566618,Hengmin Zhang
A5111817425,Herman O. Klein
A5050981728,Hermes Carvalho
A5060927410,Hesam Kamyab
A5009152095,Hester van Bolhuis
A5035275556,Hibana
A5068659658,Hideki Shimizu
A5065742799,Hidenori Harada
A5029736742,Hideyuki Higashi
A5088732419,Hien A. Tran
A5014591962,Hien D. Tong
A5121514013,Hien Duy Tong
A5101308540,Hien Nguyen
A5031597959,Hien Nguyen
A5087153845,Hien Phuoc Phan
A5136231447,Hien Q. Ta
A5052919611,Hien Quoc Ngo
A5103648741,Hien T. Nguyen
A5079356031,Hien Thi Nguyen
A5070948770,Hien Thi Thu Ta
A5104779246,Hien Thu Nguyen
A5103112755,Hien Tran
A5057023966,Hien Trong Ton Nguyen
A5085740219,Hien V. Nguyen
A5137176937,Hien Van Bui
A5033199664,Hien Van Doan
A5101985554,Hien Van Nguyen
LOCAL_A000402,Hiep Duc Nguyen
A5137326585,Hiep Ha-Hoang
A5091397923,Hiep Minh Dinh
A5013654224,Hiep Nguyen Duc
A5084701281,Hiep Nguyen Thi
A5077488637,Hiep Pham
A5018775716,Hiep‐Hung Pham
A5085036106,Hieu Bui
A5036573017,Hieu Chi Tran
A5045073476,Hieu D. Nguyen
A5101663833,Hieu Duy Nguyen
A5102404071,Hieu Giang Le
A5104433127,Hieu H. Ha
LOCAL_A000081,Hieu Le Ho Trung
A5052421157,Hieu Linh Duong
A5055087826,Hieu Minh
A5007724232,Hieu Minh Vo
A5029157921,Hieu Minh Vu
A5034359529,Hieu NGUYEN TRINH DUC
A5135922283,Hieu Nguyen-Duc
A5061934686,Hieu Nguyen-Ngoc
A5092925734,Hieu Nguyenthi-Kim
A5113031574,Hieu Nhu Mai Vo
A5001693984,Hieu T. Nguyen-Truong
A5046024857,Hieu Tran
LOCAL_A000208,Hieu Tran Trung
A5061345492,Hieu Tran-Trung
A5102537963,Hieu Trung Ho Le
A5101663227,Hieu Trung Nguyen
A5068462237,Hieu Vu-Quang
LOCAL_A000678,Hieu-Duc Nguyen
A5112728667,Himad Ali
LOCAL_A000210,Himad Ali
A5045294363,Hinh Sai Nghiem
LOCAL_A000376,Hiếu Nguyễn Trung
A5114032954,Hiển Nguyễn
A5120630366,Hiệp Duy Phan
A5134781207,Hiệp Nguyễn
A5002699769,Ho Anh Duc Nguyen
A5098756445,Ho Binha
A5021858410,Ho Dang Quy Dung
A5053750142,Ho Dinh Phi
A5102791934,Ho Duy Binh
A5013795804,Ho Duy Binh
A5002869113,Ho Huu Loc
A5070564589,Ho Huyen Ly
A5078266246,Ho K. Nam
A5087106458,Ho Kim Dan
A5139426445,Ho Le Thi
A5040567185,Ho Quang Hoa
A5085001179,Ho Quoc Bang
A5102516866,Ho Thai Son
A5054973662,Ho Thi Kim Van
A5014324941,Ho Thi Ngoc Tram
A5023183230,Ho Thi Phuong Thao
A5117758222,Ho Thi Phuong Thao
A5111119645,Ho Tran Vu
A5099440088,Ho Trung Hieu Le
A5099052586,Ho Van Binh
A5068605413,Ho Vu
A5005871776,Ho-Nam Vu
A5020410686,Ho-Si-Hung Nguyen
A5122903487,Ho-Suk Choi
A5078514638,Hoa Binh Le Nguyen
A5018307990,Hoa Binh Le-Nguyen
A5016165289,Hoa Mai Phuong Nguyen
A5104039630,Hoa N. Nguyen
A5024894161,Hoa Ngoc-Tran
A5101742691,Hoa Nguyen
A5120591746,Hoa Pham Quoc
A5052294575,Hoa T. B. Ngo
A5118149061,Hoa T. Nhu
A5061317037,Hoa Thanh Phan Le
A5065757063,Hoa Thi Thanh Bui
A5030043518,Hoai Nam Dang
A5126004705,Hoai Tran Tu
A5015010937,Hoai-An Truong
LOCAL_A000105,Hoai. N. Pham
A5114155395,Hoan N. Tran
A5004612077,Hoan Nguyen
A5069724897,Hoang Anh Le
A5114995942,Hoang Anh Nguyen
A5045070026,Hoang Anh Son
A5136973147,Hoang Chieu Anh Phan
A5060471872,Hoang Dang Khoa Ta
A5092237489,Hoang Dang Phu
A5024816987,Hoang Hieu Ha
A5110833872,Hoang Khanh Thu Huynh
A5013060777,Hoang Kim Ngoc Anh
A5114594133,Hoang Le
A5050268148,Hoang Le Minh
A5075052743,Hoang Le Vu
A5005258254,Hoang Linh Dao
A5081124735,Hoang Long Ngo
A5042517501,Hoang Mai Nguyen
LOCAL_A000728,Hoang Minh Dong
A5065170284,Hoang Minh Phuc
A5092718174,Hoang Minh Tuyen
A5020086114,Hoang Minh-Anh Dan
A5061719042,Hoang Nam Nguyen
LOCAL_A000468,Hoang Nam Nguyen
A5006585321,Hoang Nghia Quang Huy
A5102660498,Hoang Ngoc Hien
A5079480834,Hoang Ngoc Khue Vu
A5002130582,Hoang Ngoc Mai Nguyen
LOCAL_A000719,Hoang Nguyen Tran Thi
A5037177799,Hoang Nguyen Van Minh
A5114038173,Hoang Nhat Minh Nguyen
A5039189182,Hoang Nhat Phong Vo
A5069939003,Hoang Thanh Hanh
A5012741140,Hoang Thanh Nhon
A5008055301,Hoang Thao Phuong Nguyen
A5068286496,Hoang Tien Nguyen
A5129723596,Hoang Trieu Vo Le
A5136851867,Hoang Trong Chien
A5111347325,Hoang Trung Truong
A5048882203,Hoang Tu Pham
A5047114429,Hoang Tuyet Nhi Thai
A5100766548,Hoang Van Nguyen
A5077653271,Hoang Van Toan
A5139457398,Hoang Van Trung
LOCAL_A000209,Hoang Van Trung
A5031161877,Hoang Viet
A5136238313,Hoang Viet
LOCAL_A000097,Hoang Viet Linh
LOCAL_A000607,Hoang-Anh Nguyen-Viet
A5027239578,Hoang-Anh Pham
A5077090472,Hoang-Dung Tran
A5084438384,Hoang-Duy Le
A5064125102,Hoang-Khoi Nguyen
A5079651930,Hoang-Lan-Anh Le
A5060501800,Hoang-Le Minh
A5084369852,Hoang-Long To
LOCAL_A000470,Hoang-Nhu-Khanh Huynh
A5088959676,Hoang-Phuc Nguyen
A5054287799,Hoang-Thach Vuong
A5062458911,Hoang-Thinh Do
LOCAL_A000723,Hoang-Vinh Nguyen
A5069510364,Hoang-Vinh-Truong Phan
A5116329277,Hoang-Yen Duong-Thi
A5109632243,HoangTu Pham
A5059639534,Hoang‐Jyh Leu
A5102804265,Hoang‐Phuc Nguyen
A5113179272,Hoang‐Phuc Nguyen
A5113089117,Hoc Thai Huynh
A5027988721,Hoc Thang Nguyen
A5077582388,Hoi Vu Le
LOCAL_A000040,Hoi-Bor Chan
A5080027721,Holger Lang
A5010203621,Holm Petzold
A5073087031,Hon Nhien Le
A5083658619,Hong Dien Nguyen
A5099757064,Hong Dung
A5088942436,Hong Hai Pham
A5101838627,Hong Jiang
A5115056501,Hong Le Doan
A5061718849,Hong Nghiep Vu
A5050842566,Hong Ngoc Truong
A5005115625,Hong Nhung Nguyen
A5128165841,Hong Pham
A5112261767,Hong Phong Nguyen
A5101308419,Hong Ren
A5039189916,Hong Thang Chau
A5075064773,Hong Thanh Pham
A5080542895,Hong Thanh Tran
A5065578580,Hong Thi
A5063270063,Hong Tien Vu
A5102002673,Hong Xin-hua
A5072516040,Hong Xuan
A5101344332,Hong Yen Phan
A5015962281,Hong-Giang Hoang
LOCAL_A000438,Hong-Khiem Phan
A5089107968,Hong-Lam Le
A5041960973,Hong-Nghiep Vu
A5012521502,Hong-Nguyen Tran-Thi
A5023168181,Hong-Nhu Nguyen
A5000027231,Hong-Tham T. Pham
A5100417317,Hongli Zhang
A5101533670,Hongling Li
A5102021989,Hongmei Meng
A5100757726,Hongying Liu
A5078138004,Hope Nyambura Njoroge
A5079664614,Hossein Mashhadimoslem
A5000949447,Houjie Zhou
A5000211187,Howard Andrews
A5018186356,Hoàn Dương Quốc
A5090734900,Hoàng Hải Sơn
A5109750908,Hoàng Lan Anh Phạm
A5067682063,Hoàng Long Phan
A5006496190,Hoàng Nghĩa Sơn
A5005819709,Hoàng Nguyễn Huy
A5109750909,Hoàng Phương Thảo Nguyễn
LOCAL_A000392,Hoàng Phước Mai
A5087726456,Hoàng Văn Đức
A5110942797,Hsiao-Yi Lee
A5111334653,Hsien-Chun Tsai
A5071979760,Hsien‐Pin Hsu
A5065648868,Hsin-Liang Liu
LOCAL_A000015,Hsin-Liang Liu
A5048989760,Hsin‐Pin Fu
A5101819600,Hsin‐Yi Chen
A5024110740,Hsuan-Min Kao
A5113393298,Hsuan-Yen Tsai
A5091746122,Hsueh‐Shih Chen
A5006594954,Hu Chaolang
A5110367900,Hu Wei
A5103670294,Hu Wei
A5113453184,Hu Yong
A5087680483,Hua Bai
LOCAL_A000385,Hua Quoc Nam Danh
A5009736760,Hua Van Luong
A5064720446,Huan Huu Nguyen
A5061828397,Huan X. Nguyen
A5044946155,Huang Jiang
A5022071004,Huang Meibo
A5102409685,Huang Shasha
A5083403495,Hucai Zhang
A5110966762,Hue Hoang Thi
A5053412741,Hue Minh Thi Nguyen
A5112268129,Hue Van Nguyen
LOCAL_A000380,"Hue, L. T."
A5108850616,Hue‐Tran Thi Dang
A5088561246,Hui Lin Ong
A5022935112,Hui-Pu Liu
LOCAL_A000019,Hui-Ru Lin
A5134539793,Hui-Ru Lin
A5135227654,Hui-Ru Lin
A5113121460,Hui-Ru Lin
A5130084594,Hui-Ru Lin
A5121964248,Hui-Ru Lin
A5126833535,Hui-Ru Lin
A5130332417,Hui-Ru Lin
A5132998477,Hui-Ru Lin
A5129722438,Hui-Ru Lin
A5089944324,Huichao Yin
A5100704450,Huiping Chen
A5012338314,Huiqing Lian
A5087704967,Humphrey Neame
A5058440573,Hun Jeong
A5028188200,Hung D. Nguyen
A5013241108,Hung Dang
A5134015655,Hung Dinh Nguyen
A5090756733,Hung Do Phu
A5100690079,Hung Duc Nguyen
A5124109688,Hung Huy Nguyen
LOCAL_A000467,Hung Lam Tran
A5088958605,Hung Ngo Minh
A5075466332,Hung Nguyen
A5024910823,Hung Nguyen
A5137438584,Hung Nguyen-Xuan
A5106708348,Hung Pham-Duy
A5119547354,Hung Quang Phung
A5101936200,Hung T. Le
A5027387894,Hung Tan Huynh
A5106164109,Hung Tran-Nam
A5078701490,Hung Tran-Viet
A5103041986,Hung Trong Hoang
A5005583322,Hung Vo Thanh
A5019334343,Hung-Anh Tong
A5102490695,Hung-Bui Van
A5088052580,Hung-Cuong Trinh
A5116628217,Hung-Thinh Pham-Tran
A5135208887,Hung-Yun Lin
A5130098709,Hung-Yun Lin
LOCAL_A000024,Hung-Yun Lin
A5128378047,Hung‐Thinh Pham‐Tran
A5067497938,Hung‐Yun Lin
A5089681202,Hung‐Yun Lin
A5009717125,Huolin Ma
A5102890550,Huong Bui
A5133627928,Huong Diem Thi Nguyen
A5111361534,Huong H. T. Nguyen
A5099594564,Huong Hien Thi Nong
A5081127696,Huong N. D. Thai
A5043214194,Huong Nguyen-Thu
A5085762348,Huong Nhung Dang
A5066204594,Huong T. Bui
A5031233789,Huong T. H. Nguyen
A5037668109,Huong T. H. Nguyen
A5065031193,Huong Thi Pham
A5109620041,Huong Thi Thanh Doan
A5101446353,Huong Thi Thu Le
A5111060140,Huong Thi Thu Tran
A5080743502,Huong Thuy Le
A5101204564,Huong Thuy Nguyen
A5105180206,Huong Tran
A5109665139,Huong‐Vy Thuy Ngo
LOCAL_A000536,Huu Cuong Le
A5076358810,Huu Cuong Le
A5014340937,Huu Hai Ngo
A5123864020,Huu Hung Dinh
A5101913899,Huu Hung Nguyen
A5101472479,Huu Khoa Tran
A5008610676,Huu Lam Phan
A5031297358,Huu Ly Truong
A5017679520,Huu Nghia Pham
LOCAL_A000710,Huu Nguyen Luu
A5010198389,Huu Phuc Dang
A5019381003,Huu Phuc Dang
A5017300335,Huu Quyet Nguyen
A5015900702,Huu Son Le
LOCAL_A000530,Huu Son Le
A5135428161,Huu Tam Do
A5109525017,Huu Thinh
A5030881692,Huu Tien Ho
A5063385963,Huu Tạp Van
A5044784332,Huu Vinh Trinh
A5060172696,Huu Xuan Quan
A5112515358,Huu-Canh Vo
A5026865222,Huu-Dien Nguyen
LOCAL_A000054,Huu-Hung Nguyen
A5120974622,Huu-Phuoc Bui
A5121066759,Huu-Tap Van
LOCAL_A000579,Huu-Tho Nguyen
A5048050751,HuuSon Le
A5077358597,Huu‐Hung Nguyen
A5079824896,Huu‐Nha Nguyen
A5052468815,Huy A. Nguyen
A5101705942,Huy Bui
A5070416393,Huy Cong Nguyen
A5021000959,Huy Duc Van
A5135198317,Huy Gia Huynh
A5114212779,Huy Gia Luong
A5109579113,Huy Gia Ngo
A5009209108,Huy Hung Tran
A5136550729,Huy Le Pham
A5035122431,Huy Minh Le
A5090868432,Huy N. Q. Phan
A5020729122,Huy Nghia Quang Hoang
A5036617503,Huy Nguyen
A5001785029,Huy Nguyen
A5117613150,Huy Nguyen-Ho-Nhat
LOCAL_A000104,Huy Nguyen-Quoc
A5017639225,Huy Q. Tran
A5139175222,Huy Quoc Tran
A5101772613,Huy T. Nguyen
A5076030417,Huy Thai Tran
A5124890289,Huy Thanh Phung
A5113021945,Huy Thảo Nguyễn
A5101900159,Huy Tien Nguyen
A5068124673,Huy Truong Nguyen
LOCAL_A000382,Huy Truong Nguyen
A5080477516,Huy Truong Quang
LOCAL_A000535,Huy Tuan Nguyen
A5137731172,Huy Tuan Nguyen
A5104119779,Huy Van
A5047470642,Huy Viet
LOCAL_A000595,Huy Xuan Chu
A5054853879,Huy Xuan Phan
A5135080598,Huy-Khoa Tran
LOCAL_A000379,Huy-Thao Nguyen
A5009247971,Huy-Thien Phan
A5014549353,Huyen Bach Thi
A5111144535,Huyen Dinh
A5103955201,Huyen Nguye
A5061739783,Huyen Nguyen Thi Thuong
A5112652952,Huyen Thi Bich Vu
A5031764988,Huyen Thi Thanh Tran
A5021847930,Huyen Thi Thu
LOCAL_A000612,Huyen Trinh Nguyen
A5063243962,Huyen Uyen Nhi Nguyen
A5108116590,Huyen-Tran Thi Nguyen
A5059009171,Huynh Anh Huy
A5062039544,Huynh Chi Nhan
A5087460269,Huynh Gia Huy
A5007561046,Huynh Hai Nghi Dang
A5091244134,Huynh Hoang Khanh Thu
A5020164540,Huynh K. Huong
A5037211367,Huynh Long Le
A5070941732,Huynh Mai Tu Dinh
A5083899294,Huynh Nguyen
A5043085038,Huynh Nhat Duy
A5117938566,Huynh Phuong Thao
A5055220887,Huynh Quoc An Thinh
A5116337066,Huynh T. T. Linh
A5077799265,Huynh Tam Hai
A5094236769,Huynh Tan Loi
A5010667167,Huynh Thai Hoc
A5111072575,Huynh Thanh Tam
A5026815034,Huynh Thanh Tien
A5104296153,Huynh Thi Khanh
A5007252074,Huynh Thi Phuong Loan
A5007637679,Huynh Thi Phuong Thuy
A5124201354,Huynh Thi Tram Minh
A5104723824,Huynh Thi Yen Nhi
A5059661400,Huynh V. Phuc
A5129926033,Huynh V. Phuc
A5136527356,Huynh V. Phuc
A5122339110,Huynh V. Phuc
A5038835298,Huynh Van Hoa
A5045277826,Huynh Van Long Luu
A5111021016,Huynh Van Long Luu
A5060923710,Huyuan Zhang
LOCAL_A000440,Huỳnh Dũng Thiêm
A5010384305,Huỳnh Hoàng Khánh Thư
A5028244068,Huỳnh Minh Tuấn
A5088952493,Huỳnh Vủ Thanh Lương
A5036306881,Hyeok-Ju Lee
A5084838089,Hyeryon Lee
A5101114148,Hyoju Kim
A5084325237,Hyonhui Choe
A5077232345,Hyoyoung Lee
A5136180805,Hyun S. Ahn
A5038600660,Hyung-Suk Han
A5054933494,Hyunseung Choo
A5111265074,Hà Minh Anh Ngô
A5088730223,Hà Mạnh Tuấn
A5022117269,Hà Pham-Ngoc
A5049804329,Hà Thanh Tùng
A5050904768,Héctor Manuel Camué Ciria
A5015134079,Héctor Sala
A5128809922,Hòa Anh Vũ Điều
A5040768487,Hùng Anh Lý
A5108865394,Hùng Chí Võ
A5119371024,Hùng Trương Quang
A5085504353,Hùng Trường Triệu
A5044387881,Hüseyin Barış Tecimen
A5114545008,Hüseyin Barış Teciment
A5057289601,Hưng Trần Văn
A5060887728,Hương Phạm Thị
A5091799409,Hương Thị Lan Nguyễn
A5059989774,Hải Phan Thanh
A5056153037,Hồ Nguyễn
A5090696769,Hồ Quốc Dũng
A5072705588,Hồ Thị Thanh Hiền
A5125499069,Hồng Nhung Nguyễn
A5089584186,Hồng Quân Nguyễn
A5016152230,Hồng Trường Lưu
A5119042679,Hữu Phúc Nguyễn
A5024009181,H’Linh Hmŏk
LOCAL_A000194,I Ali
LOCAL_A000345,I Nonaka
LOCAL_A000118,I Oliver
A5071582722,I-Hsien Lee
A5132988298,I-Hung Chen
LOCAL_A000014,I-Jeng Yeh
A5000585437,I-Yen Lu
A5062250884,I. Buckland
A5136947962,I. H. Park
A5090060709,I. Kharuk
A5129934117,I. Komae
A5136940267,I. T. Cruz
A5024153751,Ian D. Gates
A5021323660,Ian Maconochie
A5037542179,Ian R. Drennan
A5017621747,Ian Ramsey
A5082881241,Ibrahim Alhamrouni
A5024927907,Ibrahim Rasool Hani
A5022563807,Ikenna Odiakosa
A5075515533,Ilona Radkowska
A5068736163,Ilwoong Hwang
A5021149547,Imogen Schofield
A5101545411,In Park
A5110947774,In-chief Editor
A5024051545,Indira Karuppasamy
A5052525223,Indra Mulyawan
A5003674306,Indra Noviandri
A5015294864,Ingo Müller
A5015915107,Iqra Rabani
A5049516895,Irteza Qayoom
A5060670572,Isaiah Oboh
A5087016803,Ishak Ahmad
LOCAL_A000509,"Ishuga, Esther"
A5055046244,Iskandar Muda
A5063042707,Ismail Elkhrachy
A5069114387,Isyaku Hassan
A5135121032,Ivan T. Cruz
A5058104633,Ivan Toucedo Cruz
A5090445830,Ivan Zelinka
A5041576959,Ivar Eide
A5026219446,Iván Schmidt
A5057048916,I‐Jeng Yeh
LOCAL_A000334,J Abbott
LOCAL_A000307,J Alm
LOCAL_A000225,J Andreoni
LOCAL_A000179,J Arfaoui
LOCAL_A000237,J Burger
LOCAL_A000258,J Conway
LOCAL_A000684,J Cross
LOCAL_A000370,J George
LOCAL_A000168,J Guo
LOCAL_A000120,J Holland
LOCAL_A000273,J Mccroskey
A5109344144,J Michael Kilgore
LOCAL_A000176,J Pierezan
A5021824756,J Remington
LOCAL_A000367,J Vancouver
LOCAL_A000706,J Yi-Jiun
A5113668081,J Z Miller
LOCAL_A000369,J Zhou
A5129740652,J. A. Matthews
A5113595096,J. C. Christian
A5079289303,J. C. Wells
A5069753167,J. Chandra Priya
A5009738758,J. Fedotova
A5113137129,J. Firth
A5062476242,J. Fuentes
A5012079766,J. Guerrero Sanchez
A5011173370,J. Guerrero-Sánchez
A5078556006,J. M. Siqueiros
A5079183565,J. Matthäus Speck
A5136963529,J. N. Matthews
A5107318322,J. P. Lundquist
A5110180724,J. Portelles
A5025542439,J. R. Fernández-Gamboa
A5021265784,J. Stephen McDougal
A5107052422,J. W. Belz
A5086914152,J. Whang-Peng
A5083743252,J. Y. Moon
A5058809619,J. Zamora
LOCAL_A000342,J.-M Kang
LOCAL_A000341,J.-O Kwon
A5094041631,J.F. Rebellon Watsona
A5051935392,J.F. Rivas‐Silva
LOCAL_A000401,J.M. Siqueiros Beltrones
A5103046309,JI Yu-bin
A5079440745,Jack GAJ van der Vorst
A5113060363,Jack van der Vorst
A5073979930,Jacob Gefen
A5078106534,Jacqueline Bloemhof Ruwaard
A5061865174,Jacqueline M. Bloemhof‐Ruwaard
A5126032981,Jacqueline Whang-Peng
A5050575155,Jacquelyn B. Palmer
A5101480212,Jae-Min Kim
A5100705624,Jaehong Lee
A5064913428,Jae‐Suk Lee
A5038180308,Jae‐Young Chung
A5088916464,Jafar Jafari‐Asl
A5093091534,Jakpong Moonkawin
A5057664957,Jakub Hývl
A5120691164,Jakub Stefansky
A5044546353,Jalal Sadeghian
A5120984488,James Cho
A5136040019,James G. Kahn
A5013073221,James Langan
A5066273011,Jan Breckwoldt
A5084021444,Jan D. Carline
A5112430168,Jan L. Jensen
A5053204545,Jan Maybe C. Mainit
A5047516371,Jan Nedoma
A5116503919,Janchai Wongkaew
A5079259587,Jane A. McElroy
A5028419807,Janet Bray
A5111911511,Janet M. McNicholl
A5068613629,Janet Prvu Bettger
A5011391692,Janice A. Tijssen
A5058820007,Jar Ullah
A5033756063,Jaroslav Zdrálek
A5124033776,Jasana Maharjan
A5012780158,Jasem A. Albanai
A5107928007,Jasgurpreet Singh Chohan
A5025095503,Jasmeet Soar
A5077256081,Jasmine Jacobs-Wingo
A5024725268,Jason Bendall
A5004611183,Jason C. Canoy
A5087155298,Jason E. Buick
A5032430599,Jason E. Lang
A5025759682,Jason M. Hanson
A5023890153,Javad Robatjazi
A5073592697,Javed Masood Khan
A5036640407,Jawad Ali
A5025451580,Jaymit Surve
A5078135589,Jayshri Kulkarni
A5025577220,Jazmine N. Titular
A5030177637,Jean Marcel de Almeida Espinoza
A5014044862,Jean-Pierre Denis
A5043430500,Jeanette N. McClintick
A5088459735,Jean‐Marc Moncalvo
A5007880310,Jeehun Park
A5066772680,Jeewantha Rathnayake
A5095860330,Jeff Hubartt
A5055699158,Jeffrey L. Pellegrino
A5028391766,Jeffrey M. Perlman
A5036815509,Jefry Wahyudi Safril
A5055365606,Jenho Peter Ou
A5004988236,Jennifer A. Dawson
A5090514977,Jennifer Baylon Verances
A5015030111,Jennifer Baylon Verrances
A5061856949,Jeongyong Kim
A5086950255,Jerry P. Nolan
A5046582092,Jerzy Kowalski
A5052092290,Jessica Bomyea
A5075293805,Jessika Bohlmann
A5037329176,Jestin N. Carlson
LOCAL_A000517,"Jeuland, Marc"
A5063894861,Jewon Lee
A5046539676,Jeyon Chung
A5007283022,Ji De Lang
A5101716076,Jiale Lin
A5100905868,Jian Zheng
A5062653189,Jianbei Qiu
A5101487006,Jianbin Chen
A5073077276,Jiang Hong
A5102884219,Jiang Ming
A5083387016,Jiang Si-sheng
A5051884219,Jiang Tianyu
A5088805063,Jiang Xue
A5072771340,Jianguo Wang
A5101455057,Jianhua Ye
A5100374993,Jianjun Liu
A5004952365,Jian‐Ying Chuang
A5075570047,Jiao Qiao
A5102621665,Jiazhen Jiang
A5101356478,Jie Chai
A5101846708,Jie Cui
A5100338420,Jihyun Park
A5129476969,Jim Shiau
A5004341522,Jim Shiau
A5112107553,Jin Ho Chun
A5026736557,Jin Liu
A5125543565,Jin Ming Wang
A5016336795,Jin Seog Gwag
A5101489171,Jin Woo Choi
A5016443118,Jin Yan-juan
A5100366805,Jin-Ho Kim
A5101416013,Jing Kong
A5100336793,Jing Li
A5014308617,Jing Meng
A5108152504,Jing-Shan Lin
A5069951259,Jingyang Zhao
A5069165069,Jinping Liu
A5100390259,Jinsoo Kim
A5104652264,Jinsun Lee
A5074528425,Jirapast Sichaem
A5111567379,Jitesh Parmar
A5100328627,Ji‐Hee Kim
LOCAL_A000666,Joanne C. Langan
A5026652025,Joanne C. Langan
A5006316327,Joanne Iennaco
A5098699139,Joe Eu Heng
A5071281982,Joecyn N. Archival
A5111685187,Joel A. Goebel
A5075075490,Joel Antúnez-García
A5013777042,Joel Chan Cheng Hoong
A5055712772,Joemer Adorna
A5071278301,Johann Greil
A5029852484,John A. Burt
A5001549960,John Baker
A5135570915,John Bolten
A5052869556,John D. Carroll
A5022723002,John E. Billi
A5099225713,John Eylander
A5109419815,John Kirkwood
A5053655626,John Leys
A5007239425,John M. Kirkwood
A5070482335,John Parnell
A5073007383,Johnson Toyin Fasinmirin
A5021544196,Jonathan G. Seidman
A5112753382,Jonathan L. Epstein
A5003722648,Jonathan P. Duff
A5110608596,Jonathan Sánchez Guerrero
A5022508032,Jonathan Witt
A5060189092,Jonathan Wyllie
A5004667230,Jonathon Hutchinson
A5018334271,Jong-Mo Seo
A5033959758,Joo Hwan No
A5041708086,Joost CL van Buuren
A5005385235,Jordan Capnerhurst
A5109542308,Jorge Del‐Pozo
A5082881656,Jorge F. Montenegro
A5107190682,Jorge del Pozo
A5082218840,Jose Maria E. Ferrer
A5120882202,Jose R Fernandez-Gamboa
A5101028042,Joseph Ho
A5015396426,Joseph L. Unthank
A5028396638,Joseph Loscalzo
A5052436567,Joshua C. Reynolds
A5091530626,Joshua D. Hutcheson
A5010808044,Joshua T. Mattila
A5000972753,José A.F.O. Correia
A5079443977,José Claudio O. Silva
A5065506534,José Cláudio Oliveira Silva
A5006282791,José Luis García Bello
A5106234466,José Potting
A5135206950,João Carlos M. Alves
A5055042504,João Carlos Martins Alves
A5057515922,Ju Jiang
A5117365838,Juan Lorell Ngadio
LOCAL_A000035,Juan Lorell Ngadio
A5085494628,Juan Marchant González
A5073646553,Judit Oláh
A5010409421,Judith Finn
A5059660065,Judith van Leeuwen
A5006188990,Jui-Fang Chang
A5112653162,Jui‐Chung Kao
A5115399158,Julia Lieser
A5081626037,Juliana Costi
A5033052795,Julie Considine
A5080968099,Julio Guerrero
A5055887373,Julius L. Decano
A5102861347,Jun Chen
A5042900753,Jun Lu
A5100642380,Jun Wang
A5121943369,Junanda Waikhom
A5054540603,Jung Sik Choi
A5042743185,Jung-Mu Kim
A5110409610,Junichi Toyoda
A5071115771,Junko Akada
A5041027404,Junsu Kim
A5024816582,Juveriya Parmar
A5030044183,Jyh Hoang Leu
A5023075536,Jyotendra Kunwar
A5110748521,Jyun‐Yi Yeh
A5006223967,Jéssica Paola Palacios Garay
A5018665089,Jörn Bankwitz
LOCAL_A000234,K Baytemir
LOCAL_A000235,K Bollen
LOCAL_A000247,K Doorley
LOCAL_A000173,K Elsayed
LOCAL_A000196,K Kasmarik
LOCAL_A000265,K Kim
LOCAL_A000170,K Mahamud
LOCAL_A000343,K Na
A5056343785,K Popović
A5124906951,K R Jaganbharathi
A5101884633,K. Abe
A5028627559,K. Bhavana Raj
A5016854536,K. Derrar
A5129736816,K. Endo
A5133262214,K. F. Kalmykova
A5110833308,K. Fujisue
A5134549678,K. Fujita
A5045339304,K. H. Lee
A5132017636,K. Hibino
A5014247682,K. I. Hahn
A5043204255,K. Kadota
A5082263749,K. Kasahara
A5132079624,K. Kawata
A5136905975,K. Komatsu
A5129737777,K. Komori
A5104753098,K. Kwak
A5077856417,K. Le‐Cao
A5130041802,K. M. Anis-Ul-Haque
A5077549606,K. M. Anis‐Ul‐Haque
A5009283189,K. M. Borow
A5102744968,K. N. Vishnudath
A5136898255,K. Nakazawa
A5006699792,K. Pflug-Rolfes
A5108143130,K. T. V. Oanh
A5012042206,K. Y. Chae
A5000572041,K.-Y. Park
A5005475639,K.H. Lee
A5047032205,K.R. Jaya Sheeba
LOCAL_A000100,KHOA DANG NGUYEN
A5129840241,KS Nguyễn Hoàng Huy
A5130001086,KS Nguyễn Đức Tiến
A5041023060,Ka Yin Chau
A5102559764,Kabita Chaudhary
A5132980108,Kai-Fu Chang
A5129823529,Kai-Fu Chang
LOCAL_A000029,Kai-Fu Chang
A5121929092,Kai-Fu Chang
A5125908715,Kai-Fu Chang
A5130396600,Kai-Fu Chang
A5135098546,Kai-Fu Chang
A5000758877,Kai‐Fu Chang
A5083147348,Kamel Mouloudj
LOCAL_A000501,"Kammwamba, Alice"
A5041470006,Kamrul Hasan
A5026429087,Karam Alsafadi
A5115399160,Karen Brenner
A5064602782,Karen Kent
A5088433291,Karthikeyan Elangovan
A5029517462,Karthikrajan Senthilnathan
A5085026472,Kartika Afrida Fauzia
A5022972729,Katalin Kinga Horváth
A5023990485,Katarzyna Kujawa-Roeleveld
A5108726909,Katarzyna Kujawa-Roeleveld
A5009356185,Katherine M. Berg
A5013302470,Katherine McCleary
A5056762239,Kathy Haley
A5047250540,Katie N. Dainty
A5051054748,Katsutsugu Matsuyama
A5035120699,Kazem Godini
A5090037972,Kazem Mahmoud
A5004627844,Keaton Tremble
LOCAL_A000003,Kee-Chong Ng
A5113885004,Kee-Chong Ng
A5052072118,Keely Cheslack‐Postava
A5082595015,Kefa G. Mkongwa
A5010398085,Keith Couper
A5068776863,Kelly A. Wolgast
A5136294812,Kelly Thorp
A5058673187,Kenji Kawai
A5021979532,Kenji Kinashi
A5025049120,Kenneth M. Borow
A5068287338,Kenneth M. Langa
A5065893608,Kenny Bolo
A5002407497,Kent Francis R. Lumantao
A5072079980,Kenzie B. Friesen
LOCAL_A000506,Keophousone Phonhalath
A5044269266,Keophousone Phonhalath
A5025022818,Kerstin Stähr
A5088757599,Kevin C.‐W. Wu
A5108812264,Kevin Nation
A5032092538,Kevin Nguyen
A5004189991,Khac Manh Nguyen
A5025713091,Khac-Cuong Nguyen
A5072982996,Khac-Phuc Le
A5085301677,Khai Cong Dinh
A5136188560,Khai H. Do
A5048027237,Khai Nguyen Hoang
A5000774558,Khai Tran Dinh
A5001144676,Khaled Edbey
A5073170321,Khaled Mohamed Khedher
A5052253557,Khalia Monk
A5063136501,Khalid Aziz
A5120616452,Khang Chi Duong
A5013842891,Khang D. Pham
A5112982600,Khang Diep Nhat Nguyen
A5039060442,Khang H. Lu
LOCAL_A000732,Khang H. Pham
A5137142487,Khang Pham
A5101278247,Khang Pham
A5018614044,Khang Sinh Nguyen
A5123199436,Khanh An Thi Doan
A5066185060,Khanh Bui
A5101907055,Khanh Duy Nguyen
A5136933084,Khanh Duy Pham
A5126290397,Khanh Le-Minh
A5109595474,Khanh Linh Vu
A5120924308,Khanh Nguyen
A5088454026,Khanh Nguyen Hung
LOCAL_A000597,Khanh Thien Tran
A5061376260,Khanh V. Doan
A5113227108,Khanh V. Hoang
A5050247722,Khanh Van Le Thanh
A5113037102,Khanh-Bang Nguyen Ha
A5045509692,Khanh-Linh Nguyen
LOCAL_A000439,Khanh-Ngan Nguyen
A5093920008,Khanh-Ngoc Vy
A5104136263,Khiem Hong Phan
A5110937181,Khiem Mai Van
A5121793322,Khiem Nguyen
A5123188130,Khiet An Vuong
A5020643866,Khoa D. Nguyen
A5122678371,Khoa D. Nguyen
A5060086486,Khoa D. Nguyen
A5049698133,Khoa Dang Duong
A5101594165,Khoa Dang Nguyen
A5135672485,Khoa Dang Nguyen
A5046981823,Khoa Dang Nguyen
A5136546160,Khoa Ha Anh
A5045302320,Khoa Le
A5121658844,Khoa M. Tran
A5072370418,Khoa Manh Dinh
A5047541214,Khoa T. Phan
LOCAL_A000078,Khoa T. Phan
A5112402325,Khoa Tran
A5031178621,Khoa Tran
A5092794894,Khoa Truong Minh
A5112992444,Khoa V. Vu
A5087428803,Khoa Van Pham
A5120194609,Khoi Ngoc Minh Pham
A5037126039,Khoiriya Latifah
A5107198922,Khue Dinh Pham
A5131269179,Khuong-Duy Ly
A5005108080,Khurshid Khudoykulov
A5068152663,Khương Quoc Võ
A5068838532,Khởi Nghĩa Nguyễn
A5035968290,Ki Woo Kim
A5017438640,Kiara N. Broudy
A5040640883,Kien Hoang Pham
A5080590087,Kien Pham Van
A5086880424,Kien Pham Van
A5036760861,Kien Quan Tran
A5021261421,Kien T. Nguyen
A5081592766,Kien Trung Nguyen
A5101725627,Kien Trung Pham
LOCAL_A000654,Kien Van Pham
A5092949062,Kien Vu Duy
A5014860684,Kiet Ho
A5056839415,Kiet T. Nguyen
A5120715242,Kiet Vo Thanh
A5090824386,Kiettipum Phontree
A5085044386,Kieu Huu Dung
LOCAL_A000423,Kieu Kim Thanh Nguyen
A5029794080,Kieu My Bui
A5001802727,Kieu Thanh Binh
A5123569809,Kieu Tran Thi Thuy
A5114995951,Kieu Trinh Ngo
A5135603184,Kieu Van Tu
LOCAL_A000617,Kieu-My Bui
LOCAL_A000321,Kim
A5040535770,Kim Dan Ho
A5102642642,Kim Hoang
A5016282504,Kim Hoang
A5109035078,Kim L. Nguyen
A5070636138,Kim Lien Nguyen Thi
A5106161395,Kim Loan Bui Thi
A5042837158,Kim Q. Tran
A5114168431,Kim-Khang Huynh
A5117346098,Kim-Ngan Nguyen Thi
A5110573321,Kim-Phi-Phung Nguyen
A5104142688,Kim-Phuong T. Dang
A5045975445,KimHoang Do
A5112070802,Kimberly R. Harrison
A5012087265,Kioumars Taheri
A5024457808,Kirby Jasper Remo
A5019703024,Kirsty Roe
A5046255585,Kittisak Jermsittiparsert
LOCAL_A000542,Kiến Thành Lâm
A5041861160,Kiều Văn Tu
A5081347313,Koen Wetser
A5088508486,Koenraad G. Monsieurs
A5031337674,Koichi Funakubo
A5005289149,Koppaka Ganesh Sai Apuroop
A5059732519,Kothai Ramalingam
A5101975004,Kouichi Konno
A5047790977,Kouros Nekoufar
A5102754824,Krishna Prakash Arunachalam
A5039896793,Krishna R. Salin
A5010221839,Kristine M Schmit
A5055337948,Kristine Yaffe
A5023052681,Kristor Leong
A5074200091,Kuan Shiong Khoo
A5126824066,Kuan Wang
A5126021229,Kuan Wang
A5000259040,Kuan-Ting Wang
A5119281887,Kuang Wu
A5077520883,Kumala Mahda H
A5023847482,Kuniaki Uehara
A5083124889,Kun‐Yi Andrew Lin
A5031315212,Kuo-Cheng Kuo
A5082418119,Kurochka Pavel
A5057274224,Ku‐Fan Chen
A5045478080,Kwanghee Lee
A5100443627,Kwangsoo Kim
A5092372479,Ky Nguyen Tran
A5032288969,Ky Son Hoang
A5082336411,Ky Trung Nguyen
A5111361533,Ky-Nhu Ly
A5049138961,Kyo-in Koo
A5129434995,Kyungchun Lee
A5063848301,Kyungchun Lee
A5003130042,Kyunghwa Baek
A5075420892,Kyuro Sasaki
A5061007639,Kyu‐Ho Park
LOCAL_A000177,L Coelho
LOCAL_A000137,L Liao
LOCAL_A000272,L Mccroskey
A5087870646,L Phelan
LOCAL_A000155,L Strak
LOCAL_A000095,L T Hue
LOCAL_A000704,L Vandergrift
LOCAL_A000125,L Xu
LOCAL_A000135,L Yang
LOCAL_A000167,L Yin
LOCAL_A000351,L Yuan
A5050692751,L. Ait-Gougam
A5103150367,L. Brown
A5051704996,L. H. Khiem
A5024558444,L. Haydon
A5113811229,L. Hung
A5109469192,L. L. D. Thi
A5075983792,L. Minh Dang
A5052168970,L. T. H. Phong
LOCAL_A000067,L. T. Hue
A5064437476,L. T. K. Ngoc
A5111250556,L. T. T. Phuong
A5108681897,L. Truong
A5033393657,L. Xayavong
A5000164844,L. Yang
A5022579647,L. Zazzeron
A5019688833,L.N.Q. Thinh
LOCAL_A000665,L.T. Hue
A5066830587,L.T.T. Ngan
A5006955283,L.V. Bau
A5054917454,LI Shu-yan
A5062050270,LI Xiao-x
A5074982789,LI Xing-mi
A5117078370,Lac Van Vo
A5082843977,Lahouari Benabou
A5084044708,Lai P. Son
A5047030006,Lai Van Phut
A5069928094,Laihyuk Park
A5085860696,Laike Yang
A5043643766,Laine Thomas
A5023403556,Laith Abualigah
A5019391401,Lam Dai Phong
A5087580314,Lam Hoang Phuc
A5056522373,Lam K. Huynh
A5118694700,Lam Kien Thanh
A5084208478,Lam Kieu Van
A5005919150,Lam Le
A5045258763,Lam Minh Trung
A5069853519,Lam Nguyen Dinh
A5112961804,Lam Nguyen Hong Anh
A5062358076,Lam Nguyen‐Dinh
A5075250567,Lam Pham
A5080048400,Lam Van Tan
A5110577305,Lam-Tam-Nhu Nguyen
A5071493756,Lam‐Thanh Tu
A5058586048,Lan Anh Thuy Nguyen
A5091850427,Lan Chi Nguyen
A5102004284,Lan Chi Thuy Nguyen
A5137576630,Lan Huong Nguyen
A5101994945,Lan Huong Nguyen
LOCAL_A000565,Lan Huong Nguyen
A5109658764,Lan Hương Đào
A5005897892,Lan Mai Tran
A5054984885,Lan N. Pham
A5101775830,Lan Ngoc-Nguyen
A5006965773,Lan Nguyen
A5016269396,Lan Thi Mai Nguyen
A5051802781,Lan Thi Nguyen
A5103520002,Lan Tran
A5134759489,Lan Đào
A5055240207,Lan-Anh Thi Nguyen
A5052254001,Lan-Huong Nguyen
A5076720627,Lan-Huong Thi Pham
A5042452558,Lana M. Gent
A5093981255,Landon Balkwill
LOCAL_A000306,Lang
A5053135691,Lang Ho Lee
A5089709445,Lang Lee
A5100383607,Lang Li
A5100383604,Lang Li
A5124887268,Lang Nhat Tan
A5133822558,Lang Song Vu
A5100689692,Lang Wang
A5101781623,Lang Yan
A5009432444,Lang Zhong-wu
A5030536732,Lang Zhou
A5021059255,Langgeng Agung Waskito
A5100546631,Langlai Xu
A5098695042,Lara G. Moussa
A5024332433,Lara Sujud
A5074537027,Lars W. Andersen
A5012062329,Laurent Bruckmann
A5077878204,Laurie J. Morrison
A5085208410,Laurn Langhofer
A5073614585,Lawrence Amsel
A5012575818,Le Anh Duc
A5080190481,Le Anh Duc
A5012612250,Le Anh Luyen
LOCAL_A000062,Le Anh Luyen
A5093464640,Le Anh Thu Doan
A5117599545,Le Ba Nhat Minh
A5063440476,Le Buu Ky
A5056158177,Le C. Nhan
A5056681282,Le Chi Kien
A5011268524,Le Chi Thanh
A5075078838,Le Cong Hieu
A5088435831,Le Dang Quynh Nhu
A5020362824,Le Dinh Long
A5091398943,Le Do Phuong An
A5059158135,Le Doan Minh Duc
A5064354848,Le Gia Trung
A5124301476,Le Hanh Uyen
A5071928109,Le Hieu Hoc
A5099116976,Le Hoai
A5019098023,Le Hoang Sinh
A5040689665,Le Hong Dung
A5066381765,Le Hong Hanh
A5117094630,Le Hong Phu
A5071064677,Le Hong Trang
A5083861519,Le Hung Tien
A5076098136,Le Hung Tien
A5052953385,Le Huong Duong
A5009833099,Le Huong Hoa
A5114060108,Le Huu Minh Quan
A5124912806,Le Huu Son Hai
A5123952632,Le Kim Hoang Pham
A5009547395,Le Minh Khang
A5042273592,Le N. Tam
A5126087650,Le Ngoc Thanh Ngan
A5065210241,Le Ngoc Trinh Nguyen
A5070599449,Le Ngoc Vien
A5071364715,Le Nguyen Hoa Binh
A5129696686,Le Nguyen Ngoc Anh
A5040850954,Le Nguyen Thanh Nhan
A5117757286,Le Nguyen Thi Diem
A5090662722,Le Nhan Pham
A5075020324,Le Nhat Thanh
A5006299836,Le Phuc Chien
A5137605807,Le Phuong Hoang
A5132746810,Le Phuong Phuong Long
A5072476761,Le Phuong Thanh Luu
A5138125595,Le Phuong Truong
A5123185333,Le Phuong Truong
A5063030612,Le Phuong Truong
A5133483751,Le Phuong Truong
A5010835990,Le Quang Huy
A5108738049,Le Quang My
A5116397599,Le Quoc Huy
A5053992934,Le Si Ngoc
A5132943204,Le T. Hoa
A5093276916,Le T. Hong Gam
A5101189684,Le T.P.
A5123242141,Le T.T. Phuong
A5071977845,Le T.T. Phuong
A5083954845,Le Thai Hung
A5059510291,Le Thanh Dien
A5048509987,Le Thanh Duy
A5079032924,Le Thanh Nguyen Huynh
A5055876350,Le The Dung
A5039113161,Le The Dung
A5069810619,Le Thi Bao Tran
A5117543447,Le Thi Bich Phuong
A5124327425,Le Thi Bich Thom
A5107919035,Le Thi Cam Huong
A5107588231,Le Thi Hau
A5092774130,Le Thi Hoai Tram
A5016399927,Le Thi Hong Diep
A5112701559,Le Thi Hong Phong
A5123927654,Le Thi Hong Thuy
A5046942020,Le Thi Hong Thuy
A5122391746,Le Thi Kim Oanh
A5002515116,Le Thi Kim Oanh
A5066264424,Le Thi My Duyen
A5058364233,Le Thi Ngoc Diep
A5010890291,Le Thi Ngoc Lan
A5112650189,Le Thi Nguyen
A5057625755,Le Thi Phuong Loan
A5086009373,Le Thi Thanh Truc
A5067373966,Le Thi Thao Nhi
A5067117391,Le Thi Them
A5135981851,Le Thi Thuy
A5005894205,Le Thi Viet Nga
A5004230431,Le ThiKimOanh
A5104293876,Le Thien Quoc
A5078162843,Le Tri Dat
A5103193588,Le Tu
A5136992181,Le Tu Linh Pham
LOCAL_A000460,Le Tuan Anh
LOCAL_A000616,Le V. Hung
A5123232411,Le V. Hung
A5113047463,Le Van
LOCAL_A000446,Le Van Chuong
LOCAL_A000729,Le Van Doai
A5010210073,Le Van Giap
A5017280670,Le Van Huong
A5073756344,Le Van Linh
A5137920385,Le Van Tan
A5036684171,Le Van Tan
A5029071674,Le Van Thanh Sơn
A5071477512,Le Van Tho
A5006098346,Le Van Vinh
A5097712967,Le Vinh Dien
A5111951056,Le Vu Anh
A5059821967,Le Vu Huong Giang Le Vu Huong Giang
A5092892831,Le Vu Lan Oanh
A5041489201,Le Vu Linh Toan
A5035910808,Le Võ Phương Thuận
LOCAL_A000315,Le-Chi Bao
A5057317030,Le-Thi Anh-Dao
A5000210296,Le-Thuy-Thuy-Trang Hoang
A5061433920,Leahlou E. Narvios
A5113357766,Lean Hong Tan
A5000602333,Lech Rowiński
LOCAL_A000322,Lee
A5115601874,Lei Guo
A5075223103,Lei Shu-yu
A5082133635,Lelia Green
A5110201827,Leon I. Goldberg
A5088984994,Leonid V. Averyanov
A5010077597,Le–Kim–Thuy Nguyen
A5002509297,Li D
A5108103361,Li Hong
A5100361027,Li Li
A5101870783,Liang Feng
A5100425283,Liang Zhang
A5103106651,Liao Xiao-ling
A5053354763,Libing Yang
A5050404183,Lidya Kristiani
A5092090247,Liem Dinh Tien
A5092295668,Liem Huy
A5104115221,Liem Pham
A5071122568,Lien Le Phuong Nguyen
A5101677513,Lien Nguyen
A5121474607,Lien Nguyen Phuong
A5017509727,Lien Nguyen-Phuong
A5076784188,Lien Pham Hong Nguyen
LOCAL_A000646,Lien Phuong NGUYEN
A5102530480,Lien Thi Bich Bui
A5013750406,Lien Thi Kim Nguyen
A5113864661,Lien Thi Le
A5047214901,Lien Thi Quynh Le
LOCAL_A000427,Lien Thi Xuan Truong
A5044391214,Liliana Tedjosaputro
A5023875296,Lim Yi
A5101940487,Lin Bai
A5000067885,Lin Chun-xian
A5062581235,Lin Qi
A5101440733,Lin Qi
A5100970994,Lin Zl
A5110361679,Lina Dong
A5060576424,Linda Abramovitz
A5090904750,Linda Schnaubelt
A5112293344,Lindsay Mildenhall
A5085306572,Lindsey Rowley
A5101080410,Ling Lyu
A5079163262,Lingyan Jia
A5055424683,Linh Anh Nguyen
A5069067099,Linh Bui Thi Thuy
LOCAL_A000634,Linh C. Phan
LOCAL_A000418,Linh Cao
A5000022585,Linh Dang
A5037307550,Linh Duy Nguyen
LOCAL_A000292,Linh Duy Nguyen
A5116777687,Linh Ha Manh
A5131048753,Linh Le Dieu PHAM
A5045269843,Linh Nguyen
A5051920398,Linh Nguyen
A5102013689,Linh Nguyen Thi My
A5054511774,Linh Nguyen Thi My
A5003874380,Linh Nguyen Tran Cam
A5103840607,Linh Nguyen Vu
A5137032582,Linh Nguyễn Thị Nhã
A5019298056,Linh Pham
LOCAL_A000442,Linh Thi Hoai Tran
A5113092365,Linh Thi Thuy Bui
A5112588341,Linh Thuy Hoang
A5098911047,Linh Tieu Loan Tieu
A5076315053,Linh V. Nguyen
A5065973639,Linh Van Hong Bui
A5112326314,Linh Viet HOANG
A5028482510,Linyi Huang
A5004839227,Lisa Stammeleer
A5041603130,Lisa Tzu-Chi Chang
A5135500547,Lislee Valle
A5117610020,Lislee Valle
A5039791776,Lismadiana Lismadiana
A5059489963,Listz Araújo
A5121012343,Listz Simões Araújo
A5114377952,Liu Fei
A5104280858,Liu Yanan
A5016122031,Liwei Hsu
A5100732442,Lixiang Wang
A5100692135,Liying Song
A5100698220,Liyu Chen
A5056350822,Lloyd W. Sumner
A5103184608,Loan Dang
A5116441306,Loan Hong Ngo
A5068991338,Loan Luong
A5057330116,Loan Nguyen
A5078708416,Loan Phuong Thi Le
A5039042106,Loan Thi Cam Bui
LOCAL_A000660,Loan Vo Thi Kim
A5050803572,Loc Huynh Ba
A5051565588,Loc Le Quang
A5055078097,Loc Nguyen
A5103195189,Loc Tran
A5024408684,Loi Huynh Tan
A5036649104,Loi Nguyen Tan
A5137464092,Loi T. Huynh
A5074751857,Lois Wright Morton
A5043763268,Long Binh Vong
A5055510228,Long D. Nguyen
A5073182215,Long Giang Bạch
A5086866654,Long H. B. Nguyen
LOCAL_A000409,Long Hoang Phan
A5103857970,Long Huynh
A5068935522,Long Le‐Hoai
A5062199270,Long Nguyen Phan Bao
A5116777686,Long Pham Van
A5019323166,Long Tran Thanh
A5002827253,Long Van Duong
A5081826415,Lorenzo Compagnucci
A5078122387,Lu Hoang Khang
A5091625480,Lu Thi Tiep
A5036081937,Luan Hong Pham
A5111016928,Luan Huynh Nguyen
A5053429667,Luan Nguyen-Huynh
A5058034466,Luan Thanh
A5101199251,Luan Thanh Nguyen
A5026143976,Luc Phan Tan
LOCAL_A000625,Luca Battaglia
A5090518122,Luciano Gattinoni
A5044564966,Ludmila A. Sundeeva
A5110369816,Lui Wei
A5092349333,Lukas Hlavaty
A5101945330,Luo Hong
A5099127041,Luong Do Huynh
A5074819339,Luong Minh Lan
A5089526105,Luong Thi Khai
LOCAL_A000730,Luong Thi Yen Nga
A5087366501,Luong Thị Quynh Nga
A5109383268,Luong Van Hai
A5016461160,Luong Vuong Nguyen
A5009526572,Luu Chi Danh
A5016844947,Luu Cuong Tran
A5014200305,Luu Hong Minh
A5011862544,Luu Phuc Thinh Tran
A5001139341,Luu Thi Thanh
A5009326662,Luu Thu Quang
A5136988705,Luu Tran Thi Quynh
LOCAL_A000064,Luu Truong Giang
A5080175796,Luu Vu Cam Hoan
A5017294870,Luyen Pham Dinh
A5118883091,Lwin Mar Saing
LOCAL_A000670,Ly Duc Minh
A5015976746,Ly Hoang Diem
A5004005170,Ly Huu Pham
A5108502319,Ly Kieu Van
A5055726223,Ly Ngoc Cang
A5023751804,Ly Nhat Tam Duong
A5124964039,Ly Thi Huyen Chau
A5092800839,Ly Tran Ai Vy
A5112971315,LÊ BÁ LONG
A5050043464,László Baranyai
A5054482402,Lê Anh Tuấn
A5118272989,Lê Cong Yen
A5118143934,Lê Hoàng Bảo Trần
A5091597013,Lê Huỳnh Mỹ Vân
A5043243286,Lê Hùng Vũ
A5051004413,Lê Hồ Trung Hiếu
A5030334886,Lê Hữu Bình
A5028563714,Lê Lâm Sơn
A5118143933,Lê Minh Nhật Nguyễn
A5087070774,Lê Minh Đào
A5067640205,Lê Quang Luân
A5102734020,Lê Thanh Sơn
A5110569154,Lê Thi Lien
A5020833933,Lê Thành Long
A5024813208,Lê Thị Hòa
A5128704412,Lê Thị Kim Oanh
A5030511837,Lê Thị Kim Ánh
A5112918103,Lê Thị Lan Anh
A5053219066,Lê Thị Ngọc Bảo
A5063678665,Lê Thị Phương Loan
A5016501250,Lê Thị Thanh Hải
A5049764226,Lê Thị Thủy
A5132713198,Lê Thị Trung Đính
A5117428844,Lê Thị Tuyết
A5086812774,Lê Tiến Hà
A5050425757,Lê Trung Hiếu
A5078092289,Lê Văn Hiếu
A5003502568,Lê Văn Thọ
A5036824452,Lê Văn Tân
A5087917590,Lê Văn Vĩnh
A5080877722,Lê Văn Đại
A5039312494,Lê Vũ Trường Sơn
A5083079358,Lê Xuân Thắm
A5040349893,Lê Đức Giang
A5129617498,Lê-Quyên Thi Pham
A5068914974,Lívia Silva Araújo Passos
A5024924822,Lý Hải Sơn
A5063801562,Lưu Hữu Nguyên
A5104942827,Lệ Khanh Lưu
A5100015837,Lệ Khanh Lưu
A5134498492,Lệ Khanh Lưu
LOCAL_A000183,M Abdelkader
LOCAL_A000109,M Aguayo
LOCAL_A000197,M Akhand
LOCAL_A000319,M Alenezi
A5101353051,M Arifur Rahman
LOCAL_A000264,M Barrick
LOCAL_A000154,M Bui
LOCAL_A000181,M Dhaifallah
LOCAL_A000687,M Duong
LOCAL_A000254,M French
LOCAL_A000143,M Frncu
A5111497739,M Ho
LOCAL_A000182,M Ibrahim
LOCAL_A000152,M Kiran
LOCAL_A000270,M Martini
LOCAL_A000123,M Ogier
LOCAL_A000328,M Pinxten
LOCAL_A000651,M Q Pham
LOCAL_A000184,M Qais
LOCAL_A000352,M Rademakers
LOCAL_A000701,M Shahrokhi
LOCAL_A000350,M Song
LOCAL_A000363,"M Van, Ruiter"
A5061134783,M. A. Stanley
A5063960876,M. Abdel-Wahab
A5129646369,M. Allen
A5109776893,M. Batouche
A5030005142,M. Catherine Aime
A5129722229,M. Chanh Nguyen
A5036072460,M. D. Lamawansa
A5033343758,M. Djafri
LOCAL_A000643,M. Donghua
A5033819945,M. Fukushima
A5086419990,M. J. Kim
A5129771426,M. Kudenko
A5136945458,M. Kuroiwa
A5136985834,M. Kuznetsov
A5017672291,M. M. Degtyarik
A5136962121,M. M. F. Saba
A5107942006,M. Mofijur
A5129723091,M. Mori
A5113033300,M. N. Phan
A5136936495,M. Onishi
A5073331310,M. Piasecki
A5136948813,M. Potts
A5056388805,M. Przybylak
A5035021719,M. S. Kwag
A5136928618,M. S. Pshirkov
A5110845742,M. Syahputra
A5079813953,M.A and Hoang Thi Hoa Chau Thanh Nha
A5077330100,M.B. Bahari
A5084547760,M.M. Marchioretto
A5054964486,MAXIM S. NURALIEV
A5001562845,MINH QUAN DANG
A5092809842,Ma B. Nhu
A5057714841,Ma Bich Tien
A5047015242,Ma Deng
A5015097286,Ma Xiao-Ping
A5025936190,Maaret Castrén
A5038741719,Mabkhoot Alsaiari
A5101739118,Madhuparna Chakraborty
A5017992365,Madina Guloba
A5043012596,Mads Sloth Vinding
A5038668071,Magd Abdel Wahab
A5008596384,Mahasweta Nandi
A5102449057,Mahbub Kabir
A5085674671,Mahidzal Dahari
A5133317571,Mahmood Sami Salah
A5090037543,Mahmoud A.O. Dawood
A5097051672,Mai
LOCAL_A000082,Mai -Lan T. Nguyen
A5124364946,Mai An Pham
A5135945475,Mai Ba Khanh Trinh
A5106932605,Mai Dang Thu Hien
A5058516893,Mai Dinh Tri
LOCAL_A000381,Mai Dinh Tri
A5053761995,Mai Dong Tran
A5048385480,Mai Hong Nguyen
A5061704682,Mai Huynh Ngoc Phuong
A5113015228,Mai Lê Ngọc Hà
A5050040097,Mai Nguyen
LOCAL_A000399,Mai Nguyen
A5061056422,Mai Nguyen Lisovich
LOCAL_A000406,Mai Nguyen-Hoang
A5090773160,Mai Thai Son
LOCAL_A000411,Mai Thanh Doan Nguyen
A5077930392,Mai Thanh Loan
A5008510437,Mai Thi Phuong Nguyen
A5086169122,Mai Thi Thanh Tran
A5071521088,Mai Thi Thu Trang
A5096680269,Mai Thi Tuyet Vo
A5122635273,Mai Tran
A5006458816,Mai V. Hoang
A5098817519,Mai Vinh
A5046047434,Mai Xuan Nhat Chi Nguyen
A5130918484,Mai Xuan Thi LE
A5006405976,Mai-Anh Ho Pham
A5072396416,Makatar Wae-hayee
A5041315606,Makoto Orii
A5062032042,Malik Abdul Rub
A5063478996,Man Minh Doan
A5083435065,Man Minh Tran
A5016811667,Manab Chakravarty
A5022642033,Manh Cuong Hoang
A5101726934,Manh Hung Tran
A5004568971,Manh Nguyen Van
A5001939335,Manh Pham Hong
A5104179689,Manh Quan Nguyen
A5026427058,Manh Quang Vu
A5091576742,Manh Tri Pham
A5033642366,Manh Xuan Trinh
A5089967345,Manh‐Huong Phan
A5077980145,Manish Kumar Sah
A5021153739,Manoj Singh Adhikari
A5034249017,Mansour K. Gatasheh
A5065084903,Manuel Carlos de Brito
LOCAL_A000539,Maosheng Gao
A5101588922,Marc Bui
A5047251015,Marc Cretin
A5011083260,Marc Jeuland
A5053686396,Marcela Fang
A5113863931,Marcelo F. DiCarli
A5121050176,Marcelo M. F. Saba
A5120968951,Marcelo Magalhães Fares Saba
A5066407131,Marcia Caetano Langfeldt
A5088536141,Marcus Korb
A5039969130,Marek Dzida
A5089278605,Maren Buschmeier
A5044856217,Margaret A. Petty
A5004179658,Margaret Banga
A5060302514,Maria Alessandra Ragusa
A5037481542,Maria Carmela Aprile
A5055505215,Maria Carmo Pereira Nunes
A5081246759,Maria Dalgaard Mikkelsen
A5071898408,Maria Fernanda Branco de Almeida
A5048472994,Maria Jade Catalan Opulencia
A5007693704,Maria Sameiro Carvalho
A5064898960,Maria Thomas
A5052527227,Marian A. Evans
A5111200579,Mariana Denysyuk
A5021698878,Mariane Yvonne Schneider
A5137964415,Maricar Osabel
A5034254599,Mark C. Blaser
A5110345358,Mark N. Lobato
A5051445017,Martha Lucia Palacios Peñaranda
A5069022584,Martin Drobek
A5099120825,Martin Fajkus
A5000049016,Martin Gevonden
A5005695272,Martine van Zijll Langhout
LOCAL_A000526,"Martinek, Radek"
A5040423202,Mary Ann Peberdy
A5037640754,Mary E. Mancini
A5109354723,Mary Fran Hazinski
A5053823405,Mary Shadrach Omofowa
A5103531940,Mary V. Davis
A5059108095,Marzieh Naem Hasani
A5083021064,María Lozano Mantecón
A5078250747,Masaaki Kawachi
A5069867157,Masahiro Hori
A5079116380,Masaki Kita
A5112177412,Masaki Sasaki
A5064861833,Masanori Aikawa
A5034073288,Masatoshi Nomura
A5038772426,Mashari
A5062199751,Masoomeh Mirrashid
A5048556948,Massimiliano Turchetto
A5072269422,Massoud Moslehpour
A5120691163,Matej Sindelar
A5017851662,Mateusz Chwastyk
A5038719267,Mathew J. Reeves
A5066757164,Mathias J. Holmberg
A5089952804,Mathiyazhagan Narayanan
A5014429224,Matthew E. Meyer
A5021556130,Matthew G. Cowan
A5081805441,Matthew Huei‐Ming
A5022072785,Matthew R. Distasi
A5065970712,Matthew Riley
A5073839152,Matthias Pfeiffer
A5057183308,Matthias Schwab
A5028212671,Mau-Tra Nguyen
A5015667422,Maurice Cottier
A5081876084,Maurizio Comoli
A5111317906,Maurício Oliveira Righi da Silva
LOCAL_A000416,Maurício Righi da Silva
A5091975690,Maxim Bushinskij
A5069753355,Maximillian A. Rogers
A5014407605,Maynard P. Berbisada
A5007722052,Mayuki Aibiki
A5032368950,Mayuri Srivastava
A5102015735,Mazhar Abbas
A5024748232,Md Abdul Goni
A5130155980,Md Abdul Goni
A5129852678,Md Al Amin Hossain
A5126611252,Md Sharif Hassan
A5048707344,Md. Abdul Goni
A5012013451,Md. Abdul Mottalib
A5129952168,Md. Anamul Hoque
A5100623456,Md. Anamul Hoque
A5072567250,Md. Habibur Rahman
A5101974080,Md. Maruf Hassan
A5011087520,Md. Mohosin Ali
A5129896200,Md. Nasir Uddin
A5101572022,Md. Rafikul Islam
A5011324375,Md. Sharif Hassan
A5085893079,Md. Tuhinur R. Joy
A5091227553,Megan Ryan
A5061370494,Meghan O’Connell
A5018056862,Mehdi Khoshbakht
A5019298120,Mehdi Sepehri
A5008300007,Mehrdad Arashpour
A5060527763,Mehtab Singh
A5060339388,Mei-Jung Wang
A5044033680,Men Thi Hoang
A5045175158,Meng Donghua
LOCAL_A000026,Meng-Chi Yen
A5053533713,Mengbo You
A5077289428,Mengfang Liang
A5078382134,Meng‐Chi Yen
A5028976017,Meng–Chou Lee
A5067800126,Merched Azzi
A5054960739,Meshal M. Abdullah
A5019108633,Mi Nguyen‐Tra Le
A5101359005,Miao Luo
A5034684238,Michael A. Smyth
A5016409419,Michael Creager
A5049779869,Michael Melkonian
A5100617659,Michael Michael
A5084339206,Michael Murgolo
A5046825896,Michael N. Cocchi
A5019495317,Michael Oeverhaus
A5052145396,Michael Parr
A5005077971,Michael R. Sayre
A5007649355,Michael Rautenberg
A5073649293,Michael S. Watt
A5042434513,Michael Scott Demyan
A5108757199,Michael W. Donnino
A5045616383,Michaeline Bresnahan
A5126349317,Michał Piasecki
A5088692992,Michele Bellingeri
A5047445885,Michele Ferrari
A5002775135,Michelle L. Hermiston
A5071253475,Michelle Marlena Wilhelmina Feijen
A5023207047,Michelle Welsford
A5026745688,Midhun Mohan
A5135158832,Miguel B. Guimarães Neto
A5091046899,Miguel da Guia Albuquerque
A5044825873,Miguel de Brito Guimaraes Neto
A5072701601,Mihalj Poša
A5043525540,Mikhail L. Zheludkevich
A5052291165,Mikhaël Bechelany
A5087105083,Milei Wang
A5039111818,Miltiadis Langousis
A5117799111,Milton S. Gonzalez-Serrano
A5100383157,Min Gyu Kim
A5000392422,Ming Jiang
A5101727536,Ming Yang
A5109582787,Ming-Cheng Tsai
A5068826746,Ming-Hsien Hsueh
A5049942941,Minggang Du
A5022132012,Mingxu Cao
A5040018532,Ming‐Fa Lin
A5060777701,Ming‐Ju Hsieh
A5112206530,Ming‐Xun Ren
A5047754943,Minh Anh Quang Tran
A5070681699,Minh C. Tran
A5121050124,Minh Duc Ly
A5118908313,Minh Dung Ha-Tran
A5125541114,Minh Duy Đoàn
A5050404323,Minh Hai Tran
A5012274597,Minh Hanh Le
A5040172783,Minh Hieu Thi Nguyen
A5044936759,Minh Hiệu Nguyễn
A5101325666,Minh Ho Tran
LOCAL_A000653,Minh Hoa Truong
A5041542952,Minh Hong Le Thi
A5081382082,Minh Hong Nguyen
A5107042390,Minh Huy Lê
A5079379433,Minh Kim Nguyen
A5100715903,Minh Le
A5078505911,Minh Ly
A5042141088,Minh Ly Duc
LOCAL_A000631,Minh Ly Duc
A5136593842,Minh Ly Duc
A5126923270,Minh Ly Duc
A5130078012,Minh Ly Duc
A5135380258,Minh Ly Duc
A5107943446,Minh Nghia Pham
A5121813198,Minh Ngoc Thuy Tran
A5101955675,Minh Nguyen
A5005258745,Minh Nguyen
LOCAL_A000295,Minh Nguyen Thanh
A5040962133,Minh Nguyen Thu
A5085620432,Minh Nguyen Thu Nguyet
LOCAL_A000622,Minh Nguyen-Duc
A5112740426,Minh Nguyet Phan
A5138020603,Minh Nhat Nguyen
A5103560974,Minh Nhut Nguyen
A5059748553,Minh Pham Quang
LOCAL_A000218,Minh Phan Nguyen Nguyet
A5065859187,Minh Phung Dang
LOCAL_A000085,Minh Phuong Nguyen
A5002160190,Minh Phương Nguyễn
A5048753083,Minh Quan Duong
A5089369458,Minh Quan Hoang
A5122423602,Minh Quan Pham
A5016925074,Minh Quang Diep
LOCAL_A000397,Minh Quy Bui
A5097335407,Minh Sơn Nguyễn
A5120946312,Minh T. Nguyen
A5039561939,Minh Thai Duong
A5065225644,Minh Thai Nguyen
A5055671335,Minh Thang Le
A5101479540,Minh Thanh Nguyen
A5042970296,Minh Thanh Vo
LOCAL_A000412,Minh The Quang Nguyen
LOCAL_A000389,Minh Thi Tran
A5101662082,Minh Thi Tran
A5138204528,Minh Tho Nguyen
A5062616301,Minh Tho Nguyen
A5003396849,Minh Tho Nguyen
A5125402023,Minh Tho Nguyen
A5136998865,Minh Tho Nguyen
A5127824099,Minh Tho Nguyen
A5125177715,Minh Tho Nguyen
A5107334594,Minh Thư Phạm
A5101888078,Minh Tien Nguyen
A5127869048,Minh Toàn Phan
A5047638529,Minh Tran
A5106977164,Minh Tran
A5015953024,Minh Tran
A5135708090,Minh Tran
A5068820312,Minh Tri Phan
A5123209213,Minh Triet Dang
A5122877860,Minh Triet Dang
A5015269024,Minh Triết Đặng
A5109033530,Minh Truong Dao
A5052434957,Minh Truong Vo
A5116144841,Minh Tuan Luc
A5124393123,Minh Tuan Luong
A5034087931,Minh Tuan Pham
A5036830029,Minh Tuan Tran
A5107899843,Minh Tâm Tran
A5101541497,Minh Van Nguyen
LOCAL_A000084,Minh Viet Nguyen
A5102772323,Minh Viet Nguyen
A5080025175,Minh Vuong Phan
A5007017513,Minh Xuan Tran
LOCAL_A000520,"Minh, Ly Duc"
LOCAL_A000707,Minh-Anh Bui
A5048155073,Minh-Hiep Dinh
A5112681572,Minh-Hoang Truong
A5109724358,Minh-Hong Tran
A5123940368,Minh-Ky Nguyen
A5101205933,Minh-Ngan Vu
A5024654850,Minh-Phung Bui
A5128730894,Minh-Quan Le
A5036924759,Minh-Tam Tran Doan
A5025155792,Minh-Thanh Cao
A5050610976,Minh-Thanh Vo
A5024027185,Minh-Thu T. Huynh
A5047566421,Minh-Tien Tran
A5050055502,Minh-Trong Tran
A5061584198,Minh-Ty Nguyen
LOCAL_A000445,MinhKet Tran
A5015461915,Minhyun Kim
A5008728596,Minh‐Dung Truong
A5032091221,Minh‐Ky Nguyen
A5102793218,Minh‐Nghia Nguyen
A5070726803,Minh‐Ngoc Vu
A5059615758,Minh‐Quan Thai
A5086143812,Minh‐Sang Van Nguyen
A5037139048,Minh‐Thuan Pham
A5045269587,Minh‐Trang Thi Phan
A5100394494,Minsung Kim
A5028577107,Miroslav Müller
A5072201492,Miroslav Vozn̆ák
A5091523962,Mohamad Haafiz Mohamad Kassim
A5060162053,Mohamad Reza Soltanian
A5112893838,Mohamad Soltanian
A5045513289,Mohamed Abbas
A5100645455,Mohamed Abbas
A5057217204,Mohamed Abd Elaziz
A5061973812,Mohamed Bayati
A5068268080,Mohamed El Amine Ben Seghier
A5009533013,Mohamed Gamal Elsehrawy
A5019242451,Mohamed R. Eletmany
A5081105220,Mohamed Saiyad Musthafa
A5067485345,Mohammad Bin Amin
A5104001656,Mohammad Majibur Rahman
A5024312801,Mohammad Mehrad
A5085914326,Mohammad Rahimi
A5034938372,Mohammad Uzzaman
A5067624332,Mohammed A. A. Al‐qaness
A5010532815,Mohammed Achite
A5088345418,Mohammed Ananzeh
A5109514994,Mohammed Batouche
A5074219943,Mohammed Hadi
A5041057723,Mohan Rajesh Elara
A5033684516,Mohd Zahid Ansari
A5063236562,Mohmad Shafi Sheikh
A5023462796,Mohmed Isaqali Karobari
A5035648668,Mohsen Dibaei Saber
A5014472521,Mokbul Morshed Ahmad
A5074474395,Monica E. Kleinman
A5117323253,Monica Gita Konipa
A5071407430,Monica Rozzell
A5020053167,Monica Suleiman
A5035316905,Monjit Borthakur
LOCAL_A000485,Monjit Borthakur
A5054723226,Montri Aiempanakit
A5029649717,Mordecai P. Blaustein
A5018757905,Morimichi Furudate
A5104084941,Morris Weinberger
A5064103828,Morteza Biklarian
A5102896013,Morteza Jamshidi
A5006178080,Mosab Kaseem
A5085509570,Mosayeb Naseri
A5068882573,Mostafa M. Fouda
A5066814201,Mostefa Bouchetara
A5081530810,Moustafa H. Aly
A5059897834,Mrinmoy Goswami
A5112827539,Ms Nguyen
A5110152999,Mu. Naushad
A5065836015,Muchamad Taufiq Anwar
A5030164268,Mufei Xiao
LOCAL_A000510,"Mugisho, Gilbert"
A5045312477,Muh Ibnu Sholeh
A5036595306,Muh Sholeh
A5028272884,Muhammad Ali
A5060053093,Muhammad Atif Nawaz
A5039756985,Muhammad Fadhlullah Mursalim
A5015670985,Muhammad Fahd Diyar Husni
A5074050779,Muhammad Faheem Maqsood
A5085127149,Muhammad Fareed
A5116462496,Muhammad Irwansyahputra
A5036024169,Muhammad Jehanzaib
A5014271929,Muhammad Moniruzzaman
A5042960304,Muhammad Rashid
A5024449095,Muhammad Sadiq
A5013475006,Muhammad Shafeeque
A5040248665,Muhammad Shoaib Tahir
A5123993505,Muhammed Arshad
A5010730262,Muhammed Salim Keezhatta
LOCAL_A000516,"Mulagetta, Yacob"
A5107918911,Munirah D. Albaqami
A5008780017,Munyaradzi Munochiveyi
A5117182966,Mustika Dwiki Herning Hapsari
A5076286685,My Dung Jusselme
A5050096200,My Hanh Nguyen Thi
A5000170087,My Hoang Nguyen
A5058668108,My Khanh Nguyen
A5092900286,My Pham Ngoc Tra
LOCAL_A000555,My Phuong Pham-Ho
A5080476765,My Phuong Pham‐Ho
A5123217918,My Thoa Le
A5003970144,My Van Vo
A5026900647,My Vu Nguyen
A5120448212,My-Kristyna Nguyen-Thao
A5078263828,My-Nuong Thi Nguyen
A5118648875,MyTien TranThi
A5084718407,Mya Mya Htay
A5076032909,Myra H. Wyckoff
A5016661114,Mạnh Dũng Trần
A5101974200,Mạnh Quân Nguyễn
A5121620694,Mỹ Ngân Tăng
A5093538491,N . C. Hoi
LOCAL_A000679,N Azim
LOCAL_A000266,N Cundiff
A5125097696,N Dong Phuong Nguyen
LOCAL_A000348,N Konno
LOCAL_A000368,N Schmitt
LOCAL_A000200,N Siddique
LOCAL_A000703,N Simasangyaporn
LOCAL_A000260,N Stone
LOCAL_A000360,N Thanh
LOCAL_A000359,N Tuan
A5080989266,N V Dang
LOCAL_A000681,N Yidliz
A5133110342,N-K-K. Nguyen
A5022877453,N. Ayyanar
A5029402778,N. Bui
A5036952833,N. Bui
A5025220393,N. GASH
A5136943832,N. Globus
A5106982387,N. H. Nang
A5056170160,N. H. Pham
A5107976280,N. H. T. Nha
A5107947365,N. H. T. Nha
A5071255604,N. H. Thao
A5136911368,N. Hayashida
A5086241692,N. Iwasa
A5136910116,N. Kieu
A5054983995,N. Mai‐Duy
A5107841618,N. Okazaki
A5040929731,N. Phan‐Thien
A5091726191,N. Q. San
A5136914265,N. Sakaki
A5136896145,N. Sakurai
A5111348471,N. T. Dang
A5034987468,N. T. Le
A5108531741,N. T. M. Thanh
A5112633397,N. T. N. Linh
LOCAL_A000531,N. T. N. Thu
LOCAL_A000591,N. Tran
LOCAL_A000537,N. V. Dang
A5001100117,N.K. Uyen
A5112560699,N.Q. Dung
A5110918074,N.Q. Tuan
A5011004624,N.T. Liem
LOCAL_A000590,N.V. Dang
A5071460878,N.X. Phuc
A5027082692,NGA THI DOAN
A5109666631,NGA THI THUY DUONG
LOCAL_A000302,NGOC HOAI PHAM
LOCAL_A000304,NGUYEN HOANG PHUONG
A5002233566,NGUYEN PHAM QUYNH TRANG
A5064483608,NGUYEN PHUC BINH
A5043301027,NGUYỄN KHÁNH HOÀNG
A5013417975,NGỌC-SÂM LÝ
A5048741163,NIKOLAY A. VISLOBOKOV
A5077974169,NORMAN GASH
A5089075317,NORMAN GASH
LOCAL_A000606,Na Hong Thi Phung
A5101640847,Na Ma
A5100461427,Na Wang
A5034514715,Nabiha I. Abdo
A5056304959,Nabil Chems Eddine
A5023894442,Nabil Khossossi
A5071788034,Nader Marzban
A5036952576,Nafees Ali
A5004625284,Nahaa M. Alotaibi
A5044034763,Naji El Beyrouthy
A5027956814,Nakorn Niamnont
A5051831286,Nam Cong‐Nhat Huynh
A5112763625,Nam H. Ho
A5103518993,Nam H. Tran
A5001863172,Nam Nguyen Trong
A5079609169,Nam Nhut Phan
LOCAL_A000453,Nam Phuong Truong
A5073205104,Nam Q.H. Doan
A5040857467,Nam T. P. Le
A5061799227,Nam T. S. Phan
A5020793898,Nam Thang Ha
A5012114425,Nam Tien Duong
A5067253160,Nam V. Nguyen
A5112470311,Nam Van Thai
A5101906855,Namkeun Kim
A5012833011,Nam‐Trung Nguyen
A5030774861,Nancy Barnes
A5010772869,Nancy S. Redeker
A5126791070,Nandana Bayu Abhista
A5122288736,Nang Xuan Ho
A5015193720,Nang-Nguyen Huu
A5007065483,Nanthi Bolan
A5024526613,Naoki Shimizu
A5045109374,Naoto Tsutsumi
A5048243071,Narciso Antonio Villar Goris
A5101481517,Nargis Khatun
A5074567656,Nassim Boudaoud
A5075910447,Natalie Hood
A5081445314,Natalja Čerkasova
A5108190409,Nathan P. Charlton
A5102764900,Nathaniel E. Smith
A5078012911,Nattaporn Chattham
A5107908640,Natthanan Promsuk
A5033056152,Naveen Chilamkurti
A5126282675,Naveen Kumar
A5116037833,Nazerke Gazizova
A5034421354,Neelam Shahi
A5121950089,Neethu Palekkode
LOCAL_A000022,Neethu Palekkode
A5075279250,Neetu Srivastava
A5099594565,Neevanh Saynavong
A5074534697,Nehal Elshaboury
A5085179438,Nele Van den Steen
A5068022071,Nerissa Ko
A5039382955,Nermeen Abdullah
A5088868434,Newton E. Kendig
A5027981134,Nga Do-Thi
A5037702503,Nga Duong
A5012120874,Nga Nguyen Hong
A5067924169,Nga Nguyen Quynh Tra
A5023945815,Nga Nguyen Thi Thanh
A5035799063,Nga Thi Thanh Tran
A5114329407,Nga Thi Thu
A5098960318,Nga Thu Thi
A5082290380,Nga Thuy Tran
LOCAL_A000414,Nga Viet Nguyen
A5028487735,Ngan Hong Ta
LOCAL_A000410,Ngan Kim Hoang Nguyen
A5023725893,Ngan Le
A5136161517,Ngan Nguyen Le
A5067110618,Ngan Nguyen Le
A5022413759,Ngan Nguyen-Truong
A5059209425,Ngan T. K. Nguyen
A5101267559,Ngan Thi Kim Phan
A5101292188,Ngan Thi Thu Phan
A5076831599,Ngan Thi Vu
A5106649352,Ngan Truong Thi Pham
A5020203529,Ngan Tuan Nguyen
A5128329689,Nghi Huu Nguyen
A5125090196,Nghi Nha Ho
A5123720576,Nghi Phan Bich Hoang
A5136968872,Nghi Thuc Thuy To
A5063002763,Nghia Huu Le
A5103170579,Nghia Huynh
A5100596949,Nghia Khoi Nguyen
A5050246251,Nghia Nguyen‐Trong
LOCAL_A000592,Nghia Van Nguyen
LOCAL_A000059,Nghiem Trung Dung
A5087208424,Nghiep Vu Hong
A5038225521,Nghin Van Dang
A5039582436,Ngo Chi Thanh
A5106802150,Ngo Diem
A5076303094,Ngo Hoang Tu
A5013224610,Ngo Minh Hung
A5089656800,Ngo Nghia Pham
A5026614237,Ngo Nhat Phuong Quynh
A5081961625,Ngo Phuong Minh Thuan
A5109782608,Ngo Quang Trung
A5027768275,Ngo Quang Trung
A5033679750,Ngo Thi Cam
A5120172106,Ngo Thi Ngoc Thuy
LOCAL_A000567,Ngo Thi Ngoc Thuy
A5088337340,Ngo Thi Thanh Hoa
LOCAL_A000551,Ngo Van Hoa
A5026229677,Ngo Van Hoa
A5108592072,Ngo Van Huong Binh
A5116571599,Ngo Vinh Doan The
A5087370518,Ngo-Thi-Thu-Trang
A5122306876,Ngoan Tran Le
A5104075392,Ngoc Anh Dao
A5101529135,Ngoc Anh Le
A5107937189,Ngoc Anh Le
LOCAL_A000640,Ngoc Bao Quynh Pham
A5068385014,Ngoc Bao Thi Le
A5085841822,Ngoc Bich Hoang
A5082000443,Ngoc Bich Pham
LOCAL_A000374,Ngoc Bon Trinh
LOCAL_A000005,Ngoc Cam Hoang
A5018713405,Ngoc Dang Khoa Nguyen
A5036083952,Ngoc Dang Khoa Tran
A5025726068,Ngoc Duc Vu
A5083452888,Ngoc Duy Nguyen
A5101644358,Ngoc Duy Pham
A5125404860,Ngoc Ha Nguyen
A5139102677,Ngoc Hien Tran
A5104351126,Ngoc Hieu Nguyen
A5113932182,Ngoc Ho
A5092136044,Ngoc Hoang My
A5092900285,Ngoc Hoang Thi
A5035740729,Ngoc Hoang Vy Nguyen
A5081127782,Ngoc Hong Nguyen
A5065688594,Ngoc Hong Nguyen
A5045025427,Ngoc Huy Nguyen
A5113341526,Ngoc Huyen Nguyen
A5065522973,Ngoc Khanh Van Truong
A5089615125,Ngoc Kien Bui
A5070368948,Ngoc Kim Cuong Tran
A5112322690,Ngoc Lan Thi Dang
A5019250403,Ngoc Lethikim
A5080870118,Ngoc Lieu Le
A5133178690,Ngoc Loan Phan
A5092395055,Ngoc Mai Nga To
LOCAL_A000547,Ngoc Minh Truong
LOCAL_A000386,Ngoc Minh Vo
A5054780283,Ngoc My Tran
A5101590240,Ngoc Nguyen
A5103002149,Ngoc Nha Thao Nguyen
A5054805148,Ngoc Nhu Quynh Ngu
A5038942051,Ngoc Phu Doan
A5089700327,Ngoc Phung Ly
A5116034918,Ngoc Phuong Ho
A5009671191,Ngoc Phuong Nguyen
LOCAL_A000628,Ngoc Quang Dong
A5138069038,Ngoc Que Anh Le
A5043987756,Ngoc Quy Hoang
A5107608257,Ngoc Quynh Nhu Pham
A5060158506,Ngoc Son Hai Nguyen
A5090060128,Ngoc Tan Nguyen
A5042094599,Ngoc Thach Le
A5109606945,Ngoc Thach Pham
A5101279534,Ngoc Thach Thanh Nguyen
A5117424208,Ngoc Thai Binh Pham
A5103269673,Ngoc Thanh Binh Tran
A5106610329,Ngoc Thanh Hai Lam
A5102958072,Ngoc Thanh Thuy Tran
A5056220381,Ngoc Thanh Tran
A5052548763,Ngoc Thao-Anh Hoang
A5033928651,Ngoc Thi Nguyen
A5101369867,Ngoc Thi Thanh Nguyen
A5077326623,Ngoc Tho Tran
LOCAL_A000053,Ngoc Tran Bao
A5109863810,Ngoc Trung Anh Tran
A5021228869,Ngoc Trung Tran
A5027646035,Ngoc Uyen Nhi Nguyen
LOCAL_A000041,Ngoc Uyen Nhi Nguyen
A5051552397,Ngoc Vo Thi Minh
LOCAL_A000672,Ngoc Xuan Nguyen
A5111275451,Ngoc Yen Nguyen
A5036249628,Ngoc-Han T. Huynh
A5078079634,Ngoc-Hue Nguyen
A5072861318,Ngoc-Kim-Khanh Nguyen
A5044305514,Ngoc-Long Nguyen
A5104158761,Ngoc-Minh-Thu Vuong
A5130341667,Ngoc-Nhi Phuong
A5101315003,Ngoc-Phuc Nguyen
A5058465231,Ngoc-Phuong-Thao Nguyen
A5127062529,Ngoc-Trung Nguyen
A5036761658,Ngoc-Tu Do
A5034342997,Ngoc-Van-Trang Dao
A5002965978,Ngoc‐Anh Le
A5031177860,Ngoc‐Hong Nguyen
A5064050048,Ngoc‐Loan Phan
A5042275039,Ngoc‐Van Thi Nguyen
A5049478123,Ngon Trong Truong
A5093585054,Ngu Thi Tra Giang
A5124273116,Nguyen Anh Khoa Truong
A5086230780,Nguyen Anh Triet
A5135945670,Nguyen Bao Ngoc Khue
A5113850859,Nguyen Binh Truong
A5025937752,Nguyen Cao Lien Phuoc
LOCAL_A000624,Nguyen Chi Ben
A5124933293,Nguyen Chi Hai
A5007251700,Nguyen Chi Toan
A5113318434,Nguyen Cong Dat Vinh
A5021110208,Nguyen Cong Giang
A5089793687,Nguyen Cong Luong
LOCAL_A000206,Nguyen Cong Thanh
A5017922376,Nguyen Cong-Hau
LOCAL_A000074,Nguyen D. Chau
A5136412233,Nguyen D. Hien
A5009564069,Nguyen Dac Anh Chuong
A5034086695,Nguyen Dang Huyen Tran
A5108912822,Nguyen Dang Khoa
A5052811415,Nguyen Dang Tu Le
A5108864193,Nguyen Diem Quynh
A5091133342,Nguyen Dinh Hien
A5059158387,Nguyen Dinh Huy
A5041778801,Nguyen Dinh Toan
A5000459728,Nguyen Dinh Trung
A5083864523,Nguyen Dinh Tuan Vuong
A5103588120,Nguyen Dinh Tung Luan
A5053009670,Nguyen Doan
A5136227825,Nguyen Doan Anh Thy
A5100037796,Nguyen Doan Quang Anh
LOCAL_A000373,Nguyen Doan Quoc Anh
A5111340704,Nguyen Duc Duy Anh
A5107377625,Nguyen Duc Hai
A5108640854,Nguyen Duc Hanh
LOCAL_A000573,Nguyen Duc Hieu
A5124256204,Nguyen Duc Khanh Huynh
A5017596097,Nguyen Duc Phuong
A5039705052,Nguyen Duc Tai
A5089058918,Nguyen Duc Thien
A5024404261,Nguyen Duc Thinh
A5013383889,Nguyen Dung Chinh
A5041050732,Nguyen Duy Dat
A5042961006,Nguyen Duy Dat
LOCAL_A000599,Nguyen Duy Khanh
A5079947544,Nguyen Duy Ly
A5035362471,Nguyen Duy Thien An
A5043004126,Nguyen Duy Tien
A5075415764,Nguyen Duy Tue
A5102070282,Nguyen Duy Tung
A5011297917,Nguyen Duy Vy
A5133515580,Nguyen Hai Dang
A5120569387,Nguyen Hai Dang
A5037328649,Nguyen Hai Dang
A5138152850,Nguyen Hai Dang
A5011741622,Nguyen Hai Long
A5128356792,Nguyen Hai Ly
LOCAL_A000475,Nguyen Hai Ngan Tran
A5039831806,Nguyen Hai Ngan Tran
A5117543446,Nguyen Hanh Hoa
A5052605854,Nguyen Hao Quang
A5036377736,Nguyen Hay
A5078128767,Nguyen Ho Quang
A5068081123,Nguyen Ho Thanh
A5007945291,Nguyen Ho Viet Anh
A5111310324,Nguyen Hoang
A5066574572,Nguyen Hoang
A5007637251,Nguyen Hoang Hai
LOCAL_A000594,Nguyen Hoang Hieu
A5023652148,Nguyen Hoang Luc
A5135913429,Nguyen Hoang Minh
A5113308037,Nguyen Hoang Phu
A5015551812,Nguyen Hoang Tien
A5100637269,Nguyen Hoang Tuan
LOCAL_A000473,Nguyen Hoang Tuan
A5028059172,Nguyen Hong Bich
LOCAL_A000553,Nguyen Hong Mai
A5102484757,Nguyen Hong Ngoc
A5072707677,Nguyen Hong Nhu
A5076108578,Nguyen Hong Nhung
LOCAL_A000620,Nguyen Hong Quan
A5116777688,Nguyen Huan Xuan
A5135683200,Nguyen Hue
A5076831357,Nguyen Huu Can
A5084615254,Nguyen Huu Khanh Nhan
A5007383712,Nguyen Huu Nghi
A5057088209,Nguyen Huu Tho
LOCAL_A000559,Nguyen Huu Trung
A5136197888,Nguyen Huu Tue
A5103146667,Nguyen Huy Hung
A5046033495,Nguyen Huy Tuan
A5100637272,Nguyen Huy Tuan
A5112575468,Nguyen Huyen Ngoc Tran
A5064027518,Nguyen Huynh Tuong
A5067800187,Nguyen Khac Manh
A5057592175,Nguyen Khanh Ly
A5094282889,Nguyen Khanh My
A5063957902,Nguyen Kieu Viet Que
A5014446590,Nguyen Kim Uyen
A5086418672,Nguyen Ky Phuc Phan
A5042648484,Nguyen LE-VY
A5088701092,Nguyen Le Thai
A5000226189,Nguyen Long Tuyen
LOCAL_A000637,Nguyen Luu Huu
A5000752224,Nguyen Mai Dang
A5021331415,Nguyen Mau Thanh
A5054399289,Nguyen Minh Chuong
A5042559130,Nguyen Minh Hoat
A5067502210,Nguyen Minh Ly
A5124953506,Nguyen Minh Phuc
LOCAL_A000092,Nguyen Minh Quang
A5136377972,Nguyen Minh Quang Hoang
A5015668847,Nguyen Minh Thien
A5136203748,Nguyen Minh Trung
A5051185903,Nguyen Minh Ty
A5021501825,Nguyen N. Hieu
A5084022579,Nguyen Ngoc Anh
A5013667478,Nguyen Ngoc Diem
A5109467550,Nguyen Ngoc Duy
A5104026243,Nguyen Ngoc Huy
A5104881614,Nguyen Ngoc Lenh
A5122646940,Nguyen Ngoc Nguyen
A5104855964,Nguyen Ngoc Phuc
A5012907404,Nguyen Ngoc Phuong Thao
A5074378322,Nguyen Ngoc Tri
A5106257856,Nguyen Ngoc Y Phung
A5101690410,Nguyen Nguyen
A5107446421,Nguyen Nguyen
A5117757563,Nguyen Nguyen Thi Bich
A5072983548,Nguyen Nguyet Minh
A5051420985,Nguyen Nguyet Minh Phan
A5116552325,Nguyen Nhat Huy Pham
A5000043086,Nguyen Nho Dung
A5055683391,Nguyen Nhu Dat
A5092800840,Nguyen Pham Huyen Thoai
A5063308163,Nguyen Pham Quynh Anh
A5096293397,Nguyen Phuc Hai Bang
A5124906508,Nguyen Phuc Nguyen
A5035112064,Nguyen Phuoc Long
LOCAL_A000733,Nguyen Phuong Hang
A5003055047,Nguyen Phuong Lan
LOCAL_A000533,Nguyen Phuong Mai
A5056058108,Nguyen QUANG-HIEU
A5056041188,Nguyen QUOC-DUY
LOCAL_A000645,Nguyen Quang Bac
A5033264739,Nguyen Quang Dang
A5035311348,Nguyen Quang Phich
LOCAL_A000632,Nguyen Quang Sang
A5102384455,Nguyen Quang Sang
A5104314850,Nguyen Quang Thinh Le
A5111282879,Nguyen Quang Tien
A5135925100,Nguyen Quoc Huy
LOCAL_A000009,Nguyen Quynh Mai
A5055532716,Nguyen Si Hoai Vu
LOCAL_A000077,Nguyen T. A. Nhung
A5082803859,Nguyen T. Hiep
A5060864160,Nguyen T. Minh-Nguyet
LOCAL_A000068,Nguyen T. T. Hai
A5077608549,Nguyen T.H. Nhi
LOCAL_A000586,Nguyen TIEN-GIANG
A5124913994,Nguyen Thai Anh
A5065666743,Nguyen Thai Bao
A5104270940,Nguyen Thai Cong
A5007907047,Nguyen Thai Hai
A5061957366,Nguyen Thai Nguyet Thanh
A5083662095,Nguyen Thai Thanh Vo
A5048757265,Nguyen Thang Hoa
A5109472612,Nguyen Thanh
A5017259848,Nguyen Thanh
A5139202772,Nguyen Thanh Danh
A5124436291,Nguyen Thanh Danh
A5037558820,Nguyen Thanh Duoc
A5070927179,Nguyen Thanh Hoai
A5125156133,Nguyen Thanh Luan
A5122895977,Nguyen Thanh Son
A5101868998,Nguyen Thanh Son
LOCAL_A000046,Nguyen Thanh Son
A5117907413,Nguyen Thanh Tan
A5107881229,Nguyen Thanh Tan
A5125946113,Nguyen Thanh Tien
A5046846003,Nguyen Thanh Triet
A5109158453,Nguyen Thanh Truong
A5101710140,Nguyen Thanh Tuan
A5113862126,Nguyen The Luan
A5137570767,Nguyen The Manh
A5128349832,Nguyen The Toan
A5094396568,Nguyen Thi
A5072077918,Nguyen Thi Ai Nhung
A5108286478,Nguyen Thi Bao Tran
A5066684419,Nguyen Thi Bao Trang
A5122907744,Nguyen Thi Bich Ngoc
A5070562619,Nguyen Thi Cam Phu
A5069800548,Nguyen Thi Han
A5135930978,Nguyen Thi Hoang Mai
A5101740969,Nguyen Thi Hong
A5022294297,Nguyen Thi Hong Hoa
A5011444388,Nguyen Thi Hong Huong
LOCAL_A000566,Nguyen Thi Hue
A5033765445,Nguyen Thi Huong
A5110798012,Nguyen Thi Huyen Thu
A5053330063,Nguyen Thi Huynh
A5111288522,Nguyen Thi Khanh Ly
A5019911546,Nguyen Thi Kim Huong
A5033896757,Nguyen Thi Kim Lien
A5101990554,Nguyen Thi Kim Phuong
A5044871381,Nguyen Thi Lam
A5053119189,Nguyen Thi Lan
A5101761853,Nguyen Thi Lan
A5016164354,Nguyen Thi Mai Huong
A5006331869,Nguyen Thi My An
A5030423329,Nguyen Thi My Hanh
A5112860829,Nguyen Thi My Xuyen
A5085078871,Nguyen Thi My Yen
A5112505328,Nguyen Thi Ngoc
LOCAL_A000638,Nguyen Thi Ngoc Anh
A5072778651,Nguyen Thi Ngoc Han
A5063300125,Nguyen Thi Ngoc Hue
A5021691466,Nguyen Thi Ngoc My
A5108814981,Nguyen Thi Phuong
A5072224443,Nguyen Thi Phuong Loan
A5130026653,Nguyen Thi Phuong Thao
A5136539897,Nguyen Thi Phuong Thao
LOCAL_A000629,Nguyen Thi Phuong Thao
A5083456347,Nguyen Thi Quynh Chau
LOCAL_A000006,Nguyen Thi Thanh Huong
A5043362152,Nguyen Thi Thanh Huyen
A5134246626,Nguyen Thi Thanh Thuy
A5016059020,Nguyen Thi Thanh Tu
A5129409195,Nguyen Thi Thanh Tu
LOCAL_A000571,Nguyen Thi Thu
A5026319239,Nguyen Thi Thu Quyen
A5006515236,Nguyen Thi Thuong Huyen
A5130149376,Nguyen Thi Thuy Linh
A5057481424,Nguyen Thi Thuy Tram
A5040190344,Nguyen Thi Tinh
A5045159073,Nguyen Thi Uyen Uyen
A5103133298,Nguyen Thi Xuan Huynh
LOCAL_A000060,Nguyen Thi Yen Lien
A5069511944,Nguyen Thi Yen Linh
LOCAL_A000298,Nguyen Thoi Trung
A5126085233,Nguyen Thu Tra
A5073611407,Nguyen Thuy Dung
LOCAL_A000308,Nguyen Tien
A5040375274,Nguyen Tien Tran
A5043478466,Nguyen Tri Tai
A5070234669,Nguyen Trinh Duc Hieu
LOCAL_A000378,Nguyen Trong Hien Ton
A5126099983,Nguyen Trong Tinh
LOCAL_A000572,Nguyen Trong Tuan
A5108143070,Nguyen Trong Tuan
A5053794733,Nguyen Trung Hiep
A5087658530,Nguyen Trung Viet
A5010733986,Nguyen Truong Co
A5101908614,Nguyen Truong Long
A5124290475,Nguyen Truong Phuoc Phan
A5007969668,Nguyen Tuan Hiep
A5119568657,Nguyen Tung Thao
LOCAL_A000652,Nguyen V. Hieu
LOCAL_A000070,Nguyen V. Hoang
LOCAL_A000073,Nguyen V. Phu
A5043160132,Nguyen Van An
LOCAL_A000217,Nguyen Van Chi
A5110600308,Nguyen Van Chuong
A5062877716,Nguyen Van Dao
A5086210076,Nguyen Van Dien
A5000375848,Nguyen Van Duc
A5081622130,Nguyen Van Hoang
A5001310284,Nguyen Van Le
A5115720696,Nguyen Van Phuoc
LOCAL_A000644,Nguyen Van Phuong
LOCAL_A000711,Nguyen Van Quynh
LOCAL_A000726,Nguyen Van Tam
LOCAL_A000089,Nguyen Van Thang
A5133244710,Nguyen Van Thanh
A5107946858,Nguyen Van Thong
A5041803184,Nguyen Van Tien
A5054786913,Nguyen Van Tung
A5103205999,Nguyen Van Tuyen
A5028849339,Nguyen Van Vinh
A5121361644,Nguyen Viet Anh
A5060808788,Nguyen Viet Dang
A5071543919,Nguyen Viet Linh Le
A5065553213,Nguyen Viet Tinh
A5090730240,Nguyen Viet Vu
A5068477180,Nguyen Vo Anh Duy
A5050886449,Nguyen Vo Son Binh
A5021733333,Nguyen Vu Linh
A5138392795,Nguyen Vu Thanh Tam
A5032903751,Nguyen Xuan Ha
A5038993769,Nguyen Xuan Phuc
LOCAL_A000300,Nguyen Đinh Thanh
LOCAL_A000455,"Nguyen, Duy-Ly"
LOCAL_A000454,"Nguyen, Huu-Ha"
A5076309514,Nguyen-Anh-Thu Do
A5062189282,Nguyen-Hieu Hoang
A5104338666,Nguyen-Hong-Son Le
A5104313465,Nguyen-Minh-Hieu Tran
A5110933354,Nguyen-Nhu-Ngoc Ngo
A5079553187,Nguyen-Phong Vo
A5047733972,Nguyen-Thi THANH-DIEU
LOCAL_A000096,Nguyen-Thoi Trung
A5119821511,Nguyen-Trung-Tien Dieu
A5051137028,Nguyen‐Hai Nam
A5086822781,Nguyen‐Kim‐Tuyen Pham
A5050411356,Nguyen‐Son Vo
A5114156207,Nguyet Minh Phan Tran
A5136234928,Nguyet N. T. Pham
A5022483359,Nguyet N. T. Pham
A5116116783,Nguyet Phan Minh
A5104125128,Nguyet-Minh Nguyen
A5090829303,Nguyet-Minh Nguyen
A5033621300,Nguyet-Minh Phan
A5047648157,Nguyet-Thu Thi Nguyen
A5100777969,Nguyêñ Thị Thu Hương
A5030792313,Nguyễn An Sơn
A5083914774,Nguyễn Anh Dũng
A5100632425,Nguyễn Anh Tuấn
A5101480393,Nguyễn Chí Thành
A5035438749,Nguyễn Duy Liêm
A5074508126,Nguyễn Hiệp Thương
A5065465017,Nguyễn Hoàng Minh Thuận
A5100613572,Nguyễn Hoàng Nam
A5100637270,Nguyễn Hoàng Tuấn
A5035120821,Nguyễn Hoàng Định
A5069929256,Nguyễn Huy Hùng
A5059082065,Nguyễn Hồng Khôi Nguyên
A5000167478,Nguyễn Hồng Nga
A5104288554,Nguyễn Hữu Hùng
A5110800043,Nguyễn Hữu Thiện
A5045704987,Nguyễn Khởi Nghĩa
A5086796749,Nguyễn Lâm Tú Anh
A5049922872,Nguyễn Minh Hải
A5012861326,Nguyễn Minh Sơn
A5067149669,Nguyễn Minh Thu
A5101608931,Nguyễn Minh Trí
A5014938626,Nguyễn Minh Tâm
A5052409320,Nguyễn Mạnh Hùng
A5010882179,Nguyễn Ngọc Duy
A5001365679,Nguyễn Ngọc Hà
A5101736122,Nguyễn Ngọc Khánh Anh
A5020787018,Nguyễn Ngọc Linh
A5009658681,Nguyễn Ngọc Tuấn
A5059777868,Nguyễn Phi Hùng
A5108236710,Nguyễn Phước Dân
A5002949972,Nguyễn Phụ Thượng Lưu
A5029178928,Nguyễn Quang Hưng
A5128716151,Nguyễn Quốc Dũng
A5111420624,Nguyễn Quốc Tuấn
A5088350962,Nguyễn Thanh Dương
A5072303686,Nguyễn Thanh Hường
A5010264989,Nguyễn Thanh Liêm
A5026693488,Nguyễn Thanh Phong
A5100610737,Nguyễn Thanh Tùng
A5100610739,Nguyễn Thanh Tùng
A5009714502,Nguyễn Thu Nguyệt Minh
A5102006115,Nguyễn Thu Phương
A5000192304,Nguyễn Thành Luân
A5090982786,Nguyễn Thành Tiên
A5101815460,Nguyễn Thành Tâm
A5077994859,Nguyễn Thành-Nho
A5048355279,Nguyễn Thái Minh
A5029804035,Nguyễn Thùy Linh
A5112844608,Nguyễn Thúy Lan
A5102984408,Nguyễn Thế Vinh
A5043650731,Nguyễn Thị Bích
A5128753364,Nguyễn Thị Chi Nhân
A5056915949,Nguyễn Thị Giang An
A5112633710,Nguyễn Thị Hoà
A5010505038,Nguyễn Thị Huyền Trang
A5015751719,Nguyễn Thị Hòa
A5068322618,Nguyễn Thị Hồng Hạnh
A5083712493,Nguyễn Thị Hồng Nhung
A5044887879,Nguyễn Thị Hồng Vân
A5101613703,Nguyễn Thị Kim Ngân
A5031633765,Nguyễn Thị Kim Ngân
A5109208912,Nguyễn Thị Lâm
A5001507533,Nguyễn Thị Mai Hương
A5024056764,Nguyễn Thị Minh Hiền
A5117428845,Nguyễn Thị Nga
A5019292270,Nguyễn Thị Ngọc Hoa
A5075383762,Nguyễn Thị Ngọc Lan
A5107900056,Nguyễn Thị Ngọc Ánh
A5002305257,Nguyễn Thị Phương Thảo
A5101412722,Nguyễn Thị Phương Thảo
A5101412720,Nguyễn Thị Phương Thảo
A5101412721,Nguyễn Thị Phương Thảo
A5102794571,Nguyễn Thị Thanh Bình
A5101569965,Nguyễn Thị Thanh Huyền
A5101569963,Nguyễn Thị Thanh Huyền
A5076833967,Nguyễn Thị Thanh Hải
A5058684461,Nguyễn Thị Thanh Thủy
A5082154225,Nguyễn Thị Thanh Tâm
A5101567168,Nguyễn Thị Thu Hiền
A5070885088,Nguyễn Thị Thu Hiền
A5100777968,Nguyễn Thị Thu Hương
A5101624945,Nguyễn Thị Thu Phương
LOCAL_A000407,Nguyễn Thị Thùy Linh
A5036310727,Nguyễn Thị Thùy Linh
A5019007060,Nguyễn Thị Thương Huyền
A5072933384,Nguyễn Thị Thủy
A5072452119,Nguyễn Thị Thủy Trâm
A5073166210,Nguyễn Thị Trung Thu
A5022332552,Nguyễn Thị Xuân Diệu
A5004094067,Nguyễn Thị Ái
A5062184716,Nguyễn Tiến Trung
A5101788557,Nguyễn Tiến Đạt
A5030402937,Nguyễn Trung Kiên
A5116456162,Nguyễn Trọng Hiền Tôn
A5100771609,Nguyễn Trọng Nghĩa
A5047923619,Nguyễn Tùng Linh
A5012179893,Nguyễn Tấn Phong
A5041882067,Nguyễn Việt Anh
A5101801606,Nguyễn Văn Hiếu
A5103096805,Nguyễn Văn Huế
A5101637383,Nguyễn Văn Hòa
A5090308354,Nguyễn Văn Liệp
A5070726452,Nguyễn Văn Mạnh
A5101972755,Nguyễn Văn Nghĩa
A5083902869,Nguyễn Văn Nghĩa
A5029793479,Nguyễn Văn Phòng
A5029148446,Nguyễn Văn Qúy
A5100648337,Nguyễn Văn Thành
A5034048261,Nguyễn Văn Đăng
A5081765985,Nguyễn Vĩnh Khương
A5101465468,Nguyễn Xuân Ca
A5035101973,Nguyễn Xuân Cường
A5010307491,Nguyễn Xuân Hải
A5006023366,Nguyễn Xuân Trường
A5068268537,Nguyễn Xuân Tòng
A5081664588,Nguyễn Đoàn Quốc Anh
A5003489886,Nguyễn Đình Trung
A5061277637,Nguyễn Đăng Khoa
LOCAL_A000448,Nguyễn Đức Trường
A5086743869,Nguyễn Đức Vũ Quyên
LOCAL_A000471,"Nguyễn, Thị Thao"
A5137004518,Ngân Lê Ngọc Thanh
A5134781418,Ngân Nguyễn
A5078539417,Ngô Minh Tuấn
A5028344237,Ngô Thái Minh Quân
A5064645144,Ngô Xuân Quảng
A5124128619,Ngọc Khánh Nguyễn
A5128872648,Ngọc Kiều Diễm Hồ
A5112230202,Ngọc Minh Lê
A5102791402,Ngọc Minh Nguyễn
LOCAL_A000435,Ngọc Phúc Nguyễn
A5090498564,Ngọc Phúc Nguyễn
A5083180919,Ngọc Quyển Trần
A5134506871,Ngọc Thảo Vy Vũ
A5103712019,Ngọc Tuấn Nguyễn
A5042362477,Nha Dai Trang Nguyen
A5101219574,Nha T. NGUYEN
A5104010371,Nha Thai-Quang
A5138992584,Nha Thi Ngoc Tran
A5088410956,Nhan Duc Nguyen
A5016568572,Nhan Duc Nguyen
A5050155021,Nhan Huynh
A5102008622,Nhan Lu-Chinh Phan
A5026216458,Nhan T. Nguyen
A5071961095,Nhan T. T. Ho
A5014754170,Nhan TT
A5122875143,Nhan Thanh Nguyen
A5028661130,Nhan Thinh Hoang
A5104122021,Nhan Thong Tang
A5007516284,Nhan Tri Phat
A5015069505,Nhanh Van Nguyen
A5074437529,Nhat Minh Dang
A5134527313,Nhat Minh Nguyen
A5126973597,Nhat Pham Vu
A5106845809,Nhat Phuong Quynh Ngo
A5101851526,Nhat Thang Thi Nguyen
A5008909699,Nhat Tran
A5091402542,Nhat Truong Pham
A5117858545,Nhat Truong Truong
A5033957854,Nhat-Ha T. Pham
LOCAL_A000635,Nhat-Linh N. Dao
A5050688178,Nhat-Minh Le-Phan
A5025741771,Nhat-Tan Vo
A5026676431,Nhat-Tien Nguyen
A5003092345,NhatTan Nguyen
A5033734566,Nhat‐Phi Doan
A5092900287,Nhi Nguyen Thi Tuyet
A5117757287,Nhi Thai Hoang Tuyet
A5114132723,Nhi Tran Thi Yen
A5074093573,Nhi Truong
A5073305924,Nhi Van Vo
A5090872335,Nhi-Vo Van
A5101352949,Nho Tran Dinh Pham
A5106774781,Nhon Hoang Thanh
A5015033686,Nhu B.
A5004191876,Nhu Bich
A5108109013,Nhu D. Le
LOCAL_A000568,Nhu Hai Pham
A5046633562,Nhu Ky Ly
A5101617017,Nhu Ngoc Nguyen
A5002666870,Nhu Nguyen
A5113339637,Nhu P. Nguyen
A5114194696,Nhu T. M. Nguyen
A5048137524,Nhung H. Nguyen
A5052968307,Nhung Hai Truong
A5053472969,Nhung Hong
LOCAL_A000086,Nhung Nguyen Thi
A5079519299,Nhung T. H. Pham
A5026663888,Nhung Thi Tuyet Pham
A5096196814,Nhung Tran Cam
A5060870949,Nhung Trinh
A5041064801,Nhung Vu
A5012509568,Nhut Nhu Nguyen
A5037677437,Nhut Tran Minh
A5018823341,Nhu‐Ngoc Dao
A5110810020,Nhân Văn Võ
A5087028337,Ni Putu Mira Sumarta
A5029362407,Niamat Hussain
A5010632118,Niamh Mac Fhionnlaoich
A5038934404,Nicholas Duy
A5106740255,Nicola Burmeister
A5117543448,Nicolas Salesse
A5053364755,Niher Tabassum Snigdha
LOCAL_A000601,Nikita Makarov
A5069007853,Nikki Heherson A. Dagamac
A5069741011,Nikki Rider
A5060829860,Nikolay Korovkin
A5056999212,Nikolay V. Silin
A5017221030,Ning Chang-chun
A5025344010,Ningbo Jiang
A5049531721,Ninh Ngo Hai
A5034679255,Ninh Tran
A5109666639,Ninh Tran Khanh Dao
A5021775879,Niu Mi
A5023913918,Njoku PAUL
LOCAL_A000507,"Njoroge, Hope"
A5003667222,Noor Haida Mohd Kaus
A5024930700,Nopparuj Suetrong
A5017536350,Nor Shaipah Abdul Wahab
A5030054157,Norbert Schwab
A5133198721,Norimichi Takenaka
A5047512380,Noriyuki Тanaka
A5101722766,Noriyuki Тanaka
A5008973458,Norma D. McNair
A5028273918,Nosheen Rahman
A5057264704,Noël Challamel
A5122303994,Noël Challamel
A5112978882,Nur Adila
A5032625001,Nur Fatimah
A5113930059,Nurlidia Mansor
A5002233700,Nurul Neesa Idris
A5014715890,Nurzada Amangeldy
A5005345397,Nuttapon Khongdee
A5033733596,Nwachukwu Chijioke
A5135197974,Ny T. Kieu
A5120981353,Ny Thi Kieu
A5063760978,Nyaladzani Nkhwanana
LOCAL_A000500,Nyaladzani Nkhwanana
A5018401587,Nájila Souza da Rocha
LOCAL_A000159,O Ilmandira
A5129686486,O. Kalashev
A5091026666,O. Nikan
A5030900211,Oanh Le Thi Kim
A5134286694,Oanh Le Vu Lan
A5017544315,Oanh Thi Kieu Doan
A5012381405,Oanh Thi Kim Le
A5067691424,Oanh Thi Kim Vu
A5129503416,Oanh Thi Tuong Do
A5005323032,Oanh Tran
A5081459010,Oanh Vu Thi Kim
A5110846094,Oanh Đinh Le
A5094279601,Obaid Moraya Saeed Al Qahtani
A5137873774,Oh Shim Joo
A5054358107,Olaf Heidenreich
A5003162913,Olalekan Adekola
A5078584137,Olatunji Fadeyi
A5008976102,Olatunji Fadeyi
A5126318146,Oleg Khyzhun
A5032504273,Olga Bykanova
A5021838259,Oliver Weeger
A5066114368,Omaima Nasif
A5075431871,Omar Bouzit
A5022950828,Omid Aboubakri
A5101464450,Ondřej Svoboda
A5029663721,Ontran Sumantri Riyanto
A5030383833,Ooi Chee Keong
A5091410883,Oriana Rivera‐Lozada
A5133376077,Osama Ahmed Mohamed
A5030291168,Osamah Alsalman
A5034050904,Osamu Kakusho
A5046213612,Osman Cem Altıncı
A5018169142,Oyisi Okatahi
A5010116708,Oyundolgor Khorloo
A5069645890,O‐Joun Lee
LOCAL_A000346,P Byosiere
A5129448426,P Coertzen
LOCAL_A000130,P Damaschke
LOCAL_A000336,P Drucker
A5068896645,P Duong
LOCAL_A000702,P Malekian
LOCAL_A000648,P N T Dung
LOCAL_A000364,P Peters
LOCAL_A000277,P Podsakoff
LOCAL_A000259,P Roth
LOCAL_A000355,P Senge
A5079194244,P. G. Doyne
LOCAL_A000050,P. G. Hien
A5002732389,P. H. Dung
A5111991433,P. Le Hoang
A5030919137,P. Li
A5036415036,P. Malekzadeh
A5111093469,P. N. Thu
A5109333181,P. N. Truong
A5103028918,P. Nguyen
A5056322359,P. R.Krehbiel
A5077185547,P. Silvestrini
LOCAL_A000671,P. T. Hoa
LOCAL_A000207,P. T. T. Hai
A5076796223,P. T. Vinh
A5035626329,P.H. Nguyen
A5104687879,P.P. Yupapin
A5030875962,P.T. Phong
A5084985533,P.T. Tho
A5137525102,PT Tho
A5020360390,Pairod Singhatanadgid
A5113049027,Palmero Ha
A5016901707,Pamela W. Duncan
A5109689211,Pan Long An
A5103166964,Pan Lv
A5058225154,Panos Kloukinas
A5135236530,Paola B. Lauria
A5033922417,Paola Beatriz Lauria
A5043580746,Pascal Cassan
A5059661066,Patricia Friedmann
A5005403550,Patrick Gannon
A5072883137,Patrick Johnston
A5034275358,Patrick Van de Voorde
A5055097412,Patrizia Tettamanzi
A5024767943,Pattanapon Kayansamruaj
A5060295199,Pattiya Sangpo
A5047902084,Pau Loke Show
A5069373806,Paul A. Gildea
A5033221741,Paula P. Schnurr
A5027385468,Paulo Sampaio
A5088934266,Pavel Krömer
A5044406931,Pavithra S. Pitumpe Arachchige
A5086096942,Pawan Kumar Singh
A5061509700,Paweł Żukowski
A5109507730,Payal Vyas
A5108706799,Peimin Zhu
A5034407820,Pei‐Ming Yang
A5025132197,Pemika Hirankittiwong
A5069741452,Peng Chen
A5090643890,Peng Zhang
A5101639650,Pengcheng Zhang
A5071090412,Peng‐Lang Shui
A5057884284,Peppino Fazio
A5086503053,Peta Ashworth
A5045240225,Peter A. Meaney
A5067116161,Peter C. Mattson
A5090948020,Peter Faust
A5071384938,Peter G. Mason
A5042670765,Peter J. Kudenchuk
A5098041131,Peter J. van Wiechen
A5058935102,Peter K. Henke
A5043201732,Peter Libby
A5044607532,Peter Lievens
A5062168310,Peter Rohmeiss
A5058772199,Peter Savolainen
A5060548857,Peter Schall
A5067287880,Peter T. Morley
A5015416684,Petr Bilík
A5089263417,Petr Šilhavý
A5004702190,Petra Boukamp
A5002689322,Pha Nguyen
A5036337561,Pham Anh Duc
A5120017289,Pham Anh Tuan
A5047547190,Pham Cam Nam
A5012355715,Pham Dinh Khang
A5087385345,Pham Duc Thinh
A5012152789,Pham Duy Hai
A5077666944,Pham Hoai Linh
A5110193080,Pham Hoai Nam
A5094057503,Pham Hoang An
A5099116975,Pham Hoang Tu
A5107286799,Pham Hong Quyen
A5115946236,Pham Hong Thao
A5061425102,Pham Huong Quynh
A5096494840,Pham Huong Trang
A5041295651,Pham Huu Nghia
A5022369934,Pham Huu Tung
A5067080251,Pham Huu Ty
A5116174086,Pham Minh Cuong
LOCAL_A000045,Pham Minh Tan
A5056016594,Pham Minh Tan
A5120978819,Pham Ngoc Son
A5007920755,Pham Ngoc Tuan
A5018634287,Pham Nguyet Anh
A5045268600,Pham Quang Huy
A5124880789,Pham Quang Minh
A5007149615,Pham Quang Ngan
A5083362726,Pham Quang Tuyen
LOCAL_A000593,Pham Quoc Hoa
A5038733482,Pham Quoc Khanh
LOCAL_A000675,Pham T. Trang
A5065353383,Pham T. Vinh
A5035626331,Pham T.B. Nguyen
A5031031874,Pham Thanh Tuan
A5022176740,Pham Thi Anh
A5055305566,Pham Thi Bach Hue
A5007410147,Pham Thi Ha An
A5102010814,Pham Thi Ha An
A5099073090,Pham Thi Hoai Thuong
A5119701105,Pham Thi Hong Thuy
A5129859482,Pham Thi Huyen
A5116630261,Pham Thi Kim Ngan
A5039967759,Pham Thi Kim Thuy
A5058325292,Pham Thi Song Thuyet
A5057475080,Pham Thi Tham
A5023810707,Pham Thi Thu Ha
A5117543444,Pham Thi Thuy Dung
A5000577107,Pham Thi Thuy Loan
A5057056307,Pham Thi Thuy Trang
A5036059136,Pham Thi Tram Anh
A5028411206,Pham Thien Vu
A5005562712,Pham Thu Hien
A5119701106,Pham Thu Trang
A5081588326,Pham Thuc Tuyen
A5089869571,Pham Toan Thang
A5056461250,Pham Tran Thien Phu
A5054360822,Pham Tuan Anh
A5101469019,Pham Tuan Dung
A5112876838,Pham Van Day
A5090489273,Pham Van Hai
LOCAL_A000461,Pham Van Huy
LOCAL_A000316,Pham Van Kien
A5060950462,Pham Van Kien
A5107125627,Pham Vo Hong Nghi
A5045047983,Pham Văn Thinh
A5076541729,Pham Xuan Dong
LOCAL_A000404,"Pham, Ngoc Hoai"
A5022457847,Pham-Hung Duong
A5124878754,Phan Binh Nguyen Lam
A5019777897,Phan Chí Hiếu
A5025365223,Phan Dien Vy
A5101641106,Phan Duy Nguyen
A5093294021,Phan Huu Luan
A5046526189,Phan Ke Long
A5104346383,Phan Le
A5119568655,Phan Le Quynh Hoa
A5076923993,Phan Lien
A5080808397,Phan Nguyen Ky Phuc
A5002032651,Phan Nguyen Vinh
A5009869107,Phan Nguyễn Quỳnh Anh
A5102396654,Phan Nhat Minh
A5063563629,Phan Phuoc Hien
A5093290377,Phan Q.P. Hanh
A5053225960,Phan Quan Viet
A5065585303,Phan Quang Thang
A5067398066,Phan Quoc Lam
LOCAL_A000004,Phan T. H. Linh
LOCAL_A000072,Phan T. Quy
A5050662303,Phan T.T. Truc
A5064618445,Phan Thanh Cong
A5117757326,Phan Thanh Ngan
A5032425379,Phan Thi Cat Tuong
A5110647737,Phan Thi Hanh
LOCAL_A000093,Phan Thi Kim Thao
A5068908636,Phan Thi Thanh Huyen
A5102017380,Phan Thi Thuy
A5016877301,Phan Thuy Kieu
A5048239767,Phan Thành Nam
A5050840755,Phan Thế Công
A5008034575,Phan Thị Kim Thư
A5029981257,Phan Tu Qui
A5056072889,Phan Tu Vuong
A5034194161,Phan Tứ Quý
LOCAL_A000091,Phan Van Duc
A5101932598,Phan Van-Duc
A5006705698,Phan Xuan Le
LOCAL_A000215,"Phan, Q.L."
LOCAL_A000522,"Phan-Hong Vo, Kiet"
A5024548193,Phan-Tu Quy
A5101290167,Phat Nguyen Cuong Nguyen
A5018810877,Phat Nguyen-Huynh
A5101289673,Phat Tan Tran
A5100744810,Phi Duong Nguyễn
A5114129464,Phi Duong Nguyễn
A5119564603,Phi Long Nguyen
LOCAL_A000432,Phi Ngoc Quang Tran
A5121763713,Phi Ngoc Quang Tran
LOCAL_A000588,Phi Tran
LOCAL_A000581,Phi-Hung Nguyen
A5049441779,Philip G. Oguntunde
A5011034168,Philip Kofi Adom
A5082542863,Philipp Hadwiger
A5051157727,Philippe Reiffsteck
A5133156427,Pho Thi Nguyen
A5079571573,Phone Thiha Kyaw
A5071378698,Phong Luu
A5032779199,Phong Nguyen Dinh
A5085218551,Phong Nguyen Thanh
A5136018359,Phong Nguyen Thanh
A5108824078,Phong Nguyễn Thanh
A5073961077,Phong Q. Le
A5036520383,Phong Quoc Le
A5030197858,Phong Thanh Nguyen
A5004974582,Phong Thanh Tran
A5072294451,Phong Vo Quoc
A5044476993,Phong-Thanh Ngo
A5024162646,Phu Sy Truong
A5113888338,Phu Thuong Luu Nguyen
A5039592401,Phu Tran Tin
A5011303321,Phu X. Nguyen
A5110750141,Phu-Tan Nguyen
A5062478922,Phu-Vinh Phan
A5054924786,Phuc Dang Huu
LOCAL_A000375,Phuc Dang Huu
A5043963174,Phuc Dinh Tran Ngoc
A5066394609,Phuc Do
A5029102618,Phuc H. Vo
LOCAL_A000611,Phuc Hoang Bui
A5052492423,Phuc Hoang Minh
LOCAL_A000061,Phuc Huu Dang
A5089855087,Phuc Huu Truong
A5100977585,Phuc Ngoc Nguyen
A5009228968,Phuc Quang Truong
A5125432835,Phuc T. Tran
A5104243157,Phuc-Nguyen Nguyen
A5114195715,PhucThien Nguyen
A5071489355,Phung Dao
A5104197221,Phung Ngoc Thao Ho
A5106841018,Phung Thi Thanh Xuan
A5027033593,Phung Ton That
A5035960995,Phung Van Phuc
LOCAL_A000560,Phung Van Trung
A5133005158,Phung Vo Ngoc Thien
A5129644697,Phung Vo Ngoc Thien
A5066150494,Phuoc Ha Vinh
A5108902976,Phuoc Hong Tran
A5094127272,Phuoc Le Thien
A5063584493,Phuoc Luong Le
A5052038865,Phuoc Quy Phong Nguyen
LOCAL_A000561,Phuoc-Dat Duong
A5043693171,Phuoc-Hien Phan
A5130362156,Phuoc-Quyen Le
A5043481464,Phuoc‐Anh Le
A5119657244,Phuong Anh Pham-Tran
A5116783865,Phuong Anh Tran-Mai
A5023570581,Phuong Bui
A5106596649,Phuong D. Tran
A5013127410,Phuong Duy
A5101340227,Phuong H.M. Nguyen
A5113377787,Phuong Ha
A5067395177,Phuong Hac Nguyen
A5112687318,Phuong Hoa Ly Thi
A5029307415,Phuong Hoai Ha
A5082139032,Phuong Hoai Hoang
A5041894479,Phuong Hoang Lam
A5107867309,Phuong Huyen Nguyen
A5112469672,Phuong Kim Bui
A5081343112,Phuong Kim-Thi
A5077456883,Phuong Le
A5101451102,Phuong Le Thi
A5101813011,Phuong Minh Binh Nguyen
A5017384034,Phuong Nguyen Bao Cuc
A5076809954,Phuong Nguyen Duc
A5137339313,Phuong Nguyen Thi Hong
A5102525038,Phuong Nguyen Thi Hong
A5028027304,Phuong Nhat Tran
A5134886675,Phuong T M Ha
A5118149059,Phuong T. D. Thach
A5066453892,Phuong T. M. Ha
A5091627176,Phuong T. Tran
LOCAL_A000398,Phuong Thao Nguyen
A5003463460,Phuong Thi Le
A5112403918,Phuong Thi Le
A5039949041,Phuong Thu Ha
A5089531486,Phuong Thuy Viet Nguyen
A5063263505,Phuong Tran
A5073800051,Phuong Tran Hoang
A5086818392,Phuong Trieu
A5041697858,Phuong Tuyet Nguyen
A5109019942,Phuong-Dung Ly
A5112861862,Phuong-Ngoc Nguyen
A5066152930,Phuong-Thao Nguyen
A5068122335,Phuong-Thuy T. Phan
A5046399932,Phuong‐Thao Ho
A5025776689,Phuong‐Trang Nguyen‐Thi
A5102865733,Phuong‐Tung Nguyen
A5070137442,Phu‐Cuong Nguyen
A5073610437,Phùng Thị Tuyến
A5035696819,Phùng Văn Trung
A5072521375,Phương Hạnh Nguyễn
A5112911020,Phương Nguyễn Thị
A5101629727,Phương Ngọc Nguyễn
A5074162455,Phương Tùng Nguyễn
A5044058358,Phạm Hồng Nam
A5041279466,Phạm Khắc Liệu
A5112560700,Phạm Minh
A5010458646,Phạm Minh Quân
A5006309811,Phạm Minh Đạt
A5005045485,Phạm Ngọc Chức
A5088192772,Phạm Ngọc Sơn
A5113027053,Phạm Quang Minh
A5013024980,Phạm Thanh Hiệp
A5060222747,Phạm Thế Chính
A5057683641,Phạm Thị
A5059831731,Phạm Thị Anh Thư
A5022545715,Phạm Thị Bích Thảo
A5065459150,Phạm Thị Hà Vân
A5110835806,Phạm Thị Hằng
A5076966340,Phạm Thị Mai Hương
A5101958583,Phạm Văn Tuấn
A5052932812,Phạm Văn Tất
A5045162218,Phạm Vũ Nhật
A5074180869,Phạm Vũ Phi Hổ
A5028867378,Phạm Đăng Nhật Thái
LOCAL_A000038,Pi-Chan Ko
A5014695848,Pieterjan Claes
A5037669071,Pietro Caironi
A5101626772,Pinaki Saha
A5100687895,Ping Ning
A5101609039,Ping Ning
A5102150319,Pingping Zuo
A5081641836,Pinhas Sareli
A5113544583,Pinhas Sareli
A5049716230,Po-Kai Chuang
A5133053510,Poh Kiong Tee
A5040778010,Pornpat Sam-ang
A5054711582,Poulumi Dey
A5023835965,Prabakaran Veerajagadheswar
A5003625164,Prabhakar Sharma
A5091396479,Prabhu Paramasivam
A5036551566,Prabodh Satyal
A5044608756,Pramesh Dhungana
LOCAL_A000486,Pramesh Kumar Dhungana
A5047208892,Prasenjit Dewanjee
A5091336030,Prasiddha Mahardhika El Fadhlallah
A5027281024,Pratiwi Soesilawati
A5092443615,Prerana Bhaumik
A5021440982,Proloy Deb
A5090622402,Promise O. Longe
A5015622316,Punneeporn Wasinrapee
A5055350688,Putri Mutira
LOCAL_A000153,Q Nguyen
LOCAL_A000650,Q T Tran
LOCAL_A000689,Q Tran
A5045459799,Q. Duyet Tran
A5133109930,Q. Nguyen
A5007840514,Q. S. Vu
A5112645301,Q. T. Ngo
A5104337962,QING HUANG
A5046049487,QU Qing-biao
LOCAL_A000390,QUANG TAM TRUONG
A5101648172,QUI NHAT NGUYEN
A5062041023,Qamar Yasin
A5019101426,Qiang Dong-mei
A5100415670,Qiang Han
A5104386707,Qiang Wu
A5003423239,Qiang Wu
A5039870293,Qiao Wang
A5101812738,Qingfu Wang
A5101414185,Qinghua Li
A5078129675,Qingling Liu
A5030154211,Qingxia Li
A5100662935,Qingyang Yu
A5043677244,Qizhen Du
A5089374005,Quach Van Hoi
A5129705205,Quan A. Nguyen
A5043189560,Quan Dong Ta
A5002058256,Quan Ke Thai
A5041461727,Quan Le
A5035378097,Quan Minh To
A5082854198,Quan Zhou
A5061906200,Quang Anh Nguyen
A5106931559,Quang Chi Bui
A5128362655,Quang Dai Tuyen
A5089706471,Quang Dung Le
A5096746289,Quang Duy Luong
A5124377472,Quang Hai Nguyen
A5005067091,Quang Hai Tran
A5107919436,Quang Hieu Vu
A5087293091,Quang Huy
A5023113227,Quang Huy Ho
A5042835508,Quang Huy Truong
A5134791404,Quang Hằng
A5110917966,Quang Khieu Dinh
A5078615031,Quang Le Dang
A5064657974,Quang Lê Đăng
A5102896814,Quang Minh Dinh
A5113457602,Quang Minh Pham
A5101648170,Quang Nguyen
A5026941681,Quang Nguyen
A5038711387,Quang Nguyen Hao
A5084280578,Quang Nguyen-The
A5124888030,Quang Nhat Tran
LOCAL_A000450,Quang Phich Nguyen
A5037098982,Quang Phich Nguyen
A5104242419,Quang Shi Vu
A5024825570,Quang Tam Truong
A5067718322,Quang Thao Le
A5051166280,Quang Thien Luu
A5051245111,Quang Thien Tran
A5069093485,Quang Thuan Huynh
A5050464986,Quang Tran Vuong
A5088949909,Quang Tri Le
A5112947648,Quang Trí Nguyễn
A5001795239,Quang Tung Dao
A5058088271,Quang Viet Ly
A5090147142,Quang-An Ha
A5076947041,Quang-Huy Dang
A5056302319,Quang-Huy Le
A5081893974,Quang-Nhat Tran
A5074621625,Quang-Phich Nguyen
A5137034080,Quang-Thien-Buu Nguyen
A5014186775,Quang-Viet Vu
A5114074337,Quang-Vinh Dinh
A5072203401,Quanhong Li
A5011848775,Que Anh Pham
A5092241114,Que Ly Nguyen
A5019049009,Que Nguyen Kieu Viet
A5114995941,Que Quan Huynh
A5015095214,Qui X. Lieu
A5071311283,Quirino Estrada
A5087438050,Quoc Bao Diep
A5042425451,Quoc Bao Pham
A5077585613,Quoc Hoa Pham
A5124944636,Quoc Huy Vu
A5073095832,Quoc Khanh Ly
A5069934157,Quoc Long Pham
A5101153572,Quoc Thang Nguyen
A5029912738,Quoc Thanh Truong
A5085765783,Quoc Thinh Tran
A5035085724,Quoc-Bao Bui
LOCAL_A000465,Quoc-Bao Nguyen
A5101205934,Quoc-Bao Nguyen
A5071849699,Quoc-Dang Quan
A5042237838,Quoc-Dung Tran
A5024850056,Quoc-Hoa Pham
A5112057266,Quoc-Hung Nguyen
A5083291115,Quoc-Huy Ninh
LOCAL_A000444,Quoc-Ky Truong
LOCAL_A000464,Quoc-Minh Thi Nguyen
A5055316375,Quoc-Tuan Tran
A5009585629,Quoc‐Thai Nguyen
A5039829241,Quoc‐Viet Le
A5062525719,Quoc‐Viet Pham
LOCAL_A000605,Quy Quyen Ngo
A5105820446,Quyen D. K. Nguyen
A5068549213,Quyen Doan Thuc
A5136234150,Quyen Le Kha
LOCAL_A000299,Quyen N. Tran
A5046308015,Quyen Ngoc Hoang
A5117603944,Quyen Ngoc Thi Hua
LOCAL_A000101,Quyen Ngoc Tran
A5045964701,Quyen Phu Thi Phan
A5122807415,Quyen Thi Nguyen
A5003989156,Quyen Thi Nguyen
A5065502298,Quyen Vu
A5133342206,Quyet Quang Nguyen
A5042349140,Quyet-Nguyen Van
A5016501138,Quynh Anh T. Nguyen
A5061363296,Quynh Doan Huong
A5027556039,Quynh Le‐Van
A5013382990,Quynh Nga Le
A5134314768,Quynh Nguyen Ngoc Nhu
A5097356205,Quynh Nhu Pham
LOCAL_A000403,Quynh Thi Nguyen
A5101289672,Quynh Vo My Nguyen
A5109484736,Quynh-Anh Nguyen
A5068862407,Quynh-Mai Nguyen
A5128336422,Quynh‐Xuan Thi Nguyen
A5119371022,Quý Hoàng Ngọc
A5001160212,Quốc Bảo Nguyễn
A5015225298,Quốc Cường Huỳnh
A5068804587,Quốc Duy Hồ
A5094151435,Quốc Trị Trần
LOCAL_A000230,R Bagozzi
LOCAL_A000232,R Baron
LOCAL_A000354,R Bruce
LOCAL_A000164,R Chen
LOCAL_A000162,R Danandjojo
LOCAL_A000249,R Emmons
A5030296089,R F Moore
LOCAL_A000146,R Faizi
LOCAL_A000160,R Farisi
LOCAL_A000276,R Horton
LOCAL_A000362,R Ingen
LOCAL_A000251,R Larsen
LOCAL_A000268,R Maccallum
LOCAL_A000114,R Montanari
LOCAL_A000275,R Montoya
A5090361625,R Ninio
LOCAL_A000226,R Petrie
LOCAL_A000128,R Salman
LOCAL_A000113,R Santis
LOCAL_A000156,R Skinderowicz
A5056025737,R. Gopi
A5037482393,R. H. G. Ranil
A5136925850,R. Higuchi
A5037620294,R. Krishna Priya
A5109127716,R. Lang
A5132104550,R. LeVon
A5007640729,R. López‐Noda
A5062292777,R. M. S. R. Chamara
A5015756945,R. Mouacher
A5011706579,R. Padanyi
A5126219837,R. Ponce-Pérez
A5073605632,R. Ponce‐Pérez
A5053741823,R. R. MAGALHÃES
A5043173692,R. R. Sickler
A5136932902,R. Sakamoto
A5074230194,R. Taugner
A5129715936,R. U. Abbasi
A5120992317,R. U. Abbasi
A5082519416,R.H. Bosma
A5067638085,R.J. Maarschalkerweerd
A5110094777,RM Lang
A5059034951,Rabeea Noor
A5006039089,Rabia Akram
A5018594029,Radek Fajgаr
A5042254735,Radek Martínek
A5019922027,Radek Šilhavý
A5085954814,Raeesa Moolla
LOCAL_A000511,Raeesa Moolla
A5110701424,Raffo Escalante
A5026652437,Rahul Bhandari
LOCAL_A000502,"Rai, Rajesh Kumar"
A5111866351,Rainer Dietz
A5015337386,Rainer Rettig
A5027936517,Rajeev Kumar Dohare
A5026384627,Rajeev Yadav
LOCAL_A000716,Rajesh Kumar Rai
LOCAL_A000478,Rajinder Dass
A5019820840,Rakesh Gupta
A5067977804,Ramesh L. Gardas
A5049558646,Ramiro Pillco Zolá
A5028937831,Ramona Trestian
A5016510429,Ranfeng Qiu
A5029980919,Ranh Nguyen Thi
A5009897964,Ranh Truong Van
A5121922326,Ranil Rajapaksha
A5004174989,Ranjna Sirohi
A5011528405,Raquel C. Gardner
A5135174498,Rasha U. Abbasi
A5002248149,Ravi Naidu
A5055431798,Ravi P. Agarwal
A5101961231,Rawshan Ali
A5089470104,Ray Cheng Chern Xi
A5074171210,Raymond D. Ward
A5038895380,Raymond Yeong Wei Wen
A5014186524,Raúl J. Gazmuri
A5123919836,Reetu Saini
A5115912140,Rehab Gaber Ismael
A5137959653,Relgen Obiasada
A5101800295,Ren Jiang
A5016901918,Renata Skýpalová
A5031344072,Renato Antonio Bertão
A5102895643,Renhai Wang
A5102084027,Rense Lange
A5086706877,René Jaroš
A5104076001,René Remmelt Willie Johan van der Hulst
A5039423577,Retno Mawarini Sukmariningsih
A5013517307,Reza Bahramloo
A5041017487,Reza Ershadnia
A5000286137,Reza Rezaee
A5004759226,Reza Saadati
A5002019686,Ricardo Hallal Fakury
A5028284310,Riccardo Ferriani
A5102951176,Riccardo Natoli
A5086095919,Richard Aickin
A5026340579,Richard Betts
A5048245818,Richard P.J.H. Struijk
A5106803393,Richard Ramsawak
A5030946527,Richard Selase Agboga
A5007358249,Ricky Indra Alfaray
A5091100497,Rigel Keith C. Baluyot
A5078525116,Riichiro Mizoguchi
A5083804370,Rijan Ojha
A5130078744,Ripa Akter
A5052611963,Rita AKHIDUE-OGOGO
A5086509701,Rita Omon Akhidue Ogogo
A5039058211,Rizwan Safdar
A5058693463,Robert A. Berg
A5090660367,Robert Bingham
A5012751492,Robert Greif
A5057073317,Robert J Henry
A5082627916,Robert J. Atterbury
A5006970624,Robert J. Rowley
A5061514881,Robert S. Hansen
A5066817807,Robert W. Neumar
A5042115750,Roberta Proffitt Lavin
A5033921756,Roberto Alfieri
A5049765310,Roberto M. Lang
A5036233313,Roberto Núñez-González
A5109974992,Roderick W. Childers
A5053882063,Roksanur Akter
A5045970281,Roland Veelken
A5020231952,Roman Šenkeřík
A5061756650,Romana Garma
A5017002382,Romergryko G. Geocadin
A5012676647,Ron Blankstein
A5062884692,Ron Z. Goetzel
A5036292398,Ronaldo S. Alipin
A5016128874,Ronghua Jin
A5066780149,Rongjun Wu
A5006375556,Roozbeh Moazenzadeh
A5088917647,Rosario Trijuliamos Manalu
LOCAL_A000290,Roseline Esmilaire
A5058888535,Roseline Esmilaire
A5087806761,Roya Ebrahimi
A5109304397,Ruan Wen
A5005018946,Rubina Kousar
A5064006808,Ruby Lieu
A5089220341,Rudolph P. Frizzi
A5046497176,Rudolph W. Koster
A5101588421,Rui Qi
A5101615863,Ruihan Zhang
A5016345523,Rumpa Saha
A5021354106,Runzhang Qi
A5077085496,Ruoji Zhao
A5035626095,Rupert Handgretinger
A5110556117,Russell E. Griffin
A5089557187,Ruth Gostelow
A5007830940,Ruth Guinsburg
A5076135647,Ryan Berke
A5088363082,Ryan Kling
LOCAL_A000695,S &fatemi
A5109215282,S A Daugherty
LOCAL_A000318,S Alajmi
LOCAL_A000186,S Alghuwainem
LOCAL_A000280,S Aryee
LOCAL_A000198,S Ayon
LOCAL_A000144,S Bouzbita
LOCAL_A000267,S Choi
LOCAL_A000327,S Craps
LOCAL_A000326,S Cuellar
LOCAL_A000685,S Derry
LOCAL_A000269,S Hong
LOCAL_A000151,S Korkmaz
LOCAL_A000224,S Lovascio
A5112800545,S Láng
LOCAL_A000697,S Nowrouzi
LOCAL_A000353,S Scott
LOCAL_A000199,S Shahriyar
LOCAL_A000698,S Tam
LOCAL_A000169,S Yasear
A5087849832,S. Adarsh
A5010001093,S. Bae
A5041758579,S. C. Chen
A5079259160,S. H. Rhim
A5036850374,S. Hayakawa
A5131974323,S. Jeong
A5111349661,S. M.
A5102762185,S. M. Murigendrappa
A5110454044,S. M. Rafiul Islam
A5028500163,S. M. Riazul Islam
A5038617538,S. N. Deepa
A5136921011,S. Nagataki
A5136981193,S. Ogio
A5076195331,S. Ozawa
A5033082045,S. Rajaram
A5020825456,S. Sakurai
A5136948187,S. W. Kim
A5009865975,S. Y. Park
A5103017171,S.A. Vorobyova
A5028951593,SERGEY S. KALYUZHNY
A5069659660,SVETLANA P. KUZNETSOVA
A5034076654,Saad M. Alshehri
A5101719668,Sachin Kumar
A5134489233,Sachin Kumar
A5104330936,Sachin Kumar
A5129674933,Sachin Kumar
A5129878561,Sachin Kumar
LOCAL_A000020,Sachin Kumar
A5132976383,Sachin Kumar
A5135133994,Sachin Kumar
A5126799033,Sachin Kumar
A5127802930,Sachin Kumar
A5130343899,Sachin Kumar
A5126009246,Sachin Kumar
A5025285609,Sadikou Agbere
LOCAL_A000505,Sadikou Agbere
A5045306957,Saeed Althamer
A5089022716,Saengchan Senapin
A5088853821,Safwan Mohammed
A5078120613,Sahil Nazir Pottoo
A5021863822,Sahri Sahri
A5138180568,Sahri Sahri
A5003678121,Saifullahi Shehu Imam
A5056919969,Saikh Mohammad Wabaidur
A5103249297,Saja Fadhil Abbas
A5020702633,Sajad Ebrahimnia Taremsari
A5066638282,Salah Fatouh Abou‐Elwafa
A5001907851,Salim Heddam
LOCAL_A000668,Sallie Shipman
A5014097779,Sam Minh Thai
A5052970907,Sam Phan Hai Nguyen
A5091148818,Samantha Conley
A5117644945,Samantha J. Windle
A5124206567,Samantha Suranjan
A5033627409,Samar Adnan
A5069734411,Samarendra Nath Sur
A5022798909,Sameh M. Osman
A5031094477,Samer Kiwan
A5056304373,Sami Hennawi
A5116250663,Samia Ayed Aljaeed
A5015882055,Samia Elattar
A5108293775,Samia M. Ibrahim
A5027283721,Samir Khatir
A5025977132,Samir Tiachacht
A5069149378,Sandeep Kumar Dey
A5065323250,Sandhya Babel
A5124248425,Sandip Behera
A5028063152,Sandip Kumar Behera
A5103046358,Sandip Kundu
A5051848349,Sandra Iverson
A5032288237,Sandra Kordowich
A5104107891,Sang Ho
A5032941002,Sang Quang Nguyen
A5004131008,Sang V. Nguyen
A5084775306,Sangchoon Jeon
A5069847897,Sanjay Kalra
A5036727378,Sanjib Saha
A5136085905,Sanjib Saha
A5089524326,Sankar Hari Prakash
A5048785235,Sanskriti Dey
A5072008290,Santanu Mukherjee
A5000823484,Santanu Mukherjee
A5071754735,San‐Lang Wang
A5024588356,San‐Nan Yang
A5074064328,Sara Ajmal
A5045898489,Sarah Bur
A5017263869,Sarah Linsky
A5078661947,Sarah M. Perman
A5117424256,Sardi Juanda
A5036538864,Sarita Gajbhiye Meshram
A5088300934,Sartaj Hussain
LOCAL_A000483,Sarva Mangala Praveena
A5122224274,Sarva Mangala Praveena
A5045131495,Sarvar Inatullaevich Nazarkosimov
A5015707475,Sasha A. Singh
A5061233140,Satiprasad Sahoo
A5089109767,Saúl Drajer
A5063075884,Scott Eley
A5065438450,Scott McDonald
A5107906105,Sean Watts
A5136285735,Sebastian Rushawn Odaine Marshall
A5019965004,Sebastian Scharf
A5104311871,Selvaraj David
A5108029911,Selvaraj Mohana Roopan
A5010689925,Selwan M. El‐Sayed
LOCAL_A000449,Seonghun Kang
A5103213810,Seong‐Gon Kim
A5067390924,Septian Pradana
A5004928802,Sergey V. Muravyov
A5037459239,Seth Powsner
A5004271260,Seung Hyeon Park
A5100434395,Seung Jae Lee
A5021296526,Sevenpri Candra
A5062542939,Seyed Hossein Hoseinifar
A5029995327,Seyed Mohammad Nasir Mousavi
A5091500375,Seyedali Mirjalili
A5075332753,Shabir Ahmad
A5012583826,Shadfar Davoodi
A5110579458,Shadieh Mohammadi
A5066599245,Shadrach OMOFOWA
A5072566978,Shafi Mohamad
A5000866983,Shahbaz Nasir Khan
A5019183004,Shahed Rana
A5056209905,Shahid Mumtaz
A5134226784,Shahla Hosseini Bai
A5076877524,Shahnaz Bashir
A5090352762,Shalini A. L. King
A5081831852,Shamim Mahbub
A5024054120,Shamshul Ansari
A5042163751,Shangxian Yin
A5113482366,Shankar Bhat
A5028650701,Shannon A. Mahan
A5018189411,Shaohua Marko Hsu
A5020851663,Shaoxian Song
A5035774373,Sharad Karandikar
A5059773332,Shariff E. Kabir
A5064913339,Sharon Deppe
A5072878768,Shelvi Rusdiana
A5126812074,Sheng-Yang Lee
A5100696961,Shengjie Wang
A5110951526,Sherif Ahmed Abu El-Magd
A5019473435,Sherri Kovach
A5063655240,Sherri Wheeler
A5017957987,Shi Bao-xia
A5077149091,Shi Guoqin
A5101468353,Shi Zhong
A5089872679,Shigeharu Hosono
A5108227773,Shigeo Fujii
A5011794101,Shih-Hsun Walter Hung
A5100604668,Shilang Xu
A5051606464,Shinichiro Ohshimo
A5103573643,Shinji Goto
A5032662195,Shinya Echigo
A5073470573,Shiping Yin
A5037715406,Shi‐Yong Dong
A5064560837,Sho Tsujimura
A5018766595,Shoaib Ali
A5021197768,Shobhit K. Patel
A5022638034,Shova Neupane
A5067957815,Shreyas Mukka Ramachanra
A5051509129,Shu-Han Li
A5100762383,Shu-Ming Zhang
A5112965708,Shubhayan Roy Chowdhury
A5103066046,Shufang Zhao
A5101793667,Shuhan Li
A5049222685,Shuichiro Tagane
LOCAL_A000028,Shun-Fa Yang
A5014260545,Shun‐Fa Yang
A5058591249,Shu‐Huei Kao
A5069711950,Si-Phu Le
A5037131073,Si-Yeong Jun
A5009080326,Sierra F. Patterson
A5076385003,Siham Acharki
A5049339151,Silvio Raciti
A5088899338,Simon C. Body
A5004526884,Simon R. Bush
A5009716584,Simona G. Lang
A5066757856,Sin Jin Tan
LOCAL_A000521,"Sindelar, Matej"
A5053245824,Sinh Duc Hoang
LOCAL_A000103,Sinh Khang Nguyen
A5039725259,Siriluck Usaha
A5058199474,Sitara Afzal
A5047998559,Siti Aqilah Husna Md Azman
A5031148394,Siti Mariyam
A5039424904,Siva Avudaiappan
A5063909702,Sizwe D. Mabaso
LOCAL_A000491,Sizwe Mabaso
A5102771088,Sk Mehebub Rahaman
A5078984352,Smail Mouloudj
A5070675941,Sobar M. Johari
A5034916559,Sobia Nisar
A5122261563,Sobia Rose
LOCAL_A000481,Sobia Rose
A5006566365,Soheil Rastan
A5085537455,Sokip Sokip
A5022771633,Sol I. Rajfer
A5066978200,Son Dinh‐Van
A5053690387,Son H. Nguyen
A5112157787,Son K
A5093472703,Son Le Huu
A5047353442,Son Nguyen Truong
A5078613366,Son Quang Van
A5029957844,Son T.
LOCAL_A000603,Son T. Mai
A5113268349,Son Tuan Nguyen
A5136974579,Song Minh Nguyet Nguyen
A5075629036,Song Pham Van
A5104101705,Songlin Yang
A5003259785,Songlin Yang
A5041832298,Son‐Tung Nguyen
A5100450639,Soo Young Kim
A5022270322,Soobin Lim
A5063712871,Soolmaz Nourabadi
A5059676139,Soontorn Suvokhiaw
A5058934086,Sophie Alvarez
A5062852134,Sophie Cerneaux
A5060343625,Sophie St‐Hilaire
A5002715032,Sophie Tingry
A5046084609,Spencer M. Unabia
A5061026929,Srael M. Verdida
A5017779359,Sri Mulyani
A5053892732,Sriniketh Konduri
A5038674343,Stacey Martin
A5047693293,Stefan E. Schulz
A5006811097,Stefan Guldin
A5002976413,Stefan Mattheis
A5037786157,Stefanie M. Rog
LOCAL_A000524,"Stefansky, Jakub"
A5017046939,Stephan Kellnberger
A5030649192,Stephan Lang
A5038298046,Stephanie Morgan
A5044462379,Stephen M. Schexnayder
A5068309504,Stephen White
A5103958108,Stephen White
A5003822713,Steven A. Frost
A5008079426,Steven B. Feinstein
A5010395979,Steven C. Brooks
A5106181325,Steven J. Miller
A5056865763,Steven R. Jarrett
A5027163198,Stéphane Bordas
A5119371023,Sub Lee Jong
A5008510859,Subhaschandra Kattimani
A5053333628,Subhendu Dhibar
A5077352345,Sudhakar Pachiappan
A5015961088,Suhaib A. Bandh
A5101984598,Suhyun Jung
A5113714554,Suk Ho Choi
A5053883070,Sukumar Nandi
A5012969367,Sulaiman Ali Alharbi
A5111820289,Sulaiman Wadi Harun
A5021666100,Sulieman Ibraheem Shelash Al-Hawary
A5101024767,Sun Jialin
A5017339857,Sunarti Sunarti
A5042206762,Sung Phil Chung
A5100430160,Sunghwan Kim
A5129411191,Sunghwan Kim
A5009549644,Sung‐Uk Choi
A5012959918,Suong Ke Ngo
A5024140904,Suparit Tangparitkul
A5009080751,Suranjan Fernando
A5040102344,Surender Rangaraju
A5036239936,Surendiran Mohan
A5034642372,Suresh Sagadevan
A5102806354,Suresh V. Kuchipudi
A5071688512,Susan C. Nagel
A5016763122,Susan Lane-Outlaw
A5066533851,Susana Carvalho
A5058555117,Susanne Viebahn
A5030073755,Susantha Udagedara
A5089611382,Sushant Gautam
A5078872062,Susilo Nur Aji Cokro Darsono
A5014433518,Sutha Shobana
A5050585586,Svitlana S. Petrovska
A5089477886,Swee Han Lim
A5087405854,Sy Dzung Nguyen
A5050533579,Sy Van Vu
A5035262683,Sy Vo Van
A5030680943,Sy-Ngoc Nguyen
LOCAL_A000621,Sy-Ngoc Nguyen
A5018538544,Syed Tam Husain
A5016154330,Symeon Chatzinotas
A5050137620,Sérgio P. Santos
LOCAL_A000477,Sérgio Pereira dos Santos
A5015142652,Sílvia Beatriz Alves Rolim
A5101663684,Sơn Vũ
LOCAL_A000221,T Anderson
LOCAL_A000245,T Bauer
A5108186826,T C Lien
LOCAL_A000331,T Davenport
LOCAL_A000256,T Hinkin
LOCAL_A000261,T Judge
LOCAL_A000338,T Kim
A5080706652,T Le
LOCAL_A000361,T Loc
A5110958467,T M Ngo
A5103945707,T N M Vo
A5128700301,T N P Nguyen
LOCAL_A000696,T Ngo
LOCAL_A000178,T Nguyen
LOCAL_A000335,T Pettit
LOCAL_A000094,T Phong Nguyen
LOCAL_A000313,T Scandura
A5025614310,T T Ho
LOCAL_A000649,T T T Dinh
A5064996552,T T T Nguyen
LOCAL_A000688,T Tran
A5107908300,T V Nhan-Hao
A5136905343,T. Abu‐Zayyad
A5126871406,T. D. Stark
A5130252883,T. D. Tham
A5112361199,T. Dang
A5132049969,T. Fujii
A5030683099,T. G. Minevich
A5107408554,T. H. Le
A5129663707,T. Hanaoka
A5010151535,T. Hua-Huy
A5108870180,T. Hue L.
A5101783382,T. L. Bunn
A5014633603,T. Le-Xuan
A5103884475,T. My-Thao Nguyen
A5136964667,T. Nakamura
A5136954205,T. Nakayama
A5033485941,T. Ngoc Han Pham
A5128214906,T. Nguyen-Thoi
A5053998535,T. Nguyen‐Thoi
A5136952759,T. Nonaka
LOCAL_A000066,T. Phong Nguyen
A5113496089,T. Phuong
A5019304743,T. Seddik
A5111002528,T. T. Dieu
A5025851364,T. T. Hien Ho
A5016874352,T. T. Hong
A5108652190,T. T. Hong
A5048623965,T. T. Loi
A5109994888,T. T. Thao
A5062984662,T. T. Thuc
A5108008350,T. T. Truong
A5108992345,T. T. Vu
A5042295571,T. Thanh Lam
A5112894832,T. Thu-Trang Ho
A5049415464,T. Tran‐Cong
A5008653388,T. Trinh Quang
A5050385284,T. V. Nhan Hao
A5023271480,T. Vuong
A5059455259,T.A. Ho
A5101880043,T.D. Nguyen
A5112855604,T.F.E. Tjong Tjin Tai
A5030190819,T.H. Nguyen
A5134174412,T.Sako
A5069162937,T.T. Yen Le
A5128617275,T. C. Phuong Tran
A5128342307,T. T. Nguyen Nguyen
A5128645162,T. T. Nguyen Nguyen
A5033629831,TATIANA V. MAISAK
A5072290797,THANH NGOC HUYNH
A5130080333,THS Lê Đỗ Phương An
A5130058879,THS Nguyễn Hùng Linh
A5026770074,TRAN-THE BACH
A5100920364,TT Nguyen
A5033058790,Ta Ngoc Bach
A5071926923,Ta Nguyen Binh Duong
A5045602523,Ta Thi Huyen Trang
A5113659799,Ta To Tran
A5039180885,Ta Van Phuong
A5114134175,Ta-Binh Vo
A5101280028,TaTo Tran
A5100438985,Tae Hyun Kim
A5136190142,Tae Kyu Kim
A5108140676,Taegeun Oh
A5102747977,Taejoon Kim
A5101287236,Taeyoon Lim
A5049003532,Tae‐Hyung Lee
A5135268164,Tagianne P. da Silva
A5052329546,Tagianne Patricia da Silva
A5015546142,Tahani Mazyad Almutairi
A5054722451,Tahereh Heydarnejad
A5070587435,Taherul Islam
A5067918460,Tai Hoang Nguyen
LOCAL_A000204,Tai Nguyen
A5023010845,Tai Tan Nguyen
A5036887999,Tai The Diep
A5075209004,Tai Vovan
A5102826855,Taieb Seddik
A5012875627,Taira Batista Luna
A5082446801,Tajmul Hasan
A5029670464,Takafumi Sassa
A5044829491,Takaomi Kobayashi
A5114549543,Takashi Matsumoto
A5003021924,Takashi Matsumoto
A5025654358,Takehito Okui
A5112241048,Takemura Jiro
A5072611129,Takeshi Matsuhisa
A5028938519,Taku Iwami
A5049806976,Tak‐San Ho
A5042948921,Talal Al‐Awadhi
A5087442163,Talip DOĞAN
A5034798042,Talla M. Aldeehani
A5136968278,Tam Bao Trinh
A5042031508,Tam D. Nguyen
A5128210291,Tam Duong Le Ha
A5130697482,Tam Huu Do
A5019165820,Tam Le Thi Thanh
LOCAL_A000576,Tam Minh Nguyen
LOCAL_A000417,Tam Nguyen
A5030678711,Tam Nguyen Van
A5102804031,Tam T. Truong
A5074978546,Tam Thai Thanh Tran
A5057145784,Tam V.‐T.
A5109295168,Tam Van Nguyen
A5137083886,Tam Van Nguyen
A5039887490,Tamara Lezama
A5050195883,Tan Gia Nguyen
A5100677169,Tan H. Nguyen
A5117639584,Tan Le Minh
A5040081743,Tan Loi Huynh
A5101399124,Tan M. Nguyen
A5014849714,Tan Minh Phan
A5100701432,Tan N. Nguyen
LOCAL_A000657,Tan N. Nguyen
A5100701430,Tan N. Nguyen
A5128405095,Tan Nguyen
A5125450163,Tan Nguyen
A5101523512,Tan Nguyen
A5056627231,Tan Pham
A5057116918,Tan Phan‐Van
A5066490148,Tan Phat Chau
A5021286794,Tan Phat Dao
A5114183992,Tan Thanh Trinh
A5055103179,Tan Tien Nguyen
A5065997378,Tan Vo‐Thanh
A5017559788,Tan-Hanh Le
A5030882676,Tan-Phong Ngo
LOCAL_A000674,Tan-Thi Pham
A5071682792,Tang Ha Minh Quan
A5009716673,Tang-Tin Dao
A5080595139,Tansir Ahamad
A5015381463,Tan‐Viet Pham
A5108048174,Tao Zhang
A5071023394,Tao Zhang
A5115602156,Tao Zhang
A5042273243,Tara D. Gates
A5128356196,Tarek Al-Arbi Ganat
A5132605860,Tarek Ganat
A5054946215,Tarek Ganat
A5015660461,Tarig Ali
A5093287777,Tasya Khoerunnisa
A5031742904,Tat-Bao-Thien Nguyen
A5034643812,Tatiana Yakushkina
A5006308177,Tat‐Dat Bui
A5015523916,Tawfiq Khatir
A5002451590,Ted Feldman
A5050886317,Ted Hammett
A5018545038,Teerapat Tosuai
LOCAL_A000495,Telesphore Kabera
A5009945961,Telesphore Kabera
A5061220760,Tener Goodwin Veenema
A5064910317,Terry W. Henkel
A5069865145,Tessa Könning
A5071186378,Tetsuo Hatanaka
A5040371822,Tetsuya Isayama
A5008986510,Tetsuya Sakamoto
A5082750409,Thac Quang Nguyen
A5104075025,Thach N. Nguyen
A5134569039,Thach Ngoc Tran Duong
A5067894346,Thach Thao Than
A5048867490,Thach Thi Ngoc Phan
A5003620404,Thach Tran
A5097874829,Thach UT DONG
A5033543615,Thai Bao Ngoc Lam
A5066740309,Thai Hoang Tuyet Nhi
A5128343243,Thai Nam An
A5093360005,Thai Nguyen Dac
A5098732947,Thai Nguyen-Dinh
A5096741207,Thai Nguyen-Minh
A5050579769,Thai Phan Bao Han
A5038261244,Thai Son Tran
A5109730740,Thai T. T. An
A5082263577,Thai Thanh Sang
A5124048792,Thai Van Anh
A5107415755,Thai Vo
A5088136225,Thai Vu Binh
A5048794912,Thai Vu Hong Nguyen
A5061019153,Thai-Ha Luong
A5011855564,Thai-Hoc Vu
A5040523210,Thai-Thi-Tuyet Trinh
A5101236199,ThaiVan Nguyen
A5041058125,Tham C. Hoang
A5112799690,Tham Hong Duong
A5110680345,Tham Tran Hong
A5006709815,Tham Vo
A5123902480,Thamilselvan Annadurai
A5036002983,Thammarat Aree
A5043412244,Than Le
A5060429609,Thanatip Ruksilp
A5115633054,Thang Diep
A5055109098,Thang Doan Van
A5007967745,Thang Ha
A5121465761,Thang Ha Nam
A5057952428,Thang Huynh Quoc
A5064908437,Thang Le-Dinh
LOCAL_A000413,Thang Pham Chien
A5111341143,Thang Tran
A5018426724,Thang Trung Nguyen
A5060143737,Thang Vu Van
A5113339823,Thanh An Truong
A5069939265,Thanh Bao Nguyen
A5041445983,Thanh Binh Ly
A5101790883,Thanh Binh Nguyen
A5028473390,Thanh Bui Trung
A5015920621,Thanh Bui-Tien
A5133348079,Thanh C. Bui
A5101464227,Thanh Cong Nguyen
LOCAL_A000080,Thanh Cong Nguyen
A5044266379,Thanh Cong Truong
A5063689926,Thanh Cuong‐Le
A5101962558,Thanh D. Vo
LOCAL_A000286,Thanh Dang Duc
A5069873921,Thanh Dang Tran
A5101609050,Thanh Danh Le
A5045408352,Thanh Duc Dang
A5006096258,Thanh Duc Tran
LOCAL_A000202,Thanh Duy Nguyen
LOCAL_A000709,Thanh Hai Hoang
A5016906942,Thanh Hai Truong
A5136886963,Thanh Hung Duc Duong
A5052029634,Thanh Huy Nguyen
A5024514559,Thanh Huynh Ngoc
A5076945065,Thanh Khoa Phung
A5096130234,Thanh Khoi Tu
A5136269085,Thanh Khuc Thien
LOCAL_A000408,Thanh Kien Lam
A5130658184,Thanh Kien Lam
A5114137577,Thanh Kim Nguyen Le
A5044711213,Thanh Le Minh
A5036823105,Thanh Le Minh
A5112933551,Thanh Le Viet
A5047172220,Thanh Long Duong
LOCAL_A000662,Thanh Luan Nguyen
A5048321637,Thanh Luong Van
A5123198465,Thanh Luu Huynh
A5067058159,Thanh Minh Le
A5066718144,Thanh Minh Nguyen
A5118587893,Thanh Nam Dang
A5073069376,Thanh Ngo
A5072572935,Thanh Ngoc Nguyen
A5004161082,Thanh Ngoc Pham
A5067909189,Thanh Nguyen-Ngoc Phan
A5063554916,Thanh Nhan Dinh
A5068331641,Thanh Nhut
A5109802312,Thanh Pham
A5015211989,Thanh Phong Ho
A5139018057,Thanh Phong Pham
LOCAL_A000529,Thanh Phuc Nguyen
A5060017962,Thanh Phuc Nguyen
A5114217690,Thanh Phuong Tran
LOCAL_A000071,Thanh Q. Bui
A5032768223,Thanh Q. Bui
A5024433704,Thanh Q. C. Nguyen
A5114098797,Thanh Quang Dang
A5022979224,Thanh Quang Ngo
A5025906301,Thanh Quang Nguyen
A5059133436,Thanh Quoc Trinh
A5039659391,Thanh Quy Nguyen
A5058979345,Thanh Sang-To
A5015224146,Thanh Son Doan
A5002530601,Thanh T. Banh
A5101966547,Thanh T. H. Le
LOCAL_A000090,Thanh T. Nguyen
A5041034605,Thanh Tam CAO
A5041231861,Thanh Tam Nguyen
A5068433944,Thanh Tam Toan Tran
A5118272990,Thanh Thao Thi Nguyen
A5102660187,Thanh Thi Bui
A5001033800,Thanh Thi Ha NGUYEN
A5085593383,Thanh Thi Nguyen
A5061293056,Thanh Tho Le
A5026299963,Thanh Tran
LOCAL_A000456,Thanh Tran
A5124951340,Thanh Tran Cong
A5113849259,Thanh Truc Tran
A5065874722,Thanh Truong Hoang
A5008496546,Thanh Tuan Chu
A5078074629,Thanh Tuan Le
A5067527606,Thanh Tuan Pham
A5000054820,Thanh Tung Nguyen
A5102588048,Thanh Tú Trần
A5039137182,Thanh V Vo
A5035983964,Thanh Van Vo
A5109517914,Thanh Vo Van
A5112851593,Thanh Xuan Bui
A5085817694,Thanh Xuan Vu
LOCAL_A000083,Thanh –Hoang Nguyen
A5100613698,Thanh-Binh Nguyen
A5101410064,Thanh-Cong Nguyen
A5017932855,Thanh-Cong Nguyen
A5008093246,Thanh-Dat Le
A5083127097,Thanh-Dat Le
A5101475545,Thanh-Dong Pham
A5101211304,Thanh-Dung Tran
LOCAL_A000443,Thanh-Dung Tran
A5019689277,Thanh-Hieu Nguyen
A5077593563,Thanh-Hung Nguyen
A5011077680,Thanh-Khiet L. Bui
A5111144764,Thanh-Lanh Le
A5049982885,Thanh-Long Nguyen
A5018943018,Thanh-Long Phan
A5010793698,Thanh-Minh Phan
A5113359591,Thanh-Nha Nguyen Hua
A5021434198,Thanh-Nha Tran
A5065939774,Thanh-Nhan Le-Phuoc
A5043055992,Thanh-Phong Dao
A5073610685,Thanh-Phong Ngo
A5010228370,Thanh-Phong Nguyen
A5084269594,Thanh-Quang Nguyen
A5116329274,Thanh-Tam Nguyen-Thi
A5113010213,Thanh-Tan Le
A5116329275,Thanh-Tan Nguyen-Ngoc
A5024590295,Thanh-The Ngo
LOCAL_A000658,Thanh-Trung Nguyen
A5021571129,Thanh-Trung Nguyen
A5008248931,Thanh-Trung Tran
A5046152034,Thanh-Tuyen Ha
A5047968074,ThanhSon Doan
A5025425560,Thanh‐Hieu Nguyen
A5043003589,Thanh‐Hung Do
A5086500382,Thanh‐Luu Pham
A5041972283,Thanh‐Nam Tran
A5034973872,Thanh‐Sang Vo
A5026149302,Thanh‐Son Dao
A5008199788,Thanh‐Thao Vu
A5087547039,Thanh‐Truong Nguyen
A5035821509,Thanh–Danh Nguyen
A5084819749,Thantrira Porntaveetus
A5006213260,Thao Ho Phung Ngoc
A5114186846,Thao Nguyen
A5051010639,Thao Nguyen Da Vo
A5136484967,Thao Nguyen-Trang
A5007636550,Thao Nguyen‐Trang
A5101227434,Thao Nhi Nguyen
A5002099463,Thao P. Ho-Le
A5101695585,Thao P. Nguyen
A5112856865,Thao Phuong Huynh Ngo
A5108954551,Thao Phuong Nguyen
A5007295809,Thao Phuong Nguyen
A5103990701,Thao Quang Le
A5108638252,Thao Quoc Tran
A5079721281,Thao T. P. Nguyen
A5002340134,Thao T. THAN
A5066384363,Thao Thanh Le
A5101879339,Thao Thi Nguyen
A5103057827,Thao Thi Thu Nguyen
A5032455988,Thao Thu
LOCAL_A000303,Thao Thu Mai
A5107618613,Thao Thuy Duong Dinh
A5050948507,Thao V. Nguyen
A5135706046,Thau Nguyen
LOCAL_A000570,The Anh Luu
LOCAL_A000396,The Bao Phung
A5087265810,The Han Nguyen
A5010537634,The Hung Phan
A5058840176,The Linh Pham
A5124133344,The Van Pham
LOCAL_A000578,The-Hung Nguyen
A5061640316,The-Hung Nguyen
A5021287146,The-Long Phan
A5012675535,Theint Theint Thu
A5052958591,Theodore M. Hammett
A5035104463,Theodoros Xanthos
A5087546110,Theresa M. Olasveengen
A5022001106,Therese Tordjman
A5035286000,The‐Bao Luong
A5054227606,The‐Long Phan
A5079788081,Thi Ai Ngoc Bui
A5018664401,Thi Anh Em Bui
A5056525180,Thi Anh Le
A5101299685,Thi Anh Xuan Chu
LOCAL_A000463,Thi Bang Suong Nguyen
A5050946182,Thi Bang Tam Dao
A5000830586,Thi Bao Uyen Nguyen
A5136378533,Thi Be Ta Truong
A5013260322,Thi Bich
A5099440089,Thi Bich Hai Vu
A5006110409,Thi Bich Ngoc Ha
A5041272794,Thi Bich Ngoc Nguyen
A5060980928,Thi Bich Tram Tran
LOCAL_A000584,Thi Binh An Duong
A5138039220,Thi Cam Ngo Ngo
A5060394256,Thi Cam Nhung Tran
A5101207218,Thi Cam Thanh Tran
A5083945787,Thi Cam Thuy Ngo
A5065231184,Thi Cam Tu Dang
A5113014466,Thi Cuc Luu
A5103976840,Thi Cuc Phuong Tran
A5047320410,Thi Dan Thy Kieu
A5031189170,Thi Doan Trinh Nguyen
A5051317969,Thi Dy Anh Nguyen
A5121452694,Thi H. Ho
A5135400802,Thi H. Ho
A5039052968,Thi H. Ho
A5135526446,Thi H. Ho
A5102673704,Thi Ha An Pham
A5070501321,Thi Ha Ly Nguyen
A5024651450,Thi Hanh Pham
A5107760606,Thi Hien Nguyen
A5026074930,Thi Hoang Uyen
A5099757065,Thi Hong Dung
A5113344629,Thi Hong Duyen Lai
LOCAL_A000569,Thi Hong Thuy Pham
A5123935196,Thi Hong Thuy Pham
A5082293385,Thi Hong Trang Pham
A5046868741,Thi Hong Tuoi
A5053707822,Thi Hong Van Le
A5090965257,Thi Hong Van Pham
A5052439876,Thi Hong Van Phan
A5053982776,Thi Hong-Tham Nguyen
A5109758958,Thi Hue An Tran
A5109679550,Thi Hue Lo
A5037769855,Thi Huong Giang Duong
A5101314574,Thi Huong Nhai Nguyen
LOCAL_A000429,Thi Huyen Bui
A5010287332,Thi Huynh Loc Nguyen
A5046435599,Thi Khanh Phuong Tan
A5136160460,Thi Kim Anh Phung
A5033494582,Thi Kim Chi Nguyen
A5016008264,Thi Kim Cuong Phu
A5091622578,Thi Kim Ngan Tran
A5120712991,Thi Kim Ngân Trịnh
A5007523071,Thi Kim Oanh Le
A5101235995,Thi Kim Oanh Nguyen
LOCAL_A000613,Thi Kim Phung Luong
LOCAL_A000641,Thi Kim Xuan Truong
A5031811244,Thi L. Ho
A5037688862,Thi Lan Anh Luu
A5005524833,Thi Lan Anh Trinh
A5100717750,Thi Lan Huong Nguyen
A5088418938,Thi Lan Ngo
A5110190664,Thi Lan Phuong
A5052778502,Thi Lan-Huong Nguyen
LOCAL_A000659,Thi Le Hang Nguyen
A5133248498,Thi Le Nguyen
A5102448148,Thi Lien Nguyen
A5011655568,Thi Loc Bui
A5020523273,Thi Long
A5111034568,Thi Long Trinh
A5065361608,Thi Luu Luyen Doan
A5021931433,Thi Ly
A5112990496,Thi Mai Linh Le
A5028460070,Thi Mai Vy Luu
A5120116412,Thi Man Duong
A5103253581,Thi Maï Tran
A5107575423,Thi Minh Hien Tran
A5081485853,Thi Minh Ngoc Ta
LOCAL_A000564,Thi Minh Phuong Nguyen
A5010612728,Thi Minh-Anh Tran
A5107933958,Thi Mong Diep Nguyen
A5029895401,Thi Muoi Vo
A5036038715,Thi My-Uyen Lam
A5123693668,Thi Nga Phung
A5112388401,Thi Ngoc Anh Le
LOCAL_A000618,Thi Ngoc Bao Dung
A5137961821,Thi Ngoc Bao Le
A5104233841,Thi Ngoc Cam Le
A5103220984,Thi Ngoc Dung Pham
A5103731291,Thi Ngoc Ha Tran
A5011654520,Thi Ngoc Han Bui
A5064282135,Thi Ngoc Lan Pham
A5063440811,Thi Ngoc Mai Pham
A5047692459,Thi Ngoc Thach Phan
A5113194675,Thi Ngoc Tram Ho
A5110786089,Thi Nha Truc Phan
A5028926914,Thi Nhan Tran
A5084065970,Thi Niem My My Tran
A5039299102,Thi Phuong Anh Dang
A5060773603,Thi Phuong Dung Ha
LOCAL_A000552,Thi Phuong Lan Nguyen
A5087389811,Thi Phuong Loan Nguyen
A5100651745,Thi Phuong Nguyen
A5072952199,Thi Phuong Phong Nguyen
LOCAL_A000055,Thi Phuong Thuy Bui
A5135073893,Thi Quyen Vu
LOCAL_A000614,Thi Quynh Hoa Nguyen
A5120716071,Thi Quynh Trang Vuong
A5112708761,Thi Quynh Trang Vuong
A5123998661,Thi Quynh Trang Vuong
A5092593524,Thi Tam Khieu
A5016226095,Thi Thanh Dat Pham
A5004798557,Thi Thanh Ha
A5012841844,Thi Thanh Hang Hoang
A5110945029,Thi Thanh Huyen Le
A5128142112,Thi Thanh Huyen Nguyen
A5019746336,Thi Thanh Kieu Nguyen
A5042953536,Thi Thanh Mai Nguyen
A5067226256,Thi Thanh Mai Tran
A5103138840,Thi Thanh Nga Tran
A5074131915,Thi Thanh Nga Vo
A5042739922,Thi Thanh Nhi Le
A5020507166,Thi Thanh Thuy Ngo
A5015536551,Thi Thanh Thuy Pham
A5081945254,Thi Thanh Van Nguyen
A5093677854,Thi Thanh Xuan Phung
A5015666823,Thi Thao Nguyen
A5062647756,Thi Thao Truong
A5011606020,Thi Thu Ha
A5018935783,Thi Thu Hang Nguyen
A5028391259,Thi Thu Hang Phan
A5091554286,Thi Thu Hien Phan
A5057019956,Thi Thu Hong Dinh
A5074941223,Thi Thu Huong DINH
A5065444985,Thi Thu Huong Dinh
A5124365524,Thi Thu Huong Tran
LOCAL_A000546,Thi Thu Huyen Nguyen
A5100705891,Thi Thu Nga Nguyen
A5108738732,Thi Thu Suong Huynh
LOCAL_A000714,Thi Thu Thao Tran
A5028120119,Thi Thu Thao Tran
A5104246908,Thi Thuy
A5101876204,Thi Thuy Hang Nguyen
A5081255705,Thi Thuy Lieu Nguyen
A5125409075,Thi Thuy Mai Tran
A5101884386,Thi Thuy Trang Pham
A5005940245,Thi Tinh Thuong Pham
A5013984891,Thi Tran
A5052848551,Thi Trang Le
A5112875977,Thi Trang Le
A5056432086,Thi Truc Linh Nguyen
A5074702103,Thi Truc Thao NGUYEN
A5087602214,Thi Tu Quyen Huynh
A5061860430,Thi Tu Uyen Luu
A5103934844,Thi Tuyet Hanh Nguyen
A5004270298,Thi Tuyet Le
A5015187278,Thi Viet Bac Phung
A5059979748,Thi Viet Ha Luu
A5002766078,Thi Xuan Hương Le
A5007262927,Thi Xuan Lien Truong
A5001311957,Thi Xuan Trang Bui
A5010372016,Thi Xuan Tu Cao
A5101795004,Thi Yen Nhi Tran
A5039339494,Thi-Anh-Minh Nguyen
A5113118238,Thi-Anh-Thu Tran
A5051097584,Thi-Bao-Tran Nguyen
LOCAL_A000431,Thi-Bich Nguyen
A5074035628,Thi-Bich Pham
A5078522070,Thi-Bich-Ngoc Dao
A5113118240,Thi-Bich-Van Tran
A5019874446,Thi-Binh Than
A5101235577,Thi-Cham Bui
A5013681893,Thi-Hai-Duyen Vu
A5044178581,Thi-Hau Nguyen
A5104038142,Thi-Hien Nguyen
A5070354745,Thi-Hong Trinh
A5079727585,Thi-Hong-Anh Nguyen
A5109766802,Thi-Hong-No Nguyen
A5135692394,Thi-Kim-Chi Huynh
A5101186189,Thi-Kim-Dung Hoang
A5101310980,Thi-Kim-Ngan Pham
A5104139448,Thi-Lan-Anh Luu
A5006133207,Thi-Lan-Huong Nguyen
A5104158762,Thi-My-Dieu Tran
A5091841688,Thi-My-Nhung Nguyen
LOCAL_A000558,Thi-Ngoc-Mai Tran
A5110830995,Thi-Ngoc-Mai Tran
A5015647530,Thi-Phi Giao Vo
A5036410800,Thi-Phuong Nguyen
A5089901216,Thi-Phuong Tran
A5112495549,Thi-Phuong-Thao Le
A5054634942,Thi-Quynh Nguyen
A5101304286,Thi-Tam-Duyen Nguyen
A5066909635,Thi-Tham Nguyen
A5109464542,Thi-Thiet Pham
A5058096520,Thi-Thu-Ha Nguyen
A5073095780,Thi-Thuy Do
A5112986970,Thi-Thuy Ngo
A5049489715,Thi-Trang Le
A5113118239,Thi-Tuong-Vi Tran
A5066979288,Thi-Tuyet-Mai Nguyen
A5073871936,Thi-Tuyet-Trinh Thai
A5045532432,Thi-Uyen-Uyen Nguyen
A5063159047,Thi-Xuyen Vo
A5112607197,Thi-Yen-Nghi Le
A5120054875,Thien Huynh-The
A5059877507,Thien Huynh‐The
LOCAL_A000673,Thien Khanh Tran
A5006699363,Thien Khanh Tran
A5101821143,Thien Nguyen
A5017687000,Thien Tran Van
A5032035172,Thien Tran‐Duc
A5013125404,Thien Trinh
A5088690923,Thien Vu
A5101298039,Thien khanh Tran
A5032639542,Thien-Vy Phan
A5110780252,Thien‐Y Vu
A5139188409,Thinh Chi Phan
A5013901116,Thinh Gia Hoang
A5077509813,Thinh Le Van
A5112608982,Thinh N. Doan
A5065869162,Thinh Q. Thai
A5041694698,Thinh Thai
A5077108852,Thinh Vu Tien
A5110956725,Thinh-Phat Vo
A5104159172,Thiên Trang Trần
A5092078833,Thiện Nguyễn Minh
A5015099323,Thi‐Anh‐Tuyet Nguyen
A5080211232,Thi‐Cam‐Thu Nguyen
A5051597492,Thi‐Hiep Nguyen
A5101205557,Thi‐Hoai‐Thu Nguyen
A5073530367,Thi‐Hong‐An Nguyen
A5016102178,Thi‐Hong‐Tuoi Do
A5041639816,Thi‐Huong Nguyen
A5042395512,Thi‐Kim‐Chi Huynh
A5085832671,Thi‐Kim‐Dung Hoang
A5027177538,Thi‐Kim‐Dung Le
A5087097985,Thi‐Minh‐Dinh Tran
A5104309497,Tho Hoan Pham
LOCAL_A000574,Tho Huu Nguyen
A5000897610,Tho Huu-Hoang Nguyen
A5016330319,Tho Ngoc Tran
A5102955956,Tho Pham
LOCAL_A000734,Tho Truong Pham
A5014397493,Tho-Hue Le
A5113921883,Thoa Nguyen
A5085941799,Thoai Tam Nguyen
A5034986304,Thomas D. Richards
A5071644998,Thomas Kaiser
A5033054759,Thomas Louis‐Goff
A5045215148,Thomas Länger
A5052836637,Thomas Unger
A5002295771,Thomaz Bittencourt Couto
A5091637262,Thong Le Minh Pham
A5103742538,Thong Quoc Nguyen
A5018026493,Thu Anh Bui
A5101608786,Thu Anh Nguyen
LOCAL_A000437,Thu Anh Nguyen Tran
A5089075576,Thu D. H. Truong
A5100612152,Thu Ha Nguyen
LOCAL_A000545,Thu Ha Nguyen
A5100578712,Thu Ha Thi Pham
LOCAL_A000424,Thu Hoang Anh Lam
A5023727753,Thu Hong Thi Pham
A5066842174,Thu Hà Bùi
A5114194697,Thu M. Pham
A5022607270,Thu Ngoc Anh Ly
A5054882120,Thu Nguyen Anh
A5022909195,Thu Nguyen Minh Pham
LOCAL_A000372,Thu Nguyet Minh Nguyen
A5005903867,Thu T. Nguyen
A5028400794,Thu Thi Minh Phan
A5053164561,Thu Thi-Kim Le
LOCAL_A000042,Thu Trang Pham
A5123995324,Thu Trang Pham
LOCAL_A000713,Thu Van Can
A5021889240,Thu-Hang Hoang
A5064176753,Thu-Phuong Phan
A5103258061,Thu-Thao Thi Vo
LOCAL_A000626,Thu-Trang Pham
A5111281452,Thuan Chi Nguyen
A5009778531,Thuan Nguyet Phan
A5034454292,Thuan Pham
A5061856161,Thuan Thanh Nguyen
A5043100261,Thuan Thi Nguyen
A5056815476,Thuan Van Tran
A5069983339,Thuan-Loc Tran
A5135356426,Thuat T. Trinh
A5085566730,Thuat T. Trinh
LOCAL_A000309,Thuc
LOCAL_A000426,Thuc Dong Nguyen
A5106155927,Thuc Nguyen Duy
A5051450131,Thuc‐Huy Duong
A5072708707,Thuong C. Lam
A5114971328,Thuong C. Lam
A5086553552,Thuong C. Lam
A5005987402,Thuong L. T. Nguyen
A5124118104,Thuong Thanh Vo
A5068398026,Thuong Thi Nguyen
A5093492663,Thuong Thu-Do
A5015110890,Thuy
A5063731624,Thuy Bao Ngoc Vo
A5061478001,Thuy Chau To
LOCAL_A000087,Thuy Dan Khanh Pham
LOCAL_A000220,Thuy Dung
A5109594304,Thuy Dung
A5066391854,Thuy Dung Pham Thi
A5015830577,Thuy Dung Vo
A5113721342,Thuy Huong Nguyen
A5059754168,Thuy Khanh Linh
A5041441406,Thuy Lan Chi NGUYEN
A5110817724,Thuy Lan Chi Nguyen
A5040031185,Thuy Lethi-Thu
A5024203074,Thuy Linh Nguyen
A5074325383,Thuy Nguyen
A5043524211,Thuy Nguyen
A5110015524,Thuy Thi Phan
LOCAL_A000556,Thuy Thi Thanh Nguyen
A5120542484,Thuy Thi Thanh Phan
LOCAL_A000010,Thuy Thi-Nhu Huynh
A5101705534,Thuy Thu Nguyen
A5113031575,Thuy Thu Thi Thanh
A5056368956,Thuy Thuy Trang Thai
A5101038118,Thuy Trang Nguyen
A5109716671,Thuy Trang T. Vuong
A5114045481,Thuy-Dung Nguyen
A5053044038,Thuy-Huong Nguyen
A5015220416,Thuy-Trang Le-Thi
A5057600108,Thuy‐Kieu Thi Le
LOCAL_A000106,Thuy‐Trang Thi Ho
A5100612147,Thu‐Ha Nguyen
A5102008169,Thu‐Ha Thi Nguyen
A5086911502,Thu‐Huong Nguyen
A5052138057,Thu‐Huong Thi Hoang
A5122525206,Thành Phát Nguyễn
A5101918597,Thành Tâm Nguyên
A5110879294,Thùy Anh Nguyễn
A5135701536,Thương Nguyễn Thị Liên
A5079271587,Thượng Vũ Nguyễn
A5012533041,Thảo Nguyễn Thị
A5137004542,Thảo Trần Hà Phương
A5063300406,Thắng Dương Đình
A5101260642,Thế Duy Dương
A5119368558,Thế Lê Tài
A5065588110,Thị Bich Hanh Nguyen
LOCAL_A000419,Thị Bách Đinh
A5076450937,Thị Cẩm Tú Phan
A5052054550,Thị Dung Nguyễn
A5099167405,Thị Gấm Lê
LOCAL_A000420,Thị Hồng Hương Nguyễn
A5061176218,Thị Kim Loan Bùi
A5109626592,Thị Lý Phan
A5086326009,Thị Ngọc Anh Nguyễn
A5038671220,Thị Ngọc Quí Nguyễn
A5086776190,Thị Như Ngọc Trương
A5074775195,Thị Thu Hiền Chu
A5100670952,Thị Thu Hương Phạm
A5112844475,Thị Thu Nguyễn
A5125476879,Thị Thu Trang Trần
A5025379392,Thị Thùy Trang Lê
A5031708507,Thị Tuyết Nguyễn
A5101260643,Thị Xuân Lan Nguyễn
A5010213012,Thị Xuân Liên Trương
A5118143932,Thị Xuân Mai Lê
A5051486060,Tian‐Huei Chu
A5112077621,Tien B. Tran
A5135130984,Tien Bich Ma
A5106284058,Tien Dat Chu
A5112323416,Tien Dat Hoang
A5049275505,Tien Dat Nguyen
A5090836028,Tien Ha Le
A5009063961,Tien Hai Ly
A5101505292,Tien Hoa Nguyen
A5103808536,Tien Hoang Ngo
A5138214688,Tien Hoang Nguyen
A5012248664,Tien Le Hung
A5117757562,Tien Mai Thuy
A5057348645,Tien Minh Dinh
A5100840424,Tien Minh Nguyen
LOCAL_A000676,Tien Nguyen Anh
A5110985355,Tien Nguyen Van
A5001918418,Tien Nu Hoang Lo
A5038357686,Tien Pham Van
A5091544796,Tien Phat Pham
A5135244611,Tien Quoc Nguyen
A5074976419,Tien T. Dang
A5014156347,Tien Thi Kieu Nguyen
A5101835954,Tien Tran
A5102966597,Tien Van Cao
A5134644764,Tien Van Tran
A5110789313,Tien-Binh Truong
A5086262788,Tien-Cong Nguyen
A5084294716,Tien-Duc Vu
LOCAL_A000580,Tien-Dung Nguyen
A5073556653,Tien-Dung Nguyen
A5104242462,Tien-Khanh Bui
A5053616239,Tien-Thuy Thi Vo
A5129417776,Tien-Zung Nguyen
A5012628404,Tien‐Anh Tran
A5012852285,Tien‐Trung Nguyen
A5110923917,Tien‐Vu Truong
A5014062090,Tiep M. Hoang
A5130089632,Tieu Minh Son
A5050227832,Timon Hussain
A5041924362,Tin Chanh Duc Doan
A5081731365,Tin H. Ho
A5129726591,Tin T. Phan
A5035497954,Tinh Huu Ho
LOCAL_A000715,Tinh T.T Le
A5037701642,Tinh T.T Le
A5113306497,Tini V. Phan
A5107520148,Tiến Dũng Nguyễn
A5100709068,Tiến Dũng Nguyễn
A5050879879,Tiến Hoa Nguyễn
A5108307825,Tiến Quang Trần
A5124956555,Tiến Đạt Đỗ
A5034683151,Tjandra Setiadi
A5086283782,To Minh Quan
A5071773232,To Ngoc Mai Nga
A5052442705,To Tran Ta
A5046696824,To Trang LAM
A5021654534,To Van Nguyen
A5008470911,To Vu Thanh Dien
A5111242591,To-Thi Hien
A5005051343,Toan Ha
A5136926768,Toan Le Vu Linh
A5001226600,Toan Linh Vu Le
A5037995503,Toan Minh Pham
A5083661698,Toan Nguyen-Minh
A5102959200,Toan Quang Le
A5017913111,Toan Trieu
A5063548021,Toan V. Pho
A5091955267,Toan-Em Quach-Van
A5039286027,Tobias Rüffer
A5072109908,Tolassa Temesgen Hordofa
A5053050741,Tom A. Warner
A5044103447,Tom M.Y. Lin
A5044270780,Tomasz N. Kołtunowicz
A5108908629,Tomás Caraballo
A5085582592,Tomás Caraballo
A5014564005,Ton Huu Duc Nguyen
A5107125626,Ton Ngoc Trieu
LOCAL_A000428,Ton Nguyen Trong Hien
A5137511902,Ton Tran
A5089407510,Ton Tran
A5048731153,Tong Deng-ke
A5137106802,Tong Duy Hien
A5018725411,Tong Hai
A5026183594,Tong Hung Anh
A5014333309,Tong Phuoc Hoang Son
A5006468960,Tong Phuoc Khai M.A. and Nguyen Thi Nam Thi
A5027584112,Tong Thanh Danh
A5000225753,Tongyan Yue
A5014499824,Tongyin Han
A5003886399,Tonia Nicholson
A5066866928,Tony Long
A5118143935,Toàn Định Phạm
A5055437349,Tra Huong Thi Le
A5037989297,Tra Quoc Khanh
A5133814960,Tra Thanh Pham
A5018984230,Tracey J. Dickson
A5136903939,Tram Bao Huynh Nguyen
A5092550508,Tram Bui-Ngoc
A5049349769,Tram T. B. Nguyen
A5033554224,Tram Thi Thuy Nguyen
A5080769160,Tran Anh Minh
A5135945642,Tran Anh Quang
A5081206508,Tran Anh Tien Hoang
A5046435904,Tran Bao Ngoc
A5015706750,Tran Bao Ngoc
LOCAL_A000459,Tran Bao Pham
A5008819672,Tran C. Binh
A5030825815,Tran Cam Tu
A5055133700,Tran Cao Nguyen
A5081987033,Tran Che Linh
A5110803276,Tran Chi Hieu
A5113903887,Tran Dai Quang
A5082958436,Tran Dinh Ke
A5009681520,Tran Dinh Ly
A5007129032,Tran Dinh Manh
A5019463062,Tran Dinh Tri
A5109753108,Tran Duc Dung
A5072884424,Tran Duc Manh
A5109724952,Tran Duc Tuan
A5055641789,Tran Duong Anh-Tai
A5062048651,Tran Duy Linh
A5063544628,Tran Hoang Anh
A5016256744,Tran Hoang Ngau
A5063325493,Tran Hong Phuoc
LOCAL_A000602,Tran Hung Lam
A5091523509,Tran Hung Lam
A5027548516,Tran Huyen Trang
A5126081921,Tran Huynh Trung
A5029072011,Tran Khanh Dang
A5111151930,Tran Khanh Ninh Dao
A5058677337,Tran Luu Cuong
A5010818401,Tran Manh Hoang
A5116303657,Tran Minh Ket
A5135852227,Tran Minh Quang
A5114050306,Tran Minh-Ly Nguyen
A5101504996,Tran Ngoc
A5080471605,Tran Ngoc Binh
A5080092209,Tran Ngoc Huynh
A5113182779,Tran Ngoc Minh Thu
A5117757327,Tran Ngoc My
A5116174049,Tran Ngoc Quang Phi
A5073172349,Tran Ngoc Thach
A5030522798,Tran Ngoc Viet
A5025886183,Tran Ngoc Viet
A5121460221,Tran Nguyen Dang Huyen
A5011946964,Tran Nguyen Hai Ngan
A5053664482,Tran Nguyen Minh An
A5106781066,Tran Nguyen Tram Anh
A5062887483,Tran Nhat Luan
A5023139055,Tran Nhat Phuong
A5049116546,Tran Ni Kha
LOCAL_A000075,Tran Q. Huy
LOCAL_A000609,Tran Quang Hung
A5101654962,Tran Quang Hung
A5040500724,Tran Quang Van
A5111354010,Tran Quoc Khanh Cuong
A5070660416,Tran Quoc Thinh
A5010057346,Tran Si Thanh
A5058766877,Tran Tan Dat
A5064606348,Tran Thai Ha Nguyen
A5125158520,Tran Thanh Hiep
A5107581936,Tran Thanh Hiep
A5101937289,Tran Thanh Long
A5112331051,Tran Thanh Phuong
A5109960792,Tran Thanh Trang
A5037074523,Tran The Long
A5010415543,Tran Thi Ai My
A5021469380,Tran Thi An
A5002467172,Tran Thi Bich Hoa
A5102341962,Tran Thi Ha Giang
LOCAL_A000452,Tran Thi Hoai Diem
A5102885587,Tran Thi Hoang Nguyen
A5111252189,Tran Thi Hong
A5101438067,Tran Thi Huong
A5112266228,Tran Thi Huong
A5017305518,Tran Thi Khieu
A5036382252,Tran Thi Kim
A5119326618,Tran Thi Kim Cuc
A5081835298,Tran Thi Kim Oanh
A5061980990,Tran Thi Lien
A5137599796,Tran Thi Minh Hien
A5137928570,Tran Thi Minh Thu Thi-Minh Tran
A5006348959,Tran Thi My Dieu
A5045080368,Tran Thi My Hiep
A5092236475,Tran Thi Nang
A5113201220,Tran Thi Ngoc Nha
A5119566593,Tran Thi Nguyen Ny
A5120676815,Tran Thi Nhu Bang
A5092677217,Tran Thi Quynh Luu
LOCAL_A000534,Tran Thi Thanh Van
A5073742421,Tran Thi Thu Hang
A5027335588,Tran Thi Thuy Trang
A5136251515,Tran Thi Tuyet Trinh
A5136194177,Tran Thi Uyen Phuong
LOCAL_A000001,Tran Thi Van Anh
A5085524233,Tran Thi Viet Thanh
LOCAL_A000598,Tran Thien Khanh
A5124895427,Tran Thien Thanh
A5116540098,Tran Thien Thanh
A5007663091,Tran Thu Hien
A5122902852,Tran Thu Thuy
A5129735939,Tran Thu Trang
A5088188698,Tran Thuy Hong Nguyen
LOCAL_A000663,Tran Tin Phu
A5123417145,Tran Ton
A5010072711,Tran Trong Khue
A5021210951,Tran Trung Duy
LOCAL_A000562,Tran Trung Nguyen
A5080314531,Tran Tuan Kiet
A5018716044,Tran Van Anh
A5061545552,Tran Van Chen
A5080120497,Tran Van Hung
A5002151461,Tran Van Kha
A5074698039,Tran Van Khai
A5056909844,Tran Van Phong
A5017887478,Tran Viet Anh
A5085607636,Tran Viet Dung
A5034971656,Tran Vinh Thien
A5113287346,Tran Vu
A5103558942,Tran Vu Hoang
A5116628216,Tran Vu-Hoang
A5115945200,Tran Vuong The Vinh
A5128606674,Tran Vu‐Hoang
A5025948063,Tran Đuc Dien
A5086375063,Tran-Lan-Khue Pham
A5135069444,Tran-Nguyen Minh-An
A5066433757,Tran-Thai-Duong Le
A5081829534,Tran-Trung Nguyen
A5056823419,Trang Do
A5137322044,Trang Do Mai
A5066871783,Trang Duong Thi Thuy
A5023756965,Trang H.D. Nguyen
A5045777504,Trang Hoang
A5114117904,Trang Huynh Nguyen
A5066642825,Trang Le
A5014568710,Trang Le-Thu
A5113071500,Trang M Le
A5067247554,Trang Ngoc Cao
A5104331230,Trang Ngoc Doan Tran
A5113430687,Trang Ngoc Minh Cao
A5100770603,Trang Nguyen
A5003254637,Trang Nguyen
A5081819949,Trang Nguyen
A5050158366,Trang Nguyen
A5060405566,Trang Nhat Uyen Doan
A5024291260,Trang Thanh Pham
A5066154677,Trang Thi Cam Truong
A5007439601,Trang Thi Phuong Phan
A5027154276,Trang Thi Thanh Chu
A5037510069,Trang Thi Thuy Nguyen
A5055270754,Trang Thi-Thuy Duong
A5023227947,Trang Thu Tran
A5102851626,Trang Thu Tran
A5078113857,Trang Tran Thu
A5136910678,Trang-Le Thi Thao
A5061269743,Trang-Nhung Pham
A5101860187,Tran‐Van‐Anh Nguyen
A5091724281,Tren Van Hoang
A5084884218,Tri Ba Tran
A5077324612,Tri D. Le
A5068073864,Tri M. Hoang
LOCAL_A000528,Tri M. Hoang
A5007404256,Tri Nguyen-Quang
A5056454683,Tri Nhut
A5023835346,Tri Quoc Truong
A5110131349,Tri T. Phan
A5010338533,Tri Truong
A5007187694,Tri Van Le
LOCAL_A000633,Tri-Thuc D. Nguyen
A5048214234,Tribhuwan Kumar
A5017615722,Triet Hy Van
A5026125675,Trieu N. H. Phong
A5056625994,Trieu Ngoc Ton
A5060415594,Trieu Nhat Huynh
A5138052135,Trieu Thao Du
A5116933738,Trieu Thi Phuong
A5075214747,Trinh Cong Dan
A5113009765,Trinh Dung Chinh
A5112689304,Trinh Duong
A5026404081,Trinh Duy Nguyen
A5130391613,Trinh K. T. Nguyen
A5119227694,Trinh Le Anh
A5102806749,Trinh Ngoc Bon
A5030671712,Trinh Ngoc Tuyen
A5003473737,Trinh Quang Vinh
A5113245593,Trinh T. Nhung
A5065243635,Trinh Thi Huan
A5103221637,Trinh Thi My Nguyen
A5096325752,Trinh Thi Phuong Dao
A5088783066,Trinh Trong Nguyen
A5018288108,Trinh Van Chien
A5018388816,Trinh Xuan Hoan
A5008258299,Trishna Mandal
A5004618448,Tri‐Hai Nguyen
A5067057339,Trong Binh Ho
A5111016325,Trong Hien Ton Nguyen
A5138020952,Trong Hong Phuc Nguyen
A5052843620,Trong Lam Vu
A5126967423,Trong Mai To
A5126973237,Trong Nhan Duong
A5139063661,Trong Nhan Le
A5065581277,Trong-Ha Nguyen
A5065962329,Trong-Nhat Phan
A5101863198,TrongNhan Tran
A5067890490,TrongNhan Tran
A5063172364,Truc Anh Dang
A5108934667,Truc Ngoc Hoang
A5102008168,Truc Nguyen
A5033921165,Truc Nhan
A5115451748,Truc Phuong Nguyen
A5109136467,Truc T. Nguyen
LOCAL_A000433,Truc Thi Hoang Nguyen
A5124079671,Truc Thi‐Thanh Le
A5059207282,Truc Trinh
LOCAL_A000469,Truc-Vy Mai
A5135088089,Truc-Vy Mai
A5129721131,Trun Truong Hoang
A5088223152,Trung Do Nguyen
LOCAL_A000647,Trung Dung Nguyen
A5091253663,Trung Ha
A5104233840,Trung Hiep Nguyen
A5072465650,Trung Hieu Bui
A5086688190,Trung Huy Nguyen
A5101053869,Trung Kien Hoang
A5125196382,Trung Kien Nguyen
LOCAL_A000296,Trung Kien Pham
A5067434970,Trung Kien Pham
A5081588915,Trung Kien Tran
LOCAL_A000557,Trung Kiên Nguyễn
A5038633272,Trung Lam
A5066565612,Trung Le Canh
A5011289611,Trung Le Tran
A5050737114,Trung Nghia Tran
LOCAL_A000394,Trung Nguyen
A5136268330,Trung Nguyen Thoi
A5137019412,Trung Nguyen-Thoi
A5128247676,Trung Nguyen-Thoi
A5049089848,Trung Q. Duong
A5121038845,Trung Quang Ngo
A5124063539,Trung Quang Vo
A5111309295,Trung Son Luong
A5102498822,Trung Tan Nguyen
A5101826892,Trung Thanh Tran
A5046932726,Trung Thành Nguyễn
A5087105119,Trung Thành Nguyễn
A5085634489,Trung Tran
A5133026678,Trung Truong Hoang
A5135251830,Trung Tue Tran
A5056682277,Trung Van Nguyen
A5111347523,Trung Viet Nguyen
LOCAL_A000727,Trung-Kien Pham
A5067606131,Trung-Tin Tran
A5020835202,Truong Anh Tuan
A5034981153,Truong Chinh Le
A5053113069,Truong Giang Duong
A5020463942,Truong H. V. Phan
A5034192580,Truong Hai Nhung
A5022284216,Truong Hoang Khoi
A5129782021,Truong Hoang Trun
A5076130025,Truong Huy HOANG
A5084344101,Truong Khang Nguyen
LOCAL_A000554,Truong Long Nguyen
A5004067290,Truong Minh Le
A5116174048,Truong Nhut Khue
A5121616489,Truong Q. Hung
A5103514725,Truong Quoc Tri
A5084751540,Truong Thi Cam Trang
A5018679710,Truong Thi Ngan
LOCAL_A000211,Truong Thi Nhu Ngoc
A5091163237,Truong Thi Xuan Lien
A5079972402,Truong Thinh Pham
A5135723552,Truong Tran
A5086812375,Truong Van Dat
A5059892810,Truong Van Minh
A5047027947,Truong Van Tuan
A5124971450,Truong Viet Vu
A5102840591,Truong X. Tran
A5026380019,Truong Xuan Dai
A5055651175,Truong Xuan Le
A5035306169,Truong Xuan Vuong
A5048690673,Truong-Minh Doan
A5033547388,Truong-Nhan Ngu
A5046789775,Truong-Tam Cao
LOCAL_A000548,Truong-Tho Pham
A5015666278,Truyen Thanh Pham
A5084347766,Trà Văn Đồng
A5010581356,Trân Đình Thăng
A5044054195,Trương Bình Nguyên
A5036229455,Trương Gia Hân
A5112950777,Trương Hoàng Trung
A5012519187,Trương Minh Hoàng
A5069990651,Trương Ngọc Minh
A5128707607,Trương Ngọc Minh Thư
A5042789478,Trương Thi Khanh Ha
A5078787236,Trương Thị Hạnh
A5110277318,Trương Trung Tính Trần
A5052374056,Trương Tuyết
A5066953147,Trương Việt Anh
A5117428933,Trương Vương Quốc Vinh
A5113627912,Trần Công Luận
LOCAL_A000472,"Trần Cẩm, Thi"
A5117364495,Trần Danh Nhân
A5006420582,Trần Huy Thái
A5012259174,Trần Kim Toại
A5029154290,Trần Minh Đức
A5102818446,Trần Ngọc Tuyền
A5025952021,Trần Ngọc Đăng
A5008529454,Trần Quốc Toàn
A5103064996,Trần Thanh Bình
A5075877402,Trần Thanh Trúc
A5040168155,Trần Thanh Tâm Toàn
A5062713436,Trần Thu Hương
A5006513255,Trần Thành Thái
A5011814353,Trần Thái Hòa
A5010191491,Trần Thị Bích Quyên
A5103323474,Trần Thị Hoàng Yến
A5034939841,Trần Thị Hà
A5005681997,Trần Thị Hương Giang
A5132567939,Trần Thị Kim Anh
A5132703250,Trần Thị Mai
A5055541043,Trần Thị Minh
A5012589054,Trần Thị Ngọc Lắm
A5101053857,Trần Thị Ngọc Thảo
A5113354082,Trần Thị Như Hoa
A5113139645,Trần Thị Thu Hà
A5030713822,Trần Thị Thu Trang
A5026150255,Trần Thị Thuý Hằng
A5007920882,Trần Thị Vân Anh
A5058150074,Trần Thị Yến Nhi
A5136296185,Trần Văn Thiện
A5086554424,Trần Đăng Thành
A5087000202,Trần Đức Tài
A5134502036,Trịnh Bích Liên Lê
A5102981857,Trịnh Thùy Anh
A5119042680,Trọng Nhân Dương
A5040035619,Tsunemi Watanabe
A5051963851,Tsutomu Kinoshita
A5110098746,Tu Anh Phan
A5016189943,Tu Dang-Thi-Cam
A5043579879,Tu Dong Xuan
A5129678195,Tu H. K. Nguyen
A5062560716,Tu Le
A5032570574,Tu Le Duy
A5114625656,Tu Le-Tuan
A5093305250,Tu My Vuu
A5060832511,Tu T. C. Nguyen
A5109776692,Tu V. Truong
A5043386804,Tu-Phuoc-Nguyen Vo
A5057408423,Tuan A. Duong
A5128559504,Tuan A. Pham
A5041664690,Tuan A. Vu
A5101757963,Tuan Anh Hoang
A5101786594,Tuan Anh Nguyen
A5100759389,Tuan Anh Nguyen
A5139150702,Tuan Anh Pham
LOCAL_A000203,Tuan Anh Tran
A5043793311,Tuan Cong Le
A5010770404,Tuan Duc Nguyen
A5003360104,Tuan Hai Nguyen
A5003495146,Tuan Hoang Anh Dinh Tuan Hoang Anh Dinh
A5101972901,Tuan Hoang Nguyen
A5083924160,Tuan Hoang Nguyen
A5005952694,Tuan Huu Nguyen
A5119314122,Tuan Huynh-Thanh
A5036356696,Tuan Khang Nguyen
A5109622472,Tuan L. Vo
A5035159452,Tuan Le
LOCAL_A000430,Tuan Le
A5066900397,Tuan Le-Hoang
LOCAL_A000712,Tuan Nam Tran
A5086572621,Tuan Ngo
A5102592280,Tuan Ngoc Doan
LOCAL_A000383,Tuan Nguyen Anh
A5078920305,Tuan Nguyen Hoang
LOCAL_A000540,Tuan Nguyen-Sy
A5100776154,Tuan Nguyen‐Sy
LOCAL_A000391,Tuan Pham Van
LOCAL_A000582,Tuan Phong Nham
A5035470871,Tuan Quoc Vo
LOCAL_A000610,Tuan Thanh Dang
A5024205395,Tuan Thanh Dang
A5068483265,Tuan V. Nguyen
A5136580768,Tuan V. Vu
A5017773373,Tuan V. Vu
A5136407418,Tuan V. Vu
A5129989055,Tuan V. Vu
A5135480789,Tuan V. Vu
A5139451528,Tuan V. Vu
A5122355350,Tuan V. Vu
A5137183534,Tuan V. Vu
A5012795098,Tuan Van Pham
A5046483870,Tuan-Anh Nguyen
A5048092944,Tuan-Anh Nguyen Pham
A5061255396,Tuan-Dat Nguyen
A5110319120,Tuan-Duc Nguyen
A5050116381,Tuan-Minh Nguyen
LOCAL_A000608,Tuan-Viet Tran
A5070324389,Tuan‐Dung Hoang
A5001700413,Tue Duy Nguyen
A5111907929,Tue H. Nguyen
A5042992750,Tue Nguyen Duy
A5115041579,Tuetakoun Aphistih
A5008687474,Tulasi Prasad Niraula
A5040003914,Tung Bui
A5101538445,Tung Do
A5101103252,Tung Do Thanh
A5049752209,Tung Gia Pham
A5068068488,Tung Khac Truong
A5082307315,Tung M. Nguyen
A5101925339,Tung Nguyen
A5056888335,Tung Nguyen Van
A5023335428,Tung Nhu Nguyen
A5065186859,Tung P. Nguyen
A5003187325,Tung T. Nguyen
A5025021236,Tung Tran Anh
LOCAL_A000466,Tung Van Dinh
A5126852895,Tung-Cheng Chang
A5070837537,Tung‐Yuan Chen
A5126253702,Tuoc Ngoc Vu
A5070181852,Tuom Thi Tinh Truong
A5033598598,Tuong Le
A5109742382,Tuong Minh Ly Le
A5110130160,Tuong My Cat Vu
A5074503531,Tuong-Minh Ly-Le
A5079216361,Tushar Saha
A5011576276,Tuyen C. Kha
A5081322932,Tuyen Dai Quang
A5120690682,Tuyen Dao Ngoc
LOCAL_A000422,Tuyen Huu Nguyen
A5092080606,Tuyen Huynh Ngoc
A5036734449,Tuyen L. T. Nguyen
A5030979939,Tuyen Ngoc Truong
A5025438611,Tuyen Thanh Nguyen
A5089950338,Tuyen Thi Kim Le
A5114245107,Tuyen Thi Thanh Nguyen
A5055449699,Tuyen Thi Thanh Tran
A5101258839,Tuyet Hong Nguyen
A5076701661,Tuyet Kha Vuong
A5101288712,Tuấn Hải Tăng
A5101983590,Tuấn Nguyễn Văn
A5111112361,Tuấn Trần Minh
A5018635438,Tzong-Luen Wang
A5036662627,Tzong-Luen Wang
A5057105630,Tzung‐Pei Hong
A5124054050,Tính Nguyễn Trọng
A5003871391,Tô Thanh Sơn
A5083592049,Tôn Nguyễn Trọng Hiền
A5074060298,Tôn Nữ Mỹ Phương
A5046667713,Tú Anh Hà
A5117603954,Tú Anh Nguyễn
A5016895866,Tạ Ngọc Đôn
A5092815858,Tạ Thị Hiệp
A5113069115,Tấn Nguyễn Thành
LOCAL_A000157,U Boryczka
A5023142347,U-Xuan Tan
A5004646516,Uladzislaw E. Gumiennik
A5029419036,Ulemj Damiran
LOCAL_A000514,Ulemj Damiran
A5031687662,Ulf‐G. Gerdtham
A5123359358,Ulf‐Göran Gerdtham
A5025524243,Ulrich Klotz
A5113709518,Umakant Mishra
A5027797037,Umar Ashraf
A5063525316,Ummi Salina Farini Bahaman
A5041914128,Uoc Tran
A5046987906,Ursula Ganten
A5023887333,Ute Bangerter
A5036126619,Uyen Do Thi Ngoc
A5090616142,Uyen Hoang Dinh Nguyen
A5134315448,Uyen Hoang Thi Ly
A5103064879,Uyen Le
A5087172256,Uyen Minh Ngo Pham
A5136217108,Uyen T. T. Doan
A5090389160,Uyen Thi To Nguyen
A5120524910,Uyen-Phuong Le Do
A5108265219,V A N-D U N G LE
LOCAL_A000699,V Nimehchisalem
LOCAL_A000274,V Richmond
A5059455917,V T Phung
A5000068956,V. A. Suvorov
A5089906507,V. B. Nguyen
A5104011371,V. D. Phan
A5064878852,V. H. Binh
A5084845414,V. H. Phong
A5139404053,V. Hung Le
A5114110828,V. K. Le
A5075390584,V. Lakshmi
A5090251360,V. N. Maksimenko
A5007924087,V. Oren
A5008876218,V. S. Davydenko
A5101105129,V. T. Nguyen
A5130238958,V. V. Vien
A5090732320,V. V. Vien
A5000632223,V.A. Tkach
A5000321582,V.H. Tran
A5084048258,V.T.D. Chi
A5083170304,VAN CANH NGUYEN
A5025509748,VAN HUONG BUI
A5068665609,VAN KHUONG NGUYEN
A5094583817,VO VAN BAM
A5106502439,VU Van Vien
A5079062419,Vachara Peansupap
A5055988466,Vadakasi Subramanian
A5104242418,Valentin S. Chaika
A5052572077,Valeriy S. Rukavishnikov
A5058762592,Valery Antonov
A5083002277,Van Bac Nguyen
A5113986794,Van Binh Nguyen
A5121799310,Van Bon Nguyen
A5128178653,Van Cao
A5124943248,Van Chien Nguyen
A5075072315,Van Chuan Phan
A5050026611,Van Cuong Nguyen
A5121806418,Van Dat Doan
A5076310748,Van De Tran
A5076120969,Van Dien Dang
A5040784486,Van Dong Tra
A5116701399,Van Du Ha
A5042985909,Van Giao Nguyen
A5044423283,Van Ha Nguyen
A5011206551,Van Hieu Bui
A5110671768,Van Hoang Thu LE
A5000275860,Van Hung Hoang
A5111189285,Van Huong Tran
LOCAL_A000563,Van Huu Tap
A5068564087,Van Huynh Ha Le
A5135136621,Van K. Nguyen
A5049382316,Van Ke Tran
LOCAL_A000214,Van Khai Tran
A5029262393,Van Khai Tran
A5110933537,Van Khien Nguyen
A5032599875,Van Kien Pham
A5030044861,Van Liem Bui
LOCAL_A000462,Van Luon Nguyen
A5112492572,Van Man Tran
A5100810839,Van Manh Nguyen
A5035577823,Van Minh Le
LOCAL_A000717,Van Minh Nguyen
A5101386108,Van Ngoan Nguyen
A5106155928,Van Nguyen Van
A5006103601,Van Nhanh Nguyen
A5056175362,Van Nhieu Le
A5106206940,Van Pham Thi Hai
A5049616479,Van Tai Tang
A5118256435,Van Tai Vo
LOCAL_A000056,Van Tat Pham
LOCAL_A000052,Van Thanh Nguyen
A5034572659,Van The Pham
A5126146973,Van The Pham
LOCAL_A000088,Van The Pham
A5103072436,Van Thi Hong Pham
A5058220593,Van Thi Hong Pham
A5030758686,Van Thi Thuy Pham
A5057673381,Van Thinh Nguyen
A5124362125,Van Thinh Pham
LOCAL_A000447,Van Thinh Tran
A5016633616,Van Tho Le
A5016425643,Van Thuan Le
A5099351333,Van Thuc
LOCAL_A000305,Van Thuc
A5110964815,Van Tien Nguyen
A5139063594,Van Tien Tran
A5101402518,Van Tinh Nguyen
A5088212360,Van Toan Dinh
A5100631783,Van Toan Nguyen
A5109711025,Van Tung
A5103120340,Van Van Huynh
LOCAL_A000664,Van Vinh Nguyen
A5075533872,Van Vu Duc THIEU
A5012438728,Van Y Tang
LOCAL_A000371,"Van, Tuan Pham"
A5034547214,Van-An Nguyen-Le
A5104187193,Van-Anh Tran Nguyen
A5005360975,Van-Ca Phan
A5046502643,Van-Cuong Bui
A5123725179,Van-Dinh Nguyen
A5087959841,Van-Doan Nguyen
A5044678839,Van-Duc Bui
A5077989995,Van-Duc Phan
A5135077615,Van-Dung Le
A5083500033,Van-Hoang Le
A5085028163,Van-Hung Pham
A5027433720,Van-Huy Pham
A5104181817,Van-Khanh Vo
A5000531779,Van-Kien Pham
A5135086837,Van-Kieu Nguyen
A5132687538,Van-Kieu Nguyen
A5005047524,Van-Muoi Bui
LOCAL_A000044,Van-Quy Hoang
A5077817519,Van-Quy Nguyen
A5074560142,Van-Son Huynh
A5043157568,Van-Thanh Vo
A5007737431,Van-Trung Nguyen
A5064289811,Van-Trung Tran
A5017407091,Van-Vang Le
A5037825941,Van-Viet Lam
A5049528580,VanHung Tran
A5083727054,VanThanh Dang
A5118648874,VanTrang Dam
A5102547534,VanVan Lương
A5073115693,Vang V. Le
A5027018014,Vanna Teck
A5083053786,Vannak Seng
A5079955478,Vanthan Nguyen
A5087019672,Van‐An Duong
A5076045469,Van‐Dat Doan
A5037305946,Van‐Dinh Nguyen
A5054233093,Van‐Dung Le
A5072082220,Van‐Giang Le
A5062937996,Van‐Kieu Nguyen
A5081148659,Van‐Nham Phan
A5008604791,Van‐Quynh Nguyen
A5006254056,Van‐Tai Nguyen
A5101353641,Van‐Thanh Nguyen
A5019526804,Van‐Truong Truong
A5088894961,Van‐Tuan Tran
A5065602862,Van–Su Dang
A5078022401,Vassana Musa
A5050217515,Vediyappan Veeramani
A5114377555,Velibor Spalevıć
A5036038477,Vere Borra
A5016621990,Vesna Tepavčević
A5059104200,Vi N. D. Nguyen
A5091945662,Vi Thi Thuan
A5111216846,Vi Vu Doan
A5076572310,Vi-Minh Luong
A5018716310,Victoria Ndinelago Erasmus
A5123784405,Vien Vo
A5044593104,Vien Vo
A5123683358,Viet  Khoa Nguyen
LOCAL_A000600,Viet Anh Truong
LOCAL_A000550,Viet Bac T. Phung
A5059493647,Viet Bach Nguyen
A5112690050,Viet Dung Trinh
A5066957498,Viet Ha Ho
A5104243858,Viet Hoa Dang
A5103324738,Viet Hoang
A5123655582,Viet Hoang
A5123939718,Viet Hoang
LOCAL_A000043,Viet Hoang
A5101583696,Viet Hoang Pham
A5101149266,Viet Nguyen
A5066821118,Viet Q. Bui
A5032415906,Viet Quoc Dang
A5091027836,Viet Quoc Hoang
A5103059530,Viet Quoc Nguyen
A5101381093,Viet Thanh Duy Nguyen
A5058794010,Viet Tho Le
A5005338149,Viet Tinh Nguyen
A5124156341,Viet Tran
A5092858813,Viet Tri Vo
A5050136807,Viet Trinh Tran
A5116540100,Viet V. Lam
A5102516062,Viet-Duc Dang
A5124453177,Viet-Ha Chu
A5104201126,Viet-Ha Thi Le
A5101980585,Viet-Hung Nguyen
A5010817506,Viet-Thanh Le
A5114215421,Viet-Vu Nguyen
A5024527579,Viet‐Linh Tran
A5029973339,Viet–Thanh Pham
A5036240913,Vigneswaran Dhasarathan
A5061433803,Vikas Kumar Rana
A5000548221,Vikram Puri
A5023592446,Vinay Nadkarni
A5014767912,Vinh An Le
A5104075933,Vinh Doan
A5079652119,Vinh Hien Huynh
A5053336588,Vinh Hien Nguyen
A5117757559,Vinh Linh Yuen
A5038960846,Vinh Mai
A5014362711,Vinh N. T. Pham
A5138750666,Vinh N.T. Pham
A5061034390,Vinh Ngoc Tran
A5102819254,Vinh Ngọc Nguyễn
A5091922471,Vinh P. Ho-Van
A5132643128,Vinh Van Tran
A5108782097,Vinh Xuan Vo
LOCAL_A000458,Vinh-Thien Tran
A5031646882,Vishal Kapadia
A5023909031,Vitalii Petranovskii
A5006503198,Vivek Gupta
A5066581436,Việt Dũng Trần
A5048072243,Việt Hoàng
LOCAL_A000436,Việt Hoàng
A5007233714,Vladimir Burkov
A5098157644,Vo
A5118514486,Vo Chi Hung
A5009617428,Vo Dang Nhat Huy
A5135511189,Vo Dinh Cao Nguyen
A5001746495,Vo Duy Nhan
A5116224403,Vo Duyen Thao Vy
A5022723572,Vo Hong Nghiep
A5116174047,Vo Huyen Bao Tran
A5023492471,Vo Khuong Dien
A5097765031,Vo Minh Hieu
A5119568656,Vo Minh Hung
A5062012235,Vo Ngoc Mai Anh
A5035354610,Vo Ngoc Minh
A5129903790,Vo Ngoc Thien Phung
A5107591587,Vo Nguyen Quoc Bao
A5124970310,Vo Nguyen Quoc Bao
A5102730698,Vo Nguyen Quoc Bao
A5004083201,Vo Nguyen Quoc Bao
A5114705828,Vo Nguyen Quoe Bao
A5014568924,Vo Nhat Huy
A5002522804,Vo Pham Hoang Huy
A5065649299,Vo Phuoc Tuan
A5086061422,Vo Quang Nha
A5030631827,Vo T. T. Vi
A5102898390,Vo T. T. Vi
A5136549000,Vo T. T. Vi
A5114054713,Vo T.T.
A5073906374,Vo Thang Nguyen
A5104034403,Vo Thang Nguyen
A5121846813,Vo Thanh Kiet
A5025951446,Vo Thi Ha
A5020187786,Vo Thi Hoa
A5039122925,Vo Thi Kim Loan
A5014184732,Vo Thi Thanh Thuy
A5114527443,Vo Thi Thu Hang
A5107768506,Vo Thi Thuy Hong
A5114767761,Vo Thi Thuy Hong
A5023323877,Vo Thi Xuyen
A5133821499,Vo Trung Hung
A5101258999,Vo Trung Nguyen
A5037488103,Vo Van
A5129576085,Vo Van An
A5034541869,Vo Van Au
A5049791266,Vo Van Giau
A5122193922,Vo Van Lac
A5132655044,Vo Van Lac
A5067025192,Vo Van Tai
A5059312578,Vo Van Toi
A5062934357,Vo Van Tuan
LOCAL_A000474,Vo Viet Tri
A5000269339,Vo Viet Tri
A5085629269,Vo Vãn Hoa
A5124912709,Vo-Nguyen Quoc Bao
A5061887361,Vu Ba Duong
A5138226202,Vu Bao Tran
A5129724645,Vu H. A. Truong
A5110733360,Vu H. Tran
A5089897389,Vu Hieu Minh
A5063751724,Vu Hoa Anh Dien
A5024466583,Vu Khac Hoang Bui
A5007977315,Vu Khac Trai
A5099851173,Vu Lan Le Oanh
A5110402647,Vu Lan Nguyen
A5113048693,Vu Lan Oanh LE
A5035049724,Vu Manh Hoai Nguyen
A5053295960,Vu Minh Ngo
A5013790137,Vu N. D. Kieu
A5012479711,Vu Ngoc Hung
A5091407554,Vu Nguyen
A5084006403,Vu Nguyen Doan
A5009202157,Vu Nguyen Manh Hoai
A5132551954,Vu Nguyen-Si
A5115435966,Vu Quoc Huy
A5080858949,Vu Song Thuy Nguyen
A5013912685,Vu T. Nguyen
A5001223994,Vu Thi Anh Tuyet
A5108761377,Vu Thi Kim Hanh
A5018528890,Vu Thi Kim Hanh
A5103852709,Vu Thi Kim Lien
A5116933739,Vu Thi Van Anh
A5101409609,Vu To-Anh Phan
A5031952416,Vu Tram Anh Le
A5084059075,Vu Tran–Thanh
A5117087722,Vu Truc Phuc
A5002005365,Vu Tuan Kien
A5076082548,Vu Tung Tran
A5032051091,Vu Van Tuan
A5104635098,Vuong Ba Pham
A5095604805,Vuong Minh Duc
A5092080605,Vuong Nguyen Đinh
A5045944169,Vuong Thi Kim Oanh
LOCAL_A000515,"Vuthaluru, Hari"
A5124084838,Vy Anh Tran
A5054046541,Vy Anh Tran
A5079210120,Vy Ha Nguyen Tran
A5121798944,Vy Ngoc Thuy Tran
LOCAL_A000051,Vy Nguyen Ngoc Hoang
A5133435331,Vy Thi Thao Huynh
A5113279192,Vy Tran
A5101768172,Vy Tran
A5138215236,Vy Tran Ha
A5082250333,Vy Uyen Thanh Nguyen
LOCAL_A000007,Vy-Rin Nguyen
A5011543714,Václav Snåšel
A5109280766,Võ Thanh Tùng
A5015278628,Võ Văn Tài
LOCAL_A000543,Văn Chinh Nguyễn
A5064935874,Văn Chí Nguyễn
A5124070504,Văn Chương Lê
A5060719743,Văn Dũng Lương
LOCAL_A000541,Văn Hiệp Nguyễn
A5033647992,Văn Hùng Bùi
A5047468382,Văn Mãi Đỗ
A5104004303,Văn Nam Thái
A5112953474,Văn Nhật Nguyễn
A5030100270,Văn Sơn Đặng
A5100634151,Văn Thành Nguyễn
A5059041759,Văn Thành Trần
A5089409625,Văn Đức Nguyễn
A5013855040,Vũ Hiệp Đặng
A5031270481,Vũ Hùng Hải
A5070562283,Vũ Ngọc Ánh
A5016799901,Vũ Phi Hổ Phạm
A5117428843,Vũ Phương Anh
A5011841596,Vũ Quang Huy
A5031822796,Vũ Thị Hồng Hà
A5028160757,Vũ Thị Ngân
A5110045504,Vũ Đình Lãm
A5092778074,Vũ Định Đinh
LOCAL_A000163,W Deng
LOCAL_A000192,W Gui
LOCAL_A000690,W Holden
LOCAL_A000112,W Lee
LOCAL_A000175,W Macready
A5136928656,W. Campbell
A5109230591,W. E. Lange
A5132294692,W. Hanlon
A5136930714,W. Hopple
A5109216007,W. Jiang
A5004868082,W. Liu
A5014526200,W. Ouerghui
A5136946130,W. Rison
A5052671761,W.H. Rulkens
A5090217780,W.J. Lang
A5078038327,WU Gang-qiang
A5100962753,WU Ya
A5056529592,WU Zhan-guo
A5045498018,Wakeel Hussain
A5084793653,Waleed A. Bayoumi
A5101966424,Wali Ullah Khan
A5072055957,Walid Nabgan
A5112038070,Walter Kloeck
A5123991349,Wan-Ju Yu
A5103768228,Wang Chih‐Yang
A5104000316,Wang Dan
A5056344750,Wang Jia-yong
A5100727651,Wang Jian-min
A5092439237,Wang Jinliang
A5102001542,Wang Shao-hua
A5100626681,Wang Yu
A5063807725,Wang Yu
A5078016706,Wang Yu-zhu
A5110085228,Wann Yih Wu
A5089711572,Wannee Nitiyanant
A5109301306,Wan‐Jou Shen
A5040810553,Waqas Khalid
A5073908772,Warinthorn Chavasiri
A5122254251,Wasso Dieudonné Shukuru
A5084339087,Wataru Sakai
A5057972238,Watchanan Chantapakul
A5027047123,Watheq J. Al‐Mudhafar
A5056985800,Wattana Panphut
A5118601678,Weeam Alshidi
A5100344338,Wei Chen
A5060570144,Wei Liu
A5101437812,Wei Liu
A5100608566,Wei Liu
LOCAL_A000421,Wei Zhang
A5100741130,Wei Zhang
A5039307851,Wei-Ci Li
A5130028438,Wei-Yi Lee
A5055525972,Wei‐Hung Chiang
A5071723663,Wei‐Jan Wang
A5058891664,Wei‐Tien Chang
A5079146545,Wen Luo
A5065309436,Wen Tiefeng
A5055094158,Wen-Hsin Hsu
A5103159189,Wenhong Chen
A5048664845,Wenzhu Li
A5080830696,Wen‐Hsin Hsu
A5070144964,Wen‐Min Lu
A5084471393,Weston Craig
A5057749394,Widya Ernayati Kosimaningrum
A5051291679,Wilen Melsedec O. Narvios
A5113563018,Wilhelm Friedrich
A5077694527,William B. Noseworthy
A5110325729,William Lang
A5020096319,William Montgomery
A5040005212,William N. Setzer
A5134019745,William N. Setzer
LOCAL_A000544,William N. Setzer
A5000973793,Wilson Freddy Makaya
A5043749543,Winda Fitri
A5051000539,Wita Wardani
LOCAL_A000494,Witness Dlamini
A5122295020,Witness Dlamini
A5070999622,Wolfgang Rascher
A5074304527,Wonbin Kim
A5100403280,Wonseok Lee
A5042786686,Worapong Lohpaisankrit
A5107174257,Wu Kai
A5028914131,Wunan Zhou
LOCAL_A000682,X Bao
LOCAL_A000139,X Dong
LOCAL_A000149,X Yang
LOCAL_A000246,X Yao
LOCAL_A000189,X Zhou
LOCAL_A000297,X. M. Dao
A5128503682,X. Cuong Nguyen
A5077465191,XU Xi-wang
A5091071937,Xavier Barthélémy
A5081094991,Xi Zhou
A5100352418,Xian Wu
A5089298247,Xiang-Rong Cai
A5007702645,Xiao Chao
A5102221833,Xiao Hong
A5100411480,Xiao Wang
A5102027458,Xiao Wang
A5023109138,Xiao Yan
A5100612055,Xiaodong Shao
A5065463000,Xiaodong Wu
A5100455479,Xiaohong Wang
A5042417560,Xiaohua Su
A5033714280,Xiaomei Guo
A5100634247,Xiaoming Zhang
A5101579465,Xiaowu Chen
A5033033828,Xiaoxin Zheng
A5100449436,Xiaoying Zhang
A5053036468,Xie An
A5100569874,Xie Qi
A5089575397,Ximin Cui
A5033467314,Xin Guan
A5101610795,Xin Lu
A5101547642,Xing Wei
A5100754504,Xiu Li
A5023755501,Xiufang Zhang
A5041986292,Xu Hai
A5100301925,Xu LangLai
A5100437263,Xu Zhang
A5124939854,Xuan An Bui
A5097638246,Xuan Bac
A5139195928,Xuan Chanh Tran
A5022231076,Xuan Cuong Nguyen
A5093054692,Xuan Huu
A5092020621,Xuan Luo
A5034704196,Xuan Nam Tran
A5103009774,Xuan Ngoc Nguyen
A5073587956,Xuan Tai
A5045332874,Xuan Thang Cao
A5077733475,Xuan Thang Trinh
A5101499505,Xuan Truong Nguyen
A5093656409,Xuan Vinh Trinh
A5042145631,Xuan-Chien Do
A5040078698,Xuan-Kien Dang
A5004755597,Xuan-Lam Duong
A5136363689,Xuan-Ngoc Nguyen
A5048057078,Xuan-Thang Cao
A5091512952,Xuan‐Hao Bui
A5080216121,Xuan‐Thanh Bui
A5093113482,Xuan‐Thao La
A5101843477,Xue‐Feng Ding
A5100390651,Xun Zhang
A5065984932,Xuyen Thi Vo
A5097683438,XuyenThi NGUYEN
A5063218061,Xuân Mai Nguyễn
A5048178300,Xuân Tạo Vũ
LOCAL_A000140,Y Cai
LOCAL_A000242,Y Guan
LOCAL_A000110,Y Hu
LOCAL_A000166,Y Liu
LOCAL_A000136,Y Wu
LOCAL_A000111,Y Yao
LOCAL_A000231,Y Yi
LOCAL_A000121,Y Yuan
A5019008914,Y. Chen
A5117527759,Y. D. Mitskevich
A5082083737,Y. Fujimura
A5136905539,Y. J. Kwon
A5130098630,Y. Kusumori
A5124059558,Y. Le Phan
A5107949962,Y. Nakayama
A5052000517,Y. Q. Nguyen
A5005120026,Y. Q. Nguyen
A5109361678,Y. Yamazaki
A5060317298,Y. de Armas Figueroa
LOCAL_A000344,Y.-H Kang
A5061989511,Ya-Jung Shih
A5122189634,Yacob Mulagetta
A5059745870,Yacov Rabi
A5055323888,Yalalem Assefa
A5101555441,Yan Ding
A5042636879,Yan Tao
A5058571639,Yan Xiao
A5035772870,Yan-ling Guo
A5088461473,Yanfeng Song
A5115588329,Yang Hai
A5100294403,Yang Jinlong
A5103137371,Yang Li
A5100421249,Yang Li
A5034064963,Yang Ming
A5043910551,Yang Ming
A5059100699,Yang Su
A5054223932,Yang Xu
A5100402379,Yang Ye
A5100354734,Yang Zhang
A5081680183,Yang Zong
A5007080908,Yanhua Zhao
LOCAL_A000294,Yanliang SHANG
A5101863680,Yansong Gao
A5102657472,Yao Cheng
A5109357060,Yao-Hui Huang
A5124225233,Yao-Moan Huang
A5039672274,Yaovi Holade
A5080831219,Yao‐Moan Huang
A5104277836,Yarui Li
A5100314779,Yarui Li
A5109107978,Yasser Farhat
A5046613313,Yassin A. Jeilani
A5103217838,Ye Feng
A5102214222,Ye Hong
A5112744355,Yen Nguyen Thi
A5009692670,Yen Nhi Ha
A5122389452,Yen Nhi Nguyen
LOCAL_A000400,Yen Nhi Nguyen
A5029249233,Yen Nhu Lam
A5093706061,Yen Nhu Thi Hoang
A5102761696,Yen Thi Hoang Hua
A5104301123,Yen Thi Kim Nguyen
A5036010540,Yen Tran
A5049701520,Yen-Hui Wang
A5008944931,Yeni Dian Lesmaya
A5022946961,Yerhee Kim
A5082221333,Yeseul Hong
A5100705609,Yi Chen
A5071127149,Yi Cui
A5103152813,Yi Liao
A5101870214,Yi Zou
A5109960742,Yi-Chun Chiang
LOCAL_A000027,Yi-Chun Chiang
A5102388480,Yi-Lin Yang
A5011154592,Yimeng An
A5069029743,Ying Kai Liao
A5073925871,Ying Ma
A5020723643,Ying Xian
A5100441311,Ying Yin
LOCAL_A000604,Yogesh Chaudhary
A5120906618,Yohandys A. Zulueta
A5028948267,Yohandys A. Zulueta
A5110679012,Yong Cao
A5073290826,Yong Jie Wong
A5034944739,Yong Sup Lee
A5018164756,Yong-Soo Yoon
A5050179474,Yongchun Zhou
A5100424203,Yongjun Wang
A5051691002,Yong‐Ill Lee
A5062225876,Yong‐Jin Won
A5071852839,Yosep Hwang
A5052946148,Yoshi Takahashi
A5085568555,Yoshiki Sawada
A5025363291,Yoshio Yamaoka
A5109594464,Yoshio Yamaoka
A5035224025,Yoshiyuki Kawazoe
A5065568852,Young Dok Kim
A5026538440,Youngjong Kang
A5052578911,Young‐Chul Lee
A5030209618,Young‐Soo Seo
A5004913719,Yousef A. Baker El–Ebiary
A5068032370,Yousef G. Alghamdi
A5034313357,Youtang Li
A5100914650,Youwen Tang
A5106172262,Yu Chen
A5113955270,Yu Hong
LOCAL_A000287,Yu Jin
A5113747468,Yu Min Shui
A5125342398,Yu-Chen S.H. Yang
LOCAL_A000032,Yu-Cheng Ho
A5101893134,Yu-Jie Yuan
A5134546392,Yu-Wei Liu
A5121968098,Yu-Wei Liu
A5067379892,Yu. V. Ostankova
A5113169613,Yuanyuan Sun
A5065841119,Yue Wang
A5089071501,Yueh‐Jung Wu
A5073055413,Yuen-Jung Wu
A5065302871,Yujie Guo
A5137480998,Yulia V. Ostankova
A5123414799,Yulia V. Ostankova
A5017599839,Yulong Zhao
A5101466206,YunQian Zhang
A5132979210,Yung-Kuo Lee
A5135106888,Yung-Kuo Lee
A5130388406,Yung-Kuo Lee
LOCAL_A000017,Yung-Kuo Lee
A5129810714,Yung-Kuo Lee
A5102556818,Yung-Kuo Lee
A5060090368,Yungang Li
A5026391773,Yung‐Kuo Lee
A5028440843,Yung‐Ning Yang
A5072903915,Yung‐Pin Tsai
A5071238214,Yunhee Cho
A5032689906,Yunlai Zhou
A5038430822,Yuseob Kim
A5037587230,Yusuf Gürefe
A5015697783,Yusuke Hioki
A5101868875,Yusuke Mizuno
A5054072407,Yuya Yamato
A5012207972,Yu‐Cheng Ho
A5042185009,Yu‐Chi Chung
A5072119812,Yu‐Li Wang
A5010525452,Yu‐Te Tu
LOCAL_A000133,Z Peng
LOCAL_A000132,Z Wan
LOCAL_A000279,Z Xiong Chen
LOCAL_A000126,Z Xu
LOCAL_A000134,Z Yuan
A5015962889,Z. Avazzadeh
A5129700560,Z. Gerber
A5044172436,Z. P. Luong
A5002953807,Z. W. Ge
A5049076609,Zahiraniza Mustaffa
A5056677817,Zaira I. Bedolla‐Valdez
A5009289774,Zakaryae Haman
A5074122666,Zdenka Prokopová
A5079461216,Zehra Gülseven
A5110373196,Zhai Guo
A5119281889,Zhanbin Li
A5006572715,Zhang Dian-jun
A5076578682,Zhang Fan-hua
A5100418954,Zhang Li
A5100418969,Zhang Li
A5101539552,Zhang Shu
A5110369264,Zhang Zu
A5005028168,Zhang Zuyen
LOCAL_A000288,Zhao Bing
A5100939206,Zhao Gan
A5107701557,Zhao Liang
A5059838493,Zhao Rui-min
A5060026159,Zhao Shou-yun
A5100520720,Zhengda Sun
A5102702020,Zhengxin Hu
A5023521273,Zhengyang Du
A5036074751,Zheng‐Yu Zuo
A5013697617,Zhentian Lei
A5008497258,Zhenxue Dai
A5103063003,Zhi Li
A5030069786,Zhien Zhang
A5002904166,Zhiguo Ding
A5100632122,Zhijie Yang
A5032333683,Zhilun Peng
A5012747702,Zhong Wang
A5108580995,Zhou An-min
A5067826188,Zhou Jun-hui
A5108577449,Zhu Shile
A5110554425,Zhu Zheng
A5110635812,Zi-Lin Li
A5070418811,Zian Cheak Tiu
A5025880905,Zilong Wei
A5036631670,Zing L. T. Tran
A5017693604,Zita Farkaš Agatić
A5100352958,Ziyi Zhang
LOCAL_A000320,Zmud Bock
A5009067755,Zou Gang
A5012338476,Zou Xiang
A5084172156,Zubair Ahmad
A5100742989,Zulkifli Zulkifli
A5051487546,Zuwu Wang
A5074148727,Zuzana Tučková
LOCAL_A000415,van Vo Thanh
A5060093847,Ánh Tuyết Vũ Thị
A5078668326,Ðinh Dũng
A5013951937,Øivind Langård
A5080334122,Øivind Wilhelmsen
A5084774480,Ümit Ağbulut
A5029859092,Đang Hai
A5005615697,Đinh Minh Hiệp
A5035326900,Đinh Quang Khiếu
A5045826726,Đoàn Chính Chung
A5040734845,Đoàn Thị Yến Oanh
A5046597225,Đoàn Văn Bình
A5055289089,Đào Ngọc Nhiệm
A5119368559,Đào Văn Tiến
A5101585594,Đình Hòa Nguyễn
A5007925084,Đăng Khoa Nguyễn
A5086896127,Đăng Văn Nghín
A5023074991,Đường Khánh Linh
A5134532908,Đại Dương Trần
A5064080611,Đặng Anh Tuấn
A5062102741,Đặng Huỳnh Giao
A5025281969,Đặng Văn Sơn
A5023178095,Đặng Xuân Cường
A5043767304,Đỗ Thành Luân
A5063639499,Đỗ Thành Trí
A5025839759,Đỗ Thị Cẩm Vân
A5105012314,Đỗ Thị Hoài Thư
A5020344273,Đỗ Thị Mai Dung
A5109344379,Đỗ Thị Thu Huyền
A5058987661,Đỗ Thị Thảo
A5068715226,Đỗ Thị Xuân Dung
A5000461756,Šimon Bilík
A5031113286,Štěpán Hubálovský
A5077271389,Νικόλαος Νικολάου
A5059332003,А. N. Shchemelev
A5032242801,А. В. Семенов
A5054795012,А. Г. Липницкий
A5090071206,А. О. Конаков
A5016698027,Арег А. Тотолян
A5112688126,Д. Э. Валутите
A5029188808,Л.В. Піскач
A5029483778,М.С. Романов
A5030801216,О.Y. Khyzhun
A5033172061,Тран Бач Лонг
A5108957582,ЦВЕТКОВА А.Л. ЦВЕТКОВА А.Л.
A5023064512,‬Huu-Tuan Tran
