paper_id,author_id
W2958510524,A5017002382
W2958510524,A5028491207
W2958510524,A5063956844
W2958510524,A5079958449
W2958510524,A5073498622
W2958510524,A5068022071
W2958510524,A5014950400
W2958510524,A5056885320
W2958510524,A5085428223
W2958510524,A5008973458
W2958510524,A5040423202
W2958510524,A5078661947
W2958510524,A5021997056
W2958510524,A5025095503
W2958510524,A5078876786
W3013943119,A5041369109
W3013943119,A5010415543
W3013943119,A5076833967
W3013943119,A5050425757
W3013943119,A5011814353
W3013943119,A5007252074
W3013943119,A5046846003
W3013943119,LOCAL_A000001
W3013943119,A5034194161
W3013943119,A5052932812
W3013943119,A5103096805
W3013943119,A5029896071
W3013943119,A5062184716
W3013943119,A5109280766
W3013943119,A5056522373
W3013943119,A5072077918
W1902563258,A5052958591
W1902563258,A5072883137
W1902563258,A5088363082
W1902563258,A5060570144
W1902563258,A5080892177
W1902563258,A5102070282
W1902563258,A5001802727
W1902563258,A5000852799
W1902563258,A5103558942
W1902563258,A5108502319
W1902563258,A5045175158
W1902563258,A5100705609
W1902563258,A5080704496
W2172418087,A5108757199
W2172418087,A5074537027
W2172418087,A5009356185
W2172418087,A5052436567
W2172418087,A5086950255
W2172418087,A5067287880
W2172418087,A5014950400
W2172418087,A5046825896
W2172418087,A5035104463
W2172418087,A5028491207
W2172418087,A5025095503
W2172418087,A5007722052
W2172418087,A5077280166
W2172418087,A5010395979
W2172418087,A5108122544
W2172418087,A5089109767
W2172418087,A5112038070
W2172418087,A5077878204
W2172418087,A5066817807
W2172418087,A5003886399
W2172418087,A5109947023
W2172418087,A5057837479
W2172418087,A5052145396
W2172418087,A5018635438
W2172418087,A5022508032
W3017246359,A5075629036
W3017246359,A5114594133
W3017246359,A5011724052
W3017246359,A5045408352
W3017246359,A5002869113
W3017246359,A5020412391
W2983803309,A5025095503
W2983803309,A5021323660
W2983803309,A5076032909
W2983803309,A5087546110
W2983803309,A5079187530
W2983803309,A5012751492
W2983803309,A5086095919
W2983803309,A5067522840
W2983803309,A5108757199
W2983803309,A5037640754
W2983803309,A5060189092
W2983803309,A5021828664
W2983803309,A5074537027
W2983803309,A5069302582
W2983803309,A5063136501
W2983803309,A5024725268
W2983803309,A5009356185
W2983803309,A5045600839
W2983803309,A5075291010
W2983803309,A5090660367
W2983803309,A5002295771
W2983803309,A5077280166
W2983803309,A5036038477
W2983803309,A5028419807
W2983803309,A5066273011
W2983803309,A5010395979
W2983803309,A5087155298
W2983803309,A5028491207
W2983803309,A5037329176
W2983803309,A5043580746
W2983803309,A5025936190
W2983803309,A5058891664
W2983803309,A5108190409
W2983803309,A5053615849
W2983803309,A5042206762
W2983803309,A5033052795
W2983803309,A5010398085
W2983803309,A5047250540
W2983803309,A5004988236
W2983803309,A5071898408
W2983803309,A5052322742
W2983803309,A5089854058
W2983803309,A5037542179
W2983803309,A5003722648
W2983803309,A5112753382
W2983803309,A5110701424
W2983803309,A5014186524
W2983803309,A5050478516
W2983803309,A5020337708
W2983803309,A5032316879
W2983803309,A5007830940
W2983803309,A5071186378
W2983803309,A5066757164
W2983803309,A5075910447
W2983803309,A5089872679
W2983803309,A5060777701
W2983803309,A5040371822
W2983803309,A5028938519
W2983803309,A5112430168
W2983803309,A5031646882
W2983803309,A5084459300
W2983803309,A5074474395
W2983803309,A5042670765
W2983803309,A5014950400
W2983803309,A5080893189
W2983803309,A5084227679
W2983803309,A5089477886
W2983803309,A5073811795
W2983803309,A5074353144
W2983803309,A5081805441
W2983803309,A5076850672
W2983803309,A5045240225
W2983803309,A5070913859
W2983803309,A5112293344
W2983803309,A5088508486
W2983803309,A5020096319
W2983803309,A5067287880
W2983803309,A5077878204
W2983803309,A5023592446
W2983803309,A5108812264
W2983803309,A5066817807
W2983803309,A5113885004
W2983803309,A5003886399
W2983803309,A5077271389
W2983803309,A5043825329
W2983803309,A5074774772
W2983803309,A5051606464
W2983803309,A5069442872
W2983803309,A5109947023
W2983803309,LOCAL_A000002
W2983803309,A5057837479
W2983803309,A5052145396
W2983803309,A5055699158
W2983803309,A5079381636
W2983803309,A5028391766
W2983803309,A5059745870
W2983803309,A5059673944
W2983803309,A5052436567
W2983803309,A5054097796
W2983803309,A5073238754
W4280639034,A5024449095
W4280639034,A5022979224
W4280639034,A5087254067
W4280639034,A5005108080
W4280639034,A5018679710
W4280639034,A5026143976
W4211174566,A5109354723
W4211174566,A5086950255
W4211174566,A5086095919
W4211174566,A5067522840
W4211174566,A5022723002
W4211174566,A5028491207
W4211174566,A5025936190
W4211174566,A5052322742
W4211174566,A5082218840
W4211174566,A5010409421
W4211174566,A5042452558
W4211174566,A5110556117
W4211174566,A5051848349
W4211174566,A5014950400
W4211174566,A5089477886
W4211174566,A5021323660
W4211174566,A5020096319
W4211174566,A5067287880
W4211174566,A5023592446
W4211174566,A5066817807
W4211174566,A5077271389
W4211174566,A5079381636
W4211174566,A5028391766
W4211174566,A5079187530
W4211174566,A5025095503
W4211174566,A5108426113
W4211174566,A5023207047
W4211174566,A5060189092
W4211174566,A5021828664
W2767566591,A5087546110
W2767566591,A5052322742
W2767566591,A5037640754
W2767566591,A5021323660
W2767566591,A5086095919
W2767566591,A5069302582
W2767566591,A5058693463
W2767566591,A5090660367
W2767566591,A5010395979
W2767566591,A5025936190
W2767566591,A5042206762
W2767566591,A5033052795
W2767566591,A5002295771
W2767566591,A5110701424
W2767566591,A5014186524
W2767566591,A5057536910
W2767566591,A5071186378
W2767566591,A5046497176
W2767566591,A5042670765
W2767566591,A5014950400
W2767566591,A5089477886
W2767566591,A5074353144
W2767566591,A5045240225
W2767566591,A5020096319
W2767566591,A5067287880
W2767566591,A5077878204
W2767566591,A5108812264
W2767566591,LOCAL_A000003
W2767566591,A5023592446
W2767566591,A5043825329
W2767566591,A5074774772
W2767566591,LOCAL_A000002
W2767566591,A5079381636
W2767566591,A5059673944
W2767566591,A5054097796
W2767566591,A5008986510
W2767566591,A5005077971
W2767566591,A5044462379
W2767566591,A5110451785
W2767566591,A5079187530
W2767566591,A5024526613
W2767566591,A5034684238
W2767566591,A5003607184
W2767566591,A5011391692
W2767566591,A5108426113
W2767566591,A5073249579
W2767566591,A5034275358
W2767566591,A5109354723
W2767566591,A5086950255
W4403315124,A5109019942
W4403315124,A5111361533
W4403315124,A5067682063
W4403315124,A5111361534
W4403315124,A5087019672
W4403315124,A5101985554
W4206770842,A5068268080
W4206770842,A5007250589
W4206770842,A5043525540
W4210525043,A5039479946
W4210525043,A5071517633
W4210525043,A5030860493
W4210525043,A5088410956
W3049547297,A5029157921
W4315628232,A5024449095
W4315628232,A5072269422
W4315628232,A5016510429
W4315628232,A5029157921
W4315628232,A5049698133
W4315628232,A5022979224
W4385755928,A5024449095
W4385755928,A5041023060
W4385755928,A5064606348
W4385755928,A5091554286
W4385755928,A5022979224
W4385755928,A5045268600
W4205572929,A5028442936
W4205572929,A5102010814
W4205572929,A5010462592
W4205572929,A5069724897
W2129239406,A5022176740
W2129239406,A5052862902
W2129239406,A5004526884
W2129239406,A5042264865
W4386077917,A5001474077
W4386077917,A5113201220
W4386077917,A5112701559
W4386077917,A5044058358
W4386077917,A5086554424
W4386077917,A5030875962
W4385174759,A5018935783
W4212931299,A5101455057
W4212931299,A5090464440
W4212931299,A5045268600
W4212931299,A5022979224
W4212931299,A5091522531
W4212931299,A5015551812
W4283780422,A5024449095
W4283780422,A5055365606
W4283780422,A5049698133
W4283780422,A5113047463
W4283780422,A5022979224
W4283780422,A5112851593
W3142776653,A5016877301
W3142776653,A5100648337
W3142776653,A5005338149
W3142776653,A5015211989
W3135296255,A5016799901
W3116490051,A5081322932
W3116490051,A5060394256
W3116490051,A5110733360
W3116490051,A5079721281
W3116490051,A5005903867
W4213032084,A5080275074
W4213032084,A5102955956
W4213032084,A5080477516
W4213032084,A5072737254
W4200142760,A5103217838
W4200142760,A5006039089
W4200142760,A5029157921
W4200142760,A5015551812
W4308443963,A5072109908
W4308443963,A5029157921
W4308443963,A5007077248
W4308443963,A5101914364
W4308443963,A5050840755
W4308443963,A5100692135
W4212864265,A5079571573
W4212864265,A5073647327
W4212864265,A5023835965
W4212864265,A5041057723
W4212864265,A5012675535
W4212864265,A5084615254
W4212864265,A5077989995
W4212864265,A5067659457
W3199547620,A5071489355
W3199547620,A5046047434
W3199547620,A5068896645
W3199547620,A5084059075
W4296591880,A5039831806
W4296591880,A5071776831
W4296591880,A5050137620
W4296707155,A5052523494
W4296707155,A5021666100
W4296707155,A5103324738
W4296707155,A5024927907
W4296707155,A5033627409
W4313260174,A5042960304
W4313260174,A5101359005
W4313260174,A5027797037
W4313260174,A5045498018
W4313260174,A5036952576
W4313260174,A5028273918
W4313260174,A5088300934
W4313260174,A5074371760
W4313260174,A5005583322
W4313260174,A5027205370
W4280534488,A5033971798
W4280534488,A5101466206
W4280534488,A5078046494
W4280534488,A5024449095
W4280534488,A5029157921
W3194887689,A5008780017
W3194887689,A5039479946
W3194887689,A5071517633
W3194887689,A5040773786
W3194887689,A5072201492
W3194887689,A5088410956
W3205949772,A5005940245
W3205949772,A5069724897
W3205949772,A5028442936
W3008389910,A5047172220
W3008389910,A5048753083
W3008389910,A5077989995
W3008389910,A5018426724
W4290471674,A5059510291
W4290471674,A5112856865
W4290471674,A5050948507
W4290471674,A5024767943
W4290471674,A5039896793
W4290471674,A5028269577
W4290471674,A5076004552
W4290471674,A5075235852
W4205413676,A5033971798
W4205413676,A5102884763
W4205413676,A5024135624
W4205413676,A5029157921
W4205413676,A5091554286
W4205413676,A5015551812
W4280596026,A5058979345
W4280596026,A5060501800
W4280596026,A5038668071
W4280596026,A5063689926
W3137403156,A5029157921
W4231545820,A5070026123
W4231545820,A5029157921
W4317423688,A5054046541
W4317423688,A5040375274
W4317423688,A5076045469
W4317423688,A5084269594
W4317423688,A5012148464
W4317423688,A5036250530
W4317794911,A5048030754
W4317794911,A5036240913
W4317794911,A5006699363
W4317794911,A5078135589
W4317794911,A5065282480
W4317794911,A5100421249
W3023664969,A5023756965
W3023664969,A5022245617
W4391612257,A5042985909
W4391612257,A5003625164
W4391612257,A5084774480
W4391612257,A5015900702
W4391612257,A5016906942
W4391612257,A5039969130
W4391612257,A5101325666
W4391612257,A5076358810
W4391612257,A5066581436
W4320917642,A5010532815
W4320917642,A5074534697
W4320917642,A5036024169
W4320917642,A5066816551
W4320917642,A5042425451
W4320917642,A5059729965
W4320917642,A5049257114
W4320917642,A5059823880
W3201040525,A5091402542
W3201040525,A5034169259
W3201040525,A5083452888
W3201040525,A5085593383
W3201040525,A5037305946
W3201040525,A5040180866
W3201040525,A5072923302
W3201040525,A5087405854
W4206228720,A5077989995
W4206228720,A5000994184
W4206228720,A5010818401
W4206228720,A5100701432
W4206228720,A5091627176
W4206228720,A5067659457
W4206228720,A5072201492
W4292265082,A5101523512
W4292265082,A5086635649
W4292265082,A5053998535
W4292265082,A5062820147
W4292265082,A5033734566
W4385413477,A5089944324
W4385413477,A5057758597
W4385413477,A5104386707
W4385413477,A5042163751
W4385413477,A5060162053
W4385413477,A5005583322
W4385413477,A5008497258
W4295678942,A5082446801
W4295678942,A5081831852
W4295678942,A5086434450
W4295678942,A5034249017
W4295678942,A5085893079
W4295678942,A5048707344
W4295678942,A5019183004
W4295678942,A5100623456
W4319596802,A5017773373
W4319596802,A5059661400
W4319596802,A5000637794
W4319596802,A5021501825
W3093833112,A5067287880
W3093833112,A5069302582
W3093833112,A5010409421
W3093833112,A5021323660
W3093833112,A5086950255
W3093833112,A5059745870
W3093833112,A5079187530
W3093833112,A5036662627
W3093833112,A5023207047
W3093833112,A5087546110
W3093833112,A5086095919
W3093833112,A5022723002
W3093833112,A5012751492
W3093833112,A5014950400
W3093833112,A5037640754
W3093833112,A5020096319
W3093833112,A5066817807
W3093833112,A5079381636
W3093833112,A5025095503
W3093833112,A5076032909
W3093833112,A5077878204
W4283384300,A5029157921
W4283384300,A5007907047
W4315474727,A5010525452
W4315474727,A5064374149
W4315474727,A5004131008
W4315474727,A5102968901
W4315474727,A5087000202
W4315474727,A5016510429
W4322628962,A5052843620
W4322628962,A5000427458
W4322628962,A5077443977
W4322628962,A5060053093
W4322628962,A5112860829
W4322628962,A5045268600
W3153426027,A5084208478
W3153426027,A5063172364
W3153426027,A5080052377
W3153426027,A5074131915
W3153426027,A5016799901
W4200131528,A5052168970
W4200131528,A5001474077
W4200131528,A5044058358
W4200131528,A5110045504
W4200131528,A5004575662
W4200131528,A5007086934
W4200131528,A5033058790
W4200131528,A5031029211
W4200131528,A5071460878
W4200131528,A5080120497
W4200131528,A5021931433
W4200131528,A5054227606
W4200131528,A5089967345
W4367031967,A5044266379
W4367031967,A5087438050
W4313527793,A5041023060
W4313527793,A5043810535
W4313527793,A5077443977
W4313527793,A5081588915
W4313527793,A5113047463
W4313527793,A5064606348
W4319456382,A5104101705
W4319456382,A5012338314
W4319456382,A5100775772
W4319456382,A5005583322
W4319456382,A5100344370
W4319456382,A5089944324
W4319456382,A5008497258
W4317106108,A5042141088
W4317106108,A5019049009
W4320922100,A5068032370
W4320922100,A5062032042
W4320922100,A5086434450
W4322743240,A5005583322
W4322743240,A5020702633
W4322743240,A5074353408
W4322743240,A5079664614
W4322743240,A5058053647
W4322743240,A5085914326
W4322743240,A5038709614
W4414022061,A5041707620
W4414022061,A5017773373
W4414022061,A5000637794
W4414022061,A5039052968
W4414022061,A5062458911
W4414022061,A5085036106
W4414022061,LOCAL_A000004
W4414022061,A5091133342
W4414271358,A5101772613
W4414271358,A5037305946
W4414271358,A5026216458
W4414271358,A5089793687
W4414271358,A5004083201
W4414271358,A5052919611
W4414271358,A5091266202
W4414271358,A5016154330
W4414298067,A5002827253
W4414298067,A5119657244
W4414298067,A5017851662
W4414298067,A5080476765
W4414298067,A5003396849
W4414500923,A5033642366
W4414500923,A5052605854
W4415097908,A5119701105
W4415097908,A5031161877
W4415097908,A5119701106
W4415097908,A5110999034
W4415097908,A5041882067
W4415493830,A5039876499
W4415493830,A5005634790
W4415493830,A5053998535
W4415493830,A5053690387
W4415494710,LOCAL_A000005
W4415494710,A5055683391
W4415494710,A5120116412
W4415494710,A5022545715
W4415494710,A5001693984
W4415557159,A5017259848
W4415557159,A5049116546
W4415557159,A5003396849
W4415557159,A5045162218
W4415649536,A5090308354
W4415649536,LOCAL_A000006
W4415649536,A5113903887
W4415649536,A5109208912
W4415649536,A5066866928
W4415649536,A5112961804
W4415649536,A5063075392
W4415747466,A5112402325
W4415747466,A5010674359
W4415747466,A5007187694
W4415747466,A5075250567
W4415747466,LOCAL_A000007
W4415747466,A5020412391
W4415747466,A5088052580
W4416386813,A5057048916
W4416386813,A5042211118
W4416386813,A5079609169
W4416386813,A5024782599
W4416386813,A5025852195
W4416386813,A5104330936
W4416386813,A5065278638
W4416386813,LOCAL_A000008
W4416386813,A5078382134
W4416386813,A5110573326
W4416407004,A5065962329
W4416407004,LOCAL_A000009
W4416407004,A5066842174
W4416407004,A5052937759
W4416564054,A5054511774
W4416564054,A5013912685
W4416564054,A5006709815
W4416718774,A5031161877
W4416718774,A5111907929
W4416718774,A5060405566
W4416718774,A5109595474
W4416718774,A5120616452
W4416718774,A5051720799
W4416718774,A5091523509
W4416718774,A5100977585
W4416954067,A5085740219
W4416954067,A5101590240
W4416954067,A5105180206
W4416954067,LOCAL_A000010
W4416954067,A5044593104
W4416954067,A5002834057
W4416954067,A5079216361
W4417200652,LOCAL_A000011
W4417200652,LOCAL_A000012
W4417284240,A5009209108
W4417284240,A5114625656
W4417284240,A5081343112
W4417284240,A5029362407
W4417284240,A5084344101
W4417284240,A5050246251
W7115881942,LOCAL_A000013
W7115881942,LOCAL_A000014
W7115881942,LOCAL_A000015
W7115881942,LOCAL_A000016
W7115881942,LOCAL_A000017
W7115881942,LOCAL_A000018
W7115881942,LOCAL_A000019
W7115881942,LOCAL_A000020
W7115881942,LOCAL_A000021
W7115881942,LOCAL_A000022
W7115881942,LOCAL_A000023
W7115881942,LOCAL_A000024
W7115881942,LOCAL_A000025
W7115881942,LOCAL_A000026
W7115905231,LOCAL_A000027
W7115905231,LOCAL_A000025
W7115905231,LOCAL_A000022
W7115905231,LOCAL_A000028
W7115905231,LOCAL_A000029
W7115905231,LOCAL_A000018
W7115905231,LOCAL_A000030
W7115905231,LOCAL_A000019
W7115905231,LOCAL_A000031
W7115905231,LOCAL_A000032
W7115905231,LOCAL_A000033
W7115905231,LOCAL_A000034
W7115905231,LOCAL_A000020
W7115905231,LOCAL_A000013
W7115905231,LOCAL_A000035
W7115905231,LOCAL_A000036
W7115905231,LOCAL_A000021
W7115905231,LOCAL_A000037
W7115905231,LOCAL_A000026
W7115905231,LOCAL_A000014
W7115905231,LOCAL_A000038
W7115905231,LOCAL_A000039
W7115905231,LOCAL_A000040
W7115905231,LOCAL_A000017
W7115905231,LOCAL_A000041
W7116782209,A5061019153
W7116782209,A5064125102
W7116782209,A5120984488
W7116782209,A5075229392
W7116782209,A5121014707
W7116782209,A5120974622
W7117967106,A5025851364
W7117967106,A5121514013
W7117967106,A5080334122
W7117967106,A5085566730
W7117993812,A5121763713
W7117993812,A5121760197
W7117993812,A5121813198
W7117993812,A5121798944
W7118568249,LOCAL_A000042
W7118568249,A5079519299
W7118568249,A5093634125
W7118568249,A5041882067
W7118568249,LOCAL_A000043
W7119595644,A5113048693
W7119595644,A5053761995
W7119595644,A5090147142
W7123341761,A5107588231
W7123341761,A5122902852
W7123341761,A5122907744
W7123341761,A5079955478
W7123341761,A5031822796
W7123341761,A5012479711
W7123341761,A5122903487
W7123341761,A5122288736
W7123341761,A5122874808
W7123341761,A5075020121
W7124893938,A5010384305
W7124893938,A5123414799
W7124893938,A5059332003
W7124893938,A5123433400
W7124893938,A5008876218
W7124893938,A5123417145
W7124893938,A5091163237
W7124893938,A5028014897
W7124893938,A5123402673
W7125369332,A5100570849
W7125369332,A5123569809
W7125369332,A5101199251
W7125369332,A5103059530
W7125369332,A5041924362
W7125369332,LOCAL_A000044
W7125369332,A5025851364
W7125369332,A5024466583
W7125419339,A5073587956
W7125419339,A5123559083
W7125419339,A5053430025
W7125497916,A5104387604
W7125497916,A5062189282
W7125497916,A5123640296
W7125497916,A5076489521
W7125497916,A5085566730
W7126052704,A5037177799
W7126052704,A5055305566
W7126052704,A5029072011
W7127145222,A5121452694
W7127145222,A5085566730
W7129373484,LOCAL_A000045
W7129373484,LOCAL_A000046
W7129373484,A5126219837
W7129373484,A5074327529
W7129373484,A5110608596
W7129373484,LOCAL_A000047
W7130349534,LOCAL_A000044
W7130349534,A5126282675
W7130349534,A5002522804
W7130349534,A5126290397
W7130349534,A5027556039
W7130349534,A5100570849
W7130349534,A5126307449
W7130349534,A5024466583
W7133833955,A5056016594
W7133833955,A5122895977
W7133833955,A5074327529
W7133833955,A5011173370
W7133833955,A5128192943
W7134238770,A5128606674
W7134238770,A5128405095
W7134238770,A5128378047
W7134238770,A5128385340
W7134238770,A5128559504
W7135040571,A5077666944
W7135040571,A5112266228
W7135040571,A5076108578
W7135040571,A5113201220
W7135040571,A5030875962
W7139092179,A5129852678
W7139092179,A5130078744
W7139092179,A5129896200
W7139092179,A5085893079
W7139092179,LOCAL_A000048
W7139092179,A5130062909
W7139092179,A5130155980
W7139092179,A5130041802
W7139092179,A5129952168
W7139092179,LOCAL_A000049
W7153004412,A5133317571
W7153004412,A5068268080
W7153004412,A5089611382
W7153004412,A5133376077
W2054439996,A5052869556
W2054439996,A5049765310
W2054439996,A5049249038
W2054439996,A5025049120
W2054439996,A5022771633
W2166834409,A5113668081
W2166834409,A5109215282
W2166834409,A5104084941
W2166834409,A5017566261
W2166834409,A5113595096
W2166834409,A5076866489
W2036122594,A5052836637
W2036122594,A5062168310
W2036122594,A5078680445
W2036122594,A5112073302
W2036122594,A5109127716
W2036122594,A5056794023
W1491100760,A5080704496
W1491100760,A5072883137
W1491100760,A5059661066
W1491100760,A5088363082
W1491100760,A5060570144
W1491100760,A5080892177
W1491100760,A5100705609
W1491100760,A5103558942
W1491100760,A5045175158
W1491100760,A5108502319
W1491100760,A5102070282
W1491100760,A5001802727
W1491100760,A5052958591
W1966693592,A5111685187
W1966693592,A5025759682
W1966693592,A5085208410
W1966693592,A5046970229
W1986229552,A5030774861
W2124259739,A5004230431
W2124259739,A5061865174
W2124259739,A5041708086
W2124259739,A5079440745
W2124259739,A5052671761
W2124661513,A5042264865
W2124661513,A5006348959
W4241781093,LOCAL_A000050
W4241781093,A5002515116
W4241781093,A5087658530
W4241781093,A5051435891
W2957138175,A5052590300
W2957138175,A5064602782
W2957138175,A5032787752
W2957138175,A5013302470
W2957138175,A5050575155
W2957138175,A5032430599
W2957138175,A5072249565
W2957138175,A5062884692
W2035542467,A5087658530
W2035542467,A5006348959
W2035542467,A5072224443
W2561235885,A5056762239
W2561235885,A5038674343
W2561235885,A5109344144
W2561235885,A5035975805
W2561235885,A5071407430
W2561235885,A5038116070
W2561235885,A5063075884
W2561235885,A5113792609
W2561235885,A5095860330
W2561235885,A5019473435
W2561235885,A5064913339
W3011327622,A5079848691
W3011327622,A5110671768
W3011327622,A5001033800
W3014248967,A5053295960
W3014248967,A5029157921
W3046978282,A5020463942
W3046978282,A5066394609
W3158335115,A5077358597
W3158335115,A5036410800
W3158335115,A5062184716
W3158335115,A5021292806
W3158335115,A5078522070
W3158335115,A5104035119
W3158335115,A5074528425
W3158335115,A5031177860
W3158335115,A5084444623
W3158335115,A5051450131
W2062548560,A5108236710
W2062548560,A5087658530
W3137041823,A5016425643
W3137041823,A5050026611
W3137041823,A5048057078
W3137041823,A5066490148
W3137041823,A5052054550
W3137041823,A5052778502
W3137041823,A5076045469
W3179003915,A5016799901
W3179003915,A5039725259
W4293226203,A5047692459
W4293226203,A5003545280
W4293226203,A5010287332
W4362492618,A5086626112
W4362492618,A5051054748
W4362492618,A5001675506
W4362492618,A5101975004
W2953246412,A5026652025
W2953246412,A5042115750
W2953246412,A5110671529
W2953246412,A5061220760
W2953246412,A5015170656
W3173625614,A5039592401
W3173625614,A5077989995
W3173625614,A5011303321
W3173625614,A5049982885
W3173625614,A5029795725
W3173625614,A5100701432
W4283779811,A5020362824
W4283779811,A5016349144
W4283779811,A5091026666
W4283779811,A5015962889
W4283779811,A5024823282
W4293103731,A5052000517
W4293103731,A5101149266
W4293103731,A5101937289
W4293103731,A5079289303
W2909806954,A5056957912
W2909806954,A5083291115
W2909806954,A5079824896
W2909806954,A5081148659
W3094652768,A5091850427
W3094652768,A5071378698
W3094652768,A5044156341
W3129119852,A5050217515
W3129119852,A5052167850
W3129119852,A5102388480
W3129119852,A5011444388
W3129119852,A5056815476
W3129119852,A5080595139
W3129119852,A5034076654
W3129119852,A5088757599
W4200616974,A5101884386
W2383588927,A5089298247
W2887012287,A5053225960
W2887012287,A5020835202
W3115873876,A5005047524
W3115873876,A5051450131
W3115873876,A5039339494
W3115873876,A5042275039
W3115873876,A5031177860
W3115873876,A5077358597
W3115873876,A5073908772
W3115873876,A5110573321
W3115873876,A5031635334
W3123843024,A5009681520
W3123843024,A5076541729
W3123843024,A5069724897
W3123843024,A5102010814
W3135218284,A5029157921
W3135218284,A5070026123
W3135627771,LOCAL_A000051
W3135627771,A5024514559
W3200004199,A5085044386
W3200004199,A5065884707
W3212502722,A5088410956
W3212502722,A5040773786
W4380203105,A5092136044
W4380203105,A5067718322
W4382809552,A5056823419
W4385349456,A5062084624
W4385349456,A5046399932
W4385349456,A5037131073
W4385349456,A5100434395
W4385349456,A5038430822
W4385349456,A5062225876
W1991783109,A5074997780
W1991783109,A5039791776
W2964862300,A5023168181
W2964862300,A5069711950
W2964862300,A5043402758
W2964862300,A5044305514
W2964862300,A5026676431
W2964862300,A5071517633
W2964862300,A5072201492
W3082289561,A5029157921
W3082289561,A5053295960
W3082289561,A5070026123
W3125339323,A5069939003
W3125339323,A5005894205
W3125339323,A5044845498
W3125339323,A5074819339
W3125339323,A5006309811
W3134693037,A5048867490
W3134693037,A5042447339
W3138092914,A5024027185
W3138092914,A5023835346
W3138092914,A5112608982
W3138092914,A5060415594
W3138092914,A5101925339
W3138092914,A5101149266
W3138092914,A5052000517
W3183386125,A5033971798
W3183386125,A5053552469
W3183386125,A5041023060
W3183386125,LOCAL_A000052
W3183386125,A5005338149
W3202893602,A5090696769
W3202893602,A5047214901
W3202893602,A5000897610
W3202893602,A5023835346
W3202893602,A5101585594
W3214891465,A5073228138
W3214891465,A5024653854
W3214891465,A5047381339
W3214891465,A5008944931
W3214891465,A5036815509
W3214891465,A5087028337
W3214891465,A5056442046
W3214891465,A5089932663
W3214891465,A5113659799
W4214738594,A5034973872
W4214738594,A5077358597
W4214738594,A5036410800
W4214738594,A5087097985
W4214738594,A5091512952
W4214738594,A5048155073
W4214738594,A5086822781
W4214738594,A5074528425
W4214738594,A5030100270
W4214738594,A5031177860
W4214738594,A5051450131
W4280493801,A5002827253
W4280493801,A5074378322
W4280493801,A5059777868
W4280493801,A5003396849
W4286470537,LOCAL_A000053
W4286470537,A5051430246
W4286470537,A5100637272
W4291184494,A5077358597
W4291184494,LOCAL_A000054
W4291184494,A5051450131
W4291184494,A5101860187
W4291184494,A5043003589
W4291184494,A5061408196
W4291184494,A5031177860
W4291184494,A5068124673
W4313198840,A5102851626
W4313198840,A5004526884
W4313198840,A5059660065
W4327969100,A5011427978
W4327969100,A5047968074
W4327969100,A5045975445
W4327969100,A5083727054
W4327969100,A5048882203
W4327969100,A5101863198
W2939865094,A5072705588
W2939865094,A5040035619
W3040505135,A5007920882
W3040505135,A5101541497
W3040505135,A5072077918
W3040505135,A5111598709
W3040505135,A5074603556
W3040505135,LOCAL_A000055
W3040505135,LOCAL_A000056
W3040505135,A5087265810
W3133848566,A5026614237
W3201477092,A5053018788
W3201477092,A5058292518
W3201477092,A5113033300
W3201477092,A5088934266
W3201477092,A5090445830
W3203312421,A5073647327
W3203312421,A5005289149
W3203312421,A5053892732
W3203312421,A5087293091
W3203312421,A5041057723
W3203312421,A5089470104
W3203312421,A5038895380
W3203312421,A5067659457
W3203312421,A5077989995
W3203312421,A5015953024
W3206327856,A5077989995
W3206327856,A5048753083
W3206327856,A5063478996
W3206327856,A5018426724
W4231330581,A5053552469
W4231330581,A5048989760
W4231330581,A5071979760
W4231330581,LOCAL_A000052
W4231330581,A5005338149
W4231330581,A5081741097
W4282926064,A5023756965
W4282926064,A5022245617
W4282926064,A5058934086
W4282926064,A5101861939
W4282926064,A5005987402
W4282926064,A5009658681
W4282926064,A5060864160
W4282926064,A5042273592
W4282926064,A5031811244
W4282926064,A5065984932
W4283327689,A5052072118
W4283327689,A5045616383
W4283327689,A5091227553
W4283327689,A5088677076
W4283327689,A5073614585
W4283327689,A5085823166
W4283327689,A5000211187
W4283327689,A5050925561
W4283327689,A5100380164
W4283327689,A5051246640
W4283327689,LOCAL_A000057
W4283327689,A5049932095
W4293317947,A5039141089
W4293317947,A5102990924
W4293317947,A5002827253
W4293317947,A5003396849
W4308731653,A5072861318
W4308731653,A5101648170
W4308731653,LOCAL_A000058
W4308731653,A5049489715
W4308731653,A5050116381
W4308731653,A5053086929
W4308731653,A5015787949
W4308731653,A5033921756
W4308731653,A5088692992
W4367728083,A5085568555
W4367728083,A5051963851
W4367728083,A5058447725
W4367728083,A5001675506
W4367728083,A5101975004
W4376477514,A5103253581
W4394924177,A5065962329
W4394924177,A5061007639
W4394924177,A5103277183
W4394924177,A5033959758
W2885929736,A5090904750
W2885929736,A5010203621
W2885929736,A5079183565
W2885929736,A5039286027
W2885929736,A5114010145
W2885929736,A5039877065
W3005361225,A5056681282
W3005361225,A5047172220
W3005361225,A5077989995
W3005361225,A5018426724
W3023182627,A5047172220
W3023182627,A5061856161
W3023182627,A5077989995
W3023182627,A5018426724
W3104851081,A5013224610
W3138212945,A5060415594
W3138212945,A5052000517
W3195977773,A5003989156
W3195977773,A5024654850
W3196785563,A5004532785
W3196785563,A5042237838
W3196785563,A5071582722
W3196785563,A5112681572
W3196785563,A5018189411
W3201373879,A5037677437
W3201373879,A5083516573
W4280596211,A5087254067
W4280596211,A5072566978
W4280596211,A5024135624
W4280596211,A5030383833
W4280596211,A5029157921
W4280596211,A5055350688
W4285272089,A5017596097
W4285272089,A5020362824
W4285272089,A5101044326
W4285272089,A5102791934
W4287009081,A5008745879
W4287009081,A5067718322
W4294301143,A5060017962
W4294301143,A5016330319
W4294301143,A5057019956
W4294301143,A5068073864
W4294301143,A5066871783
W4298004743,A5044871381
W4298004743,A5020851663
W4298004743,A5007261664
W4298004743,A5080471605
W4298004743,A5061565634
W4298004743,A5035120699
W4298004743,A5049616479
W4318476690,A5064378058
W4318476690,A5019298120
W4318476690,A5075548304
W4318476690,A5075749159
W4318476690,A5083849701
W4318476690,A5018056862
W4318476690,A5036538864
W4318476690,A5061433803
W4318476690,A5036310727
W4318476690,A5042425451
W4318476690,A5020412391
W4364304374,A5022245617
W4364304374,A5023756965
W4364304374,A5065984932
W4377002350,A5091968955
W4377002350,A5109606945
W4377002350,A5014695848
W4377002350,A5044607532
W4377002350,A5044592532
W4377002350,A5028160757
W4377002350,A5003396849
W4377002350,A5046366464
W4385461610,A5087106458
W4385461610,A5049804329
W4385461610,A5044956941
W4385461610,A5056153037
W4385694505,A5092794894
W4385694505,A5114074337
W4385694505,A5110319120
W4385694505,A5068331641
W4388086462,A5103057827
W4388086462,A5022909195
W4388086462,A5018419083
W4388086462,A5030979939
W4388086462,A5045164373
W4388086462,A5073205104
W4388086462,A5053707822
W4392237545,A5005115625
W4392237545,A5061587506
W4392237545,A5011862544
W4392237545,A5102885587
W4398763277,A5017773373
W4398763277,A5029794080
W4398763277,A5113227108
W4398763277,A5000637794
W4398763277,A5039052968
W4398763277,A5113227826
W4398763277,A5063308163
W4398763277,A5059661400
W4398763277,A5021501825
W4401973782,A5106785511
W4401973782,A5058364233
W4402693320,A5036760861
W2995545104,LOCAL_A000059
W2995545104,LOCAL_A000060
W2995545104,A5102851626
W2995545104,A5080272177
W3094686556,A5082290380
W3094686556,A5114137577
W3094686556,A5058586048
W3094686556,A5112588341
W3094686556,A5074325383
W3095119307,A5002032651
W3095119307,A5053950493
W3095119307,A5077989995
W3095119307,A5100690079
W3095119307,A5018426724
W3118181881,A5049698133
W3118181881,A5036059136
W3118181881,A5066264424
W3138109193,A5052000517
W3188003319,A5102708623
W3188003319,A5080404353
W3188003319,A5103990701
W3201406051,A5101936200
W4224003837,A5086143812
W4224003837,LOCAL_A000061
W4224003837,A5088410956
W4289102291,A5089952804
W4289102291,A5060225029
W4289102291,A5104311871
W4289102291,A5112844608
W4289102291,A5066114368
W4289102291,A5012969367
W4289102291,A5073925871
W4308239173,A5024162646
W4310023520,A5112876838
W4310023520,A5020164540
W4310023520,A5050662303
W4310023520,A5077608549
W4310023520,A5082370353
W4310023520,A5084044708
W4310023520,A5078266246
W4310023520,A5035626331
W4310023520,A5019777897
W4310023520,A5030726191
W4310023520,A5101189684
W4315651646,A5036631670
W4315651646,A5102804031
W4315651646,A5053998535
W4319014693,A5005115625
W4327517834,A5042970296
W4327517834,A5047569226
W4327517834,A5066204594
W4327517834,A5033598598
W4362713063,A5049567040
W4364359915,A5050842566
W4367022856,A5041707620
W4367022856,A5017773373
W4367022856,A5113227826
W4367022856,A5030801216
W4367022856,A5000637794
W4367022856,A5014591962
W4367022856,A5021501825
W4389347088,A5081835298
W4389347088,A5078059796
W4389347088,A5027154276
W4389347088,A5037185882
W4389474151,A5100648337
W4389474151,LOCAL_A000062
W4389474151,A5065553213
W4389474151,A5066740309
W4389648609,A5068286496
W4389648609,A5092687136
W4389648609,A5009326662
W4389648609,A5101369867
W4389648609,A5049698133
W4391126777,A5048485189
W4391126777,A5054795012
W4391126777,A5000637794
W4391126777,A5090251360
W4391126777,A5027148979
W4391261154,A5101583696
W4391261154,A5077395669
W4391261154,A5093797244
W4391261154,A5020463942
W4401719937,A5011855564
W4401719937,A5021191255
W4401719937,LOCAL_A000063
W4401719937,A5100430160
W4402903753,A5101608786
W4402903753,A5112403918
W4402903753,A5039052968
W4402903753,A5050533579
W4402903753,A5001918418
W4402903753,A5101545411
W4402903753,A5022483359
W4402903753,A5068152663
W4407356752,A5045704987
W4407356752,A5023890153
W4407356752,A5116224403
W4407356752,A5044387881
W4407356752,A5093416618
W4407356752,A5081951393
W4407356752,A5134226784
W4407356752,A5023064512
W4407356752,A5110800043
W4407356752,A5043767304
W2393977638,A5007080908
W3037301877,A5060222747
W3037301877,A5057475080
W3037301877,A5103205999
W3037301877,A5052439520
W3037301877,A5030260489
W3037301877,A5028381367
W3037301877,A5002005365
W3037301877,A5054801180
W3037301877,A5072933384
W3037301877,A5084103582
W3037301877,LOCAL_A000064
W3199622387,A5038772426
W3199622387,A5051004413
W3199622387,A5044391214
W3213824419,A5052000517
W4221099258,A5048741163
W4221099258,A5029483778
W4221099258,A5018614044
W4221099258,A5034572659
W4221099258,A5016226095
W4221099258,A5083170304
W4221099258,A5101722766
W4221099258,A5028951593
W4221099258,A5069659660
W4221099258,A5060002377
W4221099258,A5054964486
W4280511978,A5054924786
W4280511978,A5027033593
W4280511978,A5109960792
W4280511978,A5006705698
W4280511978,A5081664588
W4281679354,A5030726191
W4281679354,A5020164540
W4281679354,A5031192326
W4281679354,A5078266246
W4285819868,A5015706750
W4285819868,A5046033495
W4292749626,A5061370494
W4292749626,A5006316327
W4292749626,A5017263869
W4292749626,A5084775306
W4292749626,A5091148818
W4292749626,A5067618941
W4292749626,A5010772869
W4302306691,A5083945787
W4302306691,A5009692670
W4313259690,A5010667167
W4313259690,A5089263417
W4313259690,A5069149378
W4313259690,A5053245824
W4313259690,A5074122666
W4313259690,A5019922027
W4361798884,A5071543919
W4361798884,LOCAL_A000065
W4361798884,A5049432618
W4361798884,A5045107989
W4361798884,A5028120119
W4381660791,A5085044386
W4381660791,A5092236474
W4381660791,A5092236475
W4386636570,A5037587230
W4386636570,A5020362824
W4386636570,A5074922240
W4388572911,A5006513255
W4388572911,A5035438749
W4388572911,A5096362209
W4388572911,A5111072575
W4388572911,A5085078871
W4388572911,A5103323474
W4388572911,A5064645144
W4388572911,A5086500382
W4392600430,A5013654224
W4392600430,A5053655626
W4392600430,A5065970712
W4392600430,A5068309504
W4392600430,A5067800126
W4392600430,A5017913111
W4392600430,A5012021096
W4392600430,A5029226423
W4392600430,A5083899294
W4392600430,A5041603130
W4392600430,A5052253557
W4392600430,A5113137129
W4392600430,A5018227404
W4392600430,A5091071937
W4393334210,A5108652190
W4393334210,A5045459799
W4393334210,LOCAL_A000066
W4393334210,LOCAL_A000067
W4393334210,A5107947365
W4396661170,A5050842566
W4396706012,A5096746289
W4396706012,A5061059537
W4396706012,A5025949224
W4400220421,LOCAL_A000068
W4400220421,LOCAL_A000069
W4400220421,LOCAL_A000070
W4400220421,LOCAL_A000071
W4400220421,LOCAL_A000072
W4400220421,LOCAL_A000073
W4400220421,LOCAL_A000074
W4400220421,LOCAL_A000075
W4400220421,LOCAL_A000076
W4400220421,LOCAL_A000077
W4401333651,A5067502210
W4401333651,A5106284058
W4401333651,A5109758958
W4401333651,A5011848775
W4401385430,A5043189560
W4401385430,A5110810020
W4401385430,A5106344374
W4401385430,A5085634489
W4401385430,A5031161877
W4403302723,A5017773373
W4403302723,A5082803859
W4403302723,A5020187786
W4403302723,A5100623707
W4403302723,A5059661400
W4403302723,A5061140260
W4403302723,A5000637794
W4403302723,A5021501825
W4405412520,A5115451748
W4406148933,A5013855040
W4406148933,A5058673187
W4406148933,A5032415906
W4406148933,A5101641106
W4406608287,A5015224146
W4406608287,A5101826892
W4406608287,A5115946236
W4406608287,A5114212779
W4406608287,A5036761658
W4408078602,A5116034918
W4408078602,A5009692670
W4409412339,A5010733986
W4409412339,A5078162843
W4409412339,A5036824452
W4409916877,A5101644358
W4409916877,LOCAL_A000078
W4409916877,LOCAL_A000079
W4409916877,A5101863680
W4409916877,A5087959841
W4409916877,A5033056152
W4411306514,A5063554916
W4411306514,A5070144964
W4411306514,A5031315212
W4411306514,A5104192946
W4280508442,A5012114425
W4280508442,A5066391854
W4322501313,A5036229455
W4322501313,A5063678665
W4386919259,A5042141088
W4386919259,A5111951056
W4386919259,A5048509987
W4386919259,A5007561046
W4386919259,A5101972901
W4401104278,A5053750142
W4401104278,A5106206940
W4401104278,A5106155927
W4401104278,A5106155928
W4404189171,LOCAL_A000080
W4404189171,A5048794912
W4404189171,A5087144106
W4404189171,A5008496546
W4405326060,A5106774781
W4405326060,A5034877777
W4408223448,A5004618448
W4408223448,A5084344101
W4408223448,A5110319120
W4408223448,A5004083201
W4409606894,A5070234669
W4409606894,A5052605854
W4409606894,A5025948063
W4409606894,A5025951446
W4409606894,A5034086695
W4409606894,A5014333309
W4409606894,A5007404256
W4409606894,A5026150255
W4409606894,A5020793898
W3165738160,LOCAL_A000081
W3165738160,A5090514977
W3165738160,A5057289601
W3213381090,A5074621625
W3213381090,A5004568971
W3213381090,A5025713091
W3213381090,A5078079634
W3213381090,A5067434970
W4323979420,A5065984932
W4323979420,A5050158366
W4387358503,A5067718322
W4387358503,A5102708623
W4404755595,LOCAL_A000082
W4404755595,A5010992089
W4404755595,A5040172783
W4404755595,A5055880156
W4404755595,A5108992345
W4404755595,LOCAL_A000083
W4405203001,A5114217690
W4405203001,A5106845809
W4407261142,LOCAL_A000084
W4407261142,A5085218551
W4407261142,LOCAL_A000085
W4407261142,A5060887728
W4407261142,A5074437529
W4407394155,A5036212178
W4407394155,A5035840553
W4407394155,A5061049640
W4407394155,A5030177637
W4407394155,A5015142652
W4408053749,A5116462496
W4408053749,A5116462497
W4410852962,A5117757285
W4410852962,LOCAL_A000086
W4410852962,A5117757286
W4410852962,A5117757287
W4412744172,LOCAL_A000087
W4412744172,A5058364233
W4412907586,A5111497739
W4412907586,A5058364233
W4415655487,A5120172106
W4415655487,A5066453892
W4415655487,A5101412720
W4415655487,A5001746495
W4415655487,A5028355700
W4415655487,LOCAL_A000088
W4415655487,A5038068417
W4415655487,A5117845190
W7116930752,LOCAL_A000089
W7116930752,A5035110418
W7116930752,A5038180308
W7118181553,A5075791229
W7118181553,A5053009670
W7118181553,A5109620041
W7118181553,A5121936243
W7118181553,A5015861324
W7122846026,A5064424890
W7122846026,A5122762361
W7122846026,A5122807415
W7128441206,A5125450163
W7128441206,A5131269179
W7128441206,LOCAL_A000090
W7128441206,A5125432835
W7128441206,A5100709068
W7138919472,A5129989055
W7138919472,A5062256983
W7138919472,A5025851364
W7138919472,A5121514013
W7138919472,A5101278247
W2169308829,A5052836637
W2169308829,A5031627421
W2169308829,A5044856217
W2169308829,A5078680445
W2169308829,A5110058980
W2169308829,A5008231286
W2169308829,A5109127716
W2343142093,A5012956416
W2343142093,A5088690923
W2343142093,A5035120821
W3135291682,A5005524833
W3135291682,A5091622578
W3135291682,A5063731624
W3135291682,A5108738732
W3199087809,A5087293091
W3199087809,A5073647327
W3199087809,A5021838259
W3199087809,A5041057723
W3199087809,A5065302871
W3199087809,A5100701432
W3199087809,A5067659457
W3199087809,LOCAL_A000091
W3139279360,A5075072315
W3139279360,A5010307491
W3139279360,A5084022579
W3139279360,A5012355715
W3139279360,A5029178928
W3139279360,A5059892810
W3139279360,A5079947544
W4230184352,A5105003629
W4230184352,A5089807232
W4230184352,A5020036590
W4230184352,A5006699792
W4230184352,A5007649355
W4392707062,A5041369109
W4392707062,A5001746495
W4392707062,LOCAL_A000092
W4392707062,A5037558820
W4392707062,A5052932812
W4392872257,A5017779359
W4392872257,A5031148394
W4392872257,A5051004413
W3028502042,A5073205104
W3028502042,A5030979939
W3028502042,A5089531486
W3030708207,A5061856161
W3030708207,A5077989995
W3030708207,A5053950493
W3030708207,A5014849714
W3030708207,A5018426724
W3110285783,A5002945095
W3110285783,A5046942020
W3131006025,A5074180869
W3131006025,A5109344379
W3183299895,A5077358597
W3183299895,A5091512952
W3183299895,A5087097985
W3183299895,A5074528425
W3183299895,A5027177538
W3183299895,A5031177860
W3183299895,A5051450131
W4206200003,A5113139645
W4206200003,A5048867490
W4206200003,A5063544628
W4224262552,A5016799901
W4224262552,A5055449699
W4224262552,A5035740729
W4281567426,A5070941732
W4285728680,A5068549213
W4285728680,A5049698133
W4285728680,A5061363296
W4285728680,A5007945291
W4285728680,A5022979224
W4285728680,A5112851593
W4318831528,A5077358597
W4318831528,A5036002983
W4318831528,A5068124673
W4318831528,A5087097985
W4318831528,A5036410800
W4318831528,A5015647530
W4318831528,A5031177860
W4318831528,A5051450131
W1975716766,A5015667422
W1975716766,A5049339151
W2353534931,A5073470573
W2803488416,A5057714841
W3000922636,A5112445404
W3000922636,A5088536141
W3000922636,A5039286027
W3000922636,A5018665089
W3000922636,A5058872102
W3000922636,A5022173691
W3000922636,A5047693293
W3000922636,A5039877065
W3005516765,A5112505328
W3005516765,A5085460338
W3005516765,A5001223994
W3005516765,A5030713822
W3005516765,A5023074991
W3005516765,A5065243635
W3021033722,A5069724897
W3021033722,A5048027237
W3021033722,A5102010814
W3081948563,A5112560699
W3081948563,A5112560700
W3081948563,A5090445830
W3108801041,A5051450131
W3108801041,A5062184716
W3108801041,A5021292806
W3108801041,A5062937996
W3108801041,A5078022401
W3108801041,A5060429609
W3108801041,A5031177860
W3108801041,A5077358597
W3108801041,A5074528425
W3133493398,LOCAL_A000093
W3134277447,A5016799901
W3134277447,A5025898651
W3139232151,A5075209004
W3139232151,A5089334735
W3174934777,A5039592401
W3174934777,A5077989995
W3174934777,A5029795725
W3174934777,A5100701432
W3174934777,A5011303321
W3199233539,A5081829534
W3199233539,A5070137442
W3199233539,A5050136807
W3199233539,A5010346711
W3199233539,A5082843977
W3199646977,A5004191876
W3199646977,A5080870118
W3202001992,A5082263577
W3202001992,A5067149669
W3202001992,A5022284216
W3202001992,A5019911546
W3202001992,A5010890291
W3202001992,A5100648337
W3208830123,A5016799901
W3208830123,A5034981153
W3208830123,A5010537634
W3208830123,A5035740729
W4200252789,A5034541869
W4206208028,A5061176218
W4283013405,A5078162843
W4283013405,A5014362711
W4283013405,A5011297917
W4283013405,A5053995609
W4283723790,A5076450937
W4283723790,A5031270481
W4283723790,A5053119189
W4283723790,A5030726191
W4284993592,A5103064996
W4284993592,A5064483608
W4284993592,A5050952324
W4284993592,A5020362824
W4286484421,A5007840514
W4286484421,A5001873550
W4286484421,A5053950493
W4286484421,A5029795725
W4286484421,A5027387894
W4286484421,A5054853879
W4292787526,A5108652190
W4292787526,A5107947365
W4292787526,LOCAL_A000094
W4292787526,A5111250556
W4292787526,LOCAL_A000095
W4293790322,A5101677513
W4293790322,A5110098746
W4293790322,A5101663684
W4293790322,A5087502668
W4307303369,A5017407091
W4307303369,A5012259174
W4307303369,A5047100737
W4307303369,A5053018788
W4307303369,A5011543714
W4308601566,A5011297917
W4308601566,A5058692331
W4308601566,A5014362711
W4308601566,A5010420002
W4308601566,A5053995609
W4311301015,A5003489886
W4311301015,A5100687895
W4311301015,A5087106458
W4311627462,A5015332154
W4311627462,A5018810877
W4311627462,A5030680943
W4311627462,A5053998535
W4313130190,A5051291679
W4313130190,A5073928697
W4313130190,A5082978015
W4313130190,A5065893608
W4313130190,A5061026929
W4313130190,A5005120026
W4313364861,A5056443847
W4313364861,A5067957815
W4313364861,A5060927410
W4313364861,LOCAL_A000096
W4313364861,A5008510859
W4313465680,A5035648668
W4313465680,A5063712871
W4313465680,A5068645315
W4313465680,A5059157179
W4313465680,A5045131495
W4313465680,LOCAL_A000097
W4313465680,A5061741179
W4313465680,A5055046244
W4361856004,A5068605413
W4361856004,A5026229677
W4378084553,A5101205933
W4378084553,A5070726803
W4378084553,A5019646634
W4378084553,A5100776154
W4378084553,A5101205934
W4378084553,A5102516062
W4385583831,A5011848775
W4387442103,A5071543919
W4387442103,A5024392587
W4387442103,A5078351000
W4387442103,A5045107989
W4394998479,A5015830577
W4394998479,A5085860696
W4394998479,A5016661114
W2350837785,A5060923710
W2350837785,A5079163262
W2350837785,A5030536732
W3094167965,A5039592401
W3094167965,A5077989995
W3094167965,A5100701432
W3117538281,A5110817724
W3117538281,A5065444985
W3117538281,A5065231184
W3117538281,A5081151430
W3117538281,A5101918597
W3117538281,A5087602214
W3117538281,A5008909699
W3137287652,A5087900851
W3137287652,A5056454683
W3143440782,A5083291115
W3143440782,A5081148659
W3182920453,A5025004943
W3182920453,A5040500724
W3199377162,A5074116301
W3199377162,A5086880424
W3199377162,A5028473390
W3199681249,A5051291679
W3199681249,A5052000517
W3201355987,LOCAL_A000098
W3201355987,A5053018788
W3201355987,A5058292518
W3201355987,A5113033300
W3201355987,A5088934266
W3201649873,A5024027185
W3201649873,A5052000517
W3202334535,A5074503531
W3213351247,A5103808536
W3213351247,A5036083952
W3213351247,A5048050751
W3213351247,A5083002277
W3213351247,A5104011371
W3214195485,A5052000517
W3214195485,A5015818019
W3214195485,A5054984885
W3214813022,A5102884763
W3214813022,A5033971798
W3214813022,A5022979224
W3214813022,A5073556653
W3214813022,A5029157921
W3214813022,A5081003707
W3215851103,A5034194161
W3215851103,A5010415543
W3215851103,A5076833967
W3215851103,A5032768223
W3215851103,A5029896071
W3215851103,A5046846003
W3215851103,A5063563629
W3215851103,A5072077918
W4213441121,A5037098982
W4213441121,A5100810839
W4213441121,A5000845033
W4221017466,A5089107968
W4221017466,A5058058761
W4221017466,A5087370518
W4221017466,A5015273816
W4225604235,LOCAL_A000099
W4225604235,A5032063674
W4225827215,A5053552469
W4225827215,A5047114429
W4225827215,A5100648337
W4226406074,A5038960846
W4226406074,A5051430246
W4226406074,A5025732300
W4226406074,A5046033495
W4226409382,A5063243962
W4226409382,A5023751804
W4226409382,A5016799901
W4281561494,A5058364233
W4281561494,A5016378241
W4281561494,A5010730262
W4281561494,A5085454704
W4281561494,A5069114387
W4281561494,A5054722451
W4281728060,A5077358597
W4281728060,A5043003589
W4281728060,A5101205557
W4281728060,A5051450131
W4281728060,A5112515358
W4281728060,A5047468382
W4281728060,A5036410800
W4281728060,A5074528425
W4281728060,A5031177860
W4281728060,A5068124673
W4283735051,A5026319239
W4283735051,A5012042206
W4283735051,A5014446590
W4283735051,A5010882179
W4285100541,A5046981823
W4285100541,LOCAL_A000100
W4285732290,A5065393831
W4285732290,A5013795804
W4285732290,A5025732300
W4285732290,A5100632425
W4288033526,A5061176218
W4295540513,A5020362824
W4295540513,A5004759226
W4307532462,A5068896645
W4307532462,A5068564087
W4311088087,A5046705053
W4311088087,A5004067290
W4311088087,A5081347313
W4311088087,A5023990485
W4311088087,A5040711397
W4312259919,A5051291679
W4312259919,A5046084609
W4312259919,A5082978015
W4312259919,A5024457808
W4312259919,A5057164223
W4312259919,A5052000517
W4317383016,A5042970296
W4317383016,A5018114538
W4317383016,A5029433243
W4317383016,A5102890550
W4317383016,A5033598598
W4317434551,A5002700971
W4317434551,A5110964815
W4317434551,A5020362824
W4318984786,A5052167850
W4318984786,A5075708496
W4318984786,A5003187325
W4318984786,A5056815476
W4318984786,A5008470911
W4318984786,A5102865733
W4318984786,LOCAL_A000101
W4318984786,A5061799227
W4360620764,A5023335428
W4360620764,A5112902939
W4360620764,A5013125404
W4360620764,A5055790770
W4360620764,A5062478922
W4360620764,A5059455917
W4360620764,A5064996552
W4360620764,A5028212671
W4377091076,A5064878852
W4377091076,A5037497064
W4377091076,A5062003821
W4377091076,A5114222021
W4377091076,A5086905703
W4377091076,A5069934465
W4379378793,A5070681699
W4379378793,A5102840591
W4388140420,A5075466332
W4388140420,A5101786594
W4388140420,A5111216846
W4388140420,A5072737254
W4389263859,A5064606348
W4389263859,A5078872062
W4389263859,A5055473116
W4389263859,A5090965257
W4389263859,A5014549353
W4389263859,A5070675941
W4390344721,A5112990496
W4390344721,A5013417975
W4390344721,LOCAL_A000088
W4390344721,A5072521375
W4390344721,LOCAL_A000102
W4390344721,A5110361679
W4390344721,A5088984994
W4390344721,A5047512380
W4390344721,LOCAL_A000103
W4393010195,A5108008350
W4393010195,A5041172470
W4393010195,A5107919035
W4393010195,A5028355700
W4393010195,A5051691002
W2901943242,A5053225960
W2912620416,A5062946533
W2971660217,A5051317969
W3087384557,A5053295960
W3087384557,A5029157921
W3087384557,A5048385480
W3096589855,A5006965773
W3096589855,A5002340134
W3096589855,A5050195883
W3110222689,A5002032651
W3110222689,A5053950493
W3110222689,A5077989995
W3110222689,A5100690079
W3110222689,A5018426724
W3127074863,A5030946527
W3127074863,A5070026123
W3127074863,A5029157921
W3129870341,A5085620432
W3129870341,A5114132723
W3129870341,A5101103252
W3129870341,LOCAL_A000104
W3136052365,A5087900851
W3136052365,A5056454683
W3146827522,A5102010814
W3146827522,A5097051672
W3146827522,A5101690410
W3200070658,A5069853519
W3200070658,A5088958605
W3200070658,A5009794917
W3200070658,A5078613366
W3200881703,A5076720627
W3200881703,A5043386804
W3200881703,A5008248931
W3202888749,A5088410956
W3202888749,A5040773786
W3212846661,A5010072711
W4223991974,A5077989995
W4223991974,A5007840514
W4223991974,A5015900702
W4223991974,A5113986794
W4225130455,A5009833099
W4225130455,A5101704561
W4225130455,A5041489201
W4225130455,A5042315945
W4281558467,A5088410956
W4281558467,A5086143812
W4281558467,A5008780017
W4281779723,A5102481156
W4283763732,A5061893866
W4283763732,A5031717574
W4283763732,A5060040851
W4311480621,A5017596097
W4311480621,A5030756029
W4311480621,A5055431798
W4311480621,A5020362824
W4312002004,A5046981823
W4313332129,A5058364233
W4313332129,A5064985967
W4313332129,A5048214234
W4313332129,A5080054775
W4313332129,A5069114387
W4313332129,A5090107776
W4317382500,A5072861318
W4317382500,A5021571129
W4317382500,A5046483870
W4317382500,A5086514385
W4317382500,A5048556948
W4317382500,A5015787949
W4317382500,A5033921756
W4317382500,A5053086929
W4317382500,A5101648170
W4317382500,A5088692992
W4321368823,A5114060515
W4321368823,A5039479946
W4321368823,A5040773786
W4321368823,A5088410956
W4376128659,A5085301677
W4376128659,A5022979224
W4376128659,A5091554286
W4376128659,LOCAL_A000097
W4376128659,A5049698133
W4376128659,A5102966597
W4385588402,A5068268080
W4385588402,A5049427526
W4385588402,A5000972753
W4385987955,A5036761658
W4385987955,A5101826892
W4385987955,A5053998535
W4385987955,A5077585613
W4386691791,A5059158387
W4386691791,LOCAL_A000099
W4387868634,A5074327529
W4387868634,A5073605632
W4387868634,A5011173370
W4387868634,A5048993786
W4388504124,A5091968955
W4388504124,A5021292806
W4388504124,A5002827253
W4388504124,A5080476765
W4388504124,A5003396849
W4388504124,A5014938626
W4389323198,A5013795804
W4389323198,A5059158387
W4389323198,A5100632425
W4389323198,A5076831357
W4389397671,A5109469192
W4389397671,A5039052968
W4389397671,A5017773373
W4389397671,A5102013370
W4389397671,A5007017513
W4389397671,A5079259160
W4389397671,A5108310133
W4392281991,A5101446353
W4392281991,A5015697783
W4392281991,A5087961624
W4392281991,A5027177538
W4392281991,A5062937996
W4392281991,A5074976419
W4392281991,A5015099323
W4392281991,A5101205557
W4392281991,A5013681893
W4392281991,A5101310980
W4392281991,A5079116380
W4392281991,A5073908772
W4394617350,A5100608566
W4394617350,A5042163751
W4394617350,A5005583322
W4394617350,A5060162053
W4394617350,A5100662935
W4394617350,A5012338314
W4394617350,A5104101705
W4394617350,A5104277836
W4394617350,A5008497258
W4394925055,A5025438611
W4394925055,A5001549960
W4394925055,A5067718322
W4399579863,A5074327529
W4399579863,A5090982786
W4399579863,A5011173370
W4399579863,A5048993786
W4400127655,A5101879339
W4400127655,A5114183992
W4400127655,A5063002763
W4400127655,A5011576276
W4400127655,A5087153845
W4400127655,A5112261767
W4400605975,A5006513255
W4400605975,A5016633616
W4400605975,A5104433127
W4400605975,LOCAL_A000105
W4400605975,A5103648741
W4400605975,A5090389160
W4400605975,A5064645144
W4400605975,A5086500382
W4400855508,A5073205104
W4400855508,A5114155395
W4400855508,A5114194696
W4400855508,A5114194697
W4400855508,A5105820446
W4400855508,A5008199788
W4400933422,A5011264671
W4400933422,A5053533713
W4400933422,A5009699300
W4400933422,A5010116708
W4400933422,A5001675506
W4400933422,A5101975004
W4402063140,A5114217690
W4402063140,A5106845809
W4402096472,A5069934465
W4402693298,A5107608257
W4402693308,A5107569559
W4403286789,A5092020621
W4403286789,A5052605854
W4403286789,A5042391653
W4403286789,A5101870214
W4403286789,A5065463000
W4403286789,A5060090368
W4403852725,A5029154290
W4403852725,A5046435904
W4403852725,A5078539417
W4403852725,A5025125736
W4403852725,A5037074523
W4403867823,A5017773373
W4403867823,A5041707620
W4403867823,A5023198807
W4403867823,A5021501825
W4403867823,A5059661400
W4403867823,A5100623707
W4403889363,A5100920364
W4403889363,LOCAL_A000106
W4403889363,A5084241302
W4403889363,A5051831286
W4404007090,A5065688594
W4404007090,A5025776689
W4404007090,A5101038118
W4404007090,A5024466583
W4404007090,A5101851526
W4404007090,A5049791266
W4405399025,A5036260987
W4405399025,A5053998535
W4405934536,A5102404071
W4405934536,A5043055992
W4405934536,A5065859187
W4405934536,A5007636550
W4406018358,A5045109374
W4406018358,A5029670464
W4406018358,A5109295168
W4406018358,A5011071867
W4406018358,A5064560837
W4406018358,A5059002683
W4406018358,A5021979532
W4406018358,A5084339087
W4408099539,A5044033680
W4408099539,A5115998618
W4408099539,A5036727378
W4408099539,A5031687662
W4408099539,A5082583844
W4408868085,A5116808724
W4408868085,A5100648337
W4408868085,A5035585781
W4408868085,A5078012911
W4408868085,A5082387253
W4409969821,A5001700413
W4409969821,A5041694698
W4409969821,A5088349333
W2339729704,A5081148659
W2339729704,A5083291115
W2339729704,A5047566421
W2941956459,A5112690050
W2941956459,A5042517501
W3097575064,A5075383762
W3097575064,A5037702503
W3097575064,A5111144535
W3097575064,A5050040097
W3097575064,A5113921883
W3099136805,A5019965004
W3099136805,A5012007941
W3099136805,A5039286027
W3099136805,A5023056660
W3099136805,A5039877065
W3131314037,A5005197974
W3131314037,A5010372016
W3131314037,A5029624791
W3131314037,A5065210241
W3131314037,A5051802781
W4283325298,A5028460070
W4283325298,A5058325292
W3026677938,A5029157921
W3026677938,A5070026123
W3046893219,A5006965773
W3046893219,A5033434650
W3046893219,A5067894346
W3046893219,A5066957498
W3046893219,A5086441327
W3089377971,A5024654850
W3089377971,A5050411356
W3089377971,A5110923917
W3089377971,A5019689277
W3089377971,A5067253160
W3089377971,A5040974749
W3191079210,A5054399289
W3191079210,A5065884707
W3191079210,A5085044386
W3201099188,A5101936200
W3215054809,A5077653271
W3215054809,A5042349140
W3215054809,A5010818401
W3215054809,A5077989995
W3215054809,A5067659457
W3215054809,A5013024980
W3215054809,A5039113161
W4220845100,A5070660416
W4220845100,A5064080611
W4220845100,A5009526572
W4288082210,A5085509570
W4288082210,A5080199946
W4288082210,A5017773373
W4288082210,A5009289774
W4381855576,A5047030006
W4381855576,A5026229677
W3089696556,A5081893974
W3089696556,A5050411356
W3089696556,A5010793698
W3089696556,A5024654850
W3089696556,A5102793218
W3089696556,A5017884554
W3116402835,A5067398066
W3116402835,A5062934357
W3116402835,A5055240240
W3138233066,A5101925339
W3138233066,A5052000517
W3155045737,LOCAL_A000091
W3155045737,A5039592401
W3155045737,A5073647327
W3155045737,A5084615254
W3155045737,A5041057723
W3155712582,A5039592401
W3155712582,A5077989995
W3155712582,A5100701432
W3155712582,A5073647327
W3171997405,A5053823405
W3171997405,A5066599245
W3171997405,A5070026123
W3171997405,A5097683438
W3177030083,A5079947544
W3177030083,A5010882179
W3177030083,A5012042206
W3177030083,A5026319239
W3195495426,A5065553213
W3195495426,A5018538544
W3195495426,A5100648337
W3199129238,A5089906507
W3199129238,A5048690673
W3199129238,A5077520883
W3199129238,A5045420242
W3199129238,A5104011371
W3200530318,A5103029566
W3200530318,A5076309514
W3211845002,A5048344489
W3211845002,A5087208424
W3211845002,A5011290352
W3213961969,A5019334343
W3213961969,A5040773786
W3216706421,A5014429224
W3216706421,A5089220341
W3216706421,A5022527502
W4205601378,A5026614237
W4205601378,A5112331051
W4283383303,A5101205557
W4283383303,A5084369852
W4283383303,A5061255396
W4283383303,A5051097584
W4283383303,A5086822781
W4283383303,A5068124673
W4283383303,A5066553195
W4283383303,A5077358597
W4283383303,A5031177860
W4283383303,A5051450131
W4290719035,A5103146667
W4290719035,LOCAL_A000088
W4290719035,A5036551566
W4290719035,A5059374909
W4290719035,A5085629269
W4290719035,A5007663091
W4290719035,A5010458646
W4290719035,A5040005212
W4293221027,A5003989156
W4293221027,LOCAL_A000107
W4293221027,LOCAL_A000108
W4293221027,LOCAL_A000109
W4293221027,LOCAL_A000110
W4293221027,LOCAL_A000111
W4293221027,LOCAL_A000112
W4293221027,LOCAL_A000113
W4293221027,LOCAL_A000114
W4293221027,LOCAL_A000115
W4293221027,LOCAL_A000116
W4293221027,LOCAL_A000117
W4293221027,LOCAL_A000118
W4293221027,LOCAL_A000119
W4293221027,LOCAL_A000120
W4293221027,LOCAL_A000121
W4293221027,LOCAL_A000122
W4293221027,LOCAL_A000123
W4293221027,LOCAL_A000124
W4293221027,LOCAL_A000125
W4293221027,LOCAL_A000126
W4293221027,LOCAL_A000127
W4293221027,LOCAL_A000128
W4293221027,LOCAL_A000129
W4293221027,LOCAL_A000130
W4293221027,LOCAL_A000131
W4293221027,LOCAL_A000132
W4293221027,LOCAL_A000133
W4293221027,LOCAL_A000134
W4293221027,LOCAL_A000135
W4293221027,LOCAL_A000136
W4293221027,LOCAL_A000137
W4293221027,LOCAL_A000138
W4293221027,LOCAL_A000139
W4293221027,LOCAL_A000140
W4293221027,LOCAL_A000141
W4293221027,LOCAL_A000142
W4293221027,LOCAL_A000143
W4293221027,LOCAL_A000144
W4293221027,LOCAL_A000145
W4293221027,LOCAL_A000146
W4293221027,LOCAL_A000147
W4293221027,LOCAL_A000148
W4293221027,LOCAL_A000149
W4293221027,LOCAL_A000150
W4293221027,LOCAL_A000151
W4293221027,LOCAL_A000152
W4293221027,LOCAL_A000153
W4293221027,LOCAL_A000154
W4293221027,LOCAL_A000155
W4293221027,LOCAL_A000156
W4293221027,LOCAL_A000157
W4293221027,LOCAL_A000158
W4293221027,LOCAL_A000159
W4293221027,LOCAL_A000160
W4293221027,LOCAL_A000161
W4293221027,LOCAL_A000162
W4293221027,LOCAL_A000163
W4293221027,LOCAL_A000164
W4293221027,LOCAL_A000165
W4293221027,LOCAL_A000166
W4293221027,LOCAL_A000167
W4293221027,LOCAL_A000168
W4293221027,LOCAL_A000169
W4293221027,LOCAL_A000170
W4293221027,LOCAL_A000171
W4293221027,LOCAL_A000172
W4293221027,LOCAL_A000173
W4293221027,LOCAL_A000174
W4293221027,LOCAL_A000175
W4293221027,LOCAL_A000176
W4293221027,LOCAL_A000177
W4293221027,LOCAL_A000178
W4293221027,LOCAL_A000179
W4293221027,LOCAL_A000180
W4293221027,LOCAL_A000181
W4293221027,LOCAL_A000182
W4293221027,LOCAL_A000183
W4293221027,LOCAL_A000184
W4293221027,LOCAL_A000185
W4293221027,LOCAL_A000186
W4293221027,LOCAL_A000187
W4293221027,LOCAL_A000188
W4293221027,LOCAL_A000189
W4293221027,LOCAL_A000190
W4293221027,LOCAL_A000191
W4293221027,LOCAL_A000192
W4293221027,LOCAL_A000193
W4293221027,LOCAL_A000194
W4293221027,LOCAL_A000195
W4293221027,LOCAL_A000196
W4293221027,LOCAL_A000197
W4293221027,LOCAL_A000198
W4293221027,LOCAL_A000199
W4293221027,LOCAL_A000200
W4293221027,LOCAL_A000201
W4300669402,A5019381003
W4300669402,A5027033593
W4300669402,A5006705698
W4300669402,A5088701092
W4317382465,A5020463942
W4317382465,A5066394609
W4323338495,A5045269843
W4323338495,A5087438050
W4323649772,A5013795804
W4323649772,A5041803184
W4323649772,A5035354610
W4323649772,A5076831357
W4362457768,A5061565634
W4362457768,A5022950828
W4362457768,A5000286137
W4362457768,A5033150655
W4362457768,A5060760122
W4376127221,A5088984994
W4376127221,A5083170304
W4376127221,A5059380500
W4376127221,A5018614044
W4376127221,A5074800646
W4376127221,A5033629831
W4376127221,A5027082692
W4376127221,A5083924160
W4376127221,A5034572659
W4376127221,A5016226095
W4376127221,A5006420582
W4376127221,A5068665609
W4376127221,A5102806749
W4384944020,A5091244134
W4384944020,A5112688126
W4384944020,A5109711777
W4384944020,A5008876218
W4384944020,A5067379892
W4384944020,A5110789313
W4384944020,A5089407510
W4384944020,A5079271587
W4384944020,A5032242801
W4388769279,A5113049027
W4388769279,A5108286478
W4388769279,A5081588326
W4388769279,A5071384938
W4388769279,A5057073317
W4388769279,A5048623965
W4389784464,A5056442046
W4389784464,A5061674272
W4389784464,A5067390924
W4389784464,A5027281024
W4389784464,A5101280028
W4389784464,A5084369012
W4391533706,A5017369658
W4391533706,A5081459010
W4391533706,A5006096258
W4391533706,A5067058159
W4391533706,LOCAL_A000202
W4391533706,A5046932726
W4391742087,A5056999212
W4391742087,A5104242418
W4391742087,A5030683099
W4391742087,A5104242419
W4392590475,A5056220381
W4392590475,A5003360104
W4392590475,A5081588915
W4392590475,A5029048793
W4392590475,A5101314574
W4392590475,A5064606348
W4396806920,A5097356205
W4396806920,A5016799901
W4401150801,A5039967759
W4401150801,A5085044386
W2979222737,A5089333255
W2979222737,A5037259558
W3094847424,A5016799901
W3094847424,A5015668847
W3094847424,A5070564589
W3094847424,A5035740729
W3128738220,A5103120340
W3128738220,A5004974582
W3128738220,LOCAL_A000203
W3128738220,A5011756398
W3128738220,A5077989995
W3158933702,A5058220593
W3168535772,A5026319239
W3168535772,A5038934404
W3168535772,A5001100117
W3168535772,A5050385284
W3199822558,A5103029566
W3199822558,A5076309514
W3200655254,A5071682792
W3200655254,A5086896127
W3200879270,A5064424890
W3212008025,A5052000517
W3212008025,A5112608982
W3212008025,A5024027185
W4235795462,A5101479540
W4280510179,A5020164540
W4280510179,A5050662303
W4280510179,A5077608549
W4280510179,A5082370353
W4280510179,A5023973706
W4280510179,A5006458816
W4280510179,A5084044708
W4280510179,A5112876838
W4280510179,A5078266246
W4280510179,A5008819672
W4280510179,A5016346715
W4280510179,A5030726191
W4286432941,A5050096200
W4286432941,A5006705698
W4288468332,A5027768275
W4288468332,A5100648337
W4303614832,A5068564087
W4303614832,A5017544315
W4306657266,A5014324941
W4306657266,A5063563629
W4306657266,A5107933958
W4309582248,A5059133436
W4309582248,A5006098346
W4309582248,A5056072889
W4312329452,A5051291679
W4312329452,A5014407605
W4312329452,A5004611183
W4312329452,A5002407497
W4312329452,A5071281982
W4312329452,A5052000517
W4313203918,A5074503531
W4319297517,A5023521273
W4319297517,A5008497258
W4319297517,A5100632122
W4319297517,A5100344338
W4319297517,A5022132012
W4319297517,A5100449436
W4319297517,A5005583322
W4319297517,A5112893838
W4319297517,A5041017487
W4320499548,A5083592049
W4320499548,A5028411206
W4321349922,A5018401587
W4321349922,A5061049640
W4321349922,A5074171210
W4321349922,A5081626037
W4321349922,A5015142652
W4378650985,A5100766548
W4378650985,A5081322932
W4378650985,A5065997378
W4378650985,A5101207218
W4378650985,A5104075025
W4378650985,A5104122021
W4380538570,A5063801562
W4380538570,A5107900056
W4380538570,A5072303686
W4380538570,A5031029211
W4380538570,A5007149615
W4380538570,A5044058358
W4382795276,A5065071509
W4382795276,A5059958821
W4386053682,A5047968074
W4386053682,A5101236199
W4386053682,A5102547534
W4386053682,A5109632243
W4386053682,A5080864544
W4386053682,A5048050751
W4386053682,A5101863198
W4386059449,A5039180885
W4386059449,A5101637383
W4386059449,A5030726191
W4386059449,A5043157568
W4386059449,A5092809842
W4386138949,A5054634942
W4386138949,A5112986970
W4386138949,A5019874446
W4386259142,A5113339823
W4386259142,A5010338533
W4386259142,LOCAL_A000204
W4386387092,A5104026243
W4386478134,A5058794010
W4386478134,A5082133635
W4386691717,A5038764838
W4386691717,LOCAL_A000205
W4386691717,A5092858813
W4386976132,A5075209004
W4386976132,A5092925734
W4386976132,A5089334735
W4387381105,A5078162843
W4387381105,A5058626278
W4387381105,A5011297917
W4387381105,A5053995609
W4389288960,A5083592049
W4389425859,A5018054378
W4389425859,A5077653271
W4389425859,A5021210951
W4389425859,A5055876350
W4389425859,A5007840514
W4389980020,A5084344101
W4389980020,A5109666639
W4389980020,A5019746336
W4389980020,A5067434970
W4390397606,A5101613907
W4390397606,A5046942020
W4390397606,A5002945095
W4390760815,A5055712333
W4390760815,A5096196814
W4390760815,A5093706060
W4390760815,A5101182142
W4390760815,A5093706061
W4390891339,A5035122431
W4390891339,A5081592766
W4390891339,A5092090247
W4392706626,A5069067099
W4392706626,A5094127272
W4392706626,A5010412662
W4392706626,A5012148464
W4392706626,A5100772703
W4396238256,A5086776190
W4396238256,A5008055301
W4396514771,A5061359290
W4396514771,A5069277141
W4396514771,A5010268119
W4396538106,A5055641789
W4396538106,A5009547395
W4396538106,A5011297917
W4396538106,A5089075576
W4396538106,A5014362711
W4396616363,A5061176218
W4399084369,A5101594165
W4399084369,A5104314850
W4399084369,A5098911047
W4399084369,A5113721342
W4399084369,A5037688862
W4399084369,A5101913899
W4399084369,A5065293686
W4399084369,A5058465231
W4399215112,A5049698133
W4399215112,A5101369867
W4399215112,A5098960318
W4399215112,A5061317037
W4400351743,A5000752224
W4400351743,A5070599449
W4400351743,A5007717816
W4400351743,A5028419754
W4400351743,A5020412391
W4401050456,LOCAL_A000206
W4401050456,A5007637251
W4401050456,A5113308037
W4401050456,A5042141088
W4401475444,A5035262683
W4401475444,A5100637270
W4401475444,A5040349893
W4401475444,A5061345492
W4401475444,A5091945662
W4401475444,A5056915949
W4401475444,A5032903751
W4401475444,A5003341125
W4401475444,A5007099952
W4401475444,A5101861939
W4401948602,A5085150492
W4401948602,A5085941799
W4401948602,A5101876204
W4401948602,A5079480834
W4401948602,A5106802150
W4401948602,A5107446421
W4401948602,A5108783693
W4401948602,A5111341143
W4401948602,A5114215421
W4401948602,A5067527606
W4401948602,A5103133298
W4401948602,A5088732419
W4402190902,LOCAL_A000207
W4402190902,A5106982387
W4402487125,A5004341522
W4402487125,A5101523512
W4402487125,A5092550508
W4403377680,A5065522973
W4403377680,A5092528512
W4403520191,A5002827253
W4403520191,A5014938626
W4403520191,A5062367420
W4403520191,A5003396849
W4403528224,A5090732320
W4403528224,A5069934465
W4403528224,A5062003821
W4403528224,A5085494628
W4403897111,A5091968955
W4403897111,A5014938626
W4403897111,A5080476765
W4403897111,A5003396849
W4404032082,A5108652190
W4404032082,LOCAL_A000067
W4404032082,A5111250556
W4404032082,A5107976280
W4404032082,A5026693488
W4404070413,A5109734751
W4404070413,A5114527443
W4404087784,A5114202432
W4404087784,LOCAL_A000208
W4404087784,A5100637270
W4404087784,A5032903751
W4404087784,A5101861939
W4404087784,A5101955675
W4404087784,A5101567168
W4404087784,A5091945662
W4404087784,A5073742421
W4404087784,A5093585054
W4404087784,LOCAL_A000209
W4404167614,A5013383889
W4404167614,A5014362711
W4404167614,A5011297917
W4404761741,A5017779359
W4404761741,A5051004413
W4404761741,A5087749642
W4404761741,A5039423577
W4404761741,A5029663721
W4404886589,A5107618613
W4404886589,A5009692670
W4405108720,LOCAL_A000067
W4405108720,A5104136263
W4405108720,A5016874352
W4405108720,A5026693488
W4405108720,A5107976280
W4406024089,A5103531940
W4406024089,A5069741011
W4406024089,A5083459846
W4406024089,A5113482366
W4406024089,A5023129486
W4406558522,A5104387604
W4406558522,A5017851662
W4406558522,A5015187278
W4406558522,A5003396849
W4407714316,A5031161877
W4407714316,A5094282888
W4407714316,A5063325493
W4407714316,A5113353655
W4407714316,A5008382937
W4408223418,A5069511944
W4408223418,A5088192772
W4408223418,A5102730698
W4408810965,A5061269743
W4408810965,A5116783865
W4409211232,A5029407674
W4409968850,A5052605854
W4409968850,A5061034390
W4410506249,A5091244134
W4410506249,A5059332003
W4410506249,A5067379892
W4410506249,A5008876218
W4410506249,A5019750138
W4410506249,A5089407510
W4410506249,A5011268524
W4410506249,A5007262927
W4410506249,A5016698027
W4410810504,A5019689277
W4410810504,A5005360975
W4410810504,A5010817506
W4410810504,A5055510228
W4410810504,A5081893974
W4410810504,A5050411356
W4410853014,A5092892831
W4410853014,A5043004126
W4410853014,A5117757326
W4410853014,A5117757327
W4411100563,A5018935783
W4411100563,A5117858545
W4411238397,A5049698133
W4411238397,A5104331230
W4411238397,A5099244504
W4411238397,A5061317037
W4411344196,A5086434450
W4411344196,A5072701601
W4411506892,A5010696478
W4411852273,A5042141088
W4411852273,A5015416684
W4411852273,A5042254735
W4412184462,A5102013689
W4412184462,A5103945707
W4412728291,A5045312477
W4412728291,A5019242451
W4412728291,LOCAL_A000210
W4412728291,A5016799901
W4413145178,A5119281887
W4413145178,A5119281888
W4413145178,A5119281889
W4413194450,A5068605413
W4413194450,A5026229677
W4413910107,A5005919150
W4413910107,A5039659391
W4413910107,A5059958821
W4413910107,A5049392649
W4413910107,A5083954845
W4413910107,A5070948770
W2055401175,A5111817425
W2055401175,A5090361625
W2055401175,A5007924087
W2055401175,A5049765310
W2055401175,A5113544583
W2055401175,A5084825086
W2055401175,A5108224525
W2055401175,A5080968099
W2055401175,A5111719564
W2153576566,A5041576959
W2153576566,A5047142221
W2153576566,A5013951937
W2153576566,A5054591254
W2112833496,A5046987906
W2112833496,A5070999622
W2112833496,A5109127716
W2112833496,A5111866351
W2112833496,A5015337386
W2112833496,A5052836637
W2112833496,A5074230194
W2112833496,A5112073302
W1968226995,A5056794023
W1968226995,A5045970281
W1968226995,A5031627421
W1968226995,A5008231286
W1968226995,A5109127716
W1968226995,A5052836637
W2393331166,A5101588421
W2393331166,A5100546631
W1604170348,A5080704496
W1604170348,A5052958591
W1604170348,A5110369816
W1604170348,A5108502319
W1604170348,A5045175158
W1604170348,A5080892177
W2351048033,A5103063003
W2351048033,A5023109138
W2520192379,A5110966762
W2520192379,A5017977010
W2785307350,A5012062329
W2901663768,A5110945029
W3174338508,A5075466332
W3174338508,A5072737254
W3174338508,A5068935522
W3174338508,A5051166280
W4406781802,LOCAL_A000211
W2550110029,A5035975805
W2550110029,A5035351643
W2550110029,A5109344144
W2888106948,A5029262393
W3021273088,A5010793698
W3021273088,A5050411356
W3021273088,A5024654850
W3021273088,A5040078698
W3021273088,A5010231114
W3091775653,A5018054378
W3091775653,A5000737661
W3091775653,A5019526804
W3091775653,A5077989995
W3091775653,A5007840514
W3211655903,A5042992750
W3211655903,A5000027231
W2064980181,A5030296089
W2064980181,A5054767996
W2064980181,A5087704967
W2064980181,A5079194244
W2330652693,A5100704450
W2330652693,A5100301925
W2350797629,A5057515922
W2357006790,A5015097286
W2358678889,A5100728493
W2358678889,A5089575397
W2358823656,A5048731153
W2364023241,A5034064963
W2888586085,A5069711950
W2888586085,A5023168181
W2888586085,A5044305514
W2888586085,A5071517633
W2888586085,A5033756063
W2888586085,A5072201492
W2895059192,A5012381405
W3025191241,A5102084027
W3025191241,A5038883492
W3025191241,A5112130532
W3039627223,A5031177860
W3039627223,A5049791266
W3039627223,A5069510364
W3039627223,A5024590295
W3039627223,A5074528425
W3039627223,A5036410800
W3039627223,A5077358597
W3039627223,A5061408196
W3039627223,A5086262788
W3039627223,A5062937996
W3039627223,A5051450131
W3088810769,A5009716673
W3088810769,A5007840514
W3088810769,A5077989995
W3088810769,A5015953024
W3094440337,A5010415543
W3094440337,A5050425757
W3094440337,A5076833967
W3094440337,A5007252074
W3094440337,A5032768223
W3094440337,A5041369109
W3094440337,A5035696819
W3094440337,A5097105432
W3094440337,A5112575468
W3094440337,A5034194161
W3094440337,A5029896071
W3094440337,A5040734845
W3094440337,A5052932812
W3094440337,A5082824466
W3094440337,A5072077918
W3111124944,A5079947544
W3111124944,A5010882179
W3111124944,A5012042206
W3111124944,A5014362711
W3111124944,A5107908300
W3126654748,A5039582436
W3126654748,A5041050732
W3126654748,A5009564069
W3126654748,A5044845498
W3145787593,A5039592401
W3145787593,A5077989995
W3145787593,A5073647327
W3164075327,A5003989156
W3164075327,A5024654850
W3165257331,A5074508126
W3165257331,A5041861160
W3165257331,A5101801606
W3168575142,A5007201485
W3168575142,A5050692751
W3168575142,A5075431871
W3168575142,A5081887421
W3172140456,A5066599245
W3172140456,A5052611963
W3172140456,A5070026123
W3172140456,A5038633272
W3182300114,LOCAL_A000212
W3182300114,A5061718849
W3182300114,A5082750409
W3200335129,A5071773232
W3212618266,A5082595015
W3212618266,A5015302001
W3212618266,A5039479946
W3212618266,A5078129675
W3212618266,A5008780017
W3212618266,A5040773786
W3213278528,A5085044386
W3213278528,A5065884707
W3213278528,A5062887483
W4200523471,A5060670572
W4200523471,A5029157921
W4200523471,A5070026123
W4200618519,A5102806749
W4200618519,A5034572659
W4200618519,A5101868998
W4200618519,A5004798557
W4200618519,A5018614044
W4200618519,A5100753115
W4200618519,A5054964486
W4200618519,A5048741163
W4206104263,A5016799901
W4206104263,A5064895029
W4206104263,A5035740729
W4226071606,A5100632425
W4226071606,A5023652148
W4226071606,A5002233566
W4226071606,A5054973662
W4226188354,A5057056307
W4232993015,A5077989995
W4232993015,A5048753083
W4232993015,A5063478996
W4232993015,A5018426724
W4282049254,A5070660416
W4282049254,A5014184732
W4282049254,A5009526572
W4282049254,A5064080611
W4283712137,LOCAL_A000213
W4283712137,A5075533872
W4283712137,A5022868764
W4283712137,A5074941223
W4283712137,A5074702103
W4283712137,A5041441406
W4285166530,A5076809954
W4285166530,A5051430246
W4285166530,A5091026666
W4285166530,A5100632425
W4289259902,A5061893866
W4289259902,A5031717574
W4289259902,A5077989995
W4313248409,A5070660416
W4313248409,A5064080611
W4313248409,A5009526572
W4386526168,A5061425102
W4386526168,A5025839759
W4386526168,A5090730240
W4386526168,A5092771767
W4386526168,A5018634287
W4386526168,A5002515116
W4386526168,A5085150492
W1866945369,A5071030668
W2360313292,A5100617481
W2361211101,A5054223932
W2378196336,A5101414185
W2385509500,A5072039769
W2393862579,A5078016706
W2901074797,LOCAL_A000214
W2919650154,A5053225960
W2920983499,A5020358581
W2920983499,A5021369042
W2920983499,A5103573643
W2920983499,A5034254599
W2920983499,A5088899338
W2920983499,A5053135691
W2920983499,A5029736742
W2920983499,A5088003737
W2920983499,A5091530626
W2920983499,A5109507730
W2920983499,A5056627231
W2920983499,A5069753355
W2920983499,A5048563533
W2920983499,A5005091829
W2920983499,A5028396638
W2920983499,A5021544196
W2920983499,A5064861833
W2920983499,A5015707475
W2920983499,A5064521237
W2922114288,A5078980138
W2922114288,A5015707475
W2922114288,A5089709445
W2922114288,A5029736742
W2922114288,A5102764900
W2922114288,A5064861833
W2922114288,A5021876776
W2946688566,A5062934357
W2946688566,LOCAL_A000215
W2986661965,A5017544315
W2986661965,A5072290797
W2991391102,A5025886183
W2991391102,A5040689665
W3008486894,A5080590087
W3008486894,A5032779199
W3008486894,A5025021236
W3008486894,A5003874380
W3049614703,A5112557251
W3049614703,A5007233714
W3049614703,A5082418119
W3049614703,A5043579879
W3090567294,A5077989995
W3090567294,A5015953024
W3090567294,A5007840514
W3101266795,A5078613366
W3101266795,A5077694527
W3101266795,A5013224610
W3101745018,A5015417417
W3101745018,A5113457602
W3101745018,A5018307990
W3101745018,LOCAL_A000216
W3101745018,A5056454683
W3103923053,A5013224610
W3103923053,A5077694527
W3103923053,A5078613366
W3108106393,A5072707677
W3108106393,A5014209082
W3108106393,A5077989995
W3108106393,A5100701432
W3108106393,A5072201492
W3108106393,A5033756063
W3121428906,A5039592401
W3121428906,A5101932598
W3121428906,A5100701432
W3121428906,A5073647327
W3131024833,A5016269396
W3131024833,A5046435599
W3131024833,A5100612152
W3131024833,A5005028168
W3136825017,A5024027185
W3136825017,A5112608982
W3136825017,A5052000517
W3138728005,A5084701281
W3138728005,A5080989266
W3138728005,A5022572064
W3144716668,A5081148659
W3144716668,A5083291115
W3154623413,A5055087826
W3173813407,A5006705698
W3173813407,A5076098136
W3174610716,LOCAL_A000217
W3174610716,A5062102741
W3174610716,A5100610739
W3174610716,A5009869107
W3174610716,A5048239767
W3182513543,A5006705698
W3182513543,A5076098136
W3183299634,A5045294363
W3183299634,A5089950338
W3183299634,A5022607270
W3183299634,A5012438728
W3183299634,A5028400794
W3185964855,A5108761377
W3194799677,A5079947544
W3194799677,A5010882179
W3194799677,A5014446590
W3194799677,A5014362711
W3199125328,A5021775879
W3199125328,A5011524280
W3199125328,A5013127410
W3199266439,A5052000517
W3199266439,A5101105129
W3199311694,A5029249233
W3199311694,A5052492423
W3199311694,A5088958605
W3199319607,A5083516573
W3199319607,A5037677437
W3199786832,A5060950462
W3199786832,A5083721261
W3199786832,A5102384455
W3199842824,A5085410675
W3199842824,A5071253475
W3199842824,A5104076001
W3199916958,A5051291679
W3199916958,A5071281982
W3199916958,A5052000517
W3199924602,A5078113857
W3199924602,LOCAL_A000218
W3200036129,A5063030612
W3200036129,LOCAL_A000091
W3200132627,A5051291679
W3200132627,A5061433920
W3200132627,A5052000517
W3200297433,A5101105129
W3200297433,A5052000517
W3200334949,A5101644358
W3200334949,A5083658619
W3200334949,A5000769140
W3200546409,A5047353442
W3200546409,A5069853519
W3200546409,A5088958605
W3200546409,A5009794917
W3200546409,A5078613366
W3200660415,A5003545280
W3200660415,A5052439876
W3200660415,A5101644358
W3200896269,A5033971798
W3200896269,A5088345418
W3200896269,A5057644436
W3200896269,A5034456266
W3200896269,A5029157921
W3200896269,A5022979224
W3205987068,A5018169142
W3205987068,A5070026123
W3205987068,A5089897389
W3205987068,A5022563807
W3211579622,A5075209004
W3211579622,A5089334735
W3211913869,A5083861519
W3213221169,A5101936200
W3213221169,A5053998535
W3213652096,A5056888335
W3213652096,A5062199270
W3213652096,A5012248664
W3214278109,A5044990778
W3214278109,A5017639225
W3214278109,A5076098136
W3214278109,A5006705698
W4200480597,A5039631988
W4200480597,A5029157921
W4205707270,A5046033495
W4205707270,A5051430246
W4205707270,A5113567751
W4205883349,A5022457847
W4205883349,A5036249628
W4205883349,A5018164756
W4205910169,A5032425379
W4205910169,A5016799901
W4206556998,A5102004247
W4206556998,A5055541043
W4206556998,A5028344237
W4206556998,A5055726223
W4206556998,A5005819709
W4206556998,A5019007060
W4206556998,A5048355279
W4206556998,A5072452119
W4206556998,A5025281969
W4206556998,A5003502568
W4206556998,A5001507533
W4206556998,A5006496190
W4206556998,A5045826726
W4206556998,A5020833933
W4207051394,A5043402758
W4207051394,A5023168181
W4207051394,A5044305514
W4207051394,A5072201492
W4207051394,A5088410956
W4214693772,A5051004413
W4214693772,A5110846094
W4214693772,A5112744355
W4214693772,A5087105119
W4214693772,A5015030111
W4223496324,A5034572659
W4223496324,A5101793667
W4223496324,A5037715406
W4224868083,A5088410956
W4224868083,A5040773786
W4224868083,A5071517633
W4225154649,A5104687879
W4225154649,A5055988466
W4225154649,A5109107978
W4225286997,A5025906301
W4225286997,A5114038173
W4225286997,A5035577823
W4225286997,A5103065067
W4225286997,A5034973872
W4235762531,A5109495255
W4235762531,A5043227923
W4235762531,A5054933494
W4281669706,A5025004943
W4281669706,A5050450168
W4281670811,A5060317298
W4281670811,A5110180724
W4281670811,A5007640729
W4281670811,A5062476242
W4281670811,A5024009181
W4281670811,A5056677817
W4281670811,A5078556006
W4281744049,A5100766548
W4281744049,A5081322932
W4281744049,A5053330063
W4281744049,A5066381765
W4281744049,A5001365679
W4283163677,A5051245111
W4283163677,A5050155021
W4285045143,A5074503531
W4285071776,A5067117391
W4285071776,A5083914774
W4285071776,A5008470911
W4285071776,A5053992934
W4285071776,A5065459150
W4285071776,A5007129032
W4285322721,A5108814981
W4285322721,A5061256998
W4285322721,A5104288554
W4291178975,A5026676431
W4291178975,A5023168181
W4291178975,A5040773786
W4291178975,A5088410956
W4291178975,A5071517633
W4291178975,A5072201492
W4291392888,A5081127782
W4291392888,A5051450131
W4291392888,A5068124673
W4291392888,A5034973872
W4291392888,A5104035119
W4291392888,A5061739783
W4291392888,A5091512952
W4291392888,A5031177860
W4291392888,A5016102178
W4292964871,A5001857425
W4292964871,A5088984994
W4292964871,A5033629831
W4292964871,A5025509748
W4292964871,A5083170304
W4292964871,A5001562845
W4292964871,A5001160212
W4292964871,A5059380500
W4293169070,A5005067091
W4293169070,A5101479540
W4294187916,A5041445983
W4294187916,A5081664588
W4294187916,A5006705698
W4294187957,A5030044861
W4294187957,A5006705698
W4295123541,A5001857425
W4295123541,A5088984994
W4295123541,A5033629831
W4295123541,A5083170304
W4295123541,A5074800646
W4295123541,A5001562845
W4295123541,A5030100270
W4295123541,A5024825570
W4295123541,A5059380500
W4295297541,A5054924786
W4295297541,A5006705698
W4295338113,A5076809954
W4295338113,A5065393831
W4295338113,A5110964815
W4295338113,LOCAL_A000099
W4296713969,A5010198389
W4296713969,A5042854558
W4296713969,A5088701092
W4312154904,A5017773373
W4312154904,A5074327529
W4312154904,A5011173370
W4312154904,A5048993786
W4312618825,LOCAL_A000219
W4312656552,A5012114425
W4312656552,A5057683641
W4312656552,A5109594304
W4312656552,LOCAL_A000220
W4312656552,LOCAL_A000221
W4312656552,LOCAL_A000222
W4312656552,LOCAL_A000223
W4312656552,LOCAL_A000224
W4312656552,LOCAL_A000225
W4312656552,LOCAL_A000226
W4312656552,LOCAL_A000227
W4312656552,LOCAL_A000228
W4312656552,LOCAL_A000229
W4312656552,LOCAL_A000230
W4312656552,LOCAL_A000231
W4312656552,LOCAL_A000232
W4312656552,LOCAL_A000233
W4312656552,LOCAL_A000234
W4312656552,LOCAL_A000235
W4312656552,LOCAL_A000236
W4312656552,LOCAL_A000237
W4312656552,LOCAL_A000238
W4312656552,LOCAL_A000239
W4312656552,LOCAL_A000240
W4312656552,LOCAL_A000241
W4312656552,LOCAL_A000242
W4312656552,LOCAL_A000243
W4312656552,LOCAL_A000244
W4312656552,LOCAL_A000245
W4312656552,LOCAL_A000246
W4312656552,LOCAL_A000247
W4312656552,LOCAL_A000248
W4312656552,LOCAL_A000249
W4312656552,LOCAL_A000250
W4312656552,LOCAL_A000251
W4312656552,LOCAL_A000252
W4312656552,LOCAL_A000253
W4312656552,LOCAL_A000254
W4312656552,LOCAL_A000255
W4312656552,LOCAL_A000256
W4312656552,LOCAL_A000257
W4312656552,LOCAL_A000258
W4312656552,LOCAL_A000259
W4312656552,LOCAL_A000260
W4312656552,LOCAL_A000261
W4312656552,LOCAL_A000262
W4312656552,LOCAL_A000263
W4312656552,LOCAL_A000264
W4312656552,LOCAL_A000265
W4312656552,LOCAL_A000266
W4312656552,LOCAL_A000267
W4312656552,LOCAL_A000268
W4312656552,LOCAL_A000269
W4312656552,LOCAL_A000270
W4312656552,LOCAL_A000271
W4312656552,LOCAL_A000272
W4312656552,LOCAL_A000273
W4312656552,LOCAL_A000274
W4312656552,LOCAL_A000275
W4312656552,LOCAL_A000276
W4312656552,LOCAL_A000277
W4312656552,LOCAL_A000278
W4312656552,LOCAL_A000279
W4312656552,LOCAL_A000280
W4312669879,A5051291679
W4312669879,A5056461673
W4312669879,A5082978015
W4312669879,A5028286533
W4312669879,A5036386687
W4312669879,A5052000517
W4313592324,A5070681699
W4313592324,A5102840591
W4313681423,A5009202157
W4319953710,A5065984932
W4319953710,A5015666278
W4319953710,A5068385014
W4319953710,A5012509568
W4320025887,A5068715226
W4320025887,A5027335588
W4320727717,A5070726803
W4320727717,A5103518993
W4320727717,A5100705891
W4320727717,A5100776154
W4320727717,A5019646634
W4320727717,A5085504353
W4321018829,A5017596097
W4321018829,A5080175796
W4321018829,A5030756029
W4321018829,LOCAL_A000099
W4324091098,A5002058256
W4324091098,A5017932855
W4324091098,A5089199473
W4324091098,A5083610651
W4324091098,A5114050306
W4324091098,A5042237838
W4324091098,A5058772199
W4324091098,A5071849699
W4324091098,A5033052825
W4324091098,A5077090472
W4327890556,A5086230780
W4327890556,A5100632425
W4360586542,A5000269339
W4360586542,A5046033495
W4362710702,A5046033495
W4362710702,A5074922240
W4362710702,LOCAL_A000281
W4380083807,A5112933551
W4380083807,A5024654850
W4380083807,A5010793698
W4380083807,A5101211304
W4385190558,A5092528512
W4385190558,A5067226256
W4385213631,A5044172436
W4385213631,A5052434957
W4385496343,A5113049027
W4385496343,A5045080368
W4385496343,A5081127696
W4385496343,A5011004624
W4385496343,A5018512305
W4385496343,A5057073317
W4385636594,A5076730030
W4385636594,A5000068956
W4385636594,A5068500779
W4386000926,A5054634942
W4386000926,A5019874446
W4386000926,A5101235577
W4386846486,A5101626772
W4386846486,A5003396849
W4387061466,A5078505911
W4387061466,A5062048651
W4387061466,A5108738049
W4387061466,A5071064677
W4387061466,A5081814601
W4387386822,LOCAL_A000282
W4387386822,LOCAL_A000283
W4387386822,LOCAL_A000284
W4388001683,A5017679520
W4388001683,A5015900702
W4388001683,A5015224146
W4388001683,A5102642642
W4388001683,A5107943446
W4388025992,A5101260642
W4388025992,A5101260643
W4388025992,A5108307825
W4388025992,A5102588048
W4388848702,A5016799901
W4388848702,A5082563112
W4388848702,A5048870921
W4389580973,A5102895643
W4389580973,A5055786940
W4389580973,A5100632425
W4389580973,A5076831357
W4389615139,A5086880424
W4389615139,A5113069115
W4389615139,A5093472703
W4389615139,A5015069505
W4389615139,A5103009774
W4389615139,A5036377736
W4389617125,A5077856417
W4389617125,A5032035172
W4389617125,A5054983995
W4389617125,A5052000517
W4389617125,A5056015724
W4389617125,A5040929731
W4389625650,A5026149302
W4389625650,A5113069412
W4389625650,A5112057266
W4389625650,A5026969387
W4389625650,A5093113482
W4389625650,A5002312869
W4389625650,A5080216121
W4389639153,A5089374005
W4389639153,A5034679255
W4389639153,A5060719743
W4389639153,A5065874722
W4389639153,A5049222685
W4389639153,A5034572659
W4390279411,A5100742989
W4390279411,A5016799901
W4390279411,A5045312477
W4390279411,A5021863822
W4398142941,A5070681699
W4398142941,A5102840591
W4398212550,A5098756445
W4398212550,A5076831357
W4398212550,A5041803184
W4401373324,A5085044386
W4401373324,A5039967759
W3126587286,A5017509727
W2149994558,A5112800545
W2149994558,A5029649717
W2108572327,A5090217780
W2108572327,A5026242942
W2108572327,A5111061391
W2108572327,A5011706579
W2058651173,A5098414159
W2058651173,A5098041131
W4400836185,A5013654224
W4400836185,A5085150492
W4400836185,A5089584186
W4400836185,A5064645144
W4400836185,LOCAL_A000285
W4288690019,A5020278447
W4288690019,A5048556948
W4288690019,A5088692992
W4288690019,A5015787949
W4288690019,A5033921756
W4288690019,A5072861318
W4288690019,A5052848551
W4288690019,A5101648170
W4288690019,A5053086929
W4297982378,A5077159769
W4297982378,A5027981134
W4297982378,A5007636550
W2896394903,A5054399289
W2896394903,A5065884707
W2896394903,A5085044386
W2979105539,A5071278301
W2979105539,A5064898960
W2979105539,A5000600923
W2979105539,A5054358107
W4308588861,A5090829303
W4308588861,A5006545912
W4308588861,A5032570574
W4308588861,A5091402542
W4308588861,LOCAL_A000286
W4308588861,A5007717816
W4308588861,A5101440087
W4308588861,A5108824078
W4308588861,A5020412391
W4321250367,A5013654224
W4321250367,A5067800126
W4321250367,A5100354734
W4321250367,A5007239425
W4321250367,A5103958108
W4321250367,A5017913111
W4321250367,A5065970712
W4321250367,A5047127247
W4321250367,A5041603130
W4321250367,A5005385235
W4321250367,A5101028042
W4321250367,A5061672192
W4321250367,A5052253557
W4372284010,A5064878852
W4372284010,A5037497064
W4372284010,A5062003821
W4372284010,A5114222021
W4372284010,A5086905703
W4372284010,A5069934465
W4387846071,A5004627844
W4387846071,A5064910317
W4387846071,A5070810971
W4387846071,A5084694056
W4387846071,A5103150367
W4387846071,A5083079358
W4387846071,A5029534432
W4387846071,A5113029034
W4387846071,A5088459735
W4387846071,A5062156514
W4388960576,A5103221637
W4388960576,A5075681850
W4388960576,A5102376855
W4388960576,A5011794101
W4388960576,A5043383799
W1533344290,A5082528388
W1533344290,A5021287285
W2362499528,A5100962753
W2365963606,A5100417317
W2373075560,A5101945330
W2373075560,A5090710719
W2374087094,A5002509297
W2380757258,A5080417608
W2380757258,A5102150319
W2383870758,A5076578682
W2383870758,A5017957987
W2383870758,A5100762383
W2383870758,A5101781623
W2383870758,A5054917454
W2383870758,A5072203401
W2391077357,A5057860286
W2391077357,A5102021989
W4283766228,A5088692992
W4283766228,A5036583209
W4283766228,A5048556948
W4283766228,A5015787949
W4283766228,A5033921756
W4283766228,A5072861318
W4283766228,A5052848551
W4283766228,A5101648170
W4283766228,A5053086929
W4385852487,A5023139055
W4385852487,A5064618445
W4385852487,A5092800839
W4385852487,A5070927179
W4385852487,A5045602523
W4385852487,A5092800840
W4385852487,A5036887999
W4389781311,A5112706783
W4389781311,A5003463460
W4389781311,A5039052968
W4389781311,A5109665139
W4389781311,A5050533579
W4389781311,A5001918418
W4389781311,A5101545411
W4389781311,A5091746122
W4389781311,A5022483359
W4389781311,A5068152663
W4393945422,A5000752224
W4393945422,A5070599449
W4393945422,A5007717816
W4393945422,A5028419754
W4393945422,A5030197858
W4393945422,LOCAL_A000285
W4412396029,A5061049640
W4412396029,A5081626037
W4412396029,A5027018014
W4412396029,A5000548221
W1502995782,A5083021064
W1984435726,A5069867157
W1984435726,A5078525116
W1984435726,A5078250747
W1984435726,A5023847482
W1984435726,A5110409610
W1984435726,A5034050904
W1997956580,A5006299836
W1997956580,A5035362471
W1997956580,A5101412721
W1997956580,A5030825815
W1997956580,A5020833933
W1997956580,A5044887879
W1997956580,A5006496190
W2030518961,A5063393733
W2030518961,A5103323474
W2030518961,A5023323877
W2030518961,A5005615697
W2030518961,A5044054195
W2032419638,A5014044862
W2238461177,A5000049016
W2244433040,A5056449503
W2244433040,A5053741823
W2244433040,A5059278613
W2244433040,A5070244639
W2244433040,A5087698693
W2347234847,A5070348318
W2348376786,A5103046309
W2348569345,A5030154211
W2350199653,A5100415670
W2351047321,A5101533670
W2351047321,A5064473053
W2351093011,A5071090412
W2351126356,A5062581235
W2351278517,A5101308419
W2351290865,A5108103361
W2351540729,A5102220548
W2352342249,A5101812738
W2352342249,A5102214222
W2352342249,A5101639650
W2352342249,A5100455479
W2352342249,A5056344750
W2352522213,A5018725411
W2352545256,A5004954278
W2353061916,A5016128874
W2353502028,A5100839259
W2353561656,A5101648450
W2353561656,A5081680183
W2353818729,A5110679012
W2353894650,A5006594954
W2353894650,A5113453184
W2353894650,A5101843477
W2353894650,A5066780149
W2353894650,A5108580995
W2353944961,A5035772870
W2354833123,A5100676084
W2355152482,A5102409685
W2355965641,A5088461473
W2356132505,A5061201875
W2356306321,A5044946155
W2356539505,A5088805063
W2357371361,A5103462837
W2357372544,A5063193184
W2357678823,A5113169613
W2357836221,A5067826188
W2358949965,A5060026159
W2359087034,A5077465191
W2359301999,A5100970994
W2359846968,A5077465191
W2359870859,A5073077276
W2360207479,A5035693571
W2360207479,A5027485314
W2360762263,A5032882089
W2360780799,A5100352418
W2360783228,A5078778703
W2361125923,A5028101406
W2361420054,A5056529592
W2361420054,A5101870783
W2361541678,A5012747702
W2362133467,A5013742376
W2362290456,A5100676084
W2362721292,A5110369264
W2362721292,A5100642380
W2363053999,A5012338476
W2363104073,A5101539552
W2363474016,A5100914650
W2363823498,A5023755501
W2364214456,A5077465191
W2364537347,A5010181020
W2364671974,A5003791909
W2365184061,A5100418954
W2365350622,A5022071004
W2365569245,A5101940487
W2366146598,A5110679012
W2366305170,A5109304397
W2366305170,A5079146545
W2366305170,A5100418969
W2366305170,A5110554425
W2366916110,A5087680483
W2367242519,A5101440733
W2368006522,A5000392422
W2368316205,A5100336793
W2368521880,A5023389293
W2368521880,A5100461427
W2368672273,A5078038327
W2368714074,A5102002673
W2369016698,A5100727459
W2369050876,A5048731153
W2369130993,A5062581235
W2369550981,A5100425283
W2369550981,A5080027721
W2370684273,A5032333683
W2370806927,A5075223103
W2370924989,A5101356478
W2371154187,A5032882089
W2371491675,A5102212713
W2371519688,A5016443118
W2371775411,A5112107553
W2372384861,A5101978986
W2372529671,A5102657472
W2372599374,A5050179474
W2372696613,A5039870293
W2373093024,A5077149091
W2373182921,A5101468353
W2373224424,A5101838627
W2374382594,A5051884219
W2374796501,A5034313357
W2374836287,A5110679012
W2375384992,LOCAL_A000287
W2375384992,A5100437263
W2375584394,A5103166964
W2375632798,A5101579465
W2375650764,A5101440733
W2375758141,A5103137371
W2376427686,A5069741452
W2376515337,A5059838493
W2376599625,A5009067755
W2377113936,A5056596042
W2377197450,A5033714280
W2377433953,A5007520446
W2377678417,A5019101426
W2378117118,A5110367900
W2378117118,A5058571639
W2378716490,A5087672790
W2378909727,A5026950458
W2379391670,LOCAL_A000288
W2379459235,A5074982789
W2379523506,A5108577449
W2379589344,A5101648450
W2379589344,A5081680183
W2379718457,A5104000316
W2379740815,A5101727536
W2379775804,A5067673175
W2379901454,A5100939206
W2379962158,LOCAL_A000289
W2380115358,A5023389293
W2381000401,A5102884219
W2381072848,A5090643890
W2381164319,A5102861347
W2381267597,A5027631172
W2381599914,A5106716948
W2381599914,A5110373196
W2381930509,A5100294403
W2381930509,A5065841119
W2381946078,A5038701537
W2382443156,A5100719060
W2383136295,A5103670294
W2383136295,A5009432444
W2383136295,A5065309436
W2383400330,A5100754504
W2383688341,A5102221833
W2383847036,A5100569874
W2383904373,A5101153859
W2384553641,A5101402718
W2385207352,A5000067885
W2385352013,A5046049487
W2385808512,A5062581235
W2386359715,A5083387016
W2386507432,A5070442948
W2386611280,A5063807725
W2386619164,A5107174257
W2386782160,A5059100699
W2386878779,A5043910551
W2387121626,A5042900753
W2387121626,A5115588329
W2387121626,A5107701557
W2387121626,A5007702645
W2387220784,A5006572715
W2388280979,A5102001542
W2388389568,A5041986292
W2388391649,A5114377952
W2388532291,A5101547642
W2389169406,A5034064963
W2389242205,A5103106651
W2389824223,A5102027458
W2390554934,A5026736557
W2391031955,A5023755501
W2391031955,A5100604668
W2391062075,A5081094991
W2391727592,A5100626681
W2391953902,A5103784185
W2392238013,A5062050270
W2392419092,A5079146545
W2392419092,A5109304397
W2392419092,A5053036468
W2393120572,A5104280858
W2393254560,A5051487546
W2393264722,A5100411480
W2393327158,A5102728063
W2394082996,A5017221030
W2394116664,A5100452334
W2394176052,A5113955270
W2394290882,A5100374993
W2496171072,A5071278301
W2496171072,A5019197846
W2496171072,A5057183308
W2496171072,A5004702190
W2496171072,A5082438382
W2496171072,A5023887333
W2496171072,A5025524243
W2496171072,A5111758380
W2555561595,A5058555117
W2555561595,A5072098542
W2555561595,A5073839152
W2555561595,A5035626095
W2555561595,A5015294864
W2556584035,A5071278301
W2556584035,A5000600923
W2556584035,A5064898960
W2556584035,A5054358107
W2566290954,A5022072785
W2566290954,A5086600645
W2566290954,A5043430500
W2566290954,A5100383604
W2566290954,A5106181325
W2566290954,A5015396426
W2592738442,A5071278301
W2592738442,A5064898960
W2592738442,A5038369638
W2592738442,A5036413818
W2592738442,A5082542863
W2592738442,A5054358107
W2607391129,A5072098542
W2607391129,A5058555117
W2607391129,A5032288237
W2607391129,A5082438382
W2607391129,A5113563018
W2607391129,A5035626095
W2607391129,A5015294864
W2677270484,A5112843290
W2677270484,A5068613629
W2677270484,A5100383607
W2677270484,A5043643766
W2677270484,A5016901707
W2677270484,A5038719267
W2677270484,A5020723643
W2677270484,A5070062505
W2677270484,A5070426067
W2734557450,A5065084903
W2753396771,A5082854198
W2753396771,A5007283022
W2791648898,A5074698039
W2811079848,A5109495255
W2889093901,A5079913240
W2889093901,A5057714841
W2889093901,A5091402697
W2891912056,A5001133335
W2891912056,A5012381405
W2891912056,A5080542895
W2901855654,A5065984932
W2901855654,A5091397923
W2901855654,A5113850859
W2901855654,A5076831599
W2901855654,A5110281713
W2901855654,A5012959918
W2906247978,A5012381405
W2906247978,A5078106534
W2906247978,A5113060363
W2920977915,A5048664845
W2920977915,A5061151551
W2920977915,A5041315606
W2920977915,A5017046939
W2920977915,A5101846708
W2920977915,A5010718958
W2920977915,A5100689692
W2920977915,A5033033828
W2920977915,A5058935102
W2920977915,A5035255903
W2921306927,A5055887373
W2921306927,A5066566618
W2921306927,A5015707475
W2921306927,A5045270482
W2921306927,A5037601612
W2921306927,A5072771340
W2921306927,A5053135691
W2921306927,A5021369042
W2921306927,A5029736742
W2921306927,A5067116161
W2921306927,A5075570047
W2921306927,A5054540603
W2921306927,A5016409419
W2921306927,A5043201732
W2921306927,A5036096394
W2921306927,A5021660019
W2921306927,A5064521237
W2921306927,A5064861833
W2921438491,A5069753355
W2921438491,A5091530626
W2921438491,A5006481103
W2921438491,A5021369042
W2921438491,A5015707475
W2921438491,A5029736742
W2921438491,A5053135691
W2921438491,A5100732442
W2921438491,A5020358581
W2921438491,A5038298046
W2921438491,A5025654358
W2921438491,A5109361678
W2921438491,A5079061954
W2921438491,A5034073288
W2921438491,A5064861833
W2921438491,A5064521237
W2921662358,A5078980138
W2921662358,A5015707475
W2921662358,A5089709445
W2921662358,A5029736742
W2921662358,A5102764900
W2921662358,A5064861833
W2921662358,A5021876776
W2921899614,A5038298046
W2921899614,A5053135691
W2921899614,A5021369042
W2921899614,A5029736742
W2921899614,A5079061954
W2921899614,A5064521237
W2921899614,A5015707475
W2921899614,A5064861833
W2922328822,A5034254599
W2922328822,A5020358581
W2922328822,A5053135691
W2922328822,A5021369042
W2922328822,A5028914131
W2922328822,A5068914974
W2922328822,A5029736742
W2922328822,A5056627231
W2922328822,A5048563533
W2922328822,A5055505215
W2922328822,A5012676647
W2922328822,A5113863931
W2922328822,A5064861833
W2922328822,A5015707475
W2922328822,A5088899338
W2922328822,A5064521237
W2952065493,A5100689692
W2952065493,A5112826970
W2952065493,A5061151551
W2952065493,A5050494962
W2952065493,A5048664845
W2952065493,A5058935102
W2952065493,A5035255903
W2953848273,A5069847897
W2953848273,A5066981564
W2953848273,A5059379004
W2953848273,A5089711572
W2953848273,A5103749367
W2953848273,A5034981153
W2965644806,A5069711950
W2965644806,A5043402758
W2965644806,A5023168181
W2965644806,A5044305514
W2965644806,A5026676431
W2965644806,A5071517633
W2965644806,A5072201492
W2973001791,A5050257903
W2973001791,A5078708416
W2977454665,A5102004265
W2977816163,A5034305048
W2978395531,A5047015242
W2979119366,A5100727651
W2983539862,A5109216007
W2997366206,A5077358597
W2997366206,A5112495549
W2997366206,A5040523210
W2997493078,A5002766078
W2997493078,LOCAL_A000290
W2997493078,A5069022584
W2997493078,A5052291165
W2997493078,LOCAL_A000291
W2997493078,LOCAL_A000292
W2997493078,LOCAL_A000293
W2997493078,A5002715032
W2997493078,A5047251015
W3004515227,A5049567040
W3004515227,A5053225960
W3004515227,A5108761377
W3004515227,A5023183230
W3004515227,A5052953385
W3004515227,A5007945291
W3015003805,A5012509568
W3015003805,A5043650731
W3015003805,A5109158453
W3015003805,A5023323877
W3015242855,A5059831731
W3015242855,A5088350962
W3024115407,A5098157644
W3036995321,A5007252074
W3036995321,A5087726456
W3036995321,A5034194161
W3036995321,A5041369109
W3036995321,A5052932812
W3036995321,A5029896071
W3036995321,A5072077918
W3041024626,A5070562619
W3041024626,A5080769160
W3041450853,A5072742774
W3041450853,A5087917590
W3045718937,A5072861318
W3045718937,A5101588922
W3080396026,A5069029743
W3080396026,A5063551372
W3080396026,A5101813011
W3082965775,A5066407131
W3092615877,A5021110208
W3092615877,A5070726452
W3092615877,A5035311348
W3102849408,A5013224610
W3108806183,A5045277826
W3108806183,A5101205557
W3108806183,A5110573321
W3108806183,A5077358597
W3108806183,A5031177860
W3108806183,A5051450131
W3110171308,A5079947544
W3110171308,A5033393657
W3110171308,A5014446590
W3110171308,A5014362711
W3110171308,A5050385284
W3110171308,A5010882179
W3111377185,A5110729206
W3117627346,A5047172220
W3117627346,A5077989995
W3117627346,A5061856161
W3117627346,A5018426724
W3119112299,A5087442163
W3119993405,A5039592401
W3119993405,A5077989995
W3119993405,A5073647327
W3121710976,A5010415543
W3121710976,A5050425757
W3121710976,A5076833967
W3121710976,A5074060298
W3121710976,A5007252074
W3121710976,A5041369109
W3121710976,A5072077918
W3126625127,A5049942941
W3126625127,A5014499824
W3126625127,LOCAL_A000294
W3130719811,A5079913240
W3130719811,A5057714841
W3134302764,LOCAL_A000295
W3134302764,A5043963174
W3134348723,A5011606020
W3134348723,LOCAL_A000296
W3134348723,A5002965978
W3135801482,A5006965773
W3135801482,A5035799063
W3135801482,A5101569963
W3135801482,A5100715903
W3135971520,A5076098136
W3136011744,A5023835346
W3139123503,A5083861519
W3143512231,A5112623757
W3147969751,A5039592401
W3147969751,A5077989995
W3147969751,A5073647327
W3148383904,A5039592401
W3148383904,A5077989995
W3148383904,A5100701432
W3148383904,A5065666743
W3148383904,A5013667478
W3148383904,A5024404261
W3148383904,A5015953024
W3163768356,A5069373806
W3163768356,A5090948020
W3163768356,A5034986304
W3164428607,LOCAL_A000217
W3164428607,A5100610737
W3164428607,A5033765445
W3164428607,A5115566123
W3164428607,A5048239767
W3165018444,A5018592470
W3165018444,A5078738355
W3165018444,A5041560102
W3168287854,A5072737254
W3168287854,A5068935522
W3168287854,A5079062419
W3169452727,A5006705698
W3169452727,A5076098136
W3169475755,A5006705698
W3169475755,A5027033593
W3169793918,A5062877716
W3169793918,A5100777969
W3171825034,A5038633272
W3171825034,A5109801092
W3171825034,A5003495146
W3171825034,A5029157921
W3174731227,A5101153572
W3177081908,A5108761377
W3178978547,A5016799901
W3179712703,A5006705698
W3179712703,A5113027053
W3182536591,A5006705698
W3182536591,A5076098136
W3182711012,A5006705698
W3182711012,A5071364715
W3183376380,A5068068488
W3183376380,A5017574392
W3191323881,A5050703987
W3191655728,A5067659457
W3191655728,A5077989995
W3193827873,A5100648337
W3194974541,A5100648337
W3194974541,A5061957366
W3194974541,A5065553213
W3196094549,A5108761377
W3196533964,A5108761377
W3196831637,A5108761377
W3197931863,A5108761377
W3198922805,A5041034605
W3198928536,A5109517914
W3198928536,A5044711213
W3198928536,A5057952428
W3198928536,A5078613366
W3198928536,A5036126619
W3199138090,A5014754170
W3199138090,A5045975445
W3199138090,A5049528580
W3199138090,A5048050751
W3199181082,A5065502298
W3199181082,A5102765203
W3199213114,A5101936200
W3199235166,A5052000517
W3199235166,A5060415594
W3199235329,A5060950462
W3199235329,A5083721261
W3199235329,A5102384455
W3199301772,A5065984932
W3199301772,A5033264739
W3199301772,A5022245617
W3199301772,A5012509568
W3199333285,A5052000517
W3199333285,A5060415594
W3199357865,A5036083952
W3199357865,A5042094599
W3199357865,LOCAL_A000297
W3199357865,A5048050751
W3199357865,A5104011371
W3199422970,A5024408684
W3199422970,A5030900211
W3199422970,A5027706693
W3199422970,A5061704682
W3199422970,A5024754432
W3199477842,A5060415594
W3199477842,A5052000517
W3199544892,A5052000517
W3199544892,A5024027185
W3199544892,A5101925339
W3199626612,A5069853519
W3199626612,A5088958605
W3199626612,A5047353442
W3199626612,A5009794917
W3199626612,A5078613366
W3199626612,A5019165820
W3199796492,A5007005563
W3199796492,A5050803572
W3199869368,A5108957582
W3199869368,A5034454292
W3199887413,A5112608982
W3199887413,A5024027185
W3199887413,A5052000517
W3199942263,A5071961095
W3199970305,A5079652119
W3199970305,A5059207282
W3199970305,A5038225521
W3200021621,A5049531721
W3200021621,A5009794917
W3200021621,A5088958605
W3200021621,A5069853519
W3200021621,A5078613366
W3200024512,A5018026493
W3200062521,A5048321637
W3200062521,A5088958605
W3200062521,A5052492423
W3200062521,A5078613366
W3200127562,A5066574572
W3200127562,A5086896127
W3200200655,A5033808806
W3200200655,A5036924759
W3200200655,A5052287713
W3200200655,A5020086114
W3200200655,A5052548763
W3200200655,A5036038715
W3200216791,A5019292270
W3200216791,A5060808788
W3200248305,A5075950807
W3200248305,A5047377666
W3200248305,A5091398943
W3200248305,A5035960995
W3200248305,A5109383268
W3200248305,LOCAL_A000298
W3200418864,A5052000517
W3200418864,A5112608982
W3200418864,A5024027185
W3200457012,A5090756733
W3200534035,A5088958605
W3200554915,A5070636138
W3200554915,A5041542952
W3200554915,A5112911020
W3200554915,A5029980919
W3200554915,A5112687318
W3200603678,A5088958605
W3200607378,A5049531721
W3200607378,A5009794917
W3200607378,A5088958605
W3200607378,A5069853519
W3200607378,A5078613366
W3200608939,A5023835346
W3200634103,A5009575522
W3200634103,A5023835346
W3200644041,A5065170284
W3200644041,A5013224610
W3200711057,A5075209004
W3200711057,A5089334735
W3200721992,A5052167850
W3200721992,A5022245617
W3200721992,A5031233789
W3200721992,A5065186859
W3200721992,LOCAL_A000299
W3200731815,A5048757265
W3200731815,A5025370032
W3200732705,A5052000517
W3200732705,A5060415594
W3200738788,A5015670985
W3200738788,A5090514977
W3200738788,A5031703189
W3200738788,A5087859003
W3200854850,A5058364233
W3200854850,A5110803276
W3200854850,A5029157921
W3200890767,A5017384034
W3200891447,A5060415594
W3200891447,A5052000517
W3201015711,A5025851364
W3201015711,A5042295571
W3201015711,A5067110618
W3201015711,A5017559788
W3201066843,A5051291679
W3201066843,A5052000517
W3201132481,A5029731231
W3201159070,A5036410800
W3201159070,A5077358597
W3201165683,A5090756733
W3201204358,A5006213260
W3201204358,A5066150494
W3201204358,A5030900211
W3201236341,A5100759043
W3201302514,A5077520883
W3201302514,A5089906507
W3201302514,A5048690673
W3201302514,A5045420242
W3201302514,A5104011371
W3201464212,A5101936200
W3201474368,A5073871936
W3201474368,A5077358597
W3201553504,A5015278628
W3201553504,A5108531741
W3201553504,A5064437476
W3201611349,A5045159073
W3201611349,A5102484757
W3201885838,A5059518320
W3201885838,A5069029743
W3201885838,A5063551372
W3201885838,A5101813011
W3201885838,A5110085228
W3203494247,A5088410956
W3203494247,A5040773786
W3204281564,A5077406567
W3204380746,A5033921165
W3204380746,A5068093105
W3204420088,A5053552469
W3204420088,A5062516283
W3204420088,A5042185009
W3204420088,A5086418672
W3204420088,LOCAL_A000052
W3204420088,A5005338149
W3204989818,A5087000202
W3204989818,A5086009373
W3204989818,A5102006115
W3204989818,A5019541405
W3204989818,A5033896757
W3204989818,A5091625480
W3205098776,A5007840514
W3205098776,A5067659457
W3205098776,A5015953024
W3205098776,A5060829860
W3206854113,A5019334343
W3206854113,A5040773786
W3207585979,A5086509701
W3207585979,A5053823405
W3207585979,A5070026123
W3207585979,A5029157921
W3208435212,A5067117391
W3208435212,A5023178095
W3208435212,A5007129032
W3208435212,A5029793479
W3208435212,A5050886449
W3208505995,A5012509568
W3208505995,A5032442216
W3208505995,A5026900647
W3208505995,A5065984932
W3210429905,A5012248664
W3211403101,A5112633710
W3211403101,A5086896127
W3211590055,A5060415594
W3211590055,A5052000517
W3211648135,A5086896127
W3211648135,A5019292270
W3211671346,A5101937289
W3211671346,A5052000517
W3211696272,A5065869162
W3211702712,A5044476993
W3211702712,A5101409609
W3211878896,A5013224610
W3212016922,A5029307415
W3212016922,A5056246280
W3212016922,A5029912738
W3212016922,A5101609050
W3212016922,A5086776390
W3212016922,A5052000517
W3212083005,A5065869162
W3212083005,A5104010371
W3212222020,A5052000517
W3212222020,A5112608982
W3212222020,A5060415594
W3212303430,A5040857467
W3212303430,A5030966029
W3212303430,A5078615031
W3212303430,A5067921618
W3212303430,A5052000517
W3212346744,A5078514638
W3212346744,A5059748553
W3212358114,A5024027185
W3212358114,A5052000517
W3212363074,A5056461250
W3212363074,A5012519187
W3212363074,LOCAL_A000300
W3212363074,A5022723572
W3212363074,A5028188200
W3212363074,A5112241048
W3212381003,A5012248664
W3212390407,A5101936200
W3212390407,A5053998535
W3212392119,A5112608982
W3212392119,A5023835346
W3212392119,A5052000517
W3212450826,A5067924169
W3212450826,A5057330116
W3212450826,A5052000517
W3212916669,A5006705698
W3212916669,A5076098136
W3212946760,A5040773786
W3212946760,A5088410956
W3212946760,A5071517633
W3212946760,A5008780017
W3213111374,A5044476993
W3213111374,A5101409609
W3213111374,A5067909189
W3213391624,A5101826892
W3213391624,A5083805250
W3213396050,A5008120161
W3213396050,A5041960973
W3213396050,A5063959328
W3213396050,A5025155792
W3213463186,A5089334735
W3213578569,A5088410956
W3213578569,A5040773786
W3213801758,A5053018788
W3213801758,A5023725893
W3213821022,A5052000517
W3213864256,A5040640883
W3213864256,A5062889982
W3213864256,A5017687000
W3213864256,A5073610685
W3214010329,A5041694698
W3214010329,A5040768487
W3214010329,A5101821143
W3214010329,A5113888338
W3214253959,A5004568971
W3214253959,A5074621625
W3214253959,A5044678839
W3214396074,A5056888335
W3214396074,A5012248664
W3214396074,A5023835346
W3214427605,A5052000517
W3214427605,A5024027185
W3216102259,A5032440878
W3216102259,A5046570834
W3216102259,A5043478466
W3216209305,A5019334343
W3216209305,A5040773786
W4200002544,A5021733333
W4200002544,A5059510291
W4200002544,A5060295199
W4200002544,A5089022716
W4200002544,LOCAL_A000301
W4200002544,A5056985800
W4200002544,A5060343625
W4200002544,A5076004552
W4200002544,A5075235852
W4200023199,A5025004943
W4200023199,A5073375320
W4200249466,A5103934844
W4200572625,A5104026243
W4200600839,A5029157921
W4200600839,A5036573017
W4205125477,A5000973793
W4205125477,A5070026123
W4205125477,A5029157921
W4205301466,A5004270298
W4205404143,A5016799901
W4205404143,A5084065970
W4206414210,A5078613366
W4206414210,A5077694527
W4206769389,A5022561054
W4207055473,A5062880735
W4207065025,A5003211382
W4207065025,A5043173692
W4207065025,A5018821709
W4207065025,A5049636432
W4207065025,A5005403550
W4207065025,A5017438640
W4207065025,A5028650701
W4207065025,A5025577220
W4207065025,A5058149770
W4207065025,A5018582414
W4207065025,A5009080326
W4207065025,A5017572945
W4213035113,A5025220393
W4213170716,A5083592049
W4213277821,A5006705698
W4213277821,A5104107891
W4213277821,A5081664588
W4213277821,A5110942797
W4214758965,LOCAL_A000302
W4214758965,A5112206530
W4214758965,A5054964486
W4214758965,A5102806749
W4214758965,A5049275505
W4214758965,A5056025737
W4214758965,A5034572659
W4220926051,A5069810619
W4220926051,A5009714502
W4220926051,A5084347766
W4221098262,A5075235852
W4221098262,A5060295199
W4221098262,A5110849253
W4221098262,LOCAL_A000303
W4221098262,A5103840607
W4221098262,A5109542308
W4221098262,A5039896793
W4221098262,A5089022716
W4224025824,A5071517633
W4224025824,A5040773786
W4226229689,A5046255585
W4226229689,LOCAL_A000304
W4226229689,A5029157921
W4226468964,A5080808397
W4226468964,A5100648337
W4226468964,A5033103782
W4229530795,A5077974169
W4232243370,A5089075317
W4232741222,A5077974169
W4233209977,A5007724232
W4233209977,A5024327009
W4233209977,A5048137524
W4234747297,A5087000202
W4234747297,A5086009373
W4234747297,A5102006115
W4234747297,A5019541405
W4234747297,A5033896757
W4234747297,A5091625480
W4236113390,A5047172220
W4236113390,A5077989995
W4236113390,A5061856161
W4236113390,A5018426724
W4238437341,A5077406567
W4243275109,A5100634151
W4243275109,A5099351333
W4243275109,LOCAL_A000305
W4243275109,LOCAL_A000306
W4243275109,LOCAL_A000307
W4243275109,LOCAL_A000308
W4243275109,LOCAL_A000309
W4243275109,LOCAL_A000310
W4243275109,LOCAL_A000311
W4243275109,LOCAL_A000312
W4243275109,LOCAL_A000313
W4243275109,LOCAL_A000314
W4243499502,A5077974169
W4256296284,A5089075317
W4256537277,A5077974169
W4281492481,A5006705698
W4281492481,A5109960792
W4281492481,A5081664588
W4281492481,A5110942797
W4281492481,A5071477512
W4281786168,A5077097054
W4281786168,A5102004247
W4281786168,A5067800187
W4281786168,A5006496190
W4281786168,A5057057975
W4281786168,A5020833933
W4281817358,A5039180885
W4281817358,A5101637383
W4281817358,A5043157568
W4281817358,A5030726191
W4282942155,A5034129399
W4282942155,A5101024767
W4282942155,A5025880905
W4282942155,A5032689906
W4282942155,A5038668071
W4283206317,A5018716044
W4283206317,A5081622130
W4283206317,A5062039544
W4283206317,A5058150074
W4283206317,A5042803653
W4283512790,A5018716044
W4283512790,A5035101973
W4283512790,A5062039544
W4283512790,A5058150074
W4283512790,A5042803653
W4283517724,A5069810619
W4283517724,A5009714502
W4283517724,A5084347766
W4283581586,A5046942020
W4283581586,A5002945095
W4283741100,A5019381003
W4283741100,A5051877757
W4283741100,A5059748553
W4283748022,A5026676431
W4283748022,A5023168181
W4283748022,A5072201492
W4283748022,LOCAL_A000315
W4283748022,A5016568572
W4283754261,A5019381003
W4283754261,A5006705698
W4283765845,A5030044861
W4283765845,A5072224443
W4283765845,A5006705698
W4283824100,A5065771880
W4283824100,A5006705698
W4283832348,A5065771880
W4283832348,A5006705698
W4285066667,A5092295668
W4285096827,A5035756893
W4285191318,A5063440811
W4285191318,A5059821967
W4285191318,A5114023578
W4285191318,A5032599875
W4285191318,LOCAL_A000316
W4285191318,LOCAL_A000317
W4285191318,LOCAL_A000318
W4285191318,LOCAL_A000319
W4285191318,LOCAL_A000230
W4285191318,LOCAL_A000231
W4285191318,LOCAL_A000320
W4285191318,LOCAL_A000321
W4285191318,LOCAL_A000322
W4285191318,LOCAL_A000323
W4285191318,LOCAL_A000324
W4285191318,LOCAL_A000261
W4285191318,LOCAL_A000325
W4285191318,LOCAL_A000326
W4285191318,LOCAL_A000327
W4285191318,LOCAL_A000328
W4285191318,LOCAL_A000329
W4285191318,LOCAL_A000330
W4285191318,LOCAL_A000331
W4285191318,LOCAL_A000332
W4285191318,LOCAL_A000333
W4285191318,LOCAL_A000334
W4285191318,LOCAL_A000335
W4285191318,LOCAL_A000336
W4285191318,LOCAL_A000337
W4285191318,LOCAL_A000338
W4285191318,LOCAL_A000339
W4285191318,LOCAL_A000340
W4285191318,LOCAL_A000341
W4285191318,LOCAL_A000342
W4285191318,LOCAL_A000343
W4285191318,LOCAL_A000344
W4285191318,LOCAL_A000345
W4285191318,LOCAL_A000346
W4285191318,LOCAL_A000347
W4285191318,LOCAL_A000348
W4285191318,LOCAL_A000349
W4285191318,LOCAL_A000350
W4285191318,LOCAL_A000351
W4285191318,LOCAL_A000352
W4285191318,LOCAL_A000353
W4285191318,LOCAL_A000354
W4285191318,LOCAL_A000355
W4285191318,LOCAL_A000356
W4285191318,LOCAL_A000357
W4285191318,LOCAL_A000358
W4285191318,LOCAL_A000359
W4285191318,LOCAL_A000360
W4285191318,LOCAL_A000361
W4285191318,LOCAL_A000362
W4285191318,LOCAL_A000363
W4285191318,LOCAL_A000364
W4285191318,LOCAL_A000365
W4285191318,LOCAL_A000366
W4285191318,LOCAL_A000367
W4285191318,LOCAL_A000368
W4285191318,LOCAL_A000369
W4285191318,LOCAL_A000370
W4285347500,A5100677169
W4285347500,A5012152789
W4285347500,A5070261515
W4285347500,A5036617503
W4285832125,LOCAL_A000371
W4286001748,A5101795004
W4286001748,LOCAL_A000372
W4286432852,A5030044861
W4286432852,A5006705698
W4286432908,A5010198389
W4286432908,A5027033593
W4286432908,A5006705698
W4286432912,A5010198389
W4286432912,A5006705698
W4286432916,A5065771880
W4286432916,A5006705698
W4286432921,A5019381003
W4286432921,A5006705698
W4286432923,A5030044861
W4286432923,A5006705698
W4286432932,A5050096200
W4286432932,A5006705698
W4286432936,A5050096200
W4286432936,A5006705698
W4286432938,A5041445983
W4286432938,A5006705698
W4286432944,A5065771880
W4286432944,LOCAL_A000373
W4286432944,A5006705698
W4286432946,A5065771880
W4286432946,A5006705698
W4286432954,A5065771880
W4286432954,A5081664588
W4286432954,A5006705698
W4286432961,A5041445983
W4286432961,A5027033593
W4286432961,A5006705698
W4286434107,A5091026666
W4286434107,A5102791934
W4286434107,A5015962889
W4286434107,A5020362824
W4286493883,A5088410956
W4286493883,A5043402758
W4286493883,A5008780017
W4286929179,A5024291260
W4286929179,LOCAL_A000374
W4286929179,LOCAL_A000103
W4286929179,A5109033530
W4286929179,A5054964486
W4287266429,A5006468960
W4287640994,A5079813953
W4287824222,A5062934357
W4289878592,A5058677337
W4289878592,A5085044386
W4289878592,A5039967759
W4292373742,A5019381003
W4292373742,A5006705698
W4292430115,A5079947544
W4292430115,A5014446590
W4292430115,A5010882179
W4292485446,A5001139341
W4292485446,A5091402697
W4292485446,A5018388816
W4294187923,A5019381003
W4294187923,A5027033593
W4294187923,A5006705698
W4294187923,A5088701092
W4294187926,A5050096200
W4294187926,A5006705698
W4294187927,A5050096200
W4294187927,A5006705698
W4294187927,A5088701092
W4294187944,A5019381003
W4294187944,A5027033593
W4294187944,A5006705698
W4294187944,A5088701092
W4294187950,A5065771880
W4294187950,A5006705698
W4294187955,A5019381003
W4294187955,A5027033593
W4294187955,A5006705698
W4294187962,A5041445983
W4294187962,A5006705698
W4294265846,A5088454026
W4294265846,A5006705698
W4294265846,A5110942797
W4294366785,A5088454026
W4294366785,A5006705698
W4294366785,A5110942797
W4294368224,A5112861862
W4294368224,A5102490695
W4294368224,A5015193720
W4294867768,LOCAL_A000375
W4294867768,A5088701092
W4294867768,A5006705698
W4295932126,A5088410956
W4295932126,A5040773786
W4295932126,A5071517633
W4295932126,A5008780017
W4296564751,A5077159769
W4296564751,A5027981134
W4296564751,A5007636550
W4296598416,A5004532785
W4296598416,A5084294716
W4296598416,A5039307851
W4296598416,A5036830029
W4296598416,A5046502643
W4296598416,A5112681572
W4296709077,A5019381003
W4296709077,A5042854558
W4296709077,A5088701092
W4296712376,A5019381003
W4296712376,A5042854558
W4296712376,A5088701092
W4296713779,A5010198389
W4296713779,A5109586304
W4296713779,A5088701092
W4301394493,A5018186356
W4301394493,A5060093847
W4301394493,A5054296239
W4301394493,A5114032954
W4301394493,LOCAL_A000376
W4301394493,A5063300406
W4302847498,A5052999341
W4302847498,A5052525223
W4302847498,A5052442705
W4302847498,A5068264867
W4302847498,A5057678443
W4302847498,A5022528171
W4302847498,A5029004884
W4302847498,A5034492478
W4302847498,A5091336030
W4304084373,LOCAL_A000375
W4304084373,A5006705698
W4304084384,A5027033593
W4304084384,A5110942797
W4304084384,A5006705698
W4307521070,A5090829303
W4307521070,A5006545912
W4307521070,A5032570574
W4307521070,A5091402542
W4307521070,LOCAL_A000286
W4307521070,A5007717816
W4307521070,A5101440087
W4307521070,A5108824078
W4307521070,A5020412391
W4307968637,A5052168970
W4307968637,A5001474077
W4307968637,A5044058358
W4307968637,A5110045504
W4307968637,A5004575662
W4307968637,A5007086934
W4307968637,A5026770074
W4307968637,A5031029211
W4307968637,A5071460878
W4307968637,A5080120497
W4307968637,A5021931433
W4307968637,A5021287146
W4307968637,A5089967345
W4308684493,A5002161235
W4308684493,A5046539676
W4308684493,A5045162054
W4308684493,A5089469659
W4308684493,A5101610614
W4308684493,A5026538440
W4308684493,A5064913428
W4311276396,A5018528890
W4311276396,A5000167478
W4312073669,A5046942020
W4312073669,A5002945095
W4312199594,A5014568710
W4312199594,A5004964247
W4312310395,A5025205889
W4312600534,A5071281982
W4312600534,A5036292398
W4312600534,A5051291679
W4312600534,A5073228774
W4312600534,A5015367073
W4312600534,A5052000517
W4312634760,A5051291679
W4312634760,A5091100497
W4312634760,A5082978015
W4312634760,A5071261094
W4312634760,A5053204545
W4312634760,A5052000517
W4312679249,A5034541869
W4312679249,A5085582592
W4312679249,LOCAL_A000377
W4312835598,A5052000517
W4312866422,A5052000517
W4312910875,A5087900851
W4313148375,A5042141088
W4313148375,A5019049009
W4313289507,A5012628404
W4313289507,A5045532432
W4313456478,A5015033686
W4313456478,A5030132492
W4316589740,A5039180885
W4316589740,A5101637383
W4316589740,A5043157568
W4316589740,A5030726191
W4317208165,A5009063961
W4317208165,A5101660391
W4317208165,A5028976017
W4317208165,A5043157568
W4317208165,A5030726191
W4319597735,A5070660416
W4319597735,A5041914128
W4319597735,A5064080611
W4319597735,A5009526572
W4319603301,LOCAL_A000099
W4319603301,A5002700971
W4319603301,A5057673381
W4321159612,A5024924822
W4321159612,A5009714502
W4321159612,A5084347766
W4321251685,A5024924822
W4321251685,A5009714502
W4321251685,A5084347766
W4323029777,A5064935874
W4323029777,A5074162455
W4323029777,A5058313792
W4323029777,A5083180919
W4323269635,A5042559130
W4323269635,A5043362152
W4323341266,A5046033495
W4323341266,LOCAL_A000099
W4323341266,A5045179061
W4323341266,A5058762592
W4327890777,A5086230780
W4327890777,A5046033495
W4360801681,A5067057339
W4361000564,A5065748190
W4361000564,A5110964815
W4361000564,A5030756029
W4361000564,A5057673381
W4361801984,A5071543919
W4361801984,A5045107989
W4361801984,A5028120119
W4362517101,A5034572659
W4362517101,A5047512380
W4362517101,A5088984994
W4362517101,A5033629831
W4362517101,A5006420582
W4362517101,A5074800646
W4362517101,A5018614044
W4362581165,A5039887490
W4362581165,A5087870646
W4362581165,A5111567379
W4362581165,A5035774373
W4362650575,A5085524233
W4362650575,A5102806749
W4362650575,A5023973706
W4362650575,A5083362726
W4362650575,A5009736760
W4362650575,A5034572659
W4362650575,A5046526189
W4362710830,A5056909844
W4362710830,A5074922240
W4362710830,A5020362824
W4362729505,LOCAL_A000378
W4364359960,A5067718322
W4366448654,A5112177412
W4366448654,A5051963851
W4366448654,A5051054748
W4366448654,A5001675506
W4366448654,A5101975004
W4366588309,A5009130748
W4366588309,A5016189943
W4366588309,A5011868594
W4366588309,A5022413759
W4367024167,A5057023966
W4367366146,A5070354745
W4367366146,A5010228370
W4367366146,A5074035628
W4367366146,A5014397493
W4367366146,LOCAL_A000379
W4367366146,A5042145631
W4375939788,A5037587230
W4375939788,A5020362824
W4375957567,LOCAL_A000380
W4375957567,A5009757136
W4375957567,A5052029634
W4375957567,A5104136263
W4376127836,A5070708078
W4376127836,A5002099463
W4376127836,A5104115221
W4376127836,A5091922471
W4376127836,A5112323416
W4376127836,A5003620404
W4376127836,A5003822713
W4376127836,A5068483265
W4376566290,A5080743502
W4376566290,A5110780252
W4376566290,A5101860187
W4376566290,LOCAL_A000381
W4376566290,A5086822781
W4376566290,A5068124673
W4376566290,LOCAL_A000382
W4376566290,A5031177860
W4376566290,A5077358597
W4376566290,A5051450131
W4376638002,A5054964486
W4376638002,A5034572659
W4376638002,A5083170304
W4376638002,A5070482335
W4376891951,A5111349661
W4376891951,A5012042206
W4376891951,A5101884633
W4376891951,A5010001093
W4376891951,A5113211574
W4376891951,A5113714554
W4376891951,A5010882179
W4376891951,A5002953807
W4376891951,A5014247682
W4376891951,A5036850374
W4376891951,A5107276587
W4376891951,A5086241692
W4376891951,A5027527648
W4376891951,A5051704996
W4376891951,A5025657852
W4376891951,A5016981467
W4376891951,A5053530979
W4376891951,A5011418488
W4376891951,A5086419990
W4376891951,A5104753098
W4376891951,A5035021719
W4376891951,A5009714575
W4376891951,A5022270322
W4376891951,A5088838623
W4376891951,A5083743252
W4376891951,A5009865975
W4376891951,A5084845414
W4376891951,A5068659658
W4376891951,A5100681381
W4376891951,A5000164844
W4378983058,A5112927327
W4378983058,A5060576424
W4378983058,A5109035078
W4378983058,A5013499835
W4378983058,A5002775135
W4379231704,A5076809954
W4379231704,A5110985355
W4379231704,LOCAL_A000383
W4379514722,A5026969387
W4379514722,A5069162937
W4379514722,A5006254056
W4379514722,A5066152930
W4379514722,A5026149302
W4380417077,A5009714502
W4380417077,A5084347766
W4380417077,A5024924822
W4380629569,A5036337561
W4380886044,A5009714502
W4380886044,A5084347766
W4380886044,A5024924822
W4381195669,A5056823419
W4381195669,A5108844516
W4381195669,A5102525038
W4381234360,A5036337561
W4381234360,A5113262960
W4381250003,LOCAL_A000384
W4381250003,LOCAL_A000099
W4381250021,A5020362824
W4381250021,LOCAL_A000385
W4381250021,LOCAL_A000386
W4381250021,LOCAL_A000387
W4381436947,A5049804329
W4381436947,A5087106458
W4381436947,LOCAL_A000388
W4381546781,A5108640854
W4381546781,A5021635788
W4381546781,A5104132940
W4381546781,A5092228143
W4381546781,A5114060108
W4381546781,A5040190344
W4381683241,LOCAL_A000389
W4381683241,A5045826726
W4381683241,A5006496190
W4381683241,A5083276453
W4381683241,A5008510437
W4381683241,A5035378097
W4381683241,A5052968307
W4381683241,A5102004247
W4381683241,A5020833933
W4382813560,A5065984932
W4382813560,A5065042911
W4382813560,A5101219574
W4382813560,A5012509568
W4382985010,A5057625755
W4383875588,A5112965708
W4383875588,A5092443615
W4383875588,A5061233140
W4383875588,A5013334398
W4383875588,A5088783066
W4383875588,A5063042707
W4383875588,A5072983548
W4384818111,A5100776154
W4384818111,A5059615758
W4384818111,A5070726803
W4384916536,A5101412722
W4384916536,A5042141088
W4384916536,A5015416684
W4385235017,A5001857425
W4385235017,A5088984994
W4385235017,A5033629831
W4385235017,A5083170304
W4385235017,A5001562845
W4385235017,A5030100270
W4385235017,LOCAL_A000390
W4385235017,A5059380500
W4385265498,A5048178300
W4385265498,A5070501321
W4385265498,A5111063999
W4385265498,A5054062927
W4385265498,A5101227434
W4385265498,A5042953536
W4385265498,A5104075392
W4385265498,A5088894961
W4385369625,A5111016325
W4385372578,A5092778074
W4385372578,A5109626592
W4385440069,A5112971315
W4385440069,A5101972755
W4385440069,A5043301027
W4385443788,LOCAL_A000391
W4385443788,A5012533041
W4385845285,A5029157921
W4385845285,A5070026123
W4385845285,A5021056526
W4385961554,A5068286496
W4385961554,A5112982599
W4385961554,A5112982600
W4386009983,A5031708507
W4386060718,A5104159172
W4386060718,LOCAL_A000392
W4386082118,A5027548516
W4386082131,A5092677217
W4386098607,A5027548516
W4386251985,A5092815858
W4386290236,A5031161877
W4386290236,A5063325493
W4386290236,A5092718174
W4386290236,A5008382937
W4386536502,A5112918103
W4386536502,A5080314531
W4386536502,A5092774130
W4386536502,A5027548516
W4386547305,A5100701432
W4386547305,A5018288108
W4386547305,A5062017995
W4386547305,A5077989995
W4386547305,A5072201492
W4386547305,A5002904166
W4386547305,A5042307561
W4386560822,A5112918103
W4386560822,A5080314531
W4386560822,A5092774130
W4386560822,A5027548516
W4386616621,A5017773373
W4386616621,A5013842891
W4386851484,A5042141088
W4386851484,A5113003739
W4386851484,A5054882120
W4386851484,A5092900285
W4386851484,A5092900286
W4386851484,A5092900287
W4386932733,A5074503531
W4386932733,A5058794010
W4386939450,A5042141088
W4386939450,A5113003739
W4387028138,A5042141088
W4387028138,A5113003739
W4387071130,A5092949062
W4387071130,A5054360822
W4387071130,A5103072436
W4387071130,A5077930392
W4387103468,A5031161877
W4387103468,LOCAL_A000393
W4387116947,A5085044386
W4387116947,A5065884707
W4387124706,A5017615722
W4387124706,A5059041759
W4387124706,A5088730223
W4387124706,A5011841596
W4387315342,A5032750590
W4387315342,A5087859003
W4387315342,A5113015228
W4387315342,A5031703189
W4387390226,A5069934465
W4387390226,LOCAL_A000380
W4387566111,A5007737431
W4387566111,A5104181817
W4387566111,A5102346530
W4387566111,A5043412244
W4387566111,A5114045481
W4387566111,A5027433720
W4387566111,LOCAL_A000394
W4387586125,A5108870180
W4387586125,A5113021945
W4387586125,LOCAL_A000395
W4387938158,A5092395055
W4388223981,A5022241843
W4388223981,LOCAL_A000396
W4388223981,A5030697249
W4388223981,A5101399107
W4388309641,A5028867378
W4388405219,A5031742904
W4388405219,A5074327529
W4388504134,A5004993090
W4388504134,A5096325752
W4388504134,A5101265078
W4388504134,A5103195189
W4388504134,A5096042325
W4388504134,A5079356031
W4388504134,A5111060140
W4388504134,A5090559942
W4388998466,A5087806761
W4388998466,A5000286137
W4388998466,A5035120699
W4388998466,A5110579458
W4388998466,A5013902945
W4388998466,A5071788034
W4388998466,A5049616479
W4389083570,A5031344072
W4389083570,A5093360005
W4389150287,A5062084624
W4389150287,A5046399932
W4389150287,A5062225876
W4389689650,A5074503531
W4390055640,A5041861160
W4390547547,A5012087265
W4390547547,A5112687130
W4390547547,A5029407674
W4390598605,A5014340937
W4390598605,A5093656409
W4390598605,A5090060128
W4390598605,A5032288969
W4390598605,A5086572621
W4390598605,A5021228869
W4390598605,A5076082548
W4390598605,A5100776154
W4390639711,A5108761377
W4390717671,A5113092365
W4390717671,A5101290167
W4390717671,A5056839415
W4390717671,A5104301123
W4390717671,A5100772703
W4390717671,A5109478605
W4390755420,A5112331051
W4390755420,A5026614237
W4390883270,A5042559130
W4390890223,A5042559130
W4390890223,A5101569963
W4391185418,A5093677853
W4391185418,A5093677854
W4391185418,A5104233840
W4391185418,A5104233841
W4391186569,A5023010845
W4391186569,A5079426909
W4391445568,A5056133033
W4391445568,A5101299685
W4391445568,A5109679550
W4391445568,LOCAL_A000397
W4391445568,A5092593524
W4391445568,LOCAL_A000398
W4391445568,A5040535770
W4391445568,A5090836028
W4391826672,A5114186846
W4391826672,A5053472969
W4391826672,LOCAL_A000399
W4391826672,A5104243858
W4391826672,A5109742382
W4391826672,LOCAL_A000400
W4392346811,A5062476242
W4392346811,A5024009181
W4392346811,A5110180724
W4392346811,A5056677817
W4392346811,A5094041631
W4392346811,A5007640729
W4392346811,A5060317298
W4392346811,LOCAL_A000401
W4392709346,LOCAL_A000402
W4392709346,A5053655626
W4392709346,A5065970712
W4392709346,A5068309504
W4392709346,A5067800126
W4392709346,A5017913111
W4392709346,A5012021096
W4392709346,A5035970169
W4392709346,A5083899294
W4392709346,A5041603130
W4392709346,A5052253557
W4392709346,A5113137129
W4392709346,A5018227404
W4392709346,A5091071937
W4392709529,A5020412391
W4392709529,A5028419754
W4392709529,A5007717816
W4392709529,A5066145908
W4392709529,A5085218551
W4392810746,A5108908629
W4392810746,A5102895643
W4392810746,A5046033495
W4392949586,A5075209004
W4392949586,A5007636550
W4392949586,A5077159769
W4392985494,LOCAL_A000403
W4393066106,A5084344101
W4393066106,A5067434970
W4393066106,A5049884996
W4393066106,A5019746336
W4393066106,A5111151930
W4393066106,A5010770404
W4393336473,A5031161877
W4393336473,A5063325493
W4393336473,A5094282888
W4393336473,A5094282889
W4393336473,A5008382937
W4393384981,A5059958821
W4393746121,LOCAL_A000404
W4393746121,A5112206530
W4393746121,A5054964486
W4393746121,A5102806749
W4393746121,A5049275505
W4393746121,A5056025737
W4393746121,A5034572659
W4393804002,LOCAL_A000404
W4393804002,A5112206530
W4393804002,A5054964486
W4393804002,A5102806749
W4393804002,A5049275505
W4393804002,A5056025737
W4393804002,A5034572659
W4394784474,A5046667713
W4394784474,A5047754943
W4394784474,A5066718144
W4394998404,A5101340227
W4394998404,A5078920305
W4395449962,A5049764226
W4395449962,A5054983995
W4395449962,A5077856417
W4395449962,A5027163198
W4395449962,A5102780199
W4395449962,A5049415464
W4396619621,A5042141088
W4396619621,A5013060777
W4396619621,A5096293397
W4396628329,A5104293876
W4396628329,A5042141088
W4396664305,A5041894479
W4396664305,A5102660187
W4396664305,A5096680269
W4396664305,A5103520002
W4396700771,A5100766548
W4396700771,A5110190664
W4396875764,A5101353051
W4396875764,A5093981255
W4396875764,A5034938372
W4396875764,A5003473737
W4396875764,A5055004314
W4396875764,A5057664957
W4396875764,A5068511935
W4397009991,A5101626772
W4397009991,A5090593514
W4397009991,A5002827253
W4397009991,A5003396849
W4398228557,A5074503531
W4398228557,A5108934667
W4398789713,A5046033495
W4398789713,A5025732300
W4398789713,A5076831357
W4398789713,A5098817519
W4399013222,LOCAL_A000391
W4399751774,A5099167405
W4399763896,A5065984932
W4399763896,A5015666278
W4399763896,A5103170579
W4399763896,A5012509568
W4399982943,A5099440088
W4399982943,A5099440089
W4400130420,LOCAL_A000405
W4400130420,A5026149302
W4400259404,A5057348645
W4400259404,A5099851173
W4400259404,A5053761995
W4400346316,A5101626772
W4400346316,A5003396849
W4400389534,A5110647737
W4400389534,A5100037796
W4400420277,LOCAL_A000406
W4400574861,A5065962329
W4400574861,A5068862407
W4400574861,A5043049232
W4400733488,A5104635098
W4400733488,A5002689322
W4400733488,A5093797244
W4400733488,A5020463942
W4400889849,A5107334594
W4400889849,A5007925084
W4400889849,A5109750908
W4400889849,A5104942826
W4400889849,A5111265074
W4400889849,A5109750909
W4400889849,A5104942827
W4400934330,A5065465017
W4400934330,LOCAL_A000407
W4400934330,A5105012314
W4400937770,A5037715406
W4400937770,A5036074751
W4400937770,A5034572659
W4401179614,A5106161395
W4401275036,A5049698133
W4401275036,A5106257856
W4401275036,A5035584901
W4401275036,A5092687136
W4401470304,A5103253581
W4401517445,A5106502439
W4401517445,A5082154225
W4401517445,A5078613366
W4401550576,A5110947774
W4401617376,A5108638252
W4401617376,A5007295809
W4401831013,A5061893866
W4401831013,A5031717574
W4401831013,A5077989995
W4401948907,A5085150492
W4401948907,A5079480834
W4401948907,A5101815460
W4401948907,A5069826673
W4401948907,A5103112755
W4401948907,A5101690410
W4401948907,A5108233925
W4401948907,A5103133298
W4401948907,A5090730240
W4401948907,A5031031874
W4401959784,A5040003914
W4401959784,A5106803393
W4401959784,A5106781066
W4401960308,A5017305518
W4401960308,A5037989297
W4402043000,A5113357766
W4402043000,A5106841018
W4402043000,A5053794733
W4402129400,A5051420985
W4402129400,A5106931559
W4402129400,A5111347523
W4402129400,A5016982085
W4402129400,A5057274224
W4402129400,A5072903915
W4402533417,A5056823419
W4402533417,A5107198922
W4402557116,A5109782608
W4402557116,A5042141088
W4402847072,A5009692670
W4402847072,A5107618613
W4402876258,A5081592766
W4402876258,A5043214194
W4402876258,A5035122431
W4402876258,A5107581936
W4402894282,A5106502439
W4402894282,A5082154225
W4402894282,A5078613366
W4402894282,A5021847930
W4403071246,A5103072436
W4403071246,A5054360822
W4403071246,A5092949062
W4403071246,A5077930392
W4403134195,A5022946961
W4403134195,A5107760606
W4403134195,A5084325237
W4403155959,A5107768506
W4403155959,A5101624945
W4403155959,A5110835806
W4403155959,A5120017289
W4403155959,A5031161877
W4403155959,A5061980990
W4403457169,A5109692993
W4403457169,A5061049640
W4403457169,A5045541958
W4403457169,A5000548221
W4404044791,A5037488103
W4404174159,A5084751540
W4404174159,A5046981823
W4404367010,A5100744810
W4404367010,LOCAL_A000408
W4404419098,A5046633562
W4404419098,A5046846003
W4404419098,LOCAL_A000409
W4404837890,A5042752687
W4404837890,A5074158974
W4404837890,LOCAL_A000410
W4404837890,A5109136467
W4404837890,LOCAL_A000411
W4404837890,A5012795098
W4404837890,A5055888733
W4405130076,A5016165289
W4405130076,A5101972901
W4405135580,A5055103179
W4405135580,A5115041579
W4405135580,LOCAL_A000412
W4405135580,A5111089455
W4405135580,A5004341522
W4405335093,A5104337962
W4405335093,A5101080410
W4405335093,A5034572659
W4405335093,A5018614044
W4405335093,A5113747468
W4405335093,A5103159189
W4405378921,A5115435966
W4405387853,A5058220593
W4405483602,A5100744810
W4405483602,LOCAL_A000408
W4405592947,A5030511837
W4405592947,A5103029566
W4405592947,A5007920755
W4405757553,A5115633054
W4405757553,A5074978546
W4405757553,A5090865034
W4405757553,A5014097779
W4405945941,A5029407674
W4405945941,A5054946215
W4405945941,A5109776692
W4405957313,A5100772703
W4405957313,A5069067099
W4405957313,LOCAL_A000413
W4405957313,A5004094067
W4405957313,A5073800051
W4405957313,A5010412662
W4405992004,A5012833011
W4405992004,A5070418471
W4405992004,LOCAL_A000414
W4405992004,LOCAL_A000415
W4406110549,A5036212178
W4406110549,A5030177637
W4406110549,A5061049640
W4406110549,A5091046899
W4406110549,A5035840553
W4406110549,LOCAL_A000416
W4406110549,A5015142652
W4406734969,A5078162843
W4406734969,A5011297917
W4406848700,A5091576742
W4406848700,A5010372016
W4406970545,A5031161877
W4406970545,LOCAL_A000417
W4406970545,A5086818392
W4406970545,A5041664690
W4407060664,A5055658324
W4407060664,LOCAL_A000418
W4407060664,A5101742691
W4407060664,A5077456883
W4407060664,A5031161877
W4407130410,A5116144841
W4407130410,A5020231952
W4407130410,A5029072011
W4407159495,A5107334594
W4407159495,A5100015837
W4407159495,LOCAL_A000419
W4407159495,A5025379392
W4407159495,LOCAL_A000420
W4407159495,A5010213012
W4407370804,A5103152813
W4407370804,LOCAL_A000421
W4407370804,A5111347325
W4407436069,A5078984352
W4407436069,A5092892831
W4407436069,A5084293052
W4407436069,A5116250663
W4407436069,A5083147348
W4407561213,A5085026472
W4407561213,A5066772680
W4407561213,A5038456548
W4407561213,A5036072460
W4407561213,A5007358249
W4407561213,A5010910230
W4407561213,A5049578807
W4407561213,A5021059255
W4407561213,A5065649299
W4407561213,A5064804073
W4407561213,A5024054120
W4407561213,A5003021924
W4407561213,A5071115771
W4407561213,A5072611129
W4407561213,A5025363291
W4407670121,A5085740219
W4407670121,LOCAL_A000010
W4407670121,A5019298056
W4407670121,A5081485853
W4407899193,A5102885587
W4407899193,A5005197974
W4407908882,A5025614310
W4407908882,A5058840176
W4407908882,A5004612077
W4408000429,LOCAL_A000422
W4408000429,A5075064773
W4408000429,LOCAL_A000423
W4408000429,A5116441306
W4408000429,A5033041246
W4408000429,LOCAL_A000424
W4408000429,A5101267559
W4408000429,LOCAL_A000425
W4408000429,A5055888733
W4408000429,LOCAL_A000426
W4408000429,LOCAL_A000427
W4408028742,A5110845742
W4408028742,A5021296526
W4408040591,LOCAL_A000428
W4408078575,A5038001329
W4408078575,LOCAL_A000429
W4408078682,A5114995951
W4408200799,A5086143812
W4408200799,A5116540098
W4408200799,A5102730698
W4408235709,A5021197768
W4408235709,A5069783085
W4408235709,A5107520148
W4408235709,A5019746336
W4408235709,A5084344101
W4408465787,A5116630260
W4408465787,A5116630261
W4408719264,A5104387604
W4408719264,A5022353158
W4408722193,A5057393450
W4408722193,LOCAL_A000430
W4408722193,LOCAL_A000431
W4408722193,A5066979288
W4408722193,A5104139448
W4408722193,A5077358597
W4408722193,A5053044038
W4408722193,A5065293686
W4408722193,A5058465231
W4408940629,A5058220593
W4408960506,LOCAL_A000432
W4408960506,A5063751724
W4408960506,LOCAL_A000433
W4408960506,A5021261421
W4408960506,A5033957854
W4408960506,LOCAL_A000434
W4408960506,A5058668108
W4409008032,A5055133700
W4409008032,A5010210073
W4409008032,A5039705052
W4409008032,A5102516866
W4409008032,A5057592175
W4409008032,A5068081123
W4409269297,A5117078370
W4409293757,A5111310324
W4409293757,A5117087722
W4409377644,A5041321676
W4409377644,A5104075933
W4409377644,LOCAL_A000435
W4409377644,LOCAL_A000436
W4409377644,A5034987468
W4409462844,A5013654224
W4409462844,A5107906105
W4409462844,A5101416013
W4409462844,A5067800126
W4409462844,A5103958108
W4409462844,A5054517839
W4409462844,A5041603130
W4409462844,A5052253557
W4409462844,A5018227404
W4409462844,A5113137129
W4409462844,A5017913111
W4409462844,A5025344010
W4409518500,A5117182966
W4409518500,A5032625001
W4409518500,A5102885587
W4409675529,LOCAL_A000437
W4409675529,A5081983746
W4409675529,A5089334735
W4409823968,A5117323253
W4409823968,A5079471980
W4409823968,A5102885587
W4409858212,A5014397493
W4409858212,LOCAL_A000438
W4409858212,A5070354745
W4409858212,A5046152034
W4409858212,LOCAL_A000439
W4409858212,A5117346098
W4410061102,A5117424256
W4410061269,A5112978882
W4410070026,A5068322618
W4410070026,A5117428843
W4410070026,A5117428844
W4410070026,A5073166210
W4410070026,A5006535949
W4410070026,A5117428845
W4410070105,A5061277637
W4410070105,A5117428933
W4410070105,LOCAL_A000440
W4410070105,A5003871391
W4410228195,A5098732947
W4410228195,A5106708348
W4410228195,A5009209108
W4410228195,A5084344101
W4410256716,A5024056764
W4410256716,A5091523509
W4410256716,A5058987661
W4410256716,A5002285759
W4410344643,A5062003821
W4410344643,A5114222021
W4410344643,A5069934465
W4410344643,A5008074955
W4410442100,A5076831357
W4410442100,A5080190481
W4410442100,A5023652148
W4410442100,A5065748190
W4410502019,A5036081937
W4410502019,A5089584186
W4410502019,A5091611269
W4410502019,A5012274597
W4410502019,A5117599545
W4410502019,A5074093573
W4410502019,A5072516040
W4410502019,A5113287346
W4410502019,A5117599546
W4410502019,A5025952021
W4410502019,A5088212360
W4410502019,A5071928109
W4410502019,A5081826415
W4410502019,A5005562712
W4410502019,A5075005049
W4410512910,A5063801562
W4410512922,A5061056422
W4410512922,A5117603944
W4410512922,LOCAL_A000441
W4410512922,LOCAL_A000442
W4410512922,A5023652148
W4410512946,A5117603954
W4410810274,A5086143812
W4410810274,A5116540098
W4410810274,A5004618448
W4410810274,A5114705828
W4410810312,A5038835298
W4410810312,A5116540098
W4410810312,A5102730698
W4410810484,A5072708707
W4410810484,A5050411356
W4410810484,A5024654850
W4410810484,A5027709025
W4410810484,LOCAL_A000443
W4410810484,A5018054378
W4410853424,A5117757559
W4410853424,A5111800896
W4410853424,A5049764226
W4410853424,A5110130160
W4410853424,A5047114429
W4410853430,A5117757562
W4410853430,A5117757563
W4410853904,A5042789478
W4410854975,A5117758222
W4410856514,A5036824452
W4410856514,A5034148650
W4410891208,A5046613313
W4410891208,A5002827253
W4410891208,A5014938626
W4410891208,A5003396849
W4410974180,A5071504081
W4410974180,A5100012822
W4410974180,A5117644945
W4410974180,A5082627916
W4410974180,A5075235852
W4410974180,A5059510291
W4410974180,A5110731166
W4410974180,A5089200750
W4410974180,A5089022716
W4411160005,A5036887999
W4411160005,A5117938566
W4411160005,A5113627912
W4411160005,A5033765445
W4411160005,A5108186826
W4411207447,A5075791229
W4411207447,A5087144106
W4411207447,A5025713017
W4411207447,A5074761112
W4411207447,A5101464227
W4411212850,A5017280670
W4411249372,A5078613366
W4411249372,A5077694527
W4411289136,A5118256435
W4411289136,A5118143932
W4411289136,A5118143933
W4411289136,A5118143934
W4411289136,A5118143935
W4411326098,LOCAL_A000444
W4411326098,A5101985554
W4411384542,A5102013689
W4411384542,A5055078097
W4411384542,A5006709815
W4411413958,A5051113352
W4411413958,A5118388860
W4411441940,A5029407674
W4411441940,A5054946215
W4411441940,A5109776692
W4411469856,A5019108633
W4411469856,A5101835954
W4411469856,A5100977585
W4411469856,A5108865394
W4411469856,A5091523509
W4411567740,A5118601678
W4411567740,A5054946215
W4411567740,A5067559759
W4411567740,A5100643970
W4411567740,A5089444182
W4411567740,A5029407674
W4411626102,A5058526082
W4411626102,A5011077680
W4411689146,A5011427978
W4411689146,LOCAL_A000445
W4411689146,A5118648874
W4411689146,A5118648875
W4411689146,A5114195715
W4411689146,A5101863198
W4411707776,A5083592049
W4411777799,A5118694700
W4411777799,A5012861326
W4411777799,LOCAL_A000446
W4411828010,A5101788557
W4411828010,A5103253581
W4411880963,A5013260322
W4411880963,A5081322932
W4411880963,A5118752430
W4412003814,A5044906171
W4412003814,A5088349333
W4412083350,A5087438050
W4412083350,A5044266379
W4412083350,A5090445830
W4412161992,A5101662082
W4412161992,A5012956416
W4412161992,A5102004247
W4412161992,A5026427058
W4412161992,A5035378097
W4412161992,A5008510437
W4412161992,A5103184608
W4412161992,A5102008622
W4412161992,A5045826726
W4412161992,A5020729122
W4412161992,A5113119675
W4412161992,A5006496190
W4412161992,A5031370887
W4412161992,A5020833933
W4412189097,A5118908313
W4412189097,A5051565588
W4412189097,A5103560974
W4412189097,LOCAL_A000447
W4412189097,A5081255705
W4412404272,A5050879879
W4412404272,A5036034688
W4412404272,A5101772613
W4412404272,A5089793687
W4412404272,A5091266202
W4412569248,A5119042679
W4412569248,A5119042680
W4412569248,A5119042681
W4412569248,A5015269024
W4412581388,A5100632425
W4412581388,A5055786940
W4412581388,A5073172349
W4412583333,A5009549735
W4412583333,A5002700971
W4412583333,A5100632425
W4412834641,A5067110618
W4412834641,A5000210296
W4412834641,A5113009765
W4412834641,A5034342997
W4412834641,A5100759389
W4412834641,A5031297358
W4412834641,A5077733475
W4412834641,A5055532716
W4412944887,A5032100162
W4412944887,A5052294575
W4412977942,A5102013689
W4412977942,A5103945707
W4413106375,A5006282791
W4413106375,A5012875627
W4413106375,A5080476765
W4413106375,A5003396849
W4413106375,A5034159221
W4413106375,A5050904768
W4413106375,A5028948267
W4413182358,A5078787236
W4413182358,A5084985533
W4413182358,A5090489273
W4413265398,A5119326618
W4413265398,A5071926923
W4413265398,A5099052586
W4413265398,A5112077621
W4413265398,A5039052968
W4413265398,A5110548057
W4413265398,A5080811307
W4413265398,A5066821118
W4413373431,A5119368558
W4413373431,A5023271480
W4413373431,A5119368559
W4413373431,A5117364495
W4413373431,LOCAL_A000448
W4413380470,A5119371022
W4413380470,LOCAL_A000449
W4413380470,A5119371023
W4413380470,A5119371024
W4413730202,A5101629727
W4413730202,A5101879339
W4413730202,A5044936759
W4413844613,A5060017962
W4413844613,A5112689304
W4413844613,A5040850954
W4413957744,A5067691424
W4413957744,A5017369658
W4413957744,A5006096258
W4413957744,A5067058159
W4413957744,LOCAL_A000202
W4413958021,A5071594228
W4413958021,A5102885587
W4414020827,LOCAL_A000450
W4414020827,A5112799690
W4414023483,A5006513255
W4414023483,A5085078871
W4414023483,LOCAL_A000451
W4414023483,A5051047872
W4414023483,A5061049640
W4414023483,A5024910823
W4414023483,A5064645144
W4414053701,A5119566593
W4414053701,A5031161877
W4414053701,A5109689211
W4414053701,A5091523509
W4414060981,A5119568655
W4414060981,A5119568656
W4414060981,A5119568657
W4414060981,LOCAL_A000452
W4414115402,A5116116783
W4414115402,A5059989774
W4414115402,A5073305924
W4414115402,A5054482402
W4414115402,A5053616239
W4414170274,A5030511837
W4414170274,A5103029566
W4414170274,A5007920755
W4414206059,A5010632118
W4414206059,A5100402379
W4414206059,A5021354106
W4414206059,A5076305988
W4414206059,A5006811097
W4414206818,A5002945095
W4414206818,A5046942020
W4414218848,A5069939265
W4414218848,LOCAL_A000453
W4414218848,A5055050491
W4414218884,A5069939265
W4414218884,A5120542484
W4414218884,A5103064879
W4414227725,A5057264704
W4414227725,A5091701946
W4414227725,A5036260987
W4414227725,A5069952562
W4414417404,A5072878768
W4414417404,A5051004413
W4414417404,A5041448847
W4414417404,A5043749543
W4414417404,A5026364638
W4414595727,A5115720696
W4414595727,A5013383889
W4414595727,A5014362711
W4414595727,A5011297917
W4414701392,A5061049640
W4414701392,A5014715890
W4414701392,A5000548221
W4414701392,A5113496089
W4414708112,A5107436860
W4414708112,A5042211118
W4414708112,A5104330936
W4414708112,A5089700327
W4414708112,A5117365838
W4414708112,A5065278638
W4414708112,A5024782599
W4414708112,A5119797401
W4414708112,A5067497938
W4414708112,A5113121460
W4414708112,A5026391773
W4414708112,A5024439777
W4414708112,A5109582787
W4414708112,A5018885199
W4414753857,A5119048346
W4414761507,LOCAL_A000454
W4414761507,LOCAL_A000455
W4414786344,A5114368828
W4414786344,LOCAL_A000456
W4414786344,A5046562648
W4414786344,A5104779246
W4414786344,A5083500033
W4414786344,A5064050048
W4414883085,A5061049640
W4414883085,A5000548221
W4414883085,A5113496089
W4414920857,A5003489886
W4414920857,A5100687895
W4414920857,A5087106458
W4415054842,A5083945787
W4415054842,A5112230202
W4415093469,A5065897099
W4415093469,A5059897834
W4415093469,A5086434450
W4415093469,A5027936517
W4415093469,A5075279250
W4415163764,A5111186868
W4415163764,A5053533713
W4415163764,A5018757905
W4415163764,LOCAL_A000457
W4415163764,A5101610795
W4415163764,A5001675506
W4415163764,A5101975004
W4415170399,A5074327529
W4415170399,A5073605632
W4415170399,A5011173370
W4415170399,A5048993786
W4415196659,A5053429667
W4415196659,A5040031185
W4415196659,A5066900397
W4415196659,A5075209004
W4415350151,A5017773373
W4415350151,A5068908636
W4415350151,A5021501825
W4415350151,A5059661400
W4415350151,A5100623707
W4415374457,A5102013689
W4415374457,A5006709815
W4415383964,A5091390670
W4415383964,A5054233093
W4415383964,A5076045469
W4415383964,LOCAL_A000458
W4415383964,A5036382252
W4415383964,A5005681997
W4415383964,A5101475545
W4415383964,A5027351152
W4415383964,A5016059020
W4415383964,A5035821509
W4415458934,A5007410147
W4415458934,A5103514725
W4415458934,A5060017962
W4415653025,A5102981857
W4415653025,A5112689304
W4415653025,A5060017962
W4415653025,A5040850954
W4415675047,A5039122925
W4415675047,A5113932182
W4415714390,LOCAL_A000459
W4415714390,A5120194609
W4415714390,A5033928651
W4415714390,A5103028918
W4415714390,A5054736195
W4415714390,A5048385480
W4415809553,A5086989944
W4415809553,A5020787018
W4415809553,A5043693171
W4415927132,A5028244068
W4415927132,A5012589054
W4415927132,A5106649352
W4415927132,A5068991338
W4415927132,A5076286685
W4415950711,A5091799409
W4415950711,A5065757063
W4415950711,A5112322690
W4415950711,A5041064801
W4416174863,A5000459728
W4416174863,A5030792313
W4416174863,A5014938626
W4416174863,A5087106458
W4416208916,A5071504081
W4416208916,A5100012822
W4416208916,A5082627916
W4416208916,A5117644945
W4416208916,A5075235852
W4416208916,A5116503919
W4416208916,A5059510291
W4416208916,A5110731166
W4416208916,A5089200750
W4416208916,A5089022716
W4416239940,LOCAL_A000460
W4416239940,A5000375848
W4416239940,A5056682277
W4416239940,A5073611407
W4416239940,A5078128767
W4416239940,LOCAL_A000461
W4416239940,A5043412244
W4416367685,A5101772613
W4416367685,A5026216458
W4416367685,A5089793687
W4416367685,A5004618448
W4416367685,A5004083201
W4416426658,A5042141088
W4416426658,A5102384455
W4416440837,A5044033680
W4416440837,A5115998618
W4416440837,A5036727378
W4416440837,A5031687662
W4416440837,A5082583844
W4416570357,A5055651175
W4416570357,LOCAL_A000462
W4416570357,LOCAL_A000463
W4416570357,A5101962558
W4416570357,A5013984891
W4416570357,A5112388401
W4416734647,LOCAL_A000047
W4416734647,A5102958072
W4416734647,A5068804587
W4416734647,A5062256983
W4416734647,A5015269024
W4416734647,A5074327529
W4416770216,A5102013689
W4416770216,A5091407554
W4416770216,A5006709815
W4416777431,A5108312301
W4416777431,A5042141088
W4416777431,A5102384455
W4416780613,A5039502465
W4416780613,A5074560142
W4416780613,LOCAL_A000464
W4416780613,LOCAL_A000465
W4416780613,A5064289811
W4416780613,A5110956725
W4416780613,A5120524910
W4416791975,A5017773373
W4416791975,A5062256983
W4416791975,A5039052968
W4416791975,A5013846032
W4416791975,A5013842891
W4416900077,A5102008168
W4416900077,A5068477180
W4416900077,A5117509360
W4416900077,A5120676815
W4416900077,A5101908614
W4416900077,A5035224025
W4416900077,A5015269024
W4416953893,A5120630366
W4416992823,A5013790137
W4416992823,A5114045903
W4416994986,A5094151435
W4416994986,A5120712991
W4417007013,A5037482393
W4417007013,A5034572659
W4417007013,A5062292777
W4417007013,A5051000539
W4417007013,A5082945083
W4417007013,A5076626025
W4417007013,A5020053167
W4417007013,A5083804370
W4417007013,A5025312667
W4417007013,A5074350013
W4417007013,A5070587435
W4417007013,A5080831219
W4417007013,A5028063152
W4417007013,A5009080751
W4417007013,A5118883091
W4417051617,A5039876499
W4417051617,A5053690387
W4417051617,A5005634790
W4417051617,A5120591746
W4417051617,A5053998535
W4417052346,LOCAL_A000466
W4417052346,A5120690682
W4417052346,A5101772613
W4417052346,A5011855564
W4417052346,A5050879879
W4417052514,A5101900159
W4417052514,A5103041986
W4417052514,A5101663833
W4417052514,A5050879879
W4417058714,A5042141088
W4417058714,A5120691163
W4417058714,A5120715242
W4417058714,A5000461756
W4417058714,A5120691164
W4417058714,A5015416684
W4417058714,A5042254735
W4417064001,A5084006403
W4417064001,LOCAL_A000467
W4417064001,LOCAL_A000468
W4417064001,A5108865394
W4417064001,A5048072243
W4417064001,A5115945200
W4417088395,A5010733986
W4417088395,A5053219066
W4417088395,A5069332870
W4417088395,A5036824452
W4417115218,A5102384455
W4417268735,A5044058358
W4417268735,A5033058790
W4417268735,A5006955283
W4417268735,A5034048261
W4417268735,A5084985533
W4417268735,A5038993769
W4417268735,A5030875962
W4417297452,A5054233093
W4417297452,A5080025175
W4417297452,A5050688178
W4417297452,A5110933354
W4417297452,A5112607197
W4417297452,LOCAL_A000469
W4417297452,A5069820449
W4417297452,A5050055502
W4417297452,A5061584198
W4417297452,A5080211232
W4417297452,A5035821509
W4417297452,A5104035119
W4417297452,A5110830995
W4417297452,A5100612147
W4417297452,LOCAL_A000470
W4417297452,A5010412662
W4417319514,A5048993786
W4417319514,A5117509360
W4417319514,A5095604805
W4417319514,A5063030612
W4417319514,A5057145784
W4417319514,A5015269024
W4417319514,A5074327529
W4417421887,A5039052968
W4417421887,A5045302320
W4417421887,A5041697858
W4417421887,A5051920398
W4417421887,A5085566730
W4417423760,A5103087729
W4417423760,LOCAL_A000471
W4417423760,A5112844475
W4417423760,A5049806976
W4417423760,LOCAL_A000472
W4417423760,A5101504996
W4417423760,A5023945815
W4417499288,A5065984932
W4417499288,A5051278633
W4417499288,A5015666278
W4417499288,A5012509568
W4417529920,A5116628216
W4417529920,A5101399124
W4417529920,A5004341522
W4417529920,A5093925263
W4417529920,A5116628217
W7104585896,LOCAL_A000473
W7104585896,LOCAL_A000474
W7104585896,LOCAL_A000099
W7105702010,LOCAL_A000475
W7105702010,LOCAL_A000476
W7105702010,LOCAL_A000477
W7105702010,LOCAL_A000478
W7108322544,LOCAL_A000479
W7108322544,LOCAL_A000480
W7108322544,LOCAL_A000481
W7108322544,LOCAL_A000482
W7108322544,LOCAL_A000483
W7108322544,LOCAL_A000484
W7108322544,LOCAL_A000485
W7108322544,LOCAL_A000486
W7108322544,LOCAL_A000487
W7108322544,LOCAL_A000488
W7108322544,LOCAL_A000489
W7108322544,LOCAL_A000490
W7108322544,LOCAL_A000491
W7108322544,LOCAL_A000492
W7108322544,LOCAL_A000493
W7108322544,LOCAL_A000494
W7108322544,LOCAL_A000495
W7108322544,LOCAL_A000496
W7108322544,LOCAL_A000497
W7108322544,LOCAL_A000498
W7108322544,LOCAL_A000499
W7108322544,LOCAL_A000500
W7108322544,LOCAL_A000501
W7108322544,LOCAL_A000502
W7108322544,LOCAL_A000503
W7108322544,LOCAL_A000504
W7108322544,LOCAL_A000505
W7108322544,LOCAL_A000506
W7108322544,LOCAL_A000507
W7108322544,LOCAL_A000508
W7108322544,LOCAL_A000509
W7108322544,LOCAL_A000510
W7108322544,LOCAL_A000511
W7108322544,LOCAL_A000512
W7108322544,LOCAL_A000513
W7108322544,LOCAL_A000514
W7108322544,LOCAL_A000515
W7108322544,LOCAL_A000516
W7108322544,LOCAL_A000517
W7108322544,LOCAL_A000518
W7108322544,LOCAL_A000519
W7108328204,LOCAL_A000479
W7108328204,LOCAL_A000480
W7108328204,LOCAL_A000481
W7108328204,LOCAL_A000482
W7108328204,LOCAL_A000483
W7108328204,LOCAL_A000484
W7108328204,LOCAL_A000485
W7108328204,LOCAL_A000486
W7108328204,LOCAL_A000487
W7108328204,LOCAL_A000488
W7108328204,LOCAL_A000489
W7108328204,LOCAL_A000490
W7108328204,LOCAL_A000491
W7108328204,LOCAL_A000492
W7108328204,LOCAL_A000493
W7108328204,LOCAL_A000494
W7108328204,LOCAL_A000495
W7108328204,LOCAL_A000496
W7108328204,LOCAL_A000497
W7108328204,LOCAL_A000498
W7108328204,LOCAL_A000499
W7108328204,LOCAL_A000500
W7108328204,LOCAL_A000501
W7108328204,LOCAL_A000502
W7108328204,LOCAL_A000503
W7108328204,LOCAL_A000504
W7108328204,LOCAL_A000505
W7108328204,LOCAL_A000506
W7108328204,LOCAL_A000507
W7108328204,LOCAL_A000508
W7108328204,LOCAL_A000509
W7108328204,LOCAL_A000510
W7108328204,LOCAL_A000511
W7108328204,LOCAL_A000512
W7108328204,LOCAL_A000513
W7108328204,LOCAL_A000514
W7108328204,LOCAL_A000515
W7108328204,LOCAL_A000516
W7108328204,LOCAL_A000517
W7108328204,LOCAL_A000518
W7108328204,LOCAL_A000519
W7114984711,LOCAL_A000520
W7114984711,LOCAL_A000521
W7114984711,LOCAL_A000522
W7114984711,LOCAL_A000523
W7114984711,LOCAL_A000524
W7114984711,LOCAL_A000525
W7114984711,LOCAL_A000526
W7115014505,LOCAL_A000520
W7115014505,LOCAL_A000521
W7115014505,LOCAL_A000522
W7115014505,LOCAL_A000523
W7115014505,LOCAL_A000524
W7115014505,LOCAL_A000525
W7115014505,LOCAL_A000526
W7116293547,A5120924308
W7116340925,A5120906618
W7116340925,A5048243071
W7116340925,A5120882202
W7116340925,LOCAL_A000527
W7116340925,A5120906256
W7116340925,A5120946312
W7116711994,A5120968951
W7116711994,A5031994008
W7116711994,A5058104633
W7116711994,A5052329546
W7116711994,A5033922417
W7116711994,A5065506534
W7116711994,A5120996342
W7116711994,A5053050741
W7116711994,A5120992317
W7116711994,A5055042504
W7116711994,A5120953003
W7116711994,A5044825873
W7116711994,A5121012343
W7116711994,A5120981353
W7116876344,A5121038845
W7116876344,A5121050124
W7117322308,A5048072243
W7117322308,A5094282888
W7117322308,A5121361644
W7117322308,A5002377783
W7117322308,A5008382937
W7117361510,LOCAL_A000528
W7117361510,A5060017962
W7117361510,A5055270754
W7117457649,A5106774781
W7117457649,A5019323166
W7117457649,A5025004943
W7117479710,A5034359529
W7117479710,A5038711387
W7117479710,A5112947648
W7117479710,A5043639014
W7117479710,A5121476018
W7117479710,A5121474607
W7117479710,A5003055047
W7117479710,A5121460221
W7117479710,A5121471224
W7117479710,A5000794649
W7117479710,A5121471388
W7117479710,A5121465761
W7117648682,LOCAL_A000529
W7117648682,A5055270754
W7117660946,A5121616489
W7117660946,A5121658844
W7117660946,A5043987756
W7117773889,A5121682937
W7117874750,A5121038845
W7117874750,A5121050124
W3199183631,A5063243962
W3199183631,A5023751804
W4210893619,A5080275074
W4210893619,A5102955956
W4210893619,A5080477516
W4210893619,A5072737254
W4387121758,A5064606348
W4387121758,A5055473116
W4387121758,A5081588915
W4387121758,A5088349333
W4391474950,A5042985909
W4391474950,A5003625164
W4391474950,A5039969130
W4391474950,A5033647992
W4391474950,A5015900702
W4391474950,LOCAL_A000530
W4391474950,A5012512059
W4391474950,A5076358810
W4391474950,A5080843178
W4391474950,A5066581436
W4406489951,A5067409197
W4406489951,LOCAL_A000531
W4406489951,A5035306169
W4406489951,A5022294297
W4406489951,A5112633397
W4406489951,A5109711025
W4406489951,A5016425643
W4406489951,A5109994888
W4406489951,A5101613703
W4406489951,A5084985533
W4406489951,A5052409320
W4406489951,A5086812774
W4283838068,A5017773373
W4283838068,A5059661400
W4283838068,A5100623707
W4283838068,A5102898390
W4283838068,A5000637794
W4283838068,A5021501825
W4319794083,A5068268080
W4319794083,A5038884691
W4319794083,A5088916464
W4319794083,A5008300007
W3199396396,A5022245617
W3199396396,A5065502298
W3199396396,A5103857970
W3199396396,A5054642186
W3199396396,A5058934086
W3199396396,A5065984932
W3199396396,A5023756965
W3131063929,A5061973812
W3131063929,A5022245617
W3131063929,A5029102618
W3131063929,A5087117056
W3131063929,A5100338420
W3131063929,A5031811244
W3131063929,A5072683795
W3131063929,A5079461216
W3131063929,A5029163162
W3131063929,A5072941252
W3131063929,A5079259587
W3131063929,A5071688512
W3131063929,LOCAL_A000532
W4285266850,A5100701432
W4285266850,A5071493756
W4285266850,A5062017995
W4285266850,A5077989995
W4285266850,A5072201492
W4285266850,A5016154330
W4285266850,A5002904166
W4383889516,A5011087520
W4383889516,A5082446801
W4383889516,A5073592697
W4383889516,A5086434450
W4383889516,A5021368295
W4383889516,A5019183004
W4383889516,A5104001656
W4383889516,A5100623456
W4383889516,A5059773332
W4281751722,A5001693984
W4282555645,A5015551812
W4282555645,A5102791402
W4282555645,A5027335588
W4282555645,A5059158135
W4282555645,LOCAL_A000533
W4386982640,A5092687136
W4386982640,A5035584901
W4386982640,A5051697844
W4386982640,A5049698133
W4387958850,A5079210120
W4387958850,A5081246759
W4387958850,A5028355700
W4387958850,A5113031574
W4387958850,A5087385345
W4387958850,A5066261564
W4387958850,A5043100261
W4387958850,A5071750358
W4387958850,A5113031575
W4387958850,LOCAL_A000534
W3007337991,A5052000517
W3007337991,A5079289303
W3195732444,LOCAL_A000535
W3195732444,A5100632425
W3195732444,A5032063674
W4210483046,A5100696961
W4210483046,A5000225753
W4210483046,A5101852052
W4210483046,A5038668071
W4390939342,A5008610676
W4390939342,A5015751719
W4390939342,A5042743185
W4292649377,LOCAL_A000099
W4292649377,A5046033495
W4292649377,A5032063674
W4309873978,A5053882063
W4309873978,A5077549606
W4309873978,A5012013451
W4309873978,A5086434450
W4309873978,A5085893079
W4309873978,A5019183004
W4309873978,A5100623456
W4309873978,A5015546142
W4309873978,A5023886955
W4309873978,A5083152805
W4323866303,A5054046541
W4323866303,A5076045469
W4323866303,A5016425643
W4323866303,A5084269594
W4323866303,A5016895866
W4323866303,A5044593104
W4323866303,A5000192304
W4323866303,A5036250530
W4386925533,A5086434450
W4386925533,A5073592697
W4386925533,A5072701601
W4386925533,A5064393318
W4386925533,A5016410629
W4386925533,A5044657350
W4391645226,A5086434450
W4391645226,A5017693604
W4391645226,A5056343785
W4391645226,A5072701601
W4402124965,A5089944324
W4402124965,A5057758597
W4402124965,A5003423239
W4402124965,A5002238892
W4402124965,A5081032657
W4402124965,A5042163751
W4402124965,A5060162053
W4402124965,A5005583322
W4402124965,A5008497258
W4214533025,A5065323250
W4214533025,A5011791421
W4214533025,A5087389811
W4214533025,A5049758571
W4214533025,A5034683151
W4214533025,A5112518881
W4381988114,A5042985909
W4381988114,A5034087931
W4381988114,A5071543919
W4381988114,A5076358810
W4381988114,A5016906942
W4381988114,A5042098541
W4390502111,A5015915107
W4390502111,A5063894861
W4390502111,A5101287236
W4390502111,A5028355700
W4390502111,A5034916559
W4390502111,A5058199474
W4390502111,A5030209618
W4411395085,A5015962281
W4411395085,A5060158506
W4411395085,A5115602156
W4411395085,A5023064512
W4411395085,A5072008290
W4411395085,A5002248149
W4361215744,A5062012235
W4361215744,A5013060777
W4361215744,A5014568924
W4361215744,A5087460269
W4361215744,A5042141088
W4387967326,A5050155021
W4387967326,A5013382990
W4387967326,A5051245111
W4391448534,A5006103601
W4391448534,A5003625164
W4391448534,A5000602333
W4391448534,A5076358810
W4391448534,A5080843178
W4391448534,A5022798909
W4391448534,A5015900702
W4391448534,A5016906942
W4391448534,A5052038865
W4391448534,A5042098541
W3184444435,A5049270537
W3184444435,A5065939774
W3184444435,A5007516284
W3184444435,A5086812375
W3184444435,A5015220416
W3184444435,A5052811415
W3184444435,A5012521502
W3184444435,A5017294870
W4205438146,A5043402758
W4205438146,A5071517633
W4205438146,A5053488393
W4205438146,A5101966424
W4205438146,A5040810553
W4205438146,A5102781968
W4205438146,A5088410956
W4318762606,A5068504606
W4318762606,A5016059020
W4318762606,A5055220887
W4318762606,A5029071674
W4318762606,A5039312494
W4318762606,A5086743869
W4318762606,A5028563714
W4318762606,A5102818446
W4318762606,A5091637262
W4318762606,A5015976746
W4318762606,A5035326900
W4392795430,A5042985909
W4392795430,A5003625164
W4392795430,A5084774480
W4392795430,A5015900702
W4392795430,A5042098541
W4392795430,A5039969130
W4392795430,A5022798909
W4392795430,LOCAL_A000536
W4392795430,A5066581436
W4401099348,A5086554424
W4401099348,A5113201220
W4401099348,A5102341962
W4401099348,A5044058358
W4401099348,A5049649933
W4401099348,A5016169617
W4401099348,A5001474077
W4401099348,A5030875962
W4313396687,A5100701432
W4313396687,A5062017995
W4313396687,A5018288108
W4313396687,A5077989995
W4313396687,A5026676431
W4313396687,A5072201492
W4313396687,A5016154330
W4313396687,A5080037825
W4313396687,A5042307561
W4313568168,A5068268080
W4313568168,A5050981728
W4313568168,A5063172188
W4313568168,A5000972753
W4313568168,A5002019686
W4391926108,A5078074629
W4391926108,A5069753167
W4391926108,A5076358810
W4391926108,A5071543919
W4391926108,A5039561939
W4391926108,A5042098541
W4399628261,A5099116975
W4399628261,A5049382316
W4399628261,A5007977315
W4399628261,A5099116976
W4399947613,A5016799901
W4399947613,A5016882940
W4391854472,A5102021727
W4391854472,A5110454044
W4391854472,A5107918911
W4391854472,A5082446801
W4391854472,A5086434450
W4391854472,A5056919969
W4391854472,A5033684516
W4391854472,A5100623456
W4391854472,A5090960288
W4391854472,A5102449057
W3169186654,A5013750406
W3169186654,A5044103447
W3169186654,A5041894479
W4284963908,A5015900702
W4284963908,A5033799057
W4284963908,A5082881241
W4284963908,A5080090568
W4284963908,A5100645455
W4284963908,A5044748360
W4284963908,A5016906942
W4284963908,A5085674671
W4284963908,A5072396416
W4317914312,A5038068417
W4317914312,A5041135448
W4317914312,A5064006808
W4317914312,A5015225298
W4317914312,A5111275451
W4317914312,A5010191491
W4317914312,A5076310748
W4321482630,A5017773373
W4321482630,A5059661400
W4321482630,A5056158177
W4321482630,A5000637794
W4321482630,A5021501825
W4385400337,A5035049724
W4385400337,A5081731365
W4385400337,A5111016928
W4385400337,A5102010814
W4393004179,A5035286000
W4393004179,A5046042230
W4399072097,A5002530601
W4399072097,A5015095214
W4399072097,A5053690387
W4399072097,A5100643561
W4406960022,A5070416393
W4406960022,A5029859092
W4406960022,A5024203074
W4406960022,A5048072243
W4406960022,A5041882067
W4360620773,A5063957902
W4360620773,A5016164354
W4360620773,A5077799265
W4360620773,A5009617428
W4360620773,A5088435831
W4360620773,A5042141088
W4401225747,A5027797037
W4401225747,A5027205370
W4401225747,A5083403495
W4401225747,A5028272884
W4401225747,A5005583322
W4401225747,A5101893134
W3197526874,A5068504606
W3197526874,A5016059020
W3197526874,A5029071674
W3197526874,A5039312494
W3197526874,A5040168155
W3197526874,A5091637262
W3197526874,A5055289089
W3197526874,A5041279466
W3197526874,A5035326900
W4281285699,A5101455057
W4281285699,A5072269422
W4281285699,A5010525452
W4281285699,A5102984408
W4281285699,A5022979224
W4281285699,A5004131008
W4384826006,A5104192946
W4384826006,A5031315212
W4384826006,A5070144964
W4384826006,A5063554916
W4389738902,A5081322932
W4389738902,A5114156207
W4389738902,A5011627378
W4389738902,A5101279534
W4389738902,A5113071500
W4389738902,A5102592280
W4389738902,A5093492663
W4393932362,A5028135770
W4393932362,A5018054378
W4393932362,A5094582176
W4393932362,A5007840514
W4393932362,A5041972283
W4220945563,A5001649826
W4220945563,A5027283721
W4220945563,A5014633603
W4220945563,A5078701490
W4220945563,A5084660092
W4220945563,A5015920621
W4220945563,A5038668071
W4283390991,A5052168970
W4283390991,A5111348471
W4283390991,LOCAL_A000537
W4283390991,A5008604791
W4283390991,A5001474077
W4283390991,A5044058358
W4283390991,A5063801562
W4283390991,A5030875962
W4386889388,A5068570499
W4386889388,A5015915107
W4386889388,A5028355700
W4387909652,A5046981823
W4387909652,A5078113857
W4387909652,A5108271314
W4387909652,A5012381405
W4387909652,A5034642372
W4387909652,A5003667222
W4396680807,A5024392587
W4396680807,A5100701432
W4396680807,A5040773786
W4396680807,A5077989995
W4396680807,A5072201492
W4401892575,A5098695042
W4401892575,A5026745688
W4401892575,A5106740255
W4401892575,A5090352762
W4401892575,A5029852484
W4401892575,A5037786157
W4401892575,A5073649293
W4401892575,A5030073755
W4401892575,A5024332433
W4401892575,A5082881656
W4401892575,A5098699139
W4401892575,A5066533851
W4401892575,A5015660461
W4401892575,A5061049640
W4401892575,A5044406931
W4401892575,A5012780158
W4401892575,A5011245031
W4401892575,A5103802413
W4401892575,A5051445017
W4401892575,A5044034763
W4401892575,A5057050099
W4401892575,A5054960739
W4401892575,A5076400696
W4401892575,A5042948921
W4401892575,A5008748101
W4401892575,A5085741547
W4313326743,A5042141088
W4313326743,A5019049009
W4386326832,A5068570499
W4386326832,A5028355700
W4393318354,A5004627844
W4393318354,A5064910317
W4393318354,A5070810971
W4393318354,A5084694056
W4393318354,A5103150367
W4393318354,A5083079358
W4393318354,A5029534432
W4393318354,A5030005142
W4393318354,A5088459735
W4393318354,A5062156514
W4402172457,A5039052968
W4402172457,A5014591962
W4402172457,A5080334122
W4402172457,A5085566730
W4403557575,A5061317037
W4403557575,A5035584901
W4403557575,A5114329407
W4403557575,A5049698133
W4223646708,A5070026123
W4223646708,A5029157921
W4379793938,A5053018788
W4379793938,A5033621300
W4379793938,A5088934266
W4379793938,A5058292518
W4387770997,A5093091534
W4387770997,A5040081743
W4387770997,A5021698878
W4387770997,A5108227773
W4387770997,A5032662195
W4387770997,A5076784188
W4387770997,A5052138057
W4387770997,A5016121125
W4387770997,A5065742799
W4387810629,A5041272794
W4387810629,A5071543919
W4392431566,A5079379433
W4392431566,A5016336795
W4392431566,A5062358076
W4392431566,A5028355700
W4392431566,A5068570499
W4392431566,A5052578911
W4392431566,A5040375274
W4392431566,A5064354848
W4402696133,A5012583826
W4402696133,A5005583322
W4402696133,A5028777364
W4402696133,A5024312801
W4402696133,A5004928802
W4402696133,A5052572077
W4390501728,A5027047123
W4390501728,A5005583322
W4390501728,A5028777364
W4390501728,A5087916376
W4387842287,A5033971798
W4387842287,A5041023060
W4387842287,A5024449095
W4387842287,A5029048793
W4387842287,A5081588915
W4387842287,A5102673704
W4398250626,A5038068417
W4398250626,A5041135448
W4398250626,A5111275451
W4398250626,A5056432086
W4398250626,A5024433704
W4398250626,A5109723297
W4398250626,A5113341526
W4398250626,A5041369109
W3034501957,A5031811244
W3034501957,A5060832511
W3034501957,A5022245617
W3034501957,A5002666870
W3034501957,A5081819949
W3034501957,A5026125675
W3034501957,A5020354608
W3034501957,LOCAL_A000538
W3034501957,A5013697617
W3034501957,A5056350822
W3034501957,A5073115693
W4390598901,A5091544796
W4390598901,A5113089117
W4390598901,A5015152865
W4390598901,A5053245824
W4390598901,A5084884218
W4404051530,A5087105083
W4404051530,LOCAL_A000539
W4404051530,A5102899700
W4404051530,A5005583322
W4404051530,A5030069786
W4404051530,A5100755541
W4404051530,A5008497258
W4387614886,A5053717509
W4387614886,A5001226600
W4391319779,A5101298039
W4391319779,A5023810707
W4391319779,A5057073317
W4391319779,A5112805145
W4391319779,A5073610437
W4391319779,A5010264989
W4396895702,A5017773373
W4396895702,A5056133033
W4396895702,A5011173370
W4396895702,A5048993786
W4400887136,A5039052968
W4400887136,A5014591962
W4400887136,A5085566730
W4405012377,A5114995941
W4407757245,A5088308470
W4407757245,A5077980145
W4407757245,A5001144676
W4407757245,A5115912140
W4407757245,A5086434450
W4407757245,A5044657350
W7118163415,A5121968098
W7118163415,A5121970945
W7118163415,A5121929092
W7118163415,A5102556818
W7118163415,A5121964248
W7118163415,A5085874769
W7118163415,A5121948811
W7118163415,A5121977166
W7118163415,A5121974331
W7118163415,A5121951039
W7118163415,A5065278638
W7118163415,A5101719668
W7118163415,A5121950089
W7118163415,A5121974717
W7118163415,A5024782599
W7118163415,A5027646035
W7118163415,A5121943369
W7118163415,A5121972120
W7118163415,A5073055413
W7118767696,A5122193922
W7118869195,A5041882067
W7118869195,A5107899843
W7118869195,A5056170160
W7118869195,A5006110409
W7118869195,A5103324738
W7118869195,A5120716071
W7119357954,A5083456347
W7119357954,A5025365223
W7119357954,A5037059087
W7119522653,A5122303994
W7119522653,A5091701946
W7119522653,A5122310706
W7119522653,A5030329332
W7119532240,A5090730240
W7119532240,A5122391746
W7119532240,A5085001179
W7119692187,A5122635273
W7119692187,A5122646940
W7119881577,A5122525206
W7119881577,A5096130234
W7119881577,A5032639542
W7119881577,A5122445446
W7119881577,A5122678371
W7119881577,A5122423602
W7119881577,A5012148464
W7123357215,A5119042680
W7123357215,A5068477180
W7123357215,A5122895977
W7123357215,A5120906256
W7123357215,A5074327529
W7123357215,A5122877860
W7124221689,LOCAL_A000540
W7124505868,A5123232411
W7124505868,A5021501825
W7124505868,A5123242141
W7124505868,A5000637794
W7124505868,A5122339110
W7124505868,A5122355350
W7125485054,A5123683358
W7125485054,A5123655582
W7125485054,A5120716071
W7125485054,A5123693668
W7125485054,A5123720576
W7125778505,A5123927654
W7125778505,A5002945095
W7125798761,A5124029635
W7125798761,A5124033776
W7125798761,A5123901476
W7125798761,A5124017476
W7125798761,A5124022763
W7125798761,A5067977804
W7125798761,A5123912627
W7125944245,LOCAL_A000541
W7125944245,A5097335407
W7125944245,LOCAL_A000542
W7125944245,A5124128619
W7125944245,LOCAL_A000543
W7125944245,A5124070504
W7125983273,A5124133344
W7125983273,A5124118104
W7125983273,A5036551566
W7125983273,A5124079671
W7125983273,A5124084838
W7125983273,A5053336588
W7125983273,A5124059558
W7125983273,A5109579113
W7125983273,A5124109688
W7125983273,A5124063539
W7125983273,LOCAL_A000544
W7126022358,A5121922326
W7126022358,A5126146973
W7126022358,A5062292777
W7126022358,A5051000539
W7126022358,A5082945083
W7126022358,A5076626025
W7126022358,A5020053167
W7126022358,A5083804370
W7126022358,A5025312667
W7126022358,A5074350013
W7126022358,A5070587435
W7126022358,A5124225233
W7126022358,A5124248425
W7126022358,A5124206567
W7126022358,A5118883091
W7126031294,A5124273116
W7126031294,A5119314122
W7126031294,A5124256204
W7126031294,A5029072011
W7126031294,LOCAL_A000545
W7126031294,LOCAL_A000546
W7126031294,A5124290475
W7126085536,A5124201354
W7126085536,A5055305566
W7126085536,A5076572310
W7126085536,A5029072011
W7126088191,A5121922326
W7126088191,A5126146973
W7126088191,A5062292777
W7126088191,A5051000539
W7126088191,A5082945083
W7126088191,A5076626025
W7126088191,A5020053167
W7126088191,A5083804370
W7126088191,A5025312667
W7126088191,A5074350013
W7126088191,A5070587435
W7126088191,A5124225233
W7126088191,A5124248425
W7126088191,A5124206567
W7126088191,A5118883091
W7126107906,A5124156341
W7126107906,A5055305566
W7126107906,A5029072011
W7126107906,A5091253663
W7126151423,A5124362125
W7126151423,A5124365524
W7126151423,A5124327425
W7126151423,A5124436291
W7126151423,LOCAL_A000547
W7126151423,A5113194675
W7126151423,A5124301476
W7126151423,A5009893388
W7126151423,A5025726068
W7126182670,A5124453177
W7126182670,A5124377472
W7126182670,A5124364946
W7126182670,A5124393123
W7126182670,LOCAL_A000548
W7126182670,A5069277141
W7126391955,A5063590027
W7126391955,A5102885587
W7126391955,A5124588332
W7126404938,A5063590027
W7126404938,A5102885587
W7126404938,A5124588332
W7127274448,A5101772613
W7127274448,A5004618448
W7127274448,A5124912709
W7127274448,A5123725179
W7127274448,A5122875143
W7127284528,A5124944636
W7127284528,A5086688190
W7127288345,A5004974582
W7127288345,A5102761696
W7127288345,A5009778531
W7127288345,A5124964039
W7127316044,A5124906508
W7127316044,A5124936434
W7127316044,A5124971450
W7127316044,A5076303094
W7127316044,A5124913994
W7127339318,A5124906951
W7127339318,A5124934837
W7127339318,A5084344101
W7127339318,A5029517462
W7127339740,A5069511944
W7127339740,A5120978819
W7127339740,A5124970310
W7127343450,A5121793322
W7127343450,A5084344101
W7127343450,A5101725627
W7127345430,A5101772613
W7127345430,A5123725993
W7127345430,A5101505292
W7127352289,A5076303094
W7127352289,A5124895427
W7127352289,A5124970310
W7127369706,A5064424890
W7127369706,A5124951340
W7127369706,A5109917542
W7127369706,A5002151461
W7127372804,A5124880789
W7127372804,A5124887268
W7127372804,A5076303094
W7127372804,A5124913994
W7127377801,A5124933293
W7127377801,A5124912806
W7127377801,A5124953506
W7127377801,A5076303094
W7127377801,A5124913994
W7127404728,A5124896920
W7127404728,A5008093246
W7127404728,A5004618448
W7127411886,A5004618448
W7127411886,A5101772613
W7127411886,A5124970310
W7127411886,A5008093246
W7127411886,A5016461160
W7127411886,A5069645890
W7127415324,A5084344101
W7127415324,A5060172696
W7127415324,A5019746336
W7127417295,A5067110618
W7127417295,A5124890289
W7127417295,A5087153845
W7127417295,A5124890262
W7127417295,LOCAL_A000549
W7127423013,A5124878754
W7127423013,A5124913994
W7127423013,A5076303094
W7127432421,A5076303094
W7127432421,A5038835298
W7127432421,A5124895427
W7127432421,A5107591587
W7127436591,A5124888030
W7127436591,A5124939854
W7127436591,A5124943248
W7127436591,A5010231114
W7127441308,A5002699769
W7127441308,A5002949972
W7127632959,A5124978282
W7127632959,A5125005209
W7127632959,A5125090196
W7127632959,A5101907055
W7127632959,A5090982786
W7127955044,A5125158520
W7127955044,A5107042390
W7127955044,A5125156133
W7127955044,A5125196382
W7127959413,A5104387604
W7127959413,A5014938626
W7127959413,A5117935240
W7127959413,A5121030745
W7127959413,A5125178220
W7127959413,LOCAL_A000550
W7127959413,A5125177715
W7128391453,A5104387604
W7128391453,A5001795239
W7128391453,A5125409075
W7128391453,A5125404860
W7128391453,A5120448212
W7128391453,A5051137028
W7128391453,A5121030745
W7128391453,A5125402023
W7128404636,A5068605413
W7128404636,LOCAL_A000551
W7128533831,A5125477204
W7128533831,A5039189916
W7128533831,A5125499069
W7128533831,A5125541114
W7128533831,A5125476879
W7128534635,LOCAL_A000552
W7128925053,A5107436860
W7128925053,A5126033772
W7128925053,A5112840902
W7128925053,A5028440843
W7128925053,A5126008088
W7128925053,A5126009246
W7128925053,A5025159311
W7128925053,A5028482510
W7128925053,A5125342398
W7128925053,A5110635812
W7128925053,A5061989511
W7128925053,A5126004705
W7128925053,A5126021229
W7128925053,A5092237489
W7128925053,A5126012782
W7128925053,A5024782599
W7128925053,A5065278638
W7128925053,LOCAL_A000024
W7128925053,A5126032981
W7129078239,A5126099983
W7129078239,A5043085038
W7129078239,A5126087650
W7129078239,A5126081921
W7129078239,A5126085233
W7129553087,A5075020324
W7129553087,A5074327529
W7129553087,A5022545715
W7129553087,A5068804587
W7129553087,A5126253702
W7129553087,A5125946113
W7129553087,A5023492471
W7129778683,A5100637272
W7129778683,A5126193240
W7130418290,A5122355350
W7130418290,A5041707620
W7130418290,A5126318146
W7130418290,A5126349317
W7130418290,A5121452694
W7130418290,A5021501825
W7130506610,A5040102344
W7130515890,A5037587230
W7130515890,A5020362824
W7131109455,A5126611252
W7131109455,LOCAL_A000553
W7131109455,A5101974080
W7131109455,A5027038320
W7131416904,A5110635812
W7131416904,A5126799033
W7131416904,A5024588356
W7131416904,A5126852895
W7131416904,A5028482510
W7131416904,A5018885199
W7131416904,A5028440843
W7131416904,A5019567462
W7131416904,A5112840902
W7131416904,A5005283925
W7131416904,A5065278638
W7131416904,A5102556818
W7131416904,A5024782599
W7131416904,A5126833535
W7131416904,A5126835975
W7131416904,A5126837277
W7131416904,A5126791070
W7131416904,A5061989511
W7131416904,A5126812074
W7131416904,A5126849722
W7131416904,LOCAL_A000024
W7131416904,A5126824066
W7131416904,A5086914152
W7131662221,A5101716076
W7131662221,A5126871406
W7131662221,A5126899755
W7131662221,A5126917756
W7131662221,A5009549644
W7131672289,A5126923270
W7131672289,A5121846813
W7131786424,A5126967423
W7131786424,LOCAL_A000554
W7131786424,A5126973237
W7131786424,A5106269420
W7131786424,A5126973597
W7131786424,A5074327529
W7131786424,A5015269024
W7133226126,A5104387604
W7133226126,A5120906618
W7133226126,LOCAL_A000555
W7133226126,A5076489521
W7133226126,A5127851653
W7133226126,A5127824099
W7133243872,A5127802930
W7133243872,A5060471872
W7133243872,A5024439777
W7133243872,A5127820180
W7133243872,A5065278638
W7133243872,A5018885199
W7133243872,A5024782599
W7133243872,A5102556818
W7133243872,A5125908715
W7133243872,LOCAL_A000019
W7133243872,A5058591249
W7133243872,A5004952365
W7133243872,A5101487006
W7133243872,A5127851075
W7133243872,A5027646035
W7133946363,A5093294021
W7133946363,A5089869571
W7133946363,A5111002528
W7133946363,A5128214906
W7133975914,A5013889869
W7133975914,A5122389452
W7133975914,A5128165841
W7133975914,A5128210291
W7133975914,A5128187188
W7133975914,A5113864661
W7133975914,A5121799310
W7133975914,A5021802783
W7133975914,A5123864020
W7133975914,A5071754735
W7133975914,A5128178653
W7134045706,A5112944835
W7134045706,A5128247676
W7134045706,A5056447969
W7134116251,A5104855964
W7134116251,A5110193080
W7134116251,A5104270940
W7134116251,A5026815034
W7134116251,A5086796749
W7134116251,A5116174047
W7134116251,A5091523509
W7134165910,A5024466583
W7134165910,A5128342307
W7134165910,A5128645162
W7134165910,A5128617275
W7134165910,A5128503682
W7134186300,A5128362655
W7134186300,A5128336422
W7134186300,A5035983964
W7134186300,A5128329689
W7134190072,A5074327529
W7134190072,A5128356792
W7134190072,A5128359839
W7134190072,A5128349832
W7134190072,A5128343243
W7134190072,A5012079766
W7134190072,A5123684279
W7134201769,A5029407674
W7134201769,A5128356196
W7134900106,A5039967759
W7134900106,A5085044386
W7134947698,A5128707607
W7134947698,A5094236769
W7134947698,A5128704412
W7134947698,A5128716151
W7134947698,A5128753364
W7134947698,A5128736244
W7134947698,A5071784955
W7135034164,A5121050124
W7135034164,LOCAL_A000556
W7135071235,A5087070774
W7135071235,A5124956555
W7135071235,A5128872648
W7135071235,A5128809922
W7135071235,LOCAL_A000557
W7135071235,A5080211232
W7135509405,A5058225154
W7135509405,A5039111818
W7135509405,A5089751241
W7136207794,A5022117269
W7136207794,A5010151535
W7136207794,A5129503416
W7136207794,A5129617498
W7136207794,A5125097696
W7136207794,A5064176753
W7136207794,A5107408554
W7136207794,A5129417776
W7136207794,A5126343199
W7136346916,LOCAL_A000558
W7136346916,A5129587758
W7136346916,LOCAL_A000559
W7136346916,A5109766802
W7136346916,LOCAL_A000560
W7136346916,A5119821511
W7136346916,A5054233093
W7136346916,A5058516893
W7136346916,LOCAL_A000561
W7136346916,A5010412662
W7136346916,A5027351152
W7136346916,A5129409195
W7136346916,A5129411618
W7136710832,A5075415764
W7136710832,A5129576085
W7137152070,A5129448426
W7137867611,A5129722229
W7137867611,A5129723596
W7137867611,A5129679066
W7137867611,A5041231861
W7137929809,A5129726591
W7137929809,A5129724645
W7137929809,A5065984932
W7137929809,A5129705205
W7137929809,A5129678195
W7138163378,A5080830696
W7138163378,A5000758877
W7138163378,A5034056640
W7138163378,A5129722438
W7138163378,A5019446985
W7138163378,A5129739876
W7138163378,A5007973770
W7138163378,A5012207972
W7138163378,A5129723627
W7138163378,A5129749146
W7138163378,A5129674933
W7138163378,A5065278638
W7138163378,A5107436860
W7138163378,A5117365838
W7138163378,A5024782599
W7138163378,A5129709377
W7138163378,A5060701822
W7138163378,A5027646035
W7138163378,A5129725786
W7138163378,A5102556818
W7138255861,A5129721131
W7138255861,A5129644697
W7138309880,A5129735939
W7138309880,A5129696686
W7138309880,A5021691466
W7138309880,A5108912822
W7138412182,A5129721131
W7138412182,A5129644697
W7138450076,A5129722229
W7138450076,A5129723596
W7138450076,A5129679066
W7138450076,A5041231861
W7138834802,A5129878561
W7138834802,A5080788166
W7138834802,A5009050600
W7138834802,LOCAL_A000026
W7138834802,A5057048916
W7138834802,A5130160039
W7138834802,A5024782599
W7138834802,A5129823529
W7138834802,A5130084594
W7138834802,A5130098709
W7138834802,A5129955226
W7138834802,A5101487006
W7138834802,A5130028438
W7138834802,A5130102011
W7138834802,A5129810714
W7138834802,A5027646035
W7138847349,A5129989055
W7138847349,A5130087177
W7138847349,A5061140260
W7138847349,A5129926033
W7138847349,A5103966558
W7138924488,A5130001086
W7138924488,A5130058879
W7138924488,A5129840241
W7138924488,A5130080333
W7138924495,A5130149376
W7138924495,A5050579769
W7138924495,A5130089632
W7138924495,A5129859482
W7138925389,A5129782021
W7138925389,A5129903790
W7138961853,A5130026653
W7138961853,A5130078012
W7138961853,A5102384455
W7139012749,A5017305518
W7139012749,A5025425560
W7139012749,A5037989297
W7139037461,A5129878561
W7139037461,A5080788166
W7139037461,A5009050600
W7139037461,A5117365838
W7139037461,A5024782599
W7139037461,A5130160039
W7139037461,A5121950089
W7139037461,A5121974717
W7139037461,A5089681202
W7139037461,A5130084594
W7139037461,A5130102011
W7139037461,A5026391773
W7139037461,A5027646035
W7139959509,A5130238958
W7139959509,A5130242755
W7139959509,A5130252883
W7140080270,A5041758579
W7140080270,A5130396600
W7140080270,A5125899320
W7140080270,A5121974331
W7140080270,A5130406462
W7140080270,A5130325740
W7140080270,A5130332417
W7140080270,A5045349106
W7140080270,A5130335043
W7140080270,A5130343899
W7140080270,A5009050600
W7140080270,A5024782599
W7140080270,A5121950089
W7140080270,A5121974717
W7140080270,A5121943369
W7140080270,A5130355847
W7140080270,A5130388406
W7140080270,A5022935112
W7140195147,LOCAL_A000562
W7140412201,A5130678885
W7140412201,A5121050124
W7140412201,A5130697482
W7142477247,A5112953474
W7142477247,A5076489521
W7142477247,A5089615125
W7142477247,A5067110618
W7142477247,A5119564603
W7142890397,A5130888934
W7142890397,A5048385480
W7143055600,A5109658764
W7143055600,A5130900413
W7143055600,A5051597492
W7143830774,A5131048753
W7143830774,A5030043518
W7147035534,A5132655044
W7147213615,A5127784211
W7147213615,A5132687538
W7147213615,A5127813669
W7147213615,A5093054692
W7147213615,A5067110618
W7147213615,A5100759389
W7147213615,A5108681897
W7147213615,A5077733475
W7147213615,A5132551954
W7147295963,A5132713198
W7147563121,A5102013370
W7147563121,A5132643128
W7147563121,A5058278223
W7147563121,A5082307315
W7147579779,A5132703250
W7147579779,A5132567939
W7147608128,A5087460269
W7148529802,A5087106458
W7148529802,A5132746810
W7148529802,A5007637679
W7148529802,A5091133342
W7150069323,A5132988298
W7150069323,A5132980108
W7150069323,A5125899320
W7150069323,A5121974331
W7150069323,A5132997043
W7150069323,A5132986591
W7150069323,A5132998477
W7150069323,A5132988667
W7150069323,A5132990251
W7150069323,A5132976383
W7150069323,A5009050600
W7150069323,A5024782599
W7150069323,A5121950089
W7150069323,A5121974717
W7150069323,A5132979210
W7150069323,A5132984408
W7150069323,A5073055413
W7150709534,A5133005158
W7150709534,A5133026678
W7150767546,A5129903790
W7150767546,A5112950777
W7150978766,A5133005158
W7150978766,A5133026678
W7151601401,A5133110342
W7151601401,A5133126062
W7151601401,A5133109930
W7151754142,A5023113227
W7151754142,A5133178690
W7151754142,A5076730030
W7152089371,A5101204564
W7152089371,A5050464986
W7152089371,A5073756344
W7152089371,A5115980099
W7152089371,LOCAL_A000563
W7152089371,A5133156427
W7152089371,A5133198721
W7152089371,A5065585303
W7152500130,A5076303094
W7152500130,A5063848301
W7152541672,A5112976796
W7152541672,A5133280575
W7152541672,A5032051091
W7152541672,A5133262214
W7152690254,LOCAL_A000062
W7152690254,A5133244710
W7153243958,A5122306876
W7153243958,A5028487735
W7153243958,A5133342206
W7153243958,A5133348079
W7153243958,A5010808044
W7153243958,A5102806354
W7153243958,A5005051343
W7153560386,A5133427062
W7153560386,A5133435331
W7154467160,A5089334735
W7154467160,A5130918484
W7154467160,A5133627928
W7154494603,A5103505239
W7154494603,A5043809031
W7154494603,A5112650189
W7154494603,A5052970907
W7154494603,A5001975381
W7154587972,A5133791329
W7154587972,A5133814960
W7154587972,A5133427062
W7154646527,A5101258999
W7154646527,A5133821499
W7154646527,A5133822558
W7154937830,A5107415755
W7154937830,A5085817694
W7154937830,A5100744810
W7154951097,A5103742538
W7154951097,A5124118104
W7154951097,A5036551566
W7154951097,A5035626329
W7154951097,A5134015655
W7154951097,A5124133344
W7154951097,A5134019745
W7155199095,A5011946964
W7155199095,A5119834139
W7155200584,A5134286694
W7155200584,A5134315448
W7155200584,A5134314768
W7155200584,A5134246626
W7155203564,A5088653693
W7155203564,A5132605860
W7155203564,A5107851161
W7155452256,A5013241108
W7155517813,A5063218061
W7155517813,A5079972402
W7155517813,A5134527313
W7155517813,A5134532908
W7155517813,A5134502036
W7155517813,A5134498492
W7155517813,A5107334594
W7155558618,A5134546392
W7155558618,A5026391773
W7155558618,A5000758877
W7155558618,A5134528492
W7155558618,A5034056640
W7155558618,A5134548566
W7155558618,A5134539793
W7155558618,A5019446985
W7155558618,A5134553459
W7155558618,A5134489233
W7155558618,A5065278638
W7155558618,A5024782599
W7155558618,A5121950089
W7155558618,A5121974717
W7155558618,A5067497938
W7155558618,A5134550811
W7155558618,A5019745875
W7155558618,A5073055413
W7155627074,A5134569039
W7155917193,A5014397493
W7155917193,A5066909635
W7155917193,A5070354745
W7155917193,A5113359591
W7157065387,A5134759489
W7157065387,A5134781207
W7157065387,A5130900413
W7157165965,A5134791404
W7157165965,A5134781418
W7159099806,A5109475242
W7159099806,A5000577107
W7159099806,A5134886675
W7159099806,A5111275451
W7159099806,A5088952493
W7159099806,A5108143070
W7159099806,A5117845190
W7159982177,A5135080598
W7159982177,A5135088089
W7159982177,A5135077615
W7159982177,A5135069444
W7159982177,A5104035119
W7159982177,A5055316375
W7159982177,A5135073893
W7159982177,A5043524211
W7159982177,A5010412662
W7159983385,A5044326088
W7159983385,A5059676139
W7159983385,A5054723226
W7159983385,A5069510364
W7159983385,A5135086837
W7159983385,A5000210296
W7160027482,A5135155521
W7160027482,A5135160172
W7160027482,A5130658184
W7160027482,A5135244611
W7160027482,A5114129464
W7160032096,A5121950089
W7160032096,A5135152093
W7160032096,A5101487006
W7160032096,A5135237975
W7160032096,A5135133994
W7160032096,A5135222137
W7160032096,A5078382134
W7160032096,A5057048916
W7160032096,A5024782599
W7160032096,A5135208887
W7160032096,A5135221641
W7160032096,A5135106888
W7160032096,A5135098546
W7160032096,A5135227654
W7160032096,A5103768228
W7160032096,A5135175869
W7160032096,A5027646035
W7160136628,A5121950089
W7160136628,A5135152093
W7160136628,A5101487006
W7160136628,A5135237975
W7160136628,A5135133994
W7160136628,A5135222137
W7160136628,A5078382134
W7160136628,A5057048916
W7160136628,A5024782599
W7160136628,A5135208887
W7160136628,A5135221641
W7160136628,A5135106888
W7160136628,A5135098546
W7160136628,A5135227654
W7160136628,A5103768228
W7160136628,A5135175869
W7160136628,A5027646035
W7160165418,A5135130984
W7160165418,A5135136621
W7160165418,A5102951176
W7160174753,A5135251830
W7160174753,A5133435331
W7160174753,A5135198317
W7160186769,A5121050176
W7160186769,A5121830684
W7160186769,A5135121032
W7160186769,A5135268164
W7160186769,A5135236530
W7160186769,A5079443977
W7160186769,A5135216739
W7160186769,A5053050741
W7160186769,A5135174498
W7160186769,A5135206950
W7160186769,A5135276087
W7160186769,A5135158832
W7160186769,A5059489963
W7160186769,A5135197974
W7160251502,A5135380258
W7160251502,A5120715242
W7160290327,A5135400802
W7160290327,A5121514013
W7160290327,A5135356426
W7160374639,A5135526446
W7160374639,A5135480789
W7160374639,A5130087177
W7160374639,A5135434178
W7160374639,A5135488699
W7160374639,A5021501825
W7160384513,A5135511189
W7160384513,A5135428161
W7160446495,A5116456162
W7160446495,A5135500547
W7160446495,A5037126039
W7160446495,A5065836015
W7160446495,A5026652437
W7160527559,A5135603184
W7160625615,A5135672485
W7160625615,A5135656182
W7160625615,A5135701536
W7160640994,A5135672485
W7160640994,A5135656182
W7160640994,A5135701536
W7160652072,A5135708090
W7160652072,A5135683200
W7160652072,A5135706046
W7160652072,A5084280578
W7160652072,A5135723552
W7160763491,A5061049640
W7160768306,A5061049640
W7160784496,A5061049640
W7160839850,A5135852227
W7160841569,A5135852227
W7160940118,A5062713436
W7160940118,A5135945642
W7160940118,A5107946858
W7160940118,A5135981851
W7160940118,A5135930978
W7160940118,A5135913429
W7160940118,A5007969668
W7160940118,A5135925100
W7160940118,A5063563629
W7160949195,A5008653388
W7160949195,A5135922283
W7160949195,A5026934828
W7160949195,A5135945670
W7160949195,A5135945475
W7160982211,A5044033680
W7160982211,A5136040019
W7160982211,A5136085905
W7160982211,A5136043944
W7161066054,A5107937189
W7161066054,A5136015910
W7161066054,A5136018359
W7161066054,A5052468815
W7161066054,A5136027486
W7161066054,A5028743344
W7161066054,A5029957844
W7161066054,A5020412391
W7161111376,A5016008264
W7161111376,A5127062529
W7161111376,A5119564603
W7161111376,A5136161517
W7161111376,A5136160460
W7161289029,A5136234150
W7161289029,A5136269085
W7161289029,A5136268330
W7161289029,A5007636550
W7161289029,A5112763625
W7161302210,A5136188560
W7161302210,A5125536071
W7161302210,A5136219938
W7161302210,A5121452694
W7161302210,A5136217108
W7161302210,A5101114148
W7161302210,A5091746122
W7161302210,A5136180805
W7161302210,A5136234928
W7161302210,A5125543565
W7161302210,A5136190142
W7161307330,A5104855964
W7161307330,A5136238313
W7161307330,A5136194177
W7161307330,A5136197888
W7161307330,A5136227825
W7161307330,A5136251515
W7161307330,A5136203748
W7161307330,A5091523509
W7161388772,A5136314463
W7161388772,A5075390584
W7161388772,A5061034390
W7161388772,A5136294812
W7161388772,A5081445314
W7161388772,A5112157787
W7161388772,A5136285735
W7161388772,A5135570915
W7161388772,A5099225713
W7161388772,A5136291996
W7161399871,A5136296185
W7161414526,A5136314463
W7161414526,A5075390584
W7161414526,A5061034390
W7161414526,A5136294812
W7161414526,A5081445314
W7161414526,A5112157787
W7161414526,A5136285735
W7161414526,A5135570915
W7161414526,A5099225713
W7161414526,A5136291996
W7161536198,A5136377972
W7161558438,A5130087177
W7161558438,A5136407418
W7161558438,A5136436435
W7161558438,A5136412233
W7161583557,A5136377972
W7161594234,A5135692394
W7161594234,A5073530367
W7161594234,A5061596524
W7161594234,A5136363689
W7161594234,A5043524211
W7161594234,A5088959676
W7161594234,A5052867498
W7161594234,A5136378533
W7161594234,A5016059020
W7161594234,A5136423173
W7161594234,A5101186189
W7161788978,A5136550729
W7161788978,A5136546160
W7161788978,A5025741771
W7161788978,A5082336411
W7161788978,A5064424890
W7161788978,A5136231447
W7161788978,A5055109098
W7161797802,A5093287777
W7161797802,A5078613366
W7161842826,A5136580768
W7161842826,A5132943204
W7161842826,A5136527356
W7161842826,A5130087177
W7161842826,A5021501825
W7161842826,A5136549000
W7161844670,A5136593842
W7161844670,A5136539897
W7161844670,A5102384455
W7161973959,A5103928365
W7161973959,A5065748190
W7162127376,A5044033680
W7162127376,A5126262670
W7162127376,A5136085905
W7162127376,A5123359358
W7162127376,A5136773117
W7162215912,A5104855964
W7162215912,A5136203748
W7162215912,A5136194177
W7162215912,A5136827707
W7162215912,A5136852879
W7162215912,A5136851867
W7162215912,A5091523509
W7162243861,A5136886963
W7162303146,A5136933084
W7162303146,A5136926768
W7162303146,A5136973147
W7162303146,A5136968872
W7162303146,A5136974579
W7162303146,A5136903939
W7162303146,A5136968278
W7162318469,A5136910116
W7162318469,A5129715936
W7162318469,A5136940267
W7162318469,A5136962121
W7162318469,A5056322359
W7162318469,A5136946130
W7162318469,A5061134783
W7162318469,A5136990545
W7162318469,A5132124518
W7162318469,A5136930533
W7162318469,A5024558444
W7162318469,A5136930714
W7162318469,A5107052422
W7162318469,A5021824756
W7162318469,A5132104550
W7162318469,A5136905343
W7162318469,A5129646369
W7162318469,A5080661941
W7162318469,A5136977010
W7162318469,A5062250884
W7162318469,A5136928656
W7162318469,A5136918616
W7162318469,A5129736816
W7162318469,A5086340912
W7162318469,A5132049969
W7162318469,A5110833308
W7162318469,A5134549678
W7162318469,A5033819945
W7162318469,A5113298949
W7162318469,A5129668892
W7162318469,A5129700560
W7162318469,A5136943832
W7162318469,A5129663707
W7162318469,A5132294692
W7162318469,A5136911368
W7162318469,A5104384413
W7162318469,A5132017636
W7162318469,A5136925850
W7162318469,A5129663908
W7162318469,A5132327831
W7162318469,A5131974323
W7162318469,A5136911064
W7162318469,A5043204255
W7162318469,A5029874126
W7162318469,A5129686486
W7162318469,A5082263749
W7162318469,A5132079624
W7162318469,A5090060709
W7162318469,A5132046045
W7162318469,A5136985777
W7162318469,A5041027404
W7162318469,A5136948187
W7162318469,A5129934117
W7162318469,A5136905975
W7162318469,A5129737777
W7162318469,A5129672000
W7162318469,A5136913741
W7162318469,A5129771426
W7162318469,A5136945458
W7162318469,A5130098630
W7162318469,A5136985834
W7162318469,A5136905539
W7162318469,A5045339304
W7162318469,A5005475639
W7162318469,A5136962949
W7162318469,A5107318322
W7162318469,A5136966328
W7162318469,A5129740652
W7162318469,A5136963529
W7162318469,A5129723091
W7162318469,A5136921011
W7162318469,A5136931926
W7162318469,A5136964667
W7162318469,A5136954205
W7162318469,A5107949962
W7162318469,A5136898255
W7162318469,A5136952759
W7162318469,A5136981193
W7162318469,A5110723201
W7162318469,A5107841618
W7162318469,A5136936495
W7162318469,A5109980044
W7162318469,A5136930195
W7162318469,A5076195331
W7162318469,A5136947962
W7162318469,A5000572041
W7162318469,A5136948813
W7162318469,A5056388805
W7162318469,A5136928618
W7162318469,A5136941845
W7162318469,A5136898771
W7162318469,A5132077295
W7162318469,A5136913949
W7162318469,A5136914265
W7162318469,A5136932902
W7162318469,A5134174412
W7162318469,A5136896145
W7162318469,A5020825456
W7162318469,A5136913435
W7162326146,A5038791421
W7162326146,A5136988705
W7162326146,A5117639584
W7162326146,A5136910678
W7162326146,A5004755597
W7162334731,A5087106458
W7162334731,A5065353383
W7162334731,A5132746810
W7162334731,A5007637679
W7162334731,A5091133342
W7162404973,A5137058739
W7162404973,A5000585437
W7162404973,A5137038659
W7162404973,A5111119645
W7162411051,A5002827253
W7162411051,A5014938626
W7162411051,A5017851662
W7162411051,A5090662722
W7162411051,A5136998865
W7162419195,A5124054050
W7162419195,A5137004518
W7162419195,A5001954729
W7162419195,A5137004542
W7162419195,A5137032582
W7162426908,A5127784211
W7162426908,A5020523273
W7162426908,A5137083886
W7162426908,A5136161517
W7162426908,A5069842035
W7162442689,A5047027947
W7162442689,A5112855604
W7162442689,A5011297917
W7162451130,A5112944835
W7162451130,A5137019412
W7162451130,A5137034080
W7162452091,A5039831806
W7162452091,A5136992181
W7162538134,A5001700413
W7162538134,A5137176937
W7162538134,A5056625994
W7162561748,A5137142487
W7162561748,A5062256983
W7162561748,A5137106802
W7162561748,A5039052968
W7162561748,A5137183534
W7162805338,A5128348289
W7162805338,A5137339313
W7162805338,A5051552397
W7162805338,A5001310284
W7162805338,A5066565612
W7162805338,A5137322044
W7162805338,A5110680345
W7162805338,A5092078833
W7162805338,A5001863172
W7162805338,A5116571599
W7162805338,A5047470642
W7162814210,A5136484967
W7162814210,A5137326585
W7162859516,A5042837158
W7162859516,A5058620025
W7162859516,A5137464092
W7162859516,A5137438584
W7162859516,A5063960876
W7162863543,A5042837158
W7162863543,A5058620025
W7162863543,A5137464092
W7162863543,A5137438584
W7162863543,A5063960876
W7162875868,A5135198317
W7162875868,A5114117904
W7162938210,A5110833872
W7162938210,A5137480998
W7162938210,A5137498136
W7162938210,A5137491069
W7162938210,A5008876218
W7162938210,A5137511902
W7162938210,A5007262927
W7162938210,A5137477358
W7163065831,A5137525102
W7163065831,A5121066759
W7163065831,A5128700301
W7163065831,A5065588110
W7163065831,A5101053869
W7163065831,A5103731291
W7163065831,A5137605807
W7163065831,A5046213612
W7163065831,A5137576630
W7163065831,LOCAL_A000564
W7163065831,LOCAL_A000565
W7163067228,A5137599796
W7163067228,A5014472521
W7163067228,A5137570767
W7163367857,A5103928365
W7163367857,A5137731172
W7163549597,A5101860760
W7163549597,A5024527852
W7163549597,A5035589368
W7163549597,A5102013370
W7163549597,A5123931166
W7163549597,A5137873774
W7163582689,A5127869048
W7163582689,A5101288712
W7163582689,A5068820312
W7163582689,A5134506871
W7163582689,A5137821333
W7163654284,A5117610020
W7163654284,A5065836015
W7163654284,A5116456162
W7163654284,A5137964415
W7163654284,A5137959653
W7163654284,A5123202475
W7163660649,A5010733986
W7163660649,A5137961821
W7163660649,A5137993674
W7163660649,A5120347235
W7163660649,A5137928570
W7163660649,A5137920385
W7163735877,A5138020603
W7163735877,A5138052135
W7163742943,A5052421157
W7163742943,A5078951421
W7163742943,A5138033626
W7163742943,A5102448148
W7163742943,A5138020952
W7163742943,A5101955675
W7163742943,A5101861939
W7163742943,A5135356426
W7163752815,A5138069038
W7163752815,A5138039220
W7163867813,A5036595306
W7163867813,A5112728667
W7163867813,A5016799901
W7163867813,A5085537455
W7163867813,A5001105773
W7163867813,A5138180568
W7163867813,A5138149664
W7163867813,A5055538986
W7163886815,A5059009171
W7163886815,A5123188130
W7163886815,A5138125595
W7163886815,A5138152850
W7163886815,A5037139048
W7163886815,A5138166377
W7163886815,A5138162018
W7163942238,A5106164109
W7163942238,A5077159769
W7163995216,A5116787028
W7163995216,A5138215236
W7163995216,A5138264912
W7163995216,A5083202029
W7163995216,A5133003200
W7163995216,A5133053510
W7164001604,A5138214688
W7164001604,A5064282135
W7164001604,A5138226202
W7164001604,A5060017962
W7164045742,A5028948267
W7164045742,A5091968955
W7164045742,A5138204528
W7164178285,A5138392795
W7164178285,A5113182779
W7164518188,A5060017962
W7164518188,A5055270754
W7164518188,A5110786089
W7164823619,A5119048346
W7164884701,A5078162843
W7164884701,A5138750666
W7164884701,A5072294451
W7164884701,A5011297917
W7164917283,A5078787236
W7164917283,A5138262578
W7164917283,A5090489273
W7164931366,A5037510069
W7164931366,A5046621202
W7164944821,A5035159452
W7164944821,A5110277318
W7164944821,A5050247722
W7164944821,A5134644764
W7164944821,A5060496598
W7164944821,A5089369458
W7164944821,A5101983590
W7164944821,A5069093485
W7165114816,A5077529549
W7165114816,A5014715890
W7165114816,A5061049640
W7165114816,A5116037833
W7165114816,A5095380028
W7165114816,A5039779616
W7165175586,A5090498564
W7165199016,A5128606674
W7165199016,A5128405095
W7165199016,A5129476969
W7165199016,A5128385340
W7165199016,A5128378047
W7165377796,A5138992584
W7165377796,A5069873921
W7165377796,A5139018057
W7165570983,A5110277318
W7165570983,A5050247722
W7165570983,A5139102677
W7165570983,A5139063661
W7165570983,A5139063594
W7165570983,A5133248498
W7165570983,A5121620694
W7165570983,A5139065087
W7165570983,A5035159452
W7165623399,A5102851626
W7165623399,A5113354082
W7165623399,A5139202772
W7165659512,A5139195928
W7165659512,A5139150702
W7165659512,A5139188409
W7165659512,A5139173248
W7165659512,A5139175222
W7165659512,A5130658184
W7166003581,A5064476016
W7166003581,A5061345492
W7166003581,A5061277637
W7166003581,A5007099952
W7166003581,A5064657974
W7166003581,A5139426445
W7166003581,A5139457398
W7166003581,A5091945662
W7166003581,A5040349893
W7166028472,A5120715242
W7166028472,A5086706877
W7166028472,A5126618891
W7166028472,A5101464450
W7166028472,A5042141088
W7166028472,A5120691164
W7166028472,A5015416684
W7166028472,A5042254735
W7166029693,A5120715242
W7166029693,A5086706877
W7166029693,A5126618891
W7166029693,A5101464450
W7166029693,A5042141088
W7166029693,A5120691164
W7166029693,A5015416684
W7166029693,A5042254735
W7166030371,A5120715242
W7166030371,A5086706877
W7166030371,A5126618891
W7166030371,A5120691164
W7166030371,A5101464450
W7166030371,A5042141088
W7166030371,A5015416684
W7166030371,A5042254735
W7166054839,A5054511774
W7166054839,A5006709815
W7166095928,A5120715242
W7166095928,A5086706877
W7166095928,A5126618891
W7166095928,A5120691164
W7166095928,A5101464450
W7166095928,A5042141088
W7166095928,A5015416684
W7166095928,A5042254735
W7166138059,A5139404053
W7166138059,A5139451528
W7166138059,A5000637794
W7166138059,A5104351126
W4411069142,A5076120969
W4411069142,A5083712493
W4411069142,A5015915107
W4411069142,A5040375274
W4411069142,A5117845190
W4411069142,A5028355700
W4401467334,A5086434450
W4401467334,A5063236562
W4401467334,A5073592697
W4401467334,A5110069127
W4401467334,A5038369716
W4409606618,A5083147348
W4409606618,A5037481542
W4409606618,A5084293052
W4409606618,A5031407090
W4409606618,A5052527227
W4409606618,A5092892831
W4409606618,A5046940577
W4409606618,A5078984352
W4411867038,A5089793687
W4411867038,A5059877507
W4411867038,A5011855564
W4411867038,A5074435622
W4411867038,A5101772613
W4411867038,A5107377625
W4411867038,A5102787852
W4411867038,A5111340704
W4411867038,A5091266202
W4411867038,A5022649488
W4411867038,A5062525719
W4412389639,A5112944835
W4412389639,A5053998535
W4412389639,A5056447969
W4402693339,A5035740729
W4402693339,A5016799901
W4405012386,A5114995942
W4409644508,A5099116976
W4409644508,A5099116975
W4409644508,A5049382316
W4409644508,LOCAL_A000566
W4388942254,A5024527579
W4388942254,A5049003532
W4388942254,A5070240653
W4388942254,A5065581277
W4388942254,A5014186775
W4388942254,A5009247971
W4404837469,A5001226600
W4404837469,A5053717509
W4382937971,A5066718144
W4382937971,A5047754943
W4382937971,A5041738711
W4406874864,A5083902869
W4406874864,LOCAL_A000084
W4406874864,A5076966340
W4406874864,A5036869152
W4406874864,A5101499505
W4406881240,A5038068417
W4406881240,LOCAL_A000567
W4406881240,A5002305257
W4406881240,A5067373966
W4406881240,A5041369109
W4401351881,A5078787236
W4401351881,A5028355700
W4401351881,A5111281452
W4401684825,A5106596649
W4401684825,A5077324612
W4401684825,A5113339637
W4401684825,A5090389160
W4402596390,LOCAL_A000548
W4402596390,A5056133033
W4402596390,A5069277141
W4411379455,A5031161877
W4411379455,A5112708761
W4411379455,A5107867309
W4411379455,LOCAL_A000568
W4411379455,A5016282504
W4411379455,A5076130025
W4411379455,A5036356696
W4411379455,LOCAL_A000569
W4411379455,A5041882067
W4393854948,A5035286000
W4393854948,A5046042230
W4394886436,A5048993786
W4394886436,A5023492471
W4394886436,A5068804587
W4394886436,A5102650285
W4394886436,A5090982786
W4394886436,A5074327529
W4399490801,A5072082220
W4399490801,LOCAL_A000570
W4399490801,A5023064512
W4399490801,A5029402778
W4399490801,A5107942006
W4399490801,A5032091221
W4399490801,A5080216121
W4399490801,A5077330100
W4399490801,A5039189182
W4399490801,A5049249147
W4399490801,A5042002273
W4399490801,A5109357060
W4402962879,A5040349893
W4402962879,LOCAL_A000208
W4402962879,A5064476016
W4402962879,LOCAL_A000571
W4402962879,A5101567168
W4402962879,A5032903751
W4402962879,A5101861939
W4402962879,A5059312578
W4404920262,A5017773373
W4404920262,A5082803859
W4404920262,A5059661400
W4404920262,A5061140260
W4404920262,A5000637794
W4404920262,A5021501825
W4408185919,A5015962281
W4408185919,A5074219943
W4408185919,A5032091221
W4408185919,A5060158506
W4408185919,A5104346383
W4408185919,A5068838532
W4408185919,A5023064512
W4408185919,A5113709518
W4408446899,A5038068417
W4408446899,A5061293056
W4408446899,A5111275451
W4408446899,A5106258038
W4408446899,LOCAL_A000572
W4408446899,A5088952493
W4408446899,A5010191491
W4408446899,A5101974200
W4408446899,A5041369109
W4318819594,A5056133033
W4318819594,A5086812774
W4318819594,LOCAL_A000548
W4318819594,A5069277141
W4397002070,A5031178621
W4397002070,A5085948144
W4397002070,A5075250567
W4397002070,A5074567656
W4397002070,A5020410686
W4407666597,A5074327529
W4407666597,A5056133033
W4407666597,A5011173370
W4407666597,A5048993786
W4410593844,A5016008264
W4410593844,A5004161082
W4410593844,A5076489521
W4410593844,A5028926914
W4410593844,A5010612728
W4410593844,A5067110618
W4410593844,A5119564603
W4410593844,A5015187278
W4413004400,A5081322932
W4413004400,A5026934828
W4413004400,LOCAL_A000573
W4413004400,A5119227694
W4413118057,A5054095804
W4413118057,A5082446801
W4413118057,A5041470006
W4413118057,A5073592697
W4413118057,A5101732045
W4413118057,A5081831852
W4413118057,A5024748232
W4413118057,A5100623456
W4414704940,A5059592113
W4414704940,A5016621990
W4414704940,A5086434450
W4414704940,A5072701601
W4399691773,A5048993786
W4399691773,A5090982786
W4399691773,A5074327529
W4399691773,A5011173370
W4408605524,A5034148650
W4408605524,A5036824452
W4385422760,A5056443847
W4385422760,A5008510859
W4385422760,A5102762185
W4385422760,A5053998535
W4385422760,A5060927410
W4385422760,A5045306957
W4409898812,A5101719668
W4409898812,A5080788166
W4409898812,A5107436860
W4409898812,A5060701822
W4409898812,A5025852195
W4409898812,A5067497938
W4409898812,A5117365838
W4409898812,A5103601073
W4409898812,A5024782599
W4409898812,A5065278638
W4409898812,A5100617659
W4409898812,A5050404183
W4409898812,A5004952365
W4409898812,A5109582787
W4409898812,A5042211118
W4410774379,A5104246908
W4410774379,A5106361655
W4410774379,A5060773603
W4410774379,A5063548021
W4410774379,A5055473116
W4410774379,A5064606348
W4414773519,A5103221637
W4414773519,A5075681850
W4414773519,A5043383799
W4407717565,A5089706471
W4407717565,A5091396479
W4407717565,A5107928007
W4407717565,A5004174989
W4407717565,A5033647992
W4407717565,A5046582092
W4407717565,A5076358810
W4407717565,A5066581436
W4412843188,A5048993786
W4412843188,A5023492471
W4412843188,A5102958072
W4412843188,A5068804587
W4412843188,A5015269024
W4412843188,A5059009171
W4412843188,A5117509360
W4412843188,A5074327529
W4415373468,A5075681850
W4415373468,A5043383799
W2015390581,A5027706324
W2015390581,A5112070802
W2015390581,A5013073221
W2015390581,A5090925538
W2015390581,A5042843111
W2049769420,A5111817425
W2049769420,A5022001106
W2049769420,A5090361625
W2049769420,A5081641836
W2049769420,A5007924087
W2049769420,A5110094777
W2049769420,A5073979930
W2049769420,A5043158224
W2049769420,A5067125998
W2049769420,A5021191541
W2049769420,A5111719564
W2167868957,A5049765310
W2167868957,A5025049120
W2167868957,A5056482864
W2167868957,A5018098972
W1972364831,A5084021444
W2037241957,A5082519416
W2037241957,A5022176740
W2037241957,A5106234466
W2037351555,A5022176740
W2037351555,A5004526884
W2037351555,A5042264865
W2037351555,A5052862902
W2593957126,A5026652025
W2593957126,A5042115750
W2593957126,A5068776863
W2593957126,A5061220760
W3030321203,A5010415543
W3030321203,A5007252074
W3030321203,A5076833967
W3030321203,A5050425757
W3030321203,A5011814353
W3030321203,A5041369109
W3030321203,A5029896071
W3030321203,A5046846003
W3030321203,LOCAL_A000001
W3030321203,A5022332552
W3030321203,A5062184716
W3030321203,A5103096805
W3030321203,A5052932812
W3030321203,A5109280766
W3030321203,A5072077918
W3171413831,A5053552469
W3171413831,A5112653162
W3171413831,A5049701520
W3171413831,LOCAL_A000052
W3171413831,A5005338149
W3171413831,A5018538544
W2103748781,A5045215148
W2103748781,A5047445885
W2103748781,A5022579647
W2103748781,A5090518122
W2103748781,A5037669071
W2519522313,A5002766078
W2519522313,A5058888535
W2519522313,A5069022584
W2519522313,A5052291165
W2519522313,A5015697944
W2519522313,A5037307550
W2519522313,A5085027248
W2519522313,A5002715032
W2519522313,A5047251015
W2116401724,A5052958591
W2116401724,A5080704496
W2116401724,A5088363082
W2116401724,A5030715845
W2116401724,A5111911511
W2116401724,A5015622316
W2116401724,A5021265784
W2116401724,A5060570144
W2116401724,A5100705609
W2116401724,A5045175158
W2116401724,A5080892177
W2116401724,LOCAL_A000574
W2116401724,A5046308015
W2116401724,A5091724281
W2131291272,A5029499585
W2131291272,A5016763122
W2131291272,A5109230591
W2131291272,A5027845624
W2180953235,A5067287880
W2180953235,A5014950400
W2180953235,A5086095919
W2180953235,A5022723002
W2180953235,A5070496761
W2180953235,A5082218840
W2180953235,A5010409421
W2180953235,A5042452558
W2180953235,A5110556117
W2180953235,A5109354723
W2180953235,A5021323660
W2180953235,A5020096319
W2180953235,A5077878204
W2180953235,A5023592446
W2180953235,A5077271389
W2180953235,A5086950255
W2180953235,A5079381636
W2180953235,A5005077971
W2180953235,A5108426113
W2180953235,A5060189092
W2180953235,A5021828664
W3175462020,A5066394609
W3175462020,A5020463942
W3175462020,A5071261948
W2057397620,A5049765310
W2057397620,A5008079426
W2057397620,A5037459239
W2057397620,A5113613159
W2057397620,A5111869788
W2057397620,A5056482864
W2057397620,A5110201827
W2057397620,A5009283189
W2676123895,A5002766078
W2676123895,A5058888535
W2676123895,A5069022584
W2676123895,A5052291165
W2676123895,A5015697944
W2676123895,A5062852134
W2676123895,A5085027248
W2676123895,A5047251015
W3038323774,A5088853821
W3038323774,A5026429087
W3038323774,A5112037077
W3038323774,A5029995327
W3038323774,A5031094477
W3038323774,A5056304373
W3038323774,A5013811641
W3038323774,A5042425451
W3038323774,A5036310727
W3038323774,A5101961231
W3038323774,A5020412391
W3038323774,A5104004303
W4206307193,LOCAL_A000052
W4206307193,A5007637251
W4206307193,A5101761853
W2936657119,A5002766078
W2936657119,A5021556130
W2936657119,A5069022584
W2936657119,A5052291165
W2936657119,A5085027248
W2936657119,A5047251015
W3135035374,A5001311957
W3135035374,A5009692670
W3135035374,A5000830586
W3135035374,A5082250333
W3135035374,A5083945787
W4220909584,A5038068417
W4220909584,A5002305257
W4220909584,A5041369109
W4220909584,A5076310748
W4220909584,A5024433704
W4220909584,A5103002149
W4224965222,A5100648337
W4224965222,A5053119189
W3049420009,A5101705534
W3049420009,A5029774953
W3049420009,A5102408214
W3049420009,A5006965773
W4221088381,A5091576742
W4221088381,A5061860430
W4221088381,A5026074930
W4221088381,A5056368956
W4221088381,A5083945787
W4281854534,A5100648337
W2893392348,A5101648170
W2893392348,A5072861318
W2893392348,A5110577305
W3173640918,A5080275074
W3173640918,A5102955956
W3173640918,A5072737254
W4281920079,A5039042106
W4281920079,A5007693704
W4281920079,A5080275074
W4281920079,A5049349769
W4281920079,A5065058297
W4281920079,A5080477516
W3159682264,A5078522070
W3159682264,A5030190819
W3159682264,A5077817519
W3159682264,A5087097985
W3159682264,A5053664482
W3159682264,A5066553195
W3159682264,A5101205557
W3159682264,A5077358597
W3159682264,A5074528425
W3159682264,A5084444623
W3159682264,A5051450131
W4296081994,A5073205104
W4296081994,A5059209425
W4296081994,A5061887361
W4296081994,A5102008169
W4296081994,A5043763268
W4296081994,A5075903963
W4296081994,A5047648157
W4296081994,A5036734449
W4296081994,A5046868741
W4296081994,A5030979939
W2975116785,A5100770603
W2975116785,A5112469672
W3203242018,A5000994184
W3203242018,A5010818401
W3203242018,A5091627176
W3203242018,A5100701432
W3203242018,A5077989995
W3203242018,A5067659457
W3203242018,A5072201492
W4309737898,A5067624332
W4309737898,A5078519359
W4309737898,A5023403556
W4309737898,A5035154661
W4309737898,A5005583322
W4309737898,A5057217204
W3033526964,A5023756965
W3033526964,A5022245617
W2626032508,A5057749394
W2626032508,A5002766078
W2626032508,A5039672274
W2626032508,A5052291165
W2626032508,A5002715032
W2626032508,A5105370959
W2626032508,A5003674306
W2626032508,A5028857740
W2626032508,A5047251015
W3194522155,A5016425643
W3194522155,A5053113069
W3194522155,A5036684171
W3194522155,A5018943018
W3194522155,A5100717750
W3194522155,A5066490148
W3194522155,A5076045469
W4284885794,A5100648337
W3200969711,A5037677437
W3200969711,A5083516573
W4283370032,A5027768275
W4283370032,A5100648337
W4285149948,A5100648337
W4291298303,A5031189170
W4291298303,A5016799901
W4226471663,A5066978200
W4226471663,A5014062090
W4226471663,A5028937831
W4226471663,A5061828397
W4287219732,A5030334886
W4287219732,A5068068488
W4288050251,A5070026123
W4288050251,A5029157921
W4288050251,A5021056526
W4288050251,A5030946527
W4361214286,A5088692992
W4361214286,A5036583209
W4361214286,A5055267657
W4361214286,A5048556948
W4361214286,A5015787949
W4361214286,A5033921756
W4361214286,A5072861318
W4361214286,A5113010213
W4361214286,A5101648170
W4361214286,A5053086929
W3034897084,A5050411356
W3034897084,A5010793698
W3034897084,A5024654850
W3034897084,A5040078698
W3034897084,A5087658530
W3034897084,A5040974749
W3080524420,A5032768223
W3080524420,A5007252074
W3080524420,A5010415543
W3080524420,A5029896071
W3080524420,A5041369109
W3080524420,A5001746495
W3080524420,A5034194161
W3080524420,A5052932812
W3080524420,A5082824466
W3080524420,A5062184716
W3080524420,A5056522373
W3080524420,A5072077918
W3133521134,A5053552469
W3133521134,LOCAL_A000052
W3133521134,A5112653162
W3133521134,A5100752861
W3133521134,A5005338149
W3162355841,A5016425643
W3162355841,A5054805148
W3162355841,A5066490148
W3162355841,A5052054550
W3162355841,A5100631783
W3162355841,A5100717750
W3162355841,A5045332874
W3162355841,A5076045469
W3167511430,A5059510291
W3167511430,A5063440476
W3167511430,A5041172470
W3167511430,A5039756985
W3167511430,A5024767943
W3167511430,A5089022716
W3167511430,A5076004552
W3167511430,A5075235852
W3172560453,A5039592401
W3172560453,A5100701432
W3172560453,A5062017995
W3172560453,A5072201492
W3172560453,A5077989995
W3172560453,A5016154330
W4294982649,A5100701432
W4294982649,A5062017995
W4294982649,A5018288108
W4294982649,A5077989995
W4294982649,A5072201492
W4294982649,A5016154330
W4228997162,A5043003589
W4228997162,A5051450131
W4228997162,A5068124673
W4228997162,A5104038142
W4228997162,A5074528425
W4228997162,A5066553195
W4228997162,A5077358597
W4228997162,A5035112064
W4293660415,A5049698133
W4293660415,A5080092209
W4293660415,A5037185882
W4293660415,A5061317037
W4366607373,LOCAL_A000575
W4366607373,A5077352345
W4366607373,A5036239936
W4366607373,A5027651245
W4366607373,A5024051545
W4366607373,A5059732519
W4390964192,A5068570499
W4390964192,A5040375274
W4390964192,A5028355700
W4390964192,A5100450639
W3083806460,A5022245617
W3083806460,A5023756965
W3083806460,A5031811244
W3136985740,A5101997513
W3136985740,A5054226404
W3136985740,A5004974582
W3136985740,A5103120340
W3136985740,A5077989995
W3136985740,A5029973339
W3136985740,LOCAL_A000576
W3163198494,A5010057346
W3163198494,A5029981257
W3163198494,A5016059020
W3163198494,A5040168155
W3163198494,A5002467172
W3163198494,A5029071674
W3163198494,A5071547141
W3163198494,A5102818446
W3163198494,A5035326900
W3205232137,A5054046541
W3205232137,A5103258061
W3205232137,A5078263828
W3205232137,A5042961006
W3205232137,A5076045469
W3205232137,A5084269594
W3205232137,A5107919436
W3205232137,A5016425643
W3205232137,A5027584112
W3206545182,A5100701432
W3206545182,A5062017995
W3206545182,A5077989995
W3206545182,A5072201492
W3206545182,A5016154330
W3206545182,A5080037825
W3206545182,A5042307561
W4293238711,A5069734411
W4293238711,A5086428556
W4293238711,A5019585102
W4293238711,A5053488393
W4293238711,A5088410956
W4312032783,A5077159769
W4312032783,A5053429667
W4312032783,A5048412714
W4312032783,A5075209004
W4313203982,A5102895643
W4313203982,A5085582592
W4313203982,A5046033495
W4378226923,A5072269422
W4378226923,A5034798042
W4378226923,A5024135624
W4378226923,A5087000202
W4378226923,A5091554286
W4378226923,A5022979224
W4382323091,A5042141088
W4382323091,A5092349333
W4382323091,A5015416684
W4382323091,A5042254735
W4387212021,A5113012247
W4387212021,A5072567250
W4387212021,A5085893079
W4387212021,A5019183004
W4387212021,A5073592697
W4387212021,A5086434450
W4387212021,A5021368295
W4387212021,A5100623456
W4387212021,A5104001656
W4387212021,A5059773332
W4313558926,A5059034951
W4313558926,A5056993916
W4313558926,A5013475006
W4313558926,A5069165069
W4313558926,A5108746448
W4313558926,A5018766595
W4313558926,A5053378533
W4313558926,A5042425451
W4313558926,A5076717996
W4313558926,A5000866983
W4313558926,A5020412391
W4313558926,A5059823880
W4379382643,A5100701432
W4379382643,A5018288108
W4379382643,A5062017995
W4379382643,A5077989995
W4379382643,A5072201492
W4379382643,A5016154330
W4379382643,A5002904166
W4379382643,A5042307561
W3135837502,A5016799901
W3135837502,A5051010639
W4281250804,A5012612250
W4281250804,A5100648337
W4321597735,A5067080251
W4321597735,A5052605854
W4321597735,A5072982996
W4321597735,A5089901216
W4321597735,A5020793898
W4376873270,A5110454044
W4376873270,A5101572022
W4376873270,A5081831852
W4376873270,A5041470006
W4376873270,A5086434450
W4376873270,A5073592697
W4376873270,A5021368295
W4376873270,A5100623456
W4376873270,A5090960288
W4391354445,A5102771088
W4391354445,A5034663096
W4391354445,A5113366228
W4391354445,A5008258299
W4391354445,A5101481517
W4391354445,A5053333628
W4391354445,A5016345523
W4391354445,A5052248524
W4391354445,A5086434450
W4391354445,A5016410629
W3118494691,A5081893974
W3118494691,A5050411356
W3118494691,A5109484736
W3118494691,A5024654850
W3118494691,A5010793698
W3118494691,A5037825941
W3118494691,A5079805985
W3194129076,A5011655568
W3202399060,A5070026123
W3202399060,A5021056526
W3202399060,A5030946527
W3202399060,A5029157921
W4220747986,A5021733333
W4220747986,A5059510291
W4220747986,A5060295199
W4220747986,A5089022716
W4220747986,LOCAL_A000301
W4220747986,A5056985800
W4220747986,A5060343625
W4220747986,A5076004552
W4220747986,A5075235852
W4226057806,A5046033495
W4226057806,A5017596097
W4226057806,A5073172349
W4310339445,A5055267657
W4310339445,A5048556948
W4310339445,A5088692992
W4310339445,A5015787949
W4310339445,A5033921756
W4310339445,A5072861318
W4310339445,A5066384363
W4310339445,A5101648170
W4310339445,A5053086929
W4321781934,A5043160132
W4321781934,A5052605854
W4321781934,A5014333309
W4321781934,A5021469380
W4362541844,LOCAL_A000548
W4362541844,A5069277141
W4366309491,A5042141088
W4366309491,A5015416684
W4366309491,A5042254735
W4388411191,A5023492471
W4388411191,A5022545715
W4388411191,A5069800548
W4388411191,A5074327529
W4388411191,A5035910808
W4388411191,A5040018532
W4388411191,A5090982786
W3156106451,A5084444623
W3156106451,A5078522070
W3156106451,A5021434198
W3156106451,A5104035119
W3156106451,A5087097985
W3156106451,A5053664482
W3156106451,A5030100270
W3156106451,A5063159047
W3156106451,A5051450131
W3156106451,A5074528425
W4210369429,A5071517633
W4210369429,A5040773786
W4210369429,A5056209905
W4313586752,A5071493756
W4313586752,A5077989995
W4313586752,A5100701432
W4313586752,A5091627176
W4313586752,A5021210951
W4313586752,A5032941002
W4313586752,A5026676431
W4313586752,A5072201492
W4366090948,A5042141088
W4366090948,A5015416684
W4366090948,A5042254735
W3003316963,A5049923319
W3003316963,A5068287338
W3003316963,A5055337948
W3003316963,A5011528405
W3107648739,A5085841822
W3107648739,A5068398026
W3107648739,A5061332152
W3107648739,A5080048400
W3168655084,A5004005170
W3168655084,A5053950493
W3168655084,A5018426724
W3168655084,A5077989995
W3202442685,A5080275074
W3202442685,A5102955956
W3202442685,A5072737254
W4200495764,A5005067091
W4200495764,A5101479540
W4206403931,A5081893974
W4206403931,A5050411356
W4206403931,A5024654850
W4206403931,A5010793698
W4206403931,A5109484736
W4206403931,A5049089848
W4281722354,A5027283721
W4281722354,A5025977132
W4281722354,LOCAL_A000577
W4281722354,A5001649826
W4281722354,A5091500375
W4281722354,A5038668071
W4285199040,A5052167850
W4285199040,A5110748521
W4285199040,A5056815476
W4285199040,A5088757599
W4381833251,A5077602107
W4381833251,A5021197768
W4381833251,A5022877453
W4381833251,A5025451580
W4381833251,A5033082045
W4381833251,A5038617538
W4381833251,A5084344101
W4381833251,A5101942828
W4387083611,A5042739922
W4387083611,A5028355700
W4387083611,A5024813208
W4387083611,A5019098023
W4387083611,A5068433944
W4387083611,A5072884424
W4387083611,A5016425643
W4387083611,A5110917966
W4387083611,A5022231076
W4391876512,A5017773373
W4391876512,A5061140260
W4391876512,A5000637794
W4391876512,A5021501825
W4394996856,A5068286496
W4394996856,A5092687136
W4394996856,A5077582388
W4394996856,A5049698133
W3175834700,A5086143812
W3175834700,A5071517633
W3175834700,A5035395012
W3175834700,A5028500163
W3175834700,A5040773786
W3214136215,A5035101973
W3214136215,A5009805440
W3214136215,A5007383712
W3214136215,A5104034403
W3214136215,A5088136225
W3214136215,A5016059020
W3214136215,A5000043086
W3214136215,A5035326900
W4220938728,A5091576742
W4220938728,A5038001329
W4220938728,A5033494582
W4220938728,A5002130582
W4220938728,A5081206508
W4220938728,A5016799901
W4280585400,A5102010814
W4280585400,A5039142428
W4280585400,A5010462592
W4280585400,A5069724897
W4303045635,A5080275074
W4303045635,A5080477516
W4303045635,A5027385468
W4303045635,A5007693704
W4303045635,A5023113797
W4303045635,A5108782097
W4303045635,A5065058297
W4309782718,A5042425451
W4309782718,A5053540902
W4309782718,A5006375556
W4309782718,A5001907851
W4309782718,A5049558646
W4309782718,A5087849832
W4309782718,A5006503198
W4309782718,A5063042707
W4309782718,A5073170321
W4309782718,A5020412391
W4313408409,A5021733333
W4313408409,A5059510291
W4313408409,A5075235852
W4313408409,A5005345397
W4313408409,A5062542939
W4313408409,A5081105220
W4313408409,A5090037543
W4313408409,A5033199664
W4317434823,A5028272884
W4317434823,A5027797037
W4317434823,A5108706799
W4317434823,A5009717125
W4317434823,A5101800295
W4317434823,A5115601874
W4317434823,A5058820007
W4317434823,A5036640407
W4317434823,A5005583322
W4317434823,A5027205370
W4327814100,A5091402542
W4327814100,A5087405854
W4327814100,A5080858949
W4327814100,A5058063287
W4327814100,A5034169259
W4366978331,A5038068417
W4366978331,A5015225298
W4366978331,A5064006808
W4366978331,A5059493647
W4366978331,A5076310748
W4366978331,A5041369109
W4383814612,A5092439237
W4383814612,A5041023060
W4383814612,A5087200966
W4383814612,A5072269422
W4383814612,A5045509692
W4383814612,A5064606348
W4396898790,A5014308617
W4396898790,A5045740847
W4396898790,A5009533013
W4396898790,A5058710387
W4396898790,A5039382955
W4396898790,A5015882055
W4396898790,A5045513289
W4396898790,A5050158948
W4396898790,A5078842316
W3133914281,A5015010937
W3161051587,A5061514881
W3161051587,A5046987451
W3161051587,A5041694698
W3161051587,A5076135647
W3171219399,A5058540098
W3171219399,A5032768223
W3171219399,A5072077918
W3171219399,A5008529454
W3171219399,A5073095780
W3171219399,A5101726934
W3171219399,A5043693171
W3171219399,A5033547388
W3171219399,A5024548193
W3171219399,A5061640316
W3171219399,LOCAL_A000578
W3171219399,LOCAL_A000579
W3171219399,LOCAL_A000580
W3171219399,LOCAL_A000581
W4220784121,A5089107968
W4220784121,A5058058761
W4220784121,A5044178581
W4220784121,A5015273816
W4225812594,A5015523916
W4225812594,A5066814201
W4225812594,A5016854536
W4225812594,A5033343758
W4225812594,A5027283721
W4225812594,A5038668071
W4285275020,A5085509570
W4285275020,A5080199946
W4285275020,A5017773373
W4285275020,A5009289774
W4362674680,A5065058297
W4362674680,A5102955956
W4362674680,A5080477516
W4362674680,A5013901116
W4362674680,A5065438450
W4362674680,A5021889240
W4362674680,A5080275074
W4366976633,A5061049640
W4366976633,A5005497446
W4379184192,A5078787236
W4379184192,A5102004284
W4379184192,A5067640205
W4390410811,A5042985909
W4390410811,A5003625164
W4390410811,A5084774480
W4390410811,A5015900702
W4390410811,A5066581436
W4390410811,A5042098541
W4392746748,A5017599839
W4392746748,A5103098636
W4392746748,A5108048174
W4392746748,A5002969262
W4392746748,A5100905868
W4392746748,A5100441311
W4392746748,A5005583322
W3037126109,A5109464542
W3037126109,A5101538445
W3037126109,A5101951708
W3037126109,A5053403067
W3037126109,A5057105630
W3159481389,A5102004247
W3159481389,LOCAL_A000389
W3159481389,A5045826726
W3159481389,A5006496190
W3159481389,A5018331389
W3159481389,A5020833933
W3170368767,A5046981823
W3196636059,A5081741097
W3196636059,A5086096942
W3196636059,A5100648337
W3196636059,A5065553213
W3196636059,A5097765031
W3207741785,A5015610209
W3207741785,A5083945787
W4221090168,A5087000202
W4225156173,A5042141088
W4225156173,A5040962133
W4280610068,A5108312301
W4280610068,A5100648337
W4283785232,A5064720446
W4283785232,A5060017962
W4283785232,A5053901514
W4285025417,A5002827253
W4285025417,A5003396849
W4285025417,A5028948267
W4286008072,A5007222296
W4286008072,A5102826855
W4286008072,A5015756945
W4286008072,A5017773373
W4286008072,A5109514994
W4286008072,A5030801216
W4291001490,A5065522973
W4291001490,A5067718322
W4304128614,A5047998559
W4304128614,A5034642372
W4304128614,A5087016803
W4304128614,A5091523962
W4304128614,A5003678121
W4304128614,A5046981823
W4304128614,A5003667222
W4365790216,A5021197768
W4365790216,A5025451580
W4365790216,A5084718407
W4365790216,A5030291168
W4365790216,A5024816582
W4365790216,A5084344101
W4385489691,A5058096520
W4385489691,A5001193118
W4385489691,A5029957844
W4385489691,A5045408352
W4386416432,A5040081743
W4386416432,A5007523071
W4386416432,A5073290826
W4386416432,A5088238351
W4386416432,A5111034568
W4388757718,A5083147348
W4388757718,A5113048693
W4388757718,A5091972389
W4388757718,A5084293052
W4388757718,A5046940577
W4388757718,A5032368950
W3089172231,A5012741140
W3089172231,A5039918314
W3089172231,A5027768275
W3137746435,A5019250403
W3137746435,A5066900397
W3137746435,A5075209004
W3195104377,A5044305514
W3195104377,A5069711950
W3195104377,A5040773786
W3195104377,A5088410956
W3195104377,A5071517633
W3195104377,A5072201492
W4205912509,A5100701430
W4205912509,A5100705624
W4205912509,A5092090247
W4205912509,A5075983792
W4308874308,A5004237375
W4308874308,A5049441779
W4308874308,A5036994574
W4308874308,A5073007383
W4308874308,A5011347329
W4308874308,A5042425451
W4308874308,A5036310727
W4308874308,A5020412391
W4309109511,A5101617017
W4309109511,LOCAL_A000582
W4309109511,A5052946148
W4311951862,A5060980928
W4311951862,A5076701661
W4386411789,A5050533579
W4386411789,A5101608786
W4386411789,A5101240606
W4386411789,A5104201126
W4386411789,A5001918418
W4386411789,A5039052968
W4386411789,A5022483359
W4386411789,A5101545411
W4386411789,A5068152663
W4388972587,A5047032205
W4388972587,A5037620294
W4388972587,A5102754824
W4388972587,A5014433518
W4388972587,A5039424904
W4388972587,A5058362925
W4392188359,A5024930700
W4392188359,A5018545038
W4392188359,A5005583322
W4392188359,A5057972238
W4392188359,A5024140904
W4392188359,A5107908640
W4399685159,A5015961088
W4399685159,A5027290274
W4399685159,A5070324389
W4399685159,A5049516895
W4399685159,A5067607444
W4399685159,A5076877524
W4399685159,A5026340579
W4399685159,A5078074629
W4399685159,A5080843178
W4399685159,A5071543919
W4399685159,A5076358810
W4399685159,A5042098541
W3015771813,A5023756965
W3015771813,A5022245617
W4290079132,LOCAL_A000535
W4290079132,A5041803184
W4290079132,A5032063674
W4310653684,A5036377736
W4310653684,A5010835990
W4310653684,A5060950462
W4310675866,A5017259848
W4310675866,A5045162218
W4310675866,A5003396849
W4312201692,A5110951526
W4312201692,LOCAL_A000583
W4312201692,A5042425451
W4312201692,A5036310727
W4312201692,A5020412391
W4312201692,A5063042707
W4312201692,A5051081707
W4322489023,A5007425238
W4322489023,A5100748218
W4322489023,A5075332753
W4322489023,A5026229677
W4362717669,LOCAL_A000584
W4362717669,A5102955956
W4362717669,A5042835508
W4362717669,A5032092538
W4362717669,A5077488637
W4362717669,A5021889240
W4362717669,A5080275074
W4386279883,A5039052968
W4386279883,A5102880338
W4386279883,A5014591962
W4386279883,A5074260255
W4386279883,A5085566730
W4387971596,A5028355700
W4387971596,A5103976840
W4387971596,A5100651745
W4387971596,A5015666823
W4387971596,A5040734845
W4387971596,A5011614425
W4387971596,A5022231076
W4390683198,A5105298433
W4390683198,A5056555278
W4390683198,A5006308177
W4390683198,A5064606348
W4392003525,A5072465650
W4392003525,A5111269850
W4392003525,A5027303758
W4392003525,A5076966340
W2994822816,A5016799901
W2994822816,A5015668847
W2994822816,A5006331869
W2994822816,A5035740729
W4281740790,LOCAL_A000585
W4281740790,A5091026666
W4281740790,A5015962889
W4296128756,A5025664353
W4296128756,A5024816987
W4296128756,A5036337561
W4296128756,A5006566365
W4312508319,A5026663888
W4312508319,A5059958821
W4312508319,A5065031193
W4312508319,A5070948770
W4315641599,A5057317030
W4315641599,A5077994859
W4315641599,A5041307201
W4315641599,LOCAL_A000586
W4315641599,A5097874829
W4315641599,A5056041188
W4315641599,A5056058108
W4315641599,A5042648484
W4315641599,A5047733972
W4315641599,A5077351891
W4315641599,A5039967609
W4315641599,A5017922376
W4319791725,A5101189126
W4319791725,A5113930059
W4319791725,A5018903635
W4319791725,A5008961078
W4319791725,A5039058211
W4319791725,A5014271929
W4386170078,A5074629462
W4386170078,A5005583322
W4386170078,A5022008299
W4386170078,A5100424203
W4386170078,A5100390651
W4386170078,A5077085496
W4386170078,A5075420892
W4386170078,A5100634247
W4386884764,A5102955956
W4386884764,A5080275074
W4387026621,A5077980145
W4387026621,A5034421354
W4387026621,A5102559764
W4387026621,A5086434450
W4387026621,A5044657350
W4388805496,A5023756965
W4388805496,A5022245617
W4388805496,A5093290377
W4388805496,A5065984932
W4388805496,A5050026611
W4388805496,A5072572935
W4388805496,A5071122568
W4388805496,A5050043464
W4389485812,A5100701430
W4389485812,A5100342577
W4389485812,A5062199751
W4389485812,A5078885223
W4389485812,A5020360390
W4392286337,A5017773373
W4392286337,A5021501825
W4392286337,A5041707620
W4392286337,A5000637794
W4392286337,A5014591962
W4392286337,A5085566730
W4392286337,A5023492471
W4392286337,A5009289774
W4392286337,A5054711582
W4392286337,A5023894442
W4394568521,A5077289428
W4394568521,A5100612055
W4394568521,A5071238214
W4394568521,A5005886146
W4394568521,A5071852839
W4394568521,A5104652264
W4394568521,A5100383157
W4394568521,A5082221333
W4394568521,A5074064328
W4394568521,A5017284186
W4394568521,A5023227947
W4394568521,A5061856949
W4394568521,A5066821118
W4394568521,A5039052968
W4394568521,A5103066046
W4394568521,A5065568852
W4394568521,A5100328627
W4394568521,A5077232345
W4396694066,A5104387604
W4396694066,A5014860684
W4396694066,LOCAL_A000587
W4396694066,A5017851662
W4396694066,A5096741207
W4396694066,A5003396849
W4402013946,A5016209496
W4402013946,A5056582727
W4402013946,A5007280992
W4402013946,A5089058918
W4402013946,A5101441808
W4402013946,A5081987033
W4402013946,A5107286799
W4402013946,LOCAL_A000285
W4402013946,A5089584186
W4406828385,A5091576742
W4406828385,A5010372016
W3131552615,A5025022818
W3131552615,A5036004952
W3131552615,A5089278605
W3131552615,A5050227832
W3131552615,A5110699531
W3131552615,A5019495317
W3131552615,A5030649192
W3131552615,A5002976413
W4221131148,A5020977498
W4221131148,A5038668071
W4221131148,A5028577107
W4280646092,A5058677337
W4280646092,A5017887478
W4280646092,A5091597013
W4288036364,A5020785151
W4288036364,A5057600108
W4288036364,A5068398026
W4288036364,A5056815476
W4288036364,A5061332152
W4288036364,A5052937759
W4288036364,A5076945065
W4292875940,A5066642825
W4292875940,LOCAL_A000588
W4292875940,A5101768172
W4293143516,A5014062090
W4293143516,A5066978200
W4293143516,A5087802698
W4293143516,A5028937831
W4293143516,A5061828397
W4309765389,A5101775830
W4309765389,A5024894161
W4309765389,A5027283721
W4309765389,A5014633603
W4309765389,A5017300335
W4309765389,A5084660092
W4309765389,A5015920621
W4309765389,A5038668071
W4310266380,A5052910132
W4310266380,A5010525452
W4310266380,A5088345418
W4310266380,A5064374149
W4310266380,A5045258763
W4310266380,A5022979224
W4378448636,A5109776893
W4378448636,A5019304743
W4378448636,A5017773373
W4378448636,A5014526200
W4378448636,A5092028947
W4378448636,A5041707620
W4378448636,A5030801216
W4378448636,A5021501825
W4384026714,A5042141088
W4384026714,A5092349333
W4384026714,A5015416684
W4384026714,A5042254735
W4387270971,A5063385963
W4387270971,A5000275860
W4387270971,A5113014466
W4387270971,A5059754168
W4387270971,A5087366501
W4387270971,A5092989807
W4387270971,LOCAL_A000548
W4387326361,A5017773373
W4387326361,A5030801216
W4387326361,A5010707914
W4387326361,A5111200579
W4387326361,A5029188808
W4387326361,A5109718495
W4387326361,A5075515533
W4387326361,A5043664908
W4387326361,A5050585586
W4387326361,A5000632223
W4387326361,A5073331310
W4390368114,A5046042230
W4390368114,A5016122031
W4393951616,A5104270940
W4393951616,A5110193080
W4393951616,A5031161877
W4393951616,A5008382937
W4394982211,A5039052968
W4394982211,A5062189282
W4394982211,A5080334122
W4394982211,A5085566730
W4400558697,A5017773373
W4400558697,A5030631827
W4400558697,A5082803859
W4400558697,A5113227108
W4400558697,A5000637794
W4400558697,A5059661400
W4400558697,A5021501825
W4401924629,A5106774781
W4401924629,A5034877777
W4402131998,A5092892831
W4402131998,A5055097412
W4402131998,LOCAL_A000589
W4402131998,A5081876084
W4402131998,A5083147348
W4402131998,A5084339206
W4402131998,A5106932605
W4403302339,A5000226189
W4403302339,A5063300125
W4403302339,A5084985533
W4403302339,A5006198476
W4403302339,A5109789023
W4403302339,LOCAL_A000590
W4403302339,A5059455259
W4403302339,A5110918074
W4403302339,LOCAL_A000591
W2917075874,A5110600308
W2917075874,A5036720382
W2917075874,A5058684461
W2917075874,A5041778801
W2917075874,A5113862126
W2917075874,A5014200305
W2917075874,A5089526105
W2917075874,A5029804035
W2917075874,A5030402937
W3041914111,A5021434198
W3041914111,A5074528425
W3041914111,A5062937996
W3041914111,A5077358597
W3041914111,A5046789775
W3041914111,A5036410800
W3041914111,A5049791266
W3041914111,A5027956814
W3041914111,A5031177860
W3041914111,A5051450131
W3167996336,A5048385480
W3167996336,A5053295960
W4214599195,A5070681699
W4214599195,A5084280578
W4214599195,A5034636962
W4214599195,A5102840591
W4220917548,A5103120340
W4220917548,A5004974582
W4220917548,A5100840424
W4220917548,A5077989995
W4220917548,A5029973339
W4292092699,A5085306572
W4292092699,A5041694698
W4292092699,A5080542795
W4292092699,A5069627644
W4292092699,A5065237636
W4292092699,A5076135647
W4292367284,A5081533584
W4292367284,A5102819254
W4292367284,A5068268537
W4292367284,A5000170087
W4292367284,A5108769132
W4292367284,A5111192946
W4292367284,LOCAL_A000592
W4292367284,A5015381463
W4377002490,A5017773373
W4377002490,A5063308163
W4377002490,A5059661400
W4377002490,A5000637794
W4377002490,A5021501825
W4379114914,A5046042230
W4379114914,A5016122031
W4380265524,A5100366805
W4380265524,A5045269587
W4380265524,A5068736163
W4380265524,A5007880310
W4380265524,A5068463807
W4386183984,A5017773373
W4386183984,A5013842891
W4391889662,A5045162054
W4391889662,A5084172156
W4395682965,A5087438050
W4395682965,A5101344332
W4395682965,A5044266379
W4400422349,A5028948267
W4400422349,A5080476765
W4400422349,A5003396849
W4401385427,A5031161877
W4401385427,A5094282888
W4401385427,A5063325493
W4401385427,A5111282879
W4402490333,A5108592072
W4402490333,A5049382316
W4402490333,LOCAL_A000593
W4402490333,A5028661130
W4402490333,A5099116975
W4402796579,A5041707620
W4402796579,A5017773373
W4402796579,A5000637794
W4402796579,A5039052968
W4402796579,A5021501825
W4403638785,A5028926914
W4403638785,A5068477180
W4403638785,LOCAL_A000594
W4403638785,A5102008168
W4403638785,A5021654534
W4403638785,A5015187278
W4403638785,A5028948267
W4403638785,A5003396849
W4403638785,A5060548857
W4403638785,A5015269024
W4406168603,A5073610685
W4406168603,A5005871776
W4406168603,A5035085724
W4408232874,A5116552325
W4408612729,LOCAL_A000595
W4408612729,A5102959200
W4408612729,A5102791402
W4408612729,A5007062060
W4408612729,A5101705942
W4408612729,LOCAL_A000596
W4408612729,A5101149346
W4408612729,A5045073476
W4408612729,A5008646614
W3159534123,A5052000517
W3159534123,A5060415594
W3159534123,A5006405976
W3201357882,LOCAL_A000067
W3201357882,A5104136263
W3201357882,LOCAL_A000066
W3201357882,A5069934465
W3209926259,A5039060442
W3209926259,A5022245617
W3209926259,A5026941681
W3209926259,A5065984932
W4200521133,A5026380019
W4200521133,A5006496190
W4200521133,A5102004247
W4200521133,A5006585321
W4200521133,A5048355279
W4200521133,A5057481424
W4200521133,A5006515236
W4200521133,A5086283782
W4200521133,A5045826726
W4200521133,A5034192580
W4200521133,A5055541043
W4200521133,A5018331389
W4200521133,A5101990554
W4200521133,A5020833933
W4225614357,A5066740309
W4225614357,A5053552469
W4225614357,A5100648337
W4286210329,A5018935783
W4298124764,A5016059020
W4298124764,A5078122387
W4298124764,A5012907404
W4298124764,A5070885088
W4298124764,A5061478001
W4298124764,A5016399927
W4298124764,A5029071674
W4298124764,A5076923993
W4298124764,A5104034403
W4298124764,A5035326900
W4304958842,A5101617017
W4304958842,A5037701642
W4304958842,A5032059076
W4304958842,A5091570362
W4308183904,A5041707620
W4308183904,A5017773373
W4308183904,A5113227826
W4308183904,A5030801216
W4308183904,A5021501825
W4308183904,A5014591962
W4317555814,A5016059020
W4317555814,A5010057346
W4317555814,A5034194161
W4317555814,A5034939841
W4317555814,A5008034575
W4317555814,A5028059172
W4317555814,A5029071674
W4317555814,A5104034403
W4317555814,A5055289089
W4317555814,A5041279466
W4317555814,A5035326900
W4380086388,A5056815476
W4380086388,A5038741719
W4380086388,A5061693096
W4380086388,A5072055957
W4380086388,A5035059477
W4380086388,A5052167850
W4380202673,A5070948770
W4380202673,A5059958821
W4380202673,A5083954845
W4380202673,A5026663888
W4380202673,A5065031193
W4380202673,A5060870949
W4381716148,A5046667713
W4381716148,A5047754943
W4381716148,A5054841477
W4381716148,A5092241114
W4391844119,LOCAL_A000389
W4391844119,A5102004247
W4391844119,A5006496190
W4391844119,A5045826726
W4391844119,A5065225644
W4391844119,A5021000959
W4391844119,A5083276453
W4391844119,A5113119675
W4391844119,A5020729122
W4391844119,A5031370887
W4391844119,A5104340853
W4391844119,A5035378097
W4391844119,A5033554224
W4391844119,A5020833933
W4392049362,A5031161877
W4392049362,A5108902976
W4392049362,A5112361199
W4393190121,A5056304959
W4393190121,LOCAL_A000099
W4393190121,A5060302514
W4394595654,A5003259785
W4394595654,A5012338314
W4394595654,A5060162053
W4394595654,A5101651242
W4394595654,A5101437812
W4394595654,A5005583322
W4394595654,A5100314779
W4394595654,A5089944324
W4394595654,A5008497258
W4398617804,A5053354763
W4398617804,A5053998535
W4398617804,A5067606131
W4399680508,A5074327529
W4399680508,A5073605632
W4399680508,A5011173370
W4399680508,A5048993786
W4402435273,A5066953147
W4402435273,A5107125626
W4402435273,A5107125627
W4402435273,A5042854558
W4403936788,A5101644358
W4403936788,A5047541214
W4403936788,A5033056152
W4404952803,A5114971328
W4404952803,A5050411356
W4404952803,A5024654850
W4404952803,A5000515264
W4404952803,A5002135635
W4404952803,A5005360975
W4404993468,A5086434450
W4404993468,A5072701601
W4406730626,A5041882067
W4406730626,A5110879294
W4406730626,A5115056501
W4406730626,A5024651450
W4406730626,A5115056502
W4406730626,A5015536551
W4406730626,A5031161877
W4212858205,A5101617017
W4212858205,A5052946148
W4212858205,LOCAL_A000582
W4213129965,A5020362824
W4213129965,A5013795804
W4213129965,A5074922240
W4213129965,A5023652148
W4213129965,A5076831357
W4284961454,A5070681699
W4284961454,A5102840591
W4308970419,A5089924692
W4308970419,A5112681572
W4308970419,A5030882676
W4308970419,A5110290912
W4308970419,A5054072407
W4311711212,A5052000517
W4311711212,A5101149266
W4312100761,A5090868432
W4312100761,A5030044183
W4312100761,LOCAL_A000597
W4312100761,A5059104200
W4312100761,A5102498822
W4312226454,A5028391259
W4312226454,A5102010814
W4312226454,A5069724897
W4312226454,A5033543615
W4321184628,A5097712967
W4321184628,A5058766877
W4321184628,LOCAL_A000598
W4321184628,A5044784332
W4385430763,A5102771088
W4385430763,A5101739118
W4385430763,A5103046358
W4385430763,A5053333628
W4385430763,A5086434450
W4385430763,A5108293775
W4385430763,A5016811667
W4385430763,A5016410629
W4386252435,A5046033495
W4386292890,A5100361027
W4386292890,A5101466206
W4386292890,A5102884763
W4386292890,A5102984408
W4386292890,A5092372479
W4386292890,A5022979224
W4389046658,A5023492471
W4389046658,A5090982786
W4389046658,LOCAL_A000599
W4389046658,A5072778651
W4389046658,A5040018532
W4390457208,A5067659457
W4390457208,A5015953024
W4390457208,A5077989995
W4390457208,A5101663227
W4390702302,A5042854558
W4390702302,LOCAL_A000600
W4390702302,A5110402647
W4390702302,A5047172220
W4394956844,A5052605854
W4394956844,A5061034390
W4401337581,A5042417560
W4401337581,A5071023394
W4401337581,A5069951259
W4401337581,A5000823484
W4401337581,A5004625284
W4401337581,A5066638282
W4401337581,A5023064512
W4401337581,A5007065483
W4404649042,A5083661698
W4404649042,A5092550508
W4404649042,A5004341522
W4404649042,A5101523512
W4404649042,A5053998535
W4407615544,A5012583826
W4407615544,A5090622402
W4407615544,LOCAL_A000601
W4407615544,A5028777364
W4407615544,A5005583322
W4407615544,A5024312801
W4407814570,A5068804587
W4407814570,A5023492471
W4407814570,A5090982786
W4407814570,A5059009171
W4407814570,A5062256983
W4407814570,A5074327529
W4409211677,A5108048174
W4409211677,A5033467314
W4409211677,A5017599839
W4409211677,A5049025379
W4409211677,A5000949447
W4409211677,A5101615863
W4409211677,A5100629829
W4409211677,A5074371760
W4409211677,A5005583322
W4410908416,A5088337340
W4410908416,A5071682792
W4410908416,A5087438050
W4295012310,A5049698133
W4295012310,A5083435065
W4295012310,A5037185882
W4295012310,A5061317037
W4308342042,A5060017962
W4308342042,A5057019956
W4308342042,A5077326623
W4308342042,A5066871783
W4328128687,A5070948770
W4328128687,A5083954845
W4328128687,A5059958821
W4328128687,A5039659391
W4328128687,A5026663888
W4328128687,A5065031193
W4328128687,A5060870949
W4377047193,A5077666944
W4377047193,A5009738758
W4377047193,A5103017171
W4377047193,A5063801562
W4377047193,A5101438067
W4377047193,A5005115625
W4377047193,A5086326009
W4377047193,A5011611673
W4377047193,A5061906200
W4377047193,A5004646516
W4377047193,A5090071206
W4377047193,A5091975690
W4377047193,A5061509700
W4377047193,A5044270780
W4384108323,A5016059020
W4384108323,A5109622472
W4384108323,A5112894832
W4384108323,A5104142688
W4384108323,A5054233093
W4384108323,A5102396654
W4384108323,A5010412662
W4384108323,A5034971656
W4384108323,A5065602862
W4384108323,A5036382252
W4384108323,A5068462237
W4384108323,A5018594029
W4384108323,A5006133207
W4384108323,A5076045469
W4384108323,A5035821509
W4385338636,A5042141088
W4385338636,A5047516371
W4385338636,A5015416684
W4385338636,A5042254735
W4385338636,A5092349333
W4385338636,A5101412722
W4387757625,A5067659457
W4387757625,A5040773786
W4387757625,A5043402758
W4387757625,A5032941002
W4387757625,A5077989995
W4387757625,A5100701432
W4387757625,A5072201492
W4389200921,A5048556948
W4389200921,A5088692992
W4389200921,A5033921756
W4389200921,A5072861318
W4389200921,A5101648170
W4389200921,A5053086929
W4391696950,A5010818401
W4391696950,A5055876350
W4391696950,A5000994184
W4391696950,A5034704196
W4391696950,A5054990885
W4393316224,A5091544796
W4393316224,A5044748414
W4393316224,A5015152865
W4393316224,A5053245824
W4393316224,A5010667167
W4398179436,A5090982786
W4398179436,A5037328649
W4398179436,A5022545715
W4398179436,A5023492471
W4398179436,A5048993786
W4398179436,A5074327529
W4400867540,A5031161877
W4400867540,LOCAL_A000602
W4400867540,A5104855964
W4400867540,A5104881614
W4400867540,A5094282888
W4402689909,A5089071501
W4402689909,A5060701822
W4402689909,A5049716230
W4402689909,A5046738686
W4402689909,A5101108089
W4402689909,A5018885199
W4402689909,A5006218473
W4402689909,A5070837537
W4402689909,A5027646035
W4402689909,A5073109221
W4402689909,A5051486060
W4402689909,A5007792819
W4402689909,A5113393298
W4402689909,A5111334653
W4402689909,A5070384492
W4402689909,A5060471872
W4402689909,A5024782599
W4402689909,A5104330936
W4402689909,A5048785235
W4402689909,A5107436860
W4402689909,A5088917647
W4402689909,A5089700327
W4402689909,A5042211118
W4402689909,A5026391773
W4403291008,A5114098797
W4403291008,A5109654630
W4403291008,A5088949909
W4403291008,A5007717816
W4403291008,A5011206551
W4403291008,LOCAL_A000603
W4403291008,A5085218551
W4403291008,A5020412391
W4405012419,A5114995951
W4408050037,A5028948267
W4408050037,A5025542439
W4408050037,A5048243071
W4408050037,A5080476765
W4408050037,A5003396849
W4409968481,A5038068417
W4409968481,A5066453892
W4409968481,A5082000443
W4409968481,A5111275451
W4409968481,A5079553187
W4409968481,A5117389294
W4409968481,A5032538132
W4409968481,A5117389295
W4409968481,A5104179689
W4409968481,A5041369109
W4410257773,A5011324375
W4410257773,LOCAL_A000553
W4410257773,A5017536350
W4410257773,A5067485345
W4410257773,A5101974080
W4410257773,A5073646553
W4411163057,A5056223358
W4411163057,A5054630782
W4411163057,A5034421354
W4411163057,A5008687474
W4411163057,LOCAL_A000604
W4411163057,A5021153739
W4411163057,A5023075536
W4411163057,A5022638034
W4411163057,A5045562391
W4411163057,A5044657350
W4411163057,A5086434450
W2777233750,A5077256081
W2777233750,A5071719715
W2777233750,A5110325729
W4283034560,A5100648337
W4312205612,A5059108095
W4312205612,A5047790977
W4312205612,A5064103828
W4312205612,A5102896013
W4312205612,A5042425451
W4312205612,A5020412391
W4387519102,A5088692992
W4387519102,A5048556948
W4387519102,A5015787949
W4387519102,A5033921756
W4387519102,A5072861318
W4387519102,A5101648170
W4387519102,A5053086929
W4388773911,A5078738355
W4388773911,A5041560102
W4388845380,A5064606348
W4388845380,A5056525180
W4388845380,A5064908437
W4388845380,A5102673704
W4388845380,A5055473116
W4388845380,A5093305250
W4388845380,A5088349333
W4389624737,A5039052968
W4389624737,A5034764343
W4389624737,A5062189282
W4389624737,A5080334122
W4389624737,A5085566730
W4399072242,A5104387604
W4399072242,A5014860684
W4399072242,A5104723824
W4399072242,A5044423283
W4399072242,A5024205395
W4399072242,A5003396849
W4401416164,A5078787236
W4401416164,A5023727753
W4401416164,A5067640205
W4402693313,A5005197974
W4402693313,A5102885587
W4403342469,A5046981823
W4403342469,A5052612735
W4403342469,A5114245107
W4403342469,A5012381405
W4403342469,A5113430687
W4403342469,A5066154677
W4403342469,A5101292188
W4403342469,A5092859826
W4404501226,A5077593563
W4404501226,A5054287799
W4404501226,A5004341522
W4404501226,A5053998535
W4404501226,A5008120161
W4404501226,A5101399124
W4404522458,A5016008264
W4404522458,A5067110618
W4404522458,A5028926914
W4404522458,A5109716671
W4404522458,A5109145665
W4404522458,A5015187278
W4404522458,A5043481464
W4404522458,A5119564603
W4407446995,A5015224146
W4407446995,A5115946236
W4407446995,A5049382316
W4408461194,A5116628216
W4408461194,A5101523512
W4408461194,A5004341522
W4408461194,A5093925263
W4408461194,A5116628217
W4411493130,A5086434450
W4411493130,A5073592697
W4411493130,A5072701601
W4281716388,A5045964701
W4281716388,A5053295960
W4281716388,A5025937752
W4283723303,A5045162054
W4283723303,A5002161235
W4283723303,A5034514715
W4283723303,A5101984598
W4283723303,A5074304527
W4283723303,A5045478080
W4283723303,A5064913428
W4292688232,A5006699363
W4292688232,A5089706471
W4292688232,A5029895401
W4292688232,A5016925074
W4292688232,A5101880043
W4292688232,A5044574268
W4292688232,A5073095832
W4292688232,A5101906855
W4389562580,A5083945787
W4389562580,A5093464640
W4396870521,A5101950922
W4396870521,A5052605854
W4396870521,A5067080251
W4396870521,A5108320384
W4396870521,A5101352949
W4396870521,A5049752209
W4396870521,A5074595772
W4396870521,A5007967745
W4400010516,A5065361608
W4400010516,A5007017513
W4400010516,A5102013370
W4400010516,A5028918749
W4403691949,A5028948267
W4403691949,A5025542439
W4403691949,A5015187278
W4403691949,A5080476765
W4403691949,A5005258745
W4404210936,A5113115341
W4405256347,A5024782599
W4405256347,A5057048916
W4405256347,A5065648868
W4405256347,A5103273709
W4405256347,A5025852195
W4405256347,A5060471872
W4405256347,A5102621665
W4405256347,A5100520720
W4405256347,A5089681202
W4405256347,A5042211118
W4405256347,A5078382134
W4405424906,A5078787236
W4405424906,A5067640205
W4407677325,A5007977315
W4407677325,A5036415036
W4407677325,A5049382316
W4407677325,A5024850056
W4407677325,A5116303657
W4408345172,A5060017962
W4408345172,A5057408423
W4411045134,A5001226600
W4411045134,A5019820840
W4411045134,A5053717509
W4411045134,A5111016928
W4413400898,A5021654534
W4413400898,A5068477180
W4413400898,LOCAL_A000594
W4413400898,LOCAL_A000605
W4413400898,A5111309295
W4413400898,A5088418938
W4413400898,A5028948267
W4413400898,A5003396849
W4413400898,A5076489521
W4413400898,A5119564603
W4413400898,A5064915286
W4413400898,A5015269024
W4285095564,A5030756029
W4285095564,A5013795804
W4285095564,A5100632425
W4388208017,LOCAL_A000606
W4388208017,A5110569154
W4388208017,A5113037102
W4388208017,A5103195189
W4388208017,LOCAL_A000607
W4388208017,A5036337561
W4388208017,LOCAL_A000608
W4388208017,A5004189991
W4388208017,A5041058125
W4388208017,A5090559942
W4388657471,A5085044386
W4388657471,A5065884707
W4392971270,A5020785151
W4392971270,A5061332152
W4392971270,A5076945065
W4392971270,A5068398026
W4393200312,A5031337674
W4393200312,A5041560102
W4399494815,A5101569965
W4399494815,A5038559143
W4399494815,A5031764988
W4399494815,A5111252189
W4399494815,A5031597959
W4399494815,A5044423283
W4399494815,A5062616301
W4399494815,LOCAL_A000609
W4399494815,A5101654962
W4399494815,A5073151775
W4399494815,LOCAL_A000610
W4399659214,A5017773373
W4399659214,A5059661400
W4399659214,A5071977845
W4399659214,A5030631827
W4399659214,A5000637794
W4399659214,A5021501825
W4402992762,A5106931559
W4402992762,A5051420985
W4402992762,A5111347523
W4402992762,A5016982085
W4402992762,A5057274224
W4402992762,A5072903915
W4404117162,A5100596949
W4404117162,A5002160190
W4404117162,A5015253252
W4404117162,A5058034466
W4404117162,A5100612147
W4404117162,A5084329073
W4404117162,A5016644403
W4404117162,A5023890153
W4404117162,A5093416618
W4404117162,A5074751857
W4404117162,A5042434513
W4404117162,A5023064512
W4404117162,A5114545008
W4404666346,A5114767761
W4404666346,A5061980990
W4404666346,A5120017289
W4404666346,A5031161877
W4404883326,A5049698133
W4404883326,A5104331230
W4404883326,A5099244504
W4404883326,A5092687136
W4405917245,A5115713811
W4405917245,A5101886347
W4406864044,A5078012911
W4406864044,A5100648337
W4406864044,A5082387253
W4407064793,A5042141088
W4407064793,A5015416684
W4407064793,A5042254735
W4407763579,A5086061422
W4407763579,A5091726191
W4407763579,A5116337066
W4407763579,A5017773373
W4407763579,A5091133342
W4407779382,A5014186775
W4407779382,A5036306881
W4407779382,A5101480212
W4409313923,A5014324941
W4409313923,A5045047983
W4409313923,A5069990651
W4409313923,A5104423471
W4409313923,A5025726068
W4409313923,A5009893388
W4409313923,A5055658324
W4409313923,A5117094630
W4409313923,A5036481436
W4409996787,LOCAL_A000611
W4409996787,A5067247554
W4409996787,A5026299963
W4409996787,A5003021924
W4409996787,A5071115771
W4409996787,A5109594464
W4411037455,A5073087031
W4411037455,A5074327529
W4411037455,A5015269024
W4411037455,LOCAL_A000612
W4411037455,A5050946182
W4411037455,A5088223152
W4411037455,A5023853430
W4411037455,A5078092289
W4411371012,A5036823105
W4411371012,A5039299102
W4411371012,A5118272989
W4411371012,A5118272990
W4412455529,A5012583826
W4412455529,A5090622402
W4412455529,A5005583322
W4412455529,A5024312801
W4412455529,A5054597879
W4412455529,A5088950452
W4220805811,A5090435705
W4376643991,A5063639499
W4376643991,A5091955267
W4376643991,A5101410064
W4376643991,A5047902084
W4376643991,A5114050306
W4376643991,A5102513442
W4376643991,A5033052825
W4376643991,A5049779869
W4376643991,A5077090472
W4377965809,A5034541869
W4385718727,A5068398026
W4385718727,A5020785151
W4385718727,A5061332152
W4385718727,A5076945065
W4388019680,A5016799901
W4388019680,LOCAL_A000613
W4390639841,A5089869571
W4390639841,A5111002528
W4390639841,A5053998535
W4390639841,A5100705624
W4390639841,A5063263505
W4390678661,LOCAL_A000614
W4390678661,A5008610676
W4390678661,A5042743185
W4393055469,A5059133436
W4393055469,A5056072889
W4393092395,A5103269673
W4393092395,A5103220984
W4393092395,A5008475914
W4393092395,A5081588915
W4393092395,A5055473116
W4393092395,A5064606348
W4399057462,A5108312301
W4399057462,A5042141088
W4399057462,A5109724952
W4400811689,A5049698133
W4400811689,A5102749218
W4400811689,A5089855087
W4400811689,A5061317037
W4400826303,A5028948267
W4400826303,A5003396849
W4400826303,A5080476765
W4400832621,A5056175362
W4400832621,A5083529055
W4400832621,A5101888078
W4400832621,A5028355700
W4400832621,A5037995503
W4400832621,A5100390259
W4401198054,A5042141088
W4401198054,A5015416684
W4401198054,A5042254735
W4401270311,A5037328649
W4401270311,A5022545715
W4401270311,A5114202395
W4401270311,A5113318434
W4401270311,A5023492471
W4401270311,A5090982786
W4401270311,A5074327529
W4401617823,A5016501138
W4401617823,A5039052968
W4401617823,A5103213810
W4401617823,A5055106821
W4401617823,A5066821118
W4402229499,A5109301306
W4402229499,A5024110740
W4402229499,A5042211118
W4402229499,A5005018946
W4402229499,A5108152504
W4402229499,A5025852195
W4402229499,A5067497938
W4402229499,A5060471872
W4402229499,A5070384492
W4402229499,A5024782599
W4402229499,A5104330936
W4402229499,A5048785235
W4402229499,A5089700327
W4402229499,A5071723663
W4403539683,A5064878852
W4403539683,A5064008395
W4403539683,A5062003821
W4403539683,A5114222021
W4403539683,A5102744968
W4403539683,A5069934465
W4403539683,A5111093469
W4403539683,A5026219446
W4405460575,A5061317037
W4405460575,A5109802312
W4405460575,A5104331230
W4405460575,A5099244504
W4405460575,A5049698133
W4406548207,A5075075490
W4406548207,A5036233313
W4406548207,A5023909031
W4406548207,A5024009181
W4406548207,A5007628074
W4406548207,A5074963113
W4406548207,A5030164268
W4406548207,A5058809619
W4408818684,A5106774781
W4408818684,A5034877777
W4409554317,A5015915107
W4409554317,A5019505457
W4409554317,A5028355700
W4409554317,A5110152999
W4409554317,A5040375274
W4409554317,A5030209618
W4409828992,A5106172262
W4409828992,A5066757856
W4409828992,A5111820289
W4409828992,LOCAL_A000615
W4409828992,A5084344101
W4409828992,A5070418811
W4409965159,A5058096520
W4409965159,A5072119812
W4409965159,A5046597225
W4409965159,A5045408352
W4410014433,A5068398026
W4410014433,A5036520383
W4410014433,A5073961077
W4410014433,A5020785151
W4410014433,A5052937759
W4410014433,A5061332152
W4410014433,A5073182215
W4410061006,A5117424208
W4410061006,A5103253581
W4410885136,A5065688594
W4410885136,A5082293385
W4410885136,A5101851526
W4410885136,A5024466583
W4410885136,A5049791266
W4411498698,A5078059796
W4411498698,A5103258679
W4411498698,A5063548021
W4411498698,A5055473116
W4411498698,A5064606348
W4411523722,A5058526082
W4411523722,A5079476476
W4411523722,A5018664401
W4411523722,A5101994945
W4411523722,A5052038865
W4411523722,A5118587893
W4412081623,A5101980585
W4412081623,A5087438050
W4413501956,A5017773373
W4413501956,LOCAL_A000616
W4413501956,A5100623707
W4413501956,A5082803859
W4413501956,LOCAL_A000617
W4413501956,A5000637794
W4413501956,A5021501825
W4413618970,A5015915107
W4413618970,A5040375274
W4413618970,A5074050779
W4413618970,A5006178080
W4413618970,A5019505457
W4413618970,A5028355700
W7133939684,LOCAL_A000618
W7133939684,A5128142112
W7133939684,A5058088271
W7133939684,A5088561246
W7133939684,LOCAL_A000619
W3135539754,A5036649104
W3135539754,A5016799901
W3135857415,A5016165289
W3136506403,A5005768372
W3136506403,A5003970144
W3136506403,A5038225521
W3136506403,A5023835346
W4309460231,A5046033495
W4309460231,A5085582592
W4309460231,A5073172349
W4375846765,A5061049640
W4375846765,A5076385003
W4384300207,A5020785151
W4384300207,A5108850616
W4384300207,A5061332152
W4384300207,A5073182215
W4384300207,A5076945065
W4384300207,A5068398026
W4386865921,A5070708078
W4386865921,A5002099463
W4386865921,A5104115221
W4386865921,A5091922471
W4386865921,A5112323416
W4386865921,A5003620404
W4386865921,A5003822713
W4386865921,A5068483265
W4392232552,A5065962329
W4392232552,A5084838089
W4392232552,A5003130042
W4392232552,A5033959758
W4393947503,A5067659457
W4393947503,A5111162167
W4393947503,A5077989995
W4393947503,A5100578712
W4394010597,A5070026123
W4394010597,A5021056526
W4394010597,A5029157921
W4398241260,A5052000517
W4398241260,A5060415594
W4399180573,A5102660498
W4399180573,A5096494840
W4399589926,A5052000517
W4399589926,A5060415594
W4399589926,A5077856417
W4400131583,A5034541869
W4400902588,A5047968074
W4400902588,A5011427978
W4400902588,A5072945695
W4400902588,A5062663112
W4400902588,A5114195715
W4400902588,A5101863198
W4403764556,A5013654224
W4403764556,A5085001179
W4403764556,LOCAL_A000620
W4403764556,A5064645144
W4403764556,A5020412391
W4405231722,A5112763625
W4405231722,LOCAL_A000621
W4405231722,A5086635649
W4405231722,A5053998535
W4406403584,A5102404071
W4406403584,A5043055992
W4406403584,A5065859187
W4406403584,A5007636550
W4407997245,A5090982786
W4407997245,A5022545715
W4407997245,A5074327529
W4407997245,A5075020324
W4407997245,A5023492471
W4410536451,LOCAL_A000622
W4410536451,A5016461160
W4410536451,A5117613150
W4410536451,A5004618448
W4410536451,A5069645890
W4411159297,A5087106458
W4411159297,A5000459728
W4411159297,A5014938626
W4411159297,A5086812774
W4411159297,A5103852709
W4411159297,A5016169617
W4411159297,A5089096517
W4411159297,A5062653189
W4411626447,A5040248665
W4411626447,A5015915107
W4411626447,A5019505457
W4411626447,A5028355700
W4411626447,A5100394494
W4411626447,A5030209618
W4413770120,A5044711213
W4413770120,LOCAL_A000623
W4414023921,A5117509360
W4414023921,A5068477180
W4414023921,LOCAL_A000624
W4414023921,A5074327529
W4414023921,A5028948267
W4414023921,A5021654534
W4414023921,A5015187278
W4414023921,A5101972755
W4414023921,A5003396849
W4414023921,A5015269024
W4415379161,A5109960742
W4415379161,A5042211118
W4415379161,A5104330936
W4415379161,A5102233003
W4415379161,A5000758877
W4415379161,A5025852195
W4415379161,A5034056640
W4415379161,A5113121460
W4415379161,A5019446985
W4415379161,A5011810216
W4415379161,A5024782599
W4415379161,A5117365838
W4415379161,A5065278638
W4415379161,A5107436860
W4415379161,A5067497938
W4415379161,A5014260545
W4415379161,A5026391773
W4416088264,A5009050600
W4416088264,A5025852195
W4416088264,A5101819600
W4416088264,A5101719668
W4416088264,A5107436860
W4416088264,A5024782599
W4416088264,A5067497938
W4416088264,A5113121460
W4416088264,A5026391773
W4416088264,A5055094158
W4416088264,A5034407820
W4416088264,A5042211118
W4416088264,A5027646035
W7124434172,A5123188130
W7124434172,A5120569387
W7124434172,A5123185333
W7124434172,A5037139048
W7124434172,A5123227832
W7124434172,A5123209213
W7124434172,A5123186240
W7124434172,A5074327529
W4385496829,A5017305518
W4385496829,A5025425560
W4388544034,A5042141088
W4388544034,A5092349333
W4388544034,A5015416684
W4388544034,A5042254735
W4398164532,A5112268129
W4398164532,A5032903751
W4398164532,A5035305639
W4398164532,A5104309497
W4398164532,A5003396849
W4398164532,A5053412741
W4399236931,LOCAL_A000391
W4400892685,A5066684419
W4400892685,A5015269024
W4400892685,A5017259848
W4400892685,A5101053857
W4400892685,A5022545715
W4400892685,A5003396849
W4400892685,A5045162218
W4404826466,A5017773373
W4404826466,A5000637794
W4404826466,A5113227826
W4404826466,A5021501825
W4404826466,A5059661400
W4404826466,A5100623707
W4405281261,A5031890617
W4405281261,A5017621747
W4405281261,A5089557187
W4405281261,A5115399159
W4405281261,LOCAL_A000625
W4405281261,A5077185547
W4405281261,A5016561586
W4405281261,A5115399160
W4405281261,A5010653031
W4405281261,A5028284310
W4405281261,A5038218244
W4405281261,A5004839227
W4405281261,A5085179438
W4405281261,A5115399157
W4405281261,A5115399158
W4405281261,A5045689082
W4405281261,A5080083095
W4405281261,A5101783382
W4405281261,A5009230144
W4405281261,A5010760857
W4405281261,A5019703024
W4405281261,A5068485938
W4405281261,A5071127149
W4405281261,A5021149547
W4405281261,A5075390580
W4406259285,A5055437349
W4406259285,A5086210076
W4406259285,A5016461160
W4406259285,A5004618448
W4406259285,A5069645890
W4407130506,A5091253663
W4407130506,A5029072011
W4407877818,A5101529135
W4407877818,A5085218551
W4407877818,A5091402542
W4407877818,A5116397599
W4407877818,LOCAL_A000603
W4407877818,A5078668326
W4407877818,A5052468815
W4407877818,A5020412391
W4408938301,LOCAL_A000626
W4408938301,A5065578580
W4408938301,LOCAL_A000627
W4408938301,LOCAL_A000628
W4408938301,A5048072243
W4409038887,A5106977164
W4409038887,A5102840591
W4410124353,A5086553552
W4410124353,A5050411356
W4410124353,A5116540100
W4410124353,A5045777504
W4410124353,A5024654850
W4410124353,A5049089848
W4411213793,A5113377787
W4411213793,A5101695585
W4411213793,A5026404081
W4411213793,A5058605077
W4411213793,A5110131349
W4411213793,A5039052968
W4411213793,A5102013370
W4411213793,A5082307315
W4411621627,A5109692993
W4411621627,A5061049640
W4411621627,A5045541958
W4411621627,A5000548221
W4412174766,A5041707620
W4412174766,A5017773373
W4412174766,A5000637794
W4412174766,A5039052968
W4412174766,LOCAL_A000617
W4412488217,A5023462796
W4412488217,A5053364755
W4412488217,A5085127149
W4412488217,A5031161877
W4412488217,A5084819749
W4412488217,A5026382468
W4412488217,A5008382937
W4412835397,A5049116546
W4412835397,A5017259848
W4412835397,A5050533579
W4412835397,A5068152663
W4412835397,A5069345368
W4412835397,A5003396849
W4412835397,A5045162218
W4413401695,A5113201220
W4413401695,A5089524326
W4413401695,A5108029911
W4413401695,A5062580557
W4413401695,A5049649933
W4413401695,A5016169617
W4413401695,A5063754238
W4413401695,A5086554424
W4413401695,A5066830587
W4413401695,A5001474077
W4413401695,A5030875962
W4414229364,A5076303094
W4414229364,A5015461915
W4414229364,A5063848301
W4414279520,A5112944835
W4414279520,A5053998535
W4414426377,A5016008264
W4414426377,A5004161082
W4414426377,A5042031508
W4414426377,A5076489521
W4414426377,A5028926914
W4414426377,A5067110618
W4414426377,A5119564603
W4414426377,A5015187278
W4414447663,A5070562283
W4414447663,A5049382316
W4414447663,A5100777968
W4414447663,LOCAL_A000566
W4414447663,A5099116975
W4414494430,A5012741140
W4414494430,A5027981134
W4414494430,A5007636550
W4415222788,A5061049640
W4415222788,A5081626037
W4415222788,A5027018014
W4415222788,A5000548221
W4415596303,A5017773373
W4415596303,A5113811229
W4415596303,A5071977845
W4415596303,A5059661400
W4415596303,A5100623707
W4415596303,A5000637794
W4415596303,A5021501825
W4415696216,A5101481517
W4415696216,A5102771088
W4415696216,A5028753652
W4415696216,A5008258299
W4415696216,A5113366228
W4415696216,A5008596384
W4415696216,A5086434450
W4415696216,A5079670135
W4415696216,A5016410629
W4416462147,A5047027947
W4416462147,A5112855604
W4416462147,A5013383889
W4416462147,A5067025192
W4416462147,A5011297917
W7106298988,LOCAL_A000629
W7106298988,LOCAL_A000630
W7106298988,LOCAL_A000631
W7106298988,LOCAL_A000632
W7124450611,A5123198465
W7124450611,A5112751609
W7124450611,A5123217918
W7124450611,A5123199436
W7124450611,A5088223152
W7124450611,A5073087031
W7124450611,A5092525310
W7125821153,A5124037743
W7125821153,A5076120969
W7125821153,A5040269249
W7125821153,A5055712772
W7125821153,A5123991349
W7125821153,A5079788081
W7125821153,A5123902480
W7125821153,A5123993505
W7125821153,A5123940368
W7125821153,A5123952632
W7125821153,A5007251700
W7125821153,A5123961539
W7125821153,A5123919836
W7125821153,A5027988721
W7125821153,A5018802115
W7125821153,A5124048792
W7140101445,A5039829241
W7140101445,A5130391613
W7140101445,A5130341667
W7140101445,A5130363023
W7140101445,A5087019672
W7140101445,A5101308540
W7140101445,A5130362156
W7140101445,A5026865222
W7140101445,A5128730894
W4400100979,A5059958821
W4400100979,A5099594564
W4400100979,A5099594565
W4400100979,A5113268349
W4402785464,A5107575422
W4402785464,A5107575423
W4405989709,A5091968955
W4405989709,A5014938626
W4405989709,A5080476765
W4405989709,A5003396849
W4406356442,A5004618448
W4406356442,A5084344101
W4406356442,A5004083201
W4406356442,A5056827171
W4406356442,A5069928094
W4406804501,LOCAL_A000633
W4406804501,LOCAL_A000634
W4406804501,LOCAL_A000635
W4406804501,A5068122335
W4406804501,LOCAL_A000636
W4406804501,A5048092944
W4408787427,A5070681699
W4408787427,A5102840591
W4409801467,A5116628216
W4409801467,A5101523512
W4409801467,A5004341522
W4409801467,A5116628217
W4409801467,A5053998535
W4410320989,LOCAL_A000637
W4410320989,A5077666944
W4410320989,A5009738758
W4410320989,A5076108578
W4410320989,A5112631868
W4410320989,A5017672291
W4410320989,A5117527759
W4410320989,A5101438067
W4410320989,LOCAL_A000638
W4410320989,A5045070026
W4410321139,A5101740969
W4410321139,A5085044386
W4411152176,A5104387604
W4411152176,A5014860684
W4411152176,A5117935240
W4411152176,A5020344273
W4411152176,A5014938626
W4411152176,A5015187278
W4411152176,A5003396849
W4414011304,A5119547354
W4414011304,A5049698133
W4414011304,A5089855087
W4414011304,LOCAL_A000639
W4414011304,A5061317037
W4414421852,A5119701105
W4414421852,A5119701106
W4414421852,A5110835806
W4414421852,A5031161877
W4415054792,A5012841844
W4415054792,A5085762348
W4415054792,LOCAL_A000640
W4415054792,LOCAL_A000641
W4415470074,A5059082065
W4415470074,A5109863810
W4415470074,A5100771609
W4415470074,A5120107431
W4415470074,A5014324941
W7117468647,A5121452694
W7117468647,A5121514013
W7117468647,A5085566730
W7125773854,A5101381093
W7125773854,A5123998661
W7125773854,A5123935196
W7125773854,A5123995324
W7125773854,A5123939718
W7127632491,A5106774781
W7127632491,A5025004943
W7154041191,A5025851364
W7154041191,A5123188130
W7154041191,A5133483751
W7154041191,A5133515580
W7154041191,A5037139048
W7154041191,A5133529032
W7154041191,A5059009171
W7154041191,A5129679066
W2078432620,A5111817425
W2078432620,A5049765310
W2078432620,A5111866792
W2078432620,A5067125998
W2078432620,A5023787832
W2078432620,A5080968099
W2078432620,A5111719564
W2148435571,A5052836637
W2148435571,A5031627421
W2148435571,A5111866351
W2148435571,A5008231286
W2148435571,A5109127716
W2148435571,A5015337386
W2148435571,A5109603511
W2148435571,A5030054157
W1575253570,A5084547760
W1575253570,A5071619309
W1575253570,A5072224443
W1575253570,A5052671761
W2083703889,A5002451590
W2083703889,A5109974992
W2083703889,A5025049120
W2083703889,A5110094777
W2083703889,A5056482864
W2075394754,A5050886317
W2075394754,A5108077585
W2075394754,A5072883137
W2075394754,A5088363082
W2075394754,LOCAL_A000642
W2075394754,A5004868082
W2075394754,A5019008914
W2075394754,A5108502319
W2075394754,LOCAL_A000643
W2569951461,A5052092290
W2569951461,A5075519026
W2569951461,A5033221741
W3129134850,A5101997513
W3129134850,A5054226404
W3129134850,A5103120340
W3129134850,A5004974582
W3129134850,A5059457085
W3129134850,A5077989995
W3129134850,LOCAL_A000576
W2995333594,A5053018788
W2995333594,A5058292518
W2995333594,A5090445830
W3129122531,A5076315053
W3129122531,A5020643866
W3129122531,A5049067140
W3129122531,A5009585629
W3129122531,A5037668109
W3129122531,A5101103076
W3129122531,A5011289611
W3129122531,A5035968290
W3129122531,A5061376260
W3165426036,A5072476761
W3165426036,A5038671220
W3165426036,A5083662095
W4223557254,A5100648337
W4223557254,A5053119189
W3021181631,A5069510364
W3021181631,A5051450131
W3021181631,A5061408196
W3021181631,A5027239578
W3021181631,A5062937996
W3021181631,A5036410800
W3021181631,A5077358597
W3021181631,A5031177860
W3021181631,A5040778010
W3021181631,A5090824386
W3021181631,A5074528425
W3093483399,A5012741140
W3093483399,LOCAL_A000644
W3093483399,A5027768275
W3093483399,A5039918314
W2998711203,A5101472479
W2998711203,A5090734900
W2998711203,LOCAL_A000091
W2998711203,A5109960792
W2998711203,A5061719042
W3047660184,A5016799901
W3047660184,A5035740729
W3158523201,A5068068488
W3185593370,A5026283144
W3185593370,A5030671712
W3185593370,A5055289089
W3185593370,A5023192051
W3185593370,A5005045485
W3185593370,LOCAL_A000645
W3185593370,A5043955830
W3185593370,A5089656800
W3185593370,A5059979748
W3185593370,A5016059020
W3185593370,A5073906374
W3185593370,A5035326900
W4244980571,A5029157921
W4244980571,A5053295960
W3006831780,A5052167850
W3006831780,A5022825726
W3006831780,A5080595139
W3006831780,A5034076654
W3006831780,A5055525972
W3006831780,A5088757599
W3120966882,A5101608931
W3120966882,A5055940614
W3150355272,A5086169122
W3196164652,A5077989995
W3196164652,A5100701432
W3196164652,A5073647327
W3196164652,A5072201492
W2883076324,A5010221839
W2883076324,A5110345358
W2883076324,A5009716584
W2883076324,A5063655240
W2883076324,A5088868434
W2883076324,A5045898489
W3013846497,A5050411356
W3013846497,A5024654850
W3013846497,A5009228968
W3013846497,A5040974749
W3013846497,A5079805985
W3049107245,LOCAL_A000646
W3049107245,A5058220593
W4225660073,A5044452244
W4225660073,A5068068488
W3186760671,A5042265263
W3186760671,A5004176765
W3186760671,A5029518373
W3186760671,A5027574307
W3186760671,A5006223967
W3186760671,A5058364233
W3186760671,A5081442162
W3186760671,A5044564966
W3186760671,A5035275556
W3186760671,A5091410883
W3194551497,A5018119494
W3194551497,A5083945787
W4224230221,A5100757726
W4224230221,A5000259040
W4224230221,A5005108080
W4224230221,A5087000202
W4224230221,A5022979224
W4224230221,A5091554286
W3035678663,A5045964701
W3035678663,A5053295960
W3035678663,A5025937752
W3082417377,A5004271260
W3082417377,A5100670952
W3082417377,A5100438985
W3112625688,A5046981823
W3112625688,A5044829491
W3192945546,A5016799901
W3192945546,A5061176218
W3207226598,A5101648170
W3207226598,A5072861318
W3207226598,A5053086929
W3207226598,A5088692992
W3207721761,A5088410956
W3207721761,A5040773786
W3207721761,A5008780017
W4211191715,A5060017962
W4211191715,A5057019956
W4224960906,A5068152663
W4224960906,A5113067823
W4224960906,A5030881692
W4224960906,A5079032924
W4224960906,A5072952199
W4224960906,A5053982776
W4248037454,A5029157921
W4248037454,A5070026123
W2006698604,A5027129342
W2006698604,A5089409625
W2006698604,A5038357686
W2006698604,A5103712019
W2006698604,A5097638246
W2006698604,LOCAL_A000647
W2006698604,A5058972343
W2006698604,A5071644998
W2949783845,A5033733596
W2949783845,A5029157921
W2949783845,A5003546699
W3013165542,A5070026123
W3013165542,A5029157921
W3013165542,A5021056526
W3013165542,A5008976102
W3018079424,A5067890490
W3018079424,A5062801799
W3018079424,A5071311283
W3018079424,A5011427978
W3018079424,A5003092345
W3018079424,A5048050751
W3128289046,A5006188990
W3128289046,A5024981821
W3128289046,A5053552469
W3128289046,A5068826746
W3128289046,A5100648337
W3134816599,A5015110890
W3134816599,A5033679750
W3139407296,LOCAL_A000648
W3139407296,A5021286794
W3139407296,A5061293056
W3139407296,A5076030417
W3139407296,LOCAL_A000649
W3139407296,A5069934157
W3139407296,LOCAL_A000650
W3139407296,LOCAL_A000651
W3192495317,A5053717509
W3192495317,A5053295960
W3192495317,A5064720446
W3192495317,A5001226600
W3194352617,A5087172256
W3212564068,A5010057346
W3212564068,A5016059020
W3212564068,A5034194161
W3212564068,A5040168155
W3212564068,A5021331415
W3212564068,A5073906374
W3212564068,A5100637269
W3212564068,A5055289089
W3212564068,A5041279466
W3212564068,A5035326900
W3214362572,A5039592401
W3214362572,A5077989995
W3214362572,A5100701432
W3214362572,A5071493756
W3214362572,A5067659457
W3214362572,A5072201492
W3214362572,A5057884284
W4281388431,A5077358597
W4281388431,A5053664482
W4281388431,A5101205557
W4281388431,A5112515358
W4281388431,A5066553195
W4281388431,A5079727585
W4281388431,A5031177860
W4281388431,A5051450131
W4281913321,A5075235852
W4281913321,A5060295199
W4281913321,A5059510291
W4281913321,A5032455988
W4281913321,A5021733333
W4281913321,A5107190682
W4281913321,A5039896793
W4281913321,A5089022716
W4310299078,A5017773373
W4310299078,A5113227826
W4310299078,A5030801216
W4310299078,A5102794571
W4310299078,LOCAL_A000652
W4310299078,A5000637794
W4310299078,A5021501825
W4379468618,A5104125128
W4379468618,A5013517307
W4379468618,A5044546353
W4379468618,A5019298120
W4379468618,A5064378058
W4379468618,A5092080605
W4379468618,A5068470300
W4379468618,A5002781179
W4379468618,A5063042707
W4379468618,A5021771514
W4379468618,A5036538864
W4387082937,A5028948267
W4387082937,A5003396849
W3106624614,A5085765783
W3106624614,A5046696824
W3106624614,A5031349506
W3193714983,A5030522798
W3193714983,A5050268148
W3193714983,A5075078838
W3193714983,A5026183594
W3203239892,A5067226256
W3206970384,A5016799901
W3206970384,LOCAL_A000653
W4280619835,A5029157921
W4285496039,A5069734411
W4285496039,A5019585102
W4285496039,A5053488393
W4285496039,A5088410956
W4285496039,A5053883070
W4285496039,A5071517633
W4290097413,LOCAL_A000654
W4290097413,A5080190481
W4290097413,A5036377736
W4293158513,A5074503531
W4296372825,A5058794010
W4296372825,A5004667230
W4307991005,A5088692992
W4307991005,A5036583209
W4307991005,A5048556948
W4307991005,A5015787949
W4307991005,A5033921756
W4307991005,A5072861318
W4307991005,A5112875977
W4307991005,A5101648170
W4307991005,A5053086929
W4321054250,A5001700413
W4321054250,A5088349333
W4353059269,A5068564087
W4353059269,A5017544315
W4386489072,A5039052968
W4386489072,A5066821118
W4386489072,A5016501138
W4386489072,A5035224025
W4386489072,A5103213810
W4386489072,A5047547190
W3141743962,A5053295960
W3141743962,A5029157921
W3209735081,A5068068488
W4205915709,LOCAL_A000094
W4205915709,A5062984662
W4205915709,A5110590514
W4205915709,A5108652190
W4205915709,LOCAL_A000095
W4224117736,A5058364233
W4224117736,A5016378241
W4224117736,A5069114387
W4224117736,A5017339857
W4224117736,A5068412234
W4224117736,A5055323888
W4294839230,A5023875296
W4294839230,A5073647327
W4294839230,A5013777042
W4294839230,A5086990384
W4294839230,A5057929288
W4294839230,A5041057723
W4294839230,A5023052681
W4294839230,A5088433291
W4294839230,A5015953024
W4294839230,A5067659457
W4294839230,A5077989995
W4313415965,A5005323032
W4313415965,A5016799901
W4315781818,A5042141088
W4315781818,A5015416684
W4362576283,A5001031417
W4362576283,A5000994184
W4362576283,A5010818401
W4362576283,A5039113161
W4362576283,A5028849339
W4362576283,A5102747977
W4362576283,A5100403280
W4382885000,A5064606348
W4382885000,A5102530480
W4382885000,A5081588915
W4382885000,A5102428787
W4382885000,A5081765985
W4382885000,A5088349333
W4384928263,A5042141088
W4384928263,A5015416684
W4386819867,LOCAL_A000589
W4386819867,A5092892831
W4386819867,A5108864193
W4388465055,A5049116546
W4388465055,A5017259848
W4388465055,A5112492572
W4388465055,A5068152663
W4388465055,A5003396849
W4388465055,A5045162218
W3096351903,A5113822792
W3096351903,LOCAL_A000655
W3096351903,LOCAL_A000656
W3096351903,LOCAL_A000657
W3096351903,A5015953024
W3096351903,A5072201492
W3100063371,A5101205557
W3100063371,A5091841688
W3100063371,LOCAL_A000658
W3100063371,A5077358597
W3100063371,A5031177860
W3100063371,A5104035119
W3100063371,A5031635334
W3100063371,A5084444623
W3100063371,A5051450131
W3109935767,A5112326314
W3109935767,A5029157921
W3109935767,A5053295960
W3109970070,A5058220593
W3125825717,A5080870118
W3125825717,A5101966547
W3125825717,A5101640847
W3135025289,A5068564087
W3135025289,A5001785029
W3135821578,A5000817178
W3135821578,A5042362477
W3166941946,A5009714502
W3166941946,A5040784486
W3166941946,A5067395177
W3217534349,A5014446590
W3217534349,A5012042206
W3217534349,A5010882179
W3217534349,A5079947544
W4288457039,A5060527763
W4288457039,A5078120613
W4288457039,A5081530810
W4288457039,A5031113286
W4288457039,A5040443493
W4288457039,A5104084220
W4288457039,A5104687879
W4291123701,A5045162218
W4291123701,A5017259848
W4291123701,A5101736122
W4291123701,A5002827253
W4291123701,A5003396849
W4297177519,A5078787236
W4297177519,A5112844608
W4297177519,A5109467550
W4319603294,A5046033495
W4319603294,A5110964815
W4319603294,A5025732300
W4319603294,A5076831357
W4319603294,A5057673381
W4321488493,A5081893974
W4321488493,A5050411356
W4321488493,A5010793698
W4321488493,A5086553552
W4321488493,A5079805985
W4379232316,A5085218551
W4379232316,A5077509813
W4379232316,A5111112361
W4379232316,A5092080606
W4379232316,A5042786686
W4379232316,A5042425451
W4379232316,A5028419754
W4379232316,A5021440982
W4379232316,A5091402542
W4379232316,A5020412391
W4379232316,A5092080605
W4384209462,A5091402542
W4384209462,A5034169259
W4384209462,A5058063287
W4384209462,A5087405854
W4385636643,A5111021016
W4385636643,A5069929256
W4385636643,A5036551566
W4385636643,A5085629269
W4385636643,A5059374909
W4385636643,LOCAL_A000088
W4385636643,A5040005212
W4385725590,LOCAL_A000095
W4385725590,A5009757136
W4385725590,A5052029634
W4385725590,A5104136263
W4399465791,A5031161877
W4399465791,A5063325493
W4399465791,A5094282888
W4399465791,A5094282889
W4399465791,A5008382937
W3136349206,A5052000517
W3136349206,A5060415594
W3143569447,A5103120340
W3143569447,A5054226404
W3143569447,A5059457085
W3143569447,A5101997513
W3143569447,A5004974582
W3143569447,A5077989995
W3143569447,A5029973339
W3143569447,LOCAL_A000576
W3155716985,A5113942299
W3155716985,A5016844947
W3155716985,A5011654520
W3155716985,A5020507166
W3155716985,LOCAL_A000659
W3171691420,A5070026123
W3171691420,A5078584137
W3171691420,A5023913918
W3171691420,A5112652952
W4220910670,A5088410956
W4220910670,A5040773786
W4220910670,A5008780017
W4220910670,A5035395012
W4220910670,A5008930531
W4225646906,A5027768275
W4225646906,A5100648337
W4225646906,A5065553213
W4225646906,A5018538544
W4308973105,A5036377736
W4308973105,A5056302319
W4308973105,A5083127097
W4308973105,A5000531779
W4308998671,A5012120874
W4308998671,LOCAL_A000660
W4308998671,LOCAL_A000661
W4308998671,A5043416024
W4311184438,A5078787236
W4311184438,A5112844608
W4311184438,A5109467550
W4311364086,A5086143812
W4311364086,A5071517633
W4311364086,A5077989995
W4311364086,A5101966424
W4311364086,A5026263106
W4311364086,A5068882573
W4322624037,A5077989995
W4322624037,LOCAL_A000662
W4322624037,LOCAL_A000663
W4322624037,LOCAL_A000664
W4380738569,A5100776154
W4380738569,A5059615758
W4380738569,A5070726803
W4385356574,A5050155021
W4385356574,A5101595253
W4385356574,A5051245111
W4390830216,A5102933878
W4390830216,A5010198389
W4390830216,A5087106458
W4390830216,A5030423329
W4390830216,A5078092289
W4390830216,A5022564032
W4397009807,A5081945254
W4397009807,A5067226256
W3131228323,A5058586048
W3131228323,A5103955201
W3131228323,A5103138840
W3131228323,A5100715903
W3131228323,A5100352958
W3136397549,A5101105129
W3136397549,A5052000517
W3200176280,A5075209004
W3200176280,A5064437476
W3200176280,A5007636550
W3205272172,A5046033495
W3205272172,A5113989777
W3205272172,A5073172349
W3205272172,A5015706750
W4225117901,A5036377736
W4225117901,A5080190481
W4225117901,A5060950462
W4283579577,A5016165289
W4283772388,A5083960512
W4283772388,A5087000202
W4283772388,A5048472994
W4283772388,A5102015735
W4283772388,A5004913719
W4283772388,A5103249297
W4283772388,A5032504273
W4283772388,A5029671794
W4283772388,A5077893525
W4295135458,LOCAL_A000665
W4295135458,A5062003821
W4295135458,A5069934465
W4295135458,A5108652190
W4310396776,A5066740309
W4310396776,A5053552469
W4310396776,A5100648337
W4312874203,A5089334735
W4312874203,A5048412714
W4312874203,A5075209004
W4317513554,A5091576742
W4317513554,A5081945254
W4317513554,A5010372016
W4367322283,A5012852285
W4367322283,A5018775716
W4367322283,A5034547214
W4367322283,A5059958821
W4367322283,A5085634489
W4381281662,A5001693984
W4387035570,A5049698133
W4387035570,A5089855087
W4387035570,A5037185882
W4387035570,A5092687136
W4387310482,A5051245111
W4387310482,A5050155021
W4388138311,A5052254001
W4388138311,A5062560716
W4388138311,A5073069376
W4400783551,A5056827171
W4400783551,A5004618448
W4400783551,A5069928094
W4403576550,A5074180869
W4403576550,A5011741622
W3196864658,A5041694698
W3196864658,A5006970624
W3196864658,A5061514881
W3196864658,A5076135647
W3199214587,A5051291679
W3199214587,A5052000517
W4214942873,LOCAL_A000666
W4214942873,LOCAL_A000667
W4214942873,LOCAL_A000668
W4214942873,LOCAL_A000669
W4281867261,A5056865763
W4281867261,A5041694698
W4281867261,A5085306572
W4281867261,A5084471393
W4281867261,A5076135647
W4286203355,A5019250403
W4286203355,A5075209004
W4307544369,A5043243286
W4307544369,A5054780283
W4307544369,A5043793311
W4307544369,A5005258254
W4309613826,A5090829303
W4309613826,A5006545912
W4309613826,A5032570574
W4309613826,A5091402542
W4309613826,A5045408352
W4309613826,A5007717816
W4309613826,A5066145908
W4309613826,A5085218551
W4309613826,A5020412391
W4311970573,A5010667167
W4311970573,A5089263417
W4311970573,A5099120825
W4311970573,A5074122666
W4311970573,A5019922027
W4312690352,A5046033495
W4312690352,A5049922872
W4312690352,A5073172349
W4312690352,A5076831357
W4322506502,A5014767912
W4322506502,A5058905920
W4364375921,A5013654224
W4364375921,A5067800126
W4364375921,A5100354734
W4364375921,A5109419815
W4364375921,A5068309504
W4364375921,A5017913111
W4364375921,A5065970712
W4364375921,A5012021096
W4364375921,A5041603130
W4364375921,A5005385235
W4364375921,A5101028042
W4364375921,A5061672192
W4364375921,A5052253557
W4377862238,LOCAL_A000670
W4377862238,A5102384455
W4377862238,A5015416684
W4377862238,A5042254735
W4385580607,A5037510069
W4385580607,A5046621202
W4385580607,A5015134079
W4386374716,A5063042707
W4386374716,A5026384627
W4386374716,A5104601006
W4386374716,A5085218551
W4386374716,A5114377555
W4386374716,A5071482191
W4388635132,A5008682765
W4388635132,A5084793653
W4388635132,A5010689925
W4388635132,A5065962329
W4388635132,A5108140676
W4388635132,A5009690733
W4388635132,A5090037972
W4388635132,A5033959758
W4388635132,A5034944739
W4389310208,A5012179893
W4389310208,A5076796223
W4389310208,A5103588120
W4389310208,A5002732389
W4389310208,A5007717816
W4389310208,A5028419754
W4389310208,A5042786686
W4389310208,LOCAL_A000671
W4389310208,A5109333181
W4389310208,A5083864523
W4392346702,A5108652190
W4392346702,A5114110828
W4392346702,A5111250556
W4392346702,A5093538491
W4392346702,A5031633765
W4392346702,A5107947365
W4392591182,A5070368948
W4392591182,A5018935783
W4393322250,A5046613313
W4393322250,A5002827253
W4393322250,A5094279601
W4393322250,A5003396849
W3004140216,A5069510364
W3004140216,A5043555012
W3004140216,A5084438384
W3004140216,LOCAL_A000658
W3004140216,A5077358597
W3004140216,A5066433757
W3004140216,A5067918460
W3004140216,A5074528425
W3004140216,A5051450131
W3182154770,A5079358556
W3182154770,A5060646961
W3182154770,A5077108852
W3182154770,A5067463039
W3182154770,A5056465948
W3182154770,A5087397357
W4229439478,A5081322932
W4229439478,A5100766548
W4229439478,A5039137182
W4229439478,A5081382082
W4284705287,A5025906301
W4284705287,A5114038173
W4284705287,A5103065067
W4284705287,A5043693171
W4284705287,A5034973872
W4291002892,A5001939335
W4291002892,A5000259040
W4291002892,A5005108080
W4291002892,A5045258763
W4291002892,A5022979224
W4291002892,A5064606348
W4295260622,A5029157921
W4295260622,A5046024857
W4296210247,A5029157921
W4318067337,A5074503531
W4320709155,A5033054759
W4320709155,A5044784332
W4320709155,A5102116435
W4320709155,A5011618630
W4320709155,A5057664957
W4362723292,A5012907646
W4362723292,A5090616142
W4362723292,A5053295960
W4362723292,A5064720446
W4364320790,A5101626772
W4364320790,A5090593514
W4364320790,A5002827253
W4364320790,A5003396849
W4365138459,LOCAL_A000316
W4365138459,A5080190481
W4365138459,A5107881229
W4365138459,A5083721261
W4365138459,A5015069505
W4365138459,LOCAL_A000672
W4383111694,A5085044386
W4383111694,A5039967759
W4385948362,A5092655067
W4385948362,A5057116918
W4385948362,A5110937181
W4385948362,A5060143737
W4385948362,A5087580314
W4385948362,A5042786686
W4385948362,A5042425451
W4385948362,A5088783066
W4385948362,A5085218551
W4386246276,A5042854558
W4386246276,A5066953147
W4386246276,A5047923619
W4386246276,A5038733482
W4386601257,LOCAL_A000673
W4386601257,A5045162054
W4386601257,A5044784332
W4386601257,A5078787236
W4386601257,A5039058211
W4386601257,A5042408344
W4386601257,A5059639534
W4386601257,A5101906855
W4387116987,A5036824452
W4388463364,A5080706652
W4390683333,A5046981823
W4390683333,A5101289672
W4390683333,A5108892405
W4390683333,A5101289673
W4390683333,A5113091446
W4390683333,A5012381405
W4403114063,A5087106458
W4403114063,A5065353383
W4403114063,A5091133342
W4405417000,A5076966340
W4405417000,A5074775195
W4405417000,LOCAL_A000084
W4406143081,A5100977585
W4406143081,A5005897892
W4406143081,A5048072243
W4406828764,A5009692670
W4406828764,A5116034918
W4408278081,A5116174047
W4408278081,A5091523509
W4408278081,A5116174048
W4408278081,A5116174049
W4408278081,A5031161877
W2754689785,A5005695272
W2754689785,A5048245818
W2754689785,A5069865145
W2754689785,A5027349486
W2754689785,A5022972729
W2754689785,A5009152095
W2754689785,A5067638085
W2754689785,A5003854144
W3003586115,A5056454683
W3003586115,A5023142347
W3096149152,A5069711950
W3096149152,A5086143812
W3096149152,A5071517633
W3096149152,A5023168181
W3096149152,A5044305514
W3096149152,A5026676431
W3096149152,A5072201492
W3104312140,A5007637679
W3172167377,A5070026123
W3172167377,A5029157921
W3177014373,A5029157921
W3177014373,A5087000202
W3177014373,A5091522531
W3200577445,A5051291679
W3200577445,A5052000517
W4226149286,A5100648337
W4226149286,A5007637251
W4226149286,A5053119189
W4283330135,A5070026123
W4283330135,A5021056526
W4283330135,A5113845275
W4283330135,A5029157921
W4288518463,A5072079980
W4288518463,A5090133883
W4290998809,A5100648337
W4296061001,A5017773373
W4296061001,A5074327529
W4296061001,A5011173370
W4296061001,A5051935392
W4296061001,A5015967624
W4296061001,A5048993786
W4296629887,A5102896814
W4296629887,A5014564005
W4296629887,A5049478123
W4296629887,A5044053378
W4296629887,A5014156347
W4304693807,A5049698133
W4304693807,A5083435065
W4304693807,A5101648172
W4304693807,A5061317037
W4322746639,A5087106458
W4322746639,A5003489886
W4322746639,A5014938626
W4322746639,A5086812774
W4322746639,A5056133033
W4322746639,A5089096517
W4322746639,A5062653189
W4361275219,A5001226600
W4361275219,A5068286496
W4361275219,A5053717509
W4362684874,A5091576742
W4362684874,A5081945254
W4362684874,A5010372016
W4377861812,LOCAL_A000665
W4377861812,A5069934465
W4377861812,A5064878852
W4377861812,A5104119779
W4377861812,A5026693488
W4378904270,A5049578807
W4378904270,A5065649299
W4378904270,A5103064996
W4378904270,A5022369934
W4378904270,A5019463062
W4378904270,A5021858410
W4378904270,A5081961625
W4378904270,A5085026472
W4378904270,A5064804073
W4378904270,A5007358249
W4378904270,A5010910230
W4378904270,A5114549543
W4378904270,A5071115771
W4378904270,A5025363291
W4379058433,A5050610976
W4379058433,A5003254637
W4379058433,A5033598598
W4385588222,A5049427526
W4385588222,A5068268080
W4385588222,A5000972753
W4385661509,A5007636550
W4385661509,A5075209004
W4385661509,A5077159769
W4385705265,A5028627559
W4385705265,A5053245824
W4385705265,A5074148727
W4385705265,A5069149378
W4385705265,A5010667167
W4385705265,A5029945067
W4386031782,A5052843620
W4386031782,A5091554286
W4386031782,A5048385480
W4386031782,A5045268600
W4386031782,A5022979224
W4386034709,A5104158761
W4386034709,A5066152930
W4386034709,A5101235995
W4386034709,A5102547308
W4386034709,A5104158762
W4386034709,A5002515116
W4386034709,A5100613698
W4386034709,LOCAL_A000674
W4386034709,A5083124889
W4386034709,A5080216121
W4388739730,A5074327529
W4388739730,A5056133033
W4388739730,A5093276916
W4388739730,A5011173370
W4388739730,A5048993786
W4389629918,A5049698133
W4389629918,A5077582388
W4389629918,A5030451807
W4389629918,A5092687136
W4389674456,A5076831357
W4389674456,A5000269339
W4389674456,A5035354610
W4389674456,A5046033495
W4394784089,LOCAL_A000316
W4394784089,A5107881229
W4394784089,A5041295651
W4394784089,A5101402518
W4394784089,A5012575818
W4394784089,A5036377736
W4396617921,A5062041023
W4396617921,A5101555441
W4396617921,A5043677244
W4396617921,A5005583322
W4396617921,A5100393094
W4399485661,LOCAL_A000675
W4399485661,A5110798012
W4399485661,A5102734020
W4399485661,A5085607636
W4399485661,A5109730740
W4399485661,A5099073090
W4399485661,A5029148446
W4399485661,A5113245593
W4399485661,A5040052703
W4399485661,A5069007853
W4399485661,A5052374056
W4399485661,A5034572659
W4400350350,A5076947041
W4400350350,A5051157727
W4400350350,A5070726803
W4400350350,A5100776154
W4400350350,A5085028163
W4401525995,A5041882067
W4401525995,A5111288522
W4401525995,A5031161877
W4401525995,A5008382937
W4401642591,A5057019956
W4401642591,A5005952694
W4401642591,A5060017962
W4401642591,LOCAL_A000529
W4401708579,A5106610329
W4401708579,A5058364233
W4401798741,A5104197221
W4401798741,A5101790883
W4401798741,A5015918478
W4401798741,A5072705588
W4401798741,A5088238351
W4401798741,A5113344629
W4403144078,A5000167478
W4403144078,A5094057503
W4403144078,A5039122925
W4403144078,A5111354010
W4406854999,A5020412391
W4406854999,A5075214747
W4406854999,A5108824078
W4406854999,A5007717816
W4406854999,A5066145908
W4406854999,A5091402542
W4406854999,LOCAL_A000676
W4407638824,A5011855564
W4407638824,A5076303094
W4407638824,A5004083201
W4408160180,A5108109013
W4408160180,A5082139032
W4408160180,A5036248676
W4408160180,A5035497954
W4408160180,A5111991433
W4408160180,A5103014821
W4408160180,A5048414571
W4408160180,LOCAL_A000677
W4408160180,A5070181852
W4408160180,A5028027304
W4408160180,A5007439601
W4409409360,A5008653388
W4409409360,A5026934828
W4409409360,LOCAL_A000678
W4409409360,A5104242462
W4410274316,A5074327529
W4410274316,A5117509360
W4410274316,A5102650285
W4410274316,A5023492471
W4410274316,A5059009171
W4410274316,A5090982786
W4410274316,A5068804587
W3169005697,A5044322231
W3169005697,A5002515116
W3169005697,A5084048258
W3169005697,A5019688833
W3169005697,A5103978016
W3169005697,A5111420624
W3169005697,A5038600660
W3173975414,A5053018788
W3173975414,A5112740426
W3173975414,A5090445830
W4239180355,A5060086486
W4253353920,A5094633734
W4253353920,A5094396568
W4253353920,A5099757064
W4253353920,A5112827539
W4253353920,A5099757065
W4253353920,LOCAL_A000679
W4253353920,LOCAL_A000680
W4253353920,LOCAL_A000681
W4253353920,LOCAL_A000682
W4253353920,LOCAL_A000683
W4253353920,LOCAL_A000684
W4253353920,LOCAL_A000685
W4253353920,LOCAL_A000686
W4253353920,LOCAL_A000687
W4253353920,LOCAL_A000688
W4253353920,LOCAL_A000689
W4253353920,LOCAL_A000690
W4253353920,LOCAL_A000691
W4253353920,LOCAL_A000692
W4253353920,LOCAL_A000693
W4253353920,LOCAL_A000694
W4253353920,LOCAL_A000695
W4253353920,LOCAL_A000696
W4253353920,LOCAL_A000697
W4253353920,LOCAL_A000698
W4253353920,LOCAL_A000699
W4253353920,LOCAL_A000700
W4253353920,LOCAL_A000701
W4253353920,LOCAL_A000702
W4253353920,LOCAL_A000703
W4253353920,LOCAL_A000704
W4253353920,LOCAL_A000705
W4253353920,LOCAL_A000706
W4281553590,A5017596097
W4281553590,A5110964815
W4281553590,A5020362824
W4282920256,A5004067290
W4282920256,A5108726909
W4282920256,A5001133335
W4282920256,A5040711397
W4291148458,A5102896814
W4291148458,A5014564005
W4291148458,A5049478123
W4291148458,A5044053378
W4291148458,A5014156347
W4293439820,A5085044386
W4293439820,A5069167776
W4293439820,A5039967759
W4296210434,A5045162054
W4296210434,A5101489171
W4296210434,A5006699363
W4296210434,A5084172156
W4296210434,A5064913428
W4303444857,A5046981823
W4303444857,LOCAL_A000100
W4311176866,A5018592470
W4311176866,A5078738355
W4311176866,A5041560102
W4362596742,A5101958583
W4376613100,A5102851626
W4376613100,A5059660065
W4376613100,A5001133335
W4376613100,A5004526884
W4385219854,A5001700413
W4385219854,A5102537963
W4385219854,A5088349333
W4387788657,A5101626772
W4387788657,A5003396849
W4388051817,A5087106458
W4388051817,A5000459728
W4388051817,A5014938626
W4388051817,A5086812774
W4388051817,A5086554424
W4388051817,A5089096517
W4388051817,A5062653189
W4390341038,A5046981823
W4390341038,A5108271314
W4390341038,A5003667222
W4391342217,A5008610676
W4391342217,A5100443627
W4391342217,A5018334271
W4391342217,A5049138961
W4391777722,A5087428803
W4391777722,A5086375063
W4391777722,A5101366509
W4391777722,A5079651930
W4391777722,A5113118240
W4391777722,A5022642033
W4391777722,A5114134175
W4391777722,A5093920008
W4391777722,A5109724358
W4391777722,A5113118238
W4391777722,LOCAL_A000707
W4391777722,A5100846021
W4391777722,A5101315003
W4391777722,A5101304286
W4391777722,A5104243157
W4391777722,A5113118239
W4391777722,A5101315004
W4394744640,A5042141088
W4394744640,A5015416684
W4394744640,A5042254735
W4394804920,A5042141088
W4394804920,A5015416684
W4394804920,A5042254735
W4394989468,A5053686396
W4394989468,A5036823105
W4395464345,A5045944169
W4395464345,A5063801562
W4395464345,A5052168970
W4395464345,A5071521088
W4395464345,A5039949041
W4395464345,A5006023366
W4395464345,A5101465468
W4395464345,A5044058358
W4395464345,A5001474077
W4398243746,A5036824452
W4399210653,A5016901918
W4399210653,A5021056526
W4399210653,A5070026123
W4399210653,A5029157921
W4401433803,A5031161877
W4401433803,A5112361199
W4401433803,A5058668108
W4401433803,A5108902976
W4401742244,A5080211232
W4401742244,A5042395512
W4401742244,A5028355700
W4401742244,A5073530367
W4401742244,A5102804265
W4401742244,A5052867498
W4401742244,A5101353641
W4401742244,A5103884475
W4401742244,A5085832671
W4402307212,A5036212178
W4402307212,A5030177637
W4402307212,A5061049640
W4402307212,A5035840553
W4402307212,A5111317906
W4402307212,A5015142652
W4402723512,A5017773373
W4402723512,A5000637794
W4402723512,A5039052968
W4402723512,A5021501825
W4402723512,A5059661400
W4402723512,A5041832298
W4402723512,A5100623707
W4402988558,A5100741130
W4402988558,A5103152813
W4402988558,A5111347325
W4403344039,A5058096520
W4403344039,A5109713772
W4403344039,A5038942051
W4403344039,A5104296153
W4403344039,A5030919137
W4403344039,A5046597225
W4403344039,A5011154592
W4403344039,A5101469019
W4403344039,A5101757963
W4403344039,A5090773160
W4403488549,A5063584493
W4403488549,A5061056422
W4403488549,A5080275074
W4403843479,A5031161877
W4403843479,A5094282888
W4403843479,A5094282889
W4403843479,A5063325493
W4403843479,A5092718174
W4404245825,A5076966340
W4404245825,A5074775195
W4404245825,A5102772323
W4405932039,A5017773373
W4405932039,A5082803859
W4405932039,A5114054713
W4405932039,A5059661400
W4405932039,A5000637794
W4405932039,A5021501825
W4406047420,A5029072011
W4406047420,LOCAL_A000708
W4407918048,A5065688594
W4407918048,A5101038118
W4407918048,A5024466583
W4407918048,A5101851526
W4407918048,A5049791266
W4410304808,A5065748190
W4410304808,A5101710140
W4410304808,A5080877722
W4410304808,A5076831357
W4412356220,A5108143130
W4412356220,A5000022585
W4412356220,A5086866654
W4412356220,A5118963635
W3135986232,A5076098136
W3135986232,A5054786913
W3165013452,A5012114425
W3165013452,A5066391854
W3165013452,A5112645301
W3165013452,A5032599875
W3210289654,A5038031031
W3210289654,A5031952416
W3210289654,A5071609618
W3210289654,A5047320410
W3210289654,A5088188698
W3210289654,A5101609039
W3210289654,A5037769855
W3210289654,A5040535770
W4226253103,A5041461727
W4226253103,A5061056422
W4226292747,A5100648337
W4226292747,A5053119189
W4226292747,A5018538544
W4226292747,A5007637251
W4226292747,A5065553213
W4283773892,A5101813011
W4283790096,A5063525316
W4283790096,A5049076609
W4283790096,A5068268080
W4283790096,A5002233700
W4293582204,A5085306572
W4293582204,A5041694698
W4293582204,A5056865763
W4293582204,A5084471393
W4293582204,A5047208892
W4293582204,A5076135647
W4313592827,A5017773373
W4313592827,A5041707620
W4313592827,A5113227826
W4313592827,A5063988759
W4313592827,A5021501825
W4313592827,A5010707914
W4313592827,A5030801216
W4376454465,A5045162054
W4376454465,A5104115904
W4376454465,A5069639294
W4385282694,A5067718322
W4386123363,A5049698133
W4386123363,A5092687136
W4386123363,A5037185882
W4386123363,A5061317037
W4388574092,A5051509129
W4388574092,A5036074751
W4388574092,A5101420279
W4388574092,A5034572659
W4388574092,A5016152230
W4388574092,A5037715406
W4391506647,A5111144764
W4391506647,A5000994184
W4391506647,A5039113161
W4391506647,A5010818401
W4391506647,A5102747977
W4391506647,A5054990885
W4391608160,A5082958436
W4391608160,A5015706750
W4391608160,A5046033495
W4393089136,A5016298705
W4393089136,A5072737254
W4393089136,A5068935522
W4393089136,A5091027836
W4394767200,A5031337674
W4394767200,A5041560102
W4396585527,A5091244134
W4396585527,A5109711777
W4396585527,A5067379892
W4396585527,A5019750138
W4396585527,A5008876218
W4396585527,A5064027518
W4396585527,A5103193588
W4396585527,A5089407510
W4396585527,A5091163237
W4396585527,A5032242801
W4396585527,A5016698027
W4401207717,A5106164109
W4401207717,A5007636550
W4401207717,A5077159769
W4402136902,A5001700413
W4402136902,A5102537963
W4402136902,A5074200091
W4402136902,A5088349333
W4402414367,A5022457847
W4402414367,A5113179272
W4402414367,A5036249628
W4402687087,A5036260987
W4402687087,A5100337614
W4403137041,A5010412662
W4403137041,A5010077597
W4403137041,A5050055502
W4403137041,A5054233093
W4403137041,A5051185903
W4403137041,A5033485941
W4403137041,A5068462237
W4403137041,A5036382252
W4403137041,A5005681997
W4403137041,A5016059020
W4403137041,A5035821509
W4403714892,A5108652190
W4403714892,A5111250556
W4403714892,A5026693488
W4403714892,A5107976280
W4403714892,LOCAL_A000067
W4407065569,A5116116783
W4407065569,A5054482402
W4407065569,A5059989774
W4407065569,A5090872335
W4407130611,LOCAL_A000709
W4407130611,A5029072011
W4407130611,A5010505038
W4407170082,A5061049640
W4407170082,A5076385003
W4407170082,A5000548221
W4407170082,A5027018014
W4408169239,A5091523509
W4408169239,A5116174086
W4408169239,A5100613572
W4408169239,A5116174047
W4408169239,A5031161877
W4408621636,A5042854558
W4408621636,A5116701399
W4408621636,LOCAL_A000600
W4408621636,A5047172220
W4409109198,A5087438050
W4410502105,A5036081937
W4410502105,A5089584186
W4410502105,A5091611269
W4410502105,A5012274597
W4410502105,A5117599545
W4410502105,A5074093573
W4410502105,A5072516040
W4410502105,A5113287346
W4410502105,A5117599546
W4410502105,A5025952021
W4410502105,A5088212360
W4410502105,A5071928109
W4410502105,A5081826415
W4410502105,A5005562712
W4410502105,A5075005049
W4410630703,A5025132197
W4410630703,A5100648337
W4410630703,A5035585781
W4410630703,A5078012911
W4410630703,A5082387253
W4410630703,A5083053786
W4411096246,A5091968955
W4411096246,A5080476765
W4411096246,A5014938626
W4411096246,A5003396849
W4411506904,A5114995942
W4412631044,A5067110618
W4412631044,A5020203529
W4412631044,A5081124735
W4412631044,A5000054820
W4412631044,A5018802115
W3090257619,A5068462237
W3090257619,A5084269594
W3090257619,A5043012596
W3136535389,A5110750141
W3136535389,A5108954551
W3136535389,A5110958467
W3200750355,A5074116301
W3200750355,A5086880424
W3200750355,A5009897964
W3200750355,A5000774558
W3200750355,A5028473390
W3200882281,A5009794917
W3200882281,A5088958605
W3200882281,A5069853519
W3200882281,A5078613366
W3212248389,A5041694698
W3212248389,A5040768487
W3212248389,A5082745090
W3212248389,A5109525017
W3212248389,A5113888338
W4283721719,A5021931433
W4283721719,A5000321582
W4285733410,A5078613366
W4285733410,A5077694527
W4292373758,A5027033593
W4292373758,A5006705698
W4296757415,A5016799901
W4296757415,A5037211367
W4313907308,A5076730030
W4313907308,A5023113227
W4313907308,A5064050048
W4313907308,A5082083737
W4321609955,A5034643812
W4321609955,A5076730030
W4321609955,A5068500779
W4321609955,A5035240489
W4321782111,A5081533584
W4321782111,LOCAL_A000592
W4321782111,A5112470311
W4379207090,A5007052251
W4379207090,A5088942436
W4379207090,A5050737114
W4385556859,A5062647756
W4385556859,A5092593524
W4385556859,LOCAL_A000710
W4385556859,A5028355700
W4385556859,A5110933537
W4385556859,A5035306169
W4385556859,A5091622578
W4386853765,A5086554424
W4386853765,LOCAL_A000711
W4386853765,A5113201220
W4386853765,A5044058358
W4386853765,A5001474077
W4386853765,A5030875962
W4386854305,A5100776154
W4386854305,A5059615758
W4386854305,A5070726803
W4387258982,A5039649826
W4387258982,A5059958821
W4387877661,A5068122335
W4387877661,A5048092944
W4387877661,A5009671191
W4387877661,A5104187193
W4387877661,A5101258839
W4388658227,A5038261244
W4388658227,A5085021661
W4388658227,A5065973639
W4388658227,A5087547039
W4393941056,A5066154677
W4393941056,A5094583817
W4393941056,A5092859826
W4393941056,A5101292188
W4393941056,A5044829491
W4393941056,A5094583818
W4393941056,A5046981823
W4396750923,A5064606348
W4396989760,A5040349893
W4396989760,A5061345492
W4396989760,A5102017380
W4396989760,A5056915949
W4396989760,A5061934686
W4396989760,A5023756965
W4396989760,A5101861939
W4396989760,A5101590309
W4396989760,A5061545552
W4396989760,A5032903751
W4396989760,A5064476016
W4397008973,A5045109374
W4397008973,A5029670464
W4397008973,A5030678711
W4397008973,A5064560837
W4397008973,A5102666774
W4397008973,A5101868875
W4397008973,A5059002683
W4397008973,A5021979532
W4397008973,A5084339087
W4399212597,A5088589391
W4399212597,A5041560102
W4399348657,A5066154677
W4399348657,A5113239988
W4399348657,A5109666631
W4399348657,A5092859826
W4399348657,A5046981823
W4399493353,A5113245914
W4399493353,A5110015524
W4399493353,A5057088209
W4399493353,A5055671335
W4399493353,A5003396849
W4399493353,A5053412741
W4399593830,A5036481436
W4399593830,A5025726068
W4399593830,A5058150074
W4399593830,A5075877402
W4399593830,A5033172061
W4399593830,A5014324941
W4399593830,A5045047983
W4399593830,A5009893388
W4400130597,A5104338666
W4400130597,A5026969387
W4400130597,A5111242591
W4400130597,A5112057266
W4400130597,A5080216121
W4400130597,A5026149302
W4401007185,A5010581356
W4401007185,LOCAL_A000209
W4401007185,A5061345492
W4401007185,A5109753108
W4401007185,A5061545552
W4401007185,A5101861939
W4401020933,A5072705588
W4401020933,A5113306497
W4401020933,A5003162913
W4401993107,A5060980928
W4401993107,A5076701661
W4402341077,A5045162218
W4402341077,A5066684419
W4402341077,A5015269024
W4402341077,A5109472612
W4402341077,A5101053857
W4402341077,A5022545715
W4402341077,A5003396849
W4402461726,A5107154585
W4404595456,A5076730030
W4404595456,A5023113227
W4404595456,A5064050048
W4404595456,A5037837813
W4404595456,A5082083737
W4405312399,A5016102178
W4405312399,A5051450131
W4405312399,A5077358597
W4405312399,A5034973872
W4405312399,A5031177860
W4405312399,A5080743502
W4405869633,A5104277836
W4405869633,A5012338314
W4405869633,A5104101705
W4405869633,A5100608566
W4405869633,A5042636879
W4405869633,A5005583322
W4405869633,A5042163751
W4405869633,A5008497258
W4406056168,A5013260322
W4406056168,A5086911502
W4406056168,A5061756650
W4406056168,A5033587154
W4406609946,A5031161877
W4406609946,A5094282888
W4406609946,A5008382937
W4406828371,A5101479540
W4407223794,A5017773373
W4407223794,A5021501825
W4407223794,A5082803859
W4407223794,A5085566730
W4407223794,A5000637794
W4407223794,A5059661400
W4408117529,A5101529135
W4408117529,A5108824078
W4408117529,A5020412391
W4408117529,LOCAL_A000712
W4408117529,A5035470871
W4408117529,LOCAL_A000713
W4408117529,LOCAL_A000714
W4408117529,A5016209496
W4409983690,A5001693984
W4409983690,A5102702020
W4409983690,A5011157840
W4410855018,A5036952833
W4410855018,A5055424683
W4410855018,A5018713405
W4410855018,A5109139032
W4410916652,A5037701642
W4410916652,LOCAL_A000715
W4410916652,A5047638529
W4410916652,A5045611980
W4410916652,A5055240207
W4410916652,A5113279192
W4410916652,A5053164561
W4410916652,A5063270063
W4411711385,A5101412722
W4411711385,A5042141088
W4415696730,A5101617017
W4415696730,A5036010540
W4415696730,A5001635692
W7118452653,A5054261847
W7118452653,A5042273243
W7118452653,A5122261563
W7118452653,A5106111285
W7118452653,A5122224274
W7118452653,A5051526686
W7118452653,A5035316905
W7118452653,A5044608756
W7118452653,A5054981597
W7118452653,A5111228622
W7118452653,A5069176903
W7118452653,A5122246823
W7118452653,A5063909702
W7118452653,A5011034168
W7118452653,A5004179658
W7118452653,A5122295020
W7118452653,A5009945961
W7118452653,A5075293805
W7118452653,A5026678611
W7118452653,A5061049640
W7118452653,A5122254251
W7118452653,A5063760978
W7118452653,A5122123240
W7118452653,LOCAL_A000716
W7118452653,A5059910185
W7118452653,A5018716310
W7118452653,A5025285609
W7118452653,A5044269266
W7118452653,A5078138004
W7118452653,A5116302831
W7118452653,A5103322564
W7118452653,A5052104891
W7118452653,A5085954814
W7118452653,A5006311823
W7118452653,A5017992365
W7118452653,A5029419036
W7118452653,A5036483874
W7118452653,A5122189634
W7118452653,A5011083260
W7118452653,A5024153751
W7118452653,A5086503053
W7125619734,A5038661325
W7125619734,A5123784405
W7125619734,A5121806418
W7125619734,A5101480393
W7125619734,A5067110618
W7125619734,A5108265219
W7125619734,A5111189285
W7125619734,LOCAL_A000717
W7125619734,A5058440573
W7125619734,A5050404323
W7137090518,A5011855564
W7137090518,A5076303094
W7137090518,A5120054875
W7137090518,A5072201492
W7137090518,A5129434995
W7137090518,A5129411191
W7137090518,A5062525719
W3200524819,A5022245617
W3200524819,A5065502298
W3200524819,A5026941681
W3200524819,A5039060442
W3200524819,A5052167850
W3201335432,A5075052743
W3201335432,A5052492423
W3201335432,A5088958605
W3212113658,A5069853519
W3212113658,A5088958605
W3212113658,A5078613366
W3212113658,A5009794917
W3213241775,A5101105129
W3213241775,A5052000517
W3213466285,A5009794917
W3213466285,A5069853519
W3213466285,A5088958605
W3213466285,A5078613366
W3214406573,A5101936200
W3214406573,A5053998535
W4295941572,A5040773786
W4295941572,A5071517633
W4295941572,A5018823341
W4295941572,A5088410956
W4295941572,A5053488393
W4311137246,A5030044861
W4311137246,A5072224443
W4311137246,A5082578116
W4383484815,A5071255604
W4383484815,A5071570842
W4383484815,A5108652190
W4383484815,LOCAL_A000095
W4383484815,A5086255445
W4385891544,A5016501250
W4385891544,A5059133436
W4385891544,A5056072889
W4386365428,A5114079096
W4386365428,A5061345492
W4386365428,LOCAL_A000718
W4386365428,A5111033585
W4386365428,A5021501825
W4386365428,A5104039630
W4386365428,A5112992444
W4390883126,A5059158387
W4390883126,A5100632425
W4392734781,A5060339388
W4392734781,A5036823105
W4392734781,A5044252117
W4392734781,A5018984230
W4392734781,A5016425455
W4394747446,A5011297917
W4394747446,A5014362711
W4394747446,A5078162843
W4399007353,A5087428803
W4399007353,A5086375063
W4399007353,A5101366509
W4399007353,A5079651930
W4399007353,A5113118240
W4399007353,A5114168431
W4399007353,A5104313465
W4399007353,A5069983339
W4399007353,A5109724358
W4399007353,A5113118238
W4399007353,A5101304286
W4399007353,A5101315003
W4399665885,A5016256744
W4399665885,A5099127038
W4399665885,A5099127039
W4399665885,A5103224266
W4399665885,A5027890317
W4399665885,A5099127041
W4400253720,A5037989297
W4400253720,A5017305518
W4401257954,LOCAL_A000068
W4401257954,LOCAL_A000069
W4401257954,LOCAL_A000070
W4401257954,LOCAL_A000071
W4401257954,LOCAL_A000072
W4401257954,LOCAL_A000073
W4401257954,LOCAL_A000074
W4401257954,LOCAL_A000075
W4401257954,LOCAL_A000076
W4401257954,LOCAL_A000077
W4401665864,A5100776154
W4402448177,A5045025427
W4402994292,A5087438050
W4402994292,A5044266379
W4402994292,A5090445830
W4404299054,A5067398066
W4404299054,A5055240240
W4404299054,A5040567185
W4406031591,LOCAL_A000719
W4406602578,LOCAL_A000720
W4406602578,LOCAL_A000721
W4406602578,LOCAL_A000722
W4406602578,A5053998535
W4406739004,A5044033680
W4406739004,A5115998618
W4406739004,A5036727378
W4406739004,A5031687662
W4406739004,A5082583844
W4407742590,A5008728596
W4407742590,A5116329274
W4407742590,A5116329275
W4407742590,A5116329276
W4407742590,A5116329277
W4407742590,LOCAL_A000723
W4407742590,A5028803174
W4407742590,A5023570581
W4407742590,A5066185060
W4407742590,A5101451102
W4407742590,A5071070151
W4407742590,A5065984932
W4408599233,A5055240240
W4408599233,A5067398066
W4408599233,A5040567185
W4408797605,A5073009058
W4408797605,A5116777686
W4408797605,A5116777687
W4408797605,A5100742825
W4408797605,A5116777688
W4408797605,LOCAL_A000724
W4409011317,LOCAL_A000725
W4409117302,A5100648337
W4409117302,A5078012911
W4409117302,A5035585781
W4409117302,A5082387253
W4409117302,A5083053786
W4409178946,LOCAL_A000726
W4409178946,A5116933738
W4409178946,A5116933739
W4409178946,A5031161877
W4410228494,A5084344101
W4410228494,A5049884996
W4410228494,LOCAL_A000727
W4410228494,A5010770404
W4410369190,A5117543444
W4410369190,A5117543445
W4410369190,A5117543446
W4410369190,A5117543447
W4410369190,A5117543448
W4410369190,A5031161877
W4411025224,LOCAL_A000728
W4411025224,A5072370418
W4411025224,LOCAL_A000729
W4411025224,LOCAL_A000726
W4411025224,LOCAL_A000730
W4411134673,A5012575818
W4411134673,A5036377736
W4411134673,A5060950462
W4411134673,A5117907413
W4411134673,A5080864544
W4411310108,A5030758686
W4411310108,A5118149059
W4411310108,LOCAL_A000731
W4411310108,A5118149060
W4411310108,A5113058619
W4411310108,LOCAL_A000732
W4411310108,A5108116590
W4411310108,A5101386108
W4411310108,A5118149061
W4411492197,A5091523509
W4411492197,LOCAL_A000733
W4411492197,A5019391401
W4411492197,A5118514486
W4411492197,A5048072243
W4412422965,A5113849259
W4412422965,A5049578807
W4412726646,A5104387604
W4412726646,A5022353158
W4412866347,A5078787236
W4412866347,LOCAL_A000734
W4412866347,A5066757939
W4412866347,A5086812774
W4412866347,A5111281452
W4412995744,A5117799111
W4412995744,A5100698220
W4412995744,A5075693129
W4412995744,A5039052968
W4412995744,A5012999481
W4412995744,A5085566730
W4412995744,A5041639816
