source,target,relationship
LOCAL_A000142,W4293221027,WRITES
LOCAL_A000145,W4293221027,WRITES
LOCAL_A000683,W4253353920,WRITES
LOCAL_A000150,W4293221027,WRITES
LOCAL_A000405,W4400130420,WRITES
LOCAL_A000405,I4210123993,AFFILIATED_WITH
LOCAL_A000141,W4293221027,WRITES
LOCAL_A000337,W4285191318,WRITES
LOCAL_A000255,W4312656552,WRITES
LOCAL_A000257,W4312656552,WRITES
LOCAL_A000223,W4312656552,WRITES
LOCAL_A000340,W4285191318,WRITES
LOCAL_A000187,W4293221027,WRITES
LOCAL_A000158,W4293221027,WRITES
LOCAL_A000349,W4285191318,WRITES
LOCAL_A000172,W4293221027,WRITES
LOCAL_A000310,W4243275109,WRITES
LOCAL_A000147,W4293221027,WRITES
LOCAL_A000311,W4243275109,WRITES
LOCAL_A000694,W4253353920,WRITES
LOCAL_A000357,W4285191318,WRITES
LOCAL_A000705,W4253353920,WRITES
LOCAL_A000008,W4416386813,WRITES
LOCAL_A000008,I152743029,AFFILIATED_WITH
LOCAL_A000008,I2802587341,AFFILIATED_WITH
A5101610614,W4308684493,WRITES
A5101610614,I21376657,AFFILIATED_WITH
A5112631868,W4410320989,WRITES
A5112631868,I291386647,AFFILIATED_WITH
A5136436435,W7161558438,WRITES
A5136436435,I4210097717,AFFILIATED_WITH
A5020036590,W4230184352,WRITES
A5080083095,W4405281261,WRITES
A5080083095,I100930933,AFFILIATED_WITH
A5062003821,W4377091076,WRITES
A5062003821,W4403528224,WRITES
A5062003821,W4372284010,WRITES
A5062003821,W4410344643,WRITES
A5062003821,W4403539683,WRITES
A5062003821,W4295135458,WRITES
A5062003821,I2802531901,AFFILIATED_WITH
A5062003821,I4210095567,AFFILIATED_WITH
A5062003821,I75778554,AFFILIATED_WITH
A5062003821,I198596950,AFFILIATED_WITH
A5062003821,I4210138643,AFFILIATED_WITH
A5086340912,W7162318469,WRITES
A5086340912,I4210111779,AFFILIATED_WITH
A5086340912,I74801974,AFFILIATED_WITH
A5129668892,W7162318469,WRITES
A5129668892,I202391551,AFFILIATED_WITH
A5129668892,I4210122644,AFFILIATED_WITH
A5077893525,W4283772388,WRITES
A5077893525,I3130997290,AFFILIATED_WITH
A5000637794,W4319596802,WRITES
A5000637794,W4414022061,WRITES
A5000637794,W4398763277,WRITES
A5000637794,W4367022856,WRITES
A5000637794,W4391126777,WRITES
A5000637794,W4403302723,WRITES
A5000637794,W4283838068,WRITES
A5000637794,W4321482630,WRITES
A5000637794,W7124505868,WRITES
A5000637794,W7166138059,WRITES
A5000637794,W4404920262,WRITES
A5000637794,W4391876512,WRITES
A5000637794,W4392286337,WRITES
A5000637794,W4400558697,WRITES
A5000637794,W4377002490,WRITES
A5000637794,W4402796579,WRITES
A5000637794,W4399659214,WRITES
A5000637794,W4413501956,WRITES
A5000637794,W4404826466,WRITES
A5000637794,W4412174766,WRITES
A5000637794,W4415596303,WRITES
A5000637794,W4310299078,WRITES
A5000637794,W4402723512,WRITES
A5000637794,W4405932039,WRITES
A5000637794,W4407223794,WRITES
A5000637794,I4210123993,AFFILIATED_WITH
A5000637794,I4210131701,AFFILIATED_WITH
A5000637794,I141445968,AFFILIATED_WITH
A5000637794,I4210138427,AFFILIATED_WITH
A5000637794,I170238339,AFFILIATED_WITH
A5130087177,W7138847349,WRITES
A5130087177,W7160374639,WRITES
A5130087177,W7161558438,WRITES
A5130087177,W7161842826,WRITES
A5130087177,I4210123993,AFFILIATED_WITH
A5130087177,I4210131701,AFFILIATED_WITH
A5126917756,W7131662221,WRITES
A5126917756,I4210123993,AFFILIATED_WITH
LOCAL_A000293,W2997493078,WRITES
LOCAL_A000293,I11935315,AFFILIATED_WITH
LOCAL_A000293,I19894307,AFFILIATED_WITH
LOCAL_A000293,I4210159287,AFFILIATED_WITH
A5085027248,W2519522313,WRITES
A5085027248,W2676123895,WRITES
A5085027248,W2936657119,WRITES
A5085027248,I11935315,AFFILIATED_WITH
A5085027248,I19894307,AFFILIATED_WITH
A5085027248,I4210159287,AFFILIATED_WITH
A5085027248,I1294671590,AFFILIATED_WITH
A5025657852,W4376891951,WRITES
A5025657852,I138925566,AFFILIATED_WITH
A5025657852,I197347611,AFFILIATED_WITH
A5129672000,W7162318469,WRITES
A5129672000,I132053463,AFFILIATED_WITH
A5136966328,W7162318469,WRITES
A5136966328,I137975476,AFFILIATED_WITH
A5109711777,W4384944020,WRITES
A5109711777,W4396585527,WRITES
A5109711777,I4210101453,AFFILIATED_WITH
A5077602107,W4381833251,WRITES
A5077395669,W4391261154,WRITES
A5077395669,I4210123993,AFFILIATED_WITH
A5057050099,W4401892575,WRITES
A5057050099,I2799747612,AFFILIATED_WITH
A5109980044,W7162318469,WRITES
A5109980044,I184937672,AFFILIATED_WITH
A5049636432,W4207065025,WRITES
A5049636432,I1286329397,AFFILIATED_WITH
A5136219938,W7161302210,WRITES
A5136219938,I193775966,AFFILIATED_WITH
A5113227826,W4398763277,WRITES
A5113227826,W4367022856,WRITES
A5113227826,W4308183904,WRITES
A5113227826,W4404826466,WRITES
A5113227826,W4310299078,WRITES
A5113227826,W4313592827,WRITES
A5113227826,I4210097717,AFFILIATED_WITH
A5043664908,W4387326361,WRITES
A5043664908,I2801312763,AFFILIATED_WITH
A5042264865,W2129239406,WRITES
A5042264865,W2124661513,WRITES
A5042264865,W2037351555,WRITES
A5042264865,I913481162,AFFILIATED_WITH
A5012512059,W4391474950,WRITES
A5012512059,I120089902,AFFILIATED_WITH
A5012512059,I142608572,AFFILIATED_WITH
A5012512059,I159247623,AFFILIATED_WITH
LOCAL_A000585,W4281740790,WRITES
LOCAL_A000585,I4210123993,AFFILIATED_WITH
A5048485189,W4391126777,WRITES
A5048485189,I120938084,AFFILIATED_WITH
A5083459846,W4406024089,WRITES
A5083459846,I144696833,AFFILIATED_WITH
A5083459846,I150468666,AFFILIATED_WITH
A5083459846,I4210123993,AFFILIATED_WITH
A5083459846,I4210158018,AFFILIATED_WITH
A5060002377,W4221099258,WRITES
A5060002377,I4210149923,AFFILIATED_WITH
A5053378533,W4313558926,WRITES
A5053378533,I127670440,AFFILIATED_WITH
A5068511935,W4396875764,WRITES
A5068511935,I117965899,AFFILIATED_WITH
A5044252117,W4392734781,WRITES
A5044252117,I174025329,AFFILIATED_WITH
A5075548304,W4318476690,WRITES
A5075548304,I4210088633,AFFILIATED_WITH
A5075548304,I4210141426,AFFILIATED_WITH
A5007425238,W4322489023,WRITES
A5007425238,I68649149,AFFILIATED_WITH
A5023886955,W4309873978,WRITES
A5023886955,I28022161,AFFILIATED_WITH
A5078351000,W4387442103,WRITES
A5078351000,I100086675,AFFILIATED_WITH
A5044748360,W4284963908,WRITES
A5044748360,I108714496,AFFILIATED_WITH
A5044748360,I4210131288,AFFILIATED_WITH
A5044748360,I63596082,AFFILIATED_WITH
A5044748360,I82952536,AFFILIATED_WITH
A5090107776,W4313332129,WRITES
A5090107776,I196051555,AFFILIATED_WITH
A5022528171,W4302847498,WRITES
A5022528171,I205133468,AFFILIATED_WITH
A5101860760,W7163549597,WRITES
A5101860760,I36001604,AFFILIATED_WITH
A5086990384,W4294839230,WRITES
A5086990384,I152815399,AFFILIATED_WITH
A5087254067,W4280639034,WRITES
A5087254067,W4280596211,WRITES
A5087254067,I4210143550,AFFILIATED_WITH
A5017369658,W4391533706,WRITES
A5017369658,W4413957744,WRITES
A5017369658,I157358134,AFFILIATED_WITH
A5079670135,W4415696216,WRITES
A5079670135,I132359460,AFFILIATED_WITH
A5079670135,I275778967,AFFILIATED_WITH
A5065897099,W4415093469,WRITES
A5065897099,I82571370,AFFILIATED_WITH
A5013334398,W4383875588,WRITES
A5013334398,I170979836,AFFILIATED_WITH
A5034456266,W3200896269,WRITES
A5034456266,I174731842,AFFILIATED_WITH
A5034456266,I4210150297,AFFILIATED_WITH
A5027038320,W7131109455,WRITES
A5027038320,I4210161757,AFFILIATED_WITH
A5091972389,W4388757718,WRITES
A5091972389,I4210128965,AFFILIATED_WITH
A5091972389,I83332908,AFFILIATED_WITH
A5071504081,W4410974180,WRITES
A5071504081,W4416208916,WRITES
A5071504081,I142263535,AFFILIATED_WITH
A5053615849,W2983803309,WRITES
A5010718958,W2920977915,WRITES
A5010718958,I4210087915,AFFILIATED_WITH
A5010718958,I4210160873,AFFILIATED_WITH
A5039631988,W4200480597,WRITES
A5039631988,I11892038,AFFILIATED_WITH
A5027651245,W4366607373,WRITES
A5027651245,I175548057,AFFILIATED_WITH
A5057678443,W4302847498,WRITES
A5057678443,I205133468,AFFILIATED_WITH
A5076717996,W4313558926,WRITES
A5076717996,I19820366,AFFILIATED_WITH
A5076717996,I4210160793,AFFILIATED_WITH
A5076717996,I4210165038,AFFILIATED_WITH
A5032750590,W4387315342,WRITES
A5032750590,I4210097553,AFFILIATED_WITH
A5032750590,I4210122635,AFFILIATED_WITH
A5032750590,I4210130863,AFFILIATED_WITH
A5032750590,I4210137223,AFFILIATED_WITH
LOCAL_A000492,W7108322544,WRITES
LOCAL_A000492,W7108328204,WRITES
LOCAL_A000492,I192619145,AFFILIATED_WITH
A5056555278,W4390683198,WRITES
A5056555278,I165737746,AFFILIATED_WITH
A5008748101,W4401892575,WRITES
A5008748101,I15766328,AFFILIATED_WITH
A5008748101,I4210117018,AFFILIATED_WITH
A5053488393,W4205438146,WRITES
A5053488393,W4293238711,WRITES
A5053488393,W4285496039,WRITES
A5053488393,W4295941572,WRITES
A5053488393,I285663978,AFFILIATED_WITH
A5053488393,I4210120471,AFFILIATED_WITH
A5053488393,I4210126395,AFFILIATED_WITH
A5053488393,I60858718,AFFILIATED_WITH
A5113012247,W4387212021,WRITES
A5113012247,I46080048,AFFILIATED_WITH
A5058710387,W4396898790,WRITES
A5058710387,I4210165529,AFFILIATED_WITH
A5068470300,W4379468618,WRITES
A5068470300,I185523456,AFFILIATED_WITH
A5061565634,W4298004743,WRITES
A5061565634,W4362457768,WRITES
A5061565634,I3122832768,AFFILIATED_WITH
A5061565634,I4210123993,AFFILIATED_WITH
A5102021727,W4391854472,WRITES
A5102021727,I46080048,AFFILIATED_WITH
A5026263106,W4311364086,WRITES
A5026263106,I197610006,AFFILIATED_WITH
A5026263106,I904495901,AFFILIATED_WITH
A5075229392,W7116782209,WRITES
A5075229392,I4210095073,AFFILIATED_WITH
A5007717816,W4400351743,WRITES
A5007717816,W4308588861,WRITES
A5007717816,W4393945422,WRITES
A5007717816,W4307521070,WRITES
A5007717816,W4392709529,WRITES
A5007717816,W4403291008,WRITES
A5007717816,W4309613826,WRITES
A5007717816,W4389310208,WRITES
A5007717816,W4406854999,WRITES
A5007717816,I1289243028,AFFILIATED_WITH
A5007717816,I155781252,AFFILIATED_WITH
A5090464440,W4212931299,WRITES
A5090464440,I179311214,AFFILIATED_WITH
A5062663112,W4400902588,WRITES
A5062663112,I169199633,AFFILIATED_WITH
A5064374149,W4315474727,WRITES
A5064374149,W4310266380,WRITES
A5064374149,I161913731,AFFILIATED_WITH
A5078519359,W4309737898,WRITES
A5078519359,I126427551,AFFILIATED_WITH
A5084293052,W4407436069,WRITES
A5084293052,W4409606618,WRITES
A5084293052,W4388757718,WRITES
A5084293052,I4210128965,AFFILIATED_WITH
A5084293052,I83332908,AFFILIATED_WITH
A5059823880,W4320917642,WRITES
A5059823880,W4313558926,WRITES
A5059823880,I159247623,AFFILIATED_WITH
A5008682765,W4388635132,WRITES
A5008682765,I159247623,AFFILIATED_WITH
A5008682765,I35928602,AFFILIATED_WITH
A5033799057,W4284963908,WRITES
A5033799057,I142608572,AFFILIATED_WITH
A5033799057,I159247623,AFFILIATED_WITH
A5051081707,W4312201692,WRITES
A5051081707,I97455420,AFFILIATED_WITH
A5068412234,W4224117736,WRITES
A5065393831,W4285732290,WRITES
A5065393831,W4295338113,WRITES
A5065393831,I307617284,AFFILIATED_WITH
A5005197974,W3131314037,WRITES
A5005197974,W4407899193,WRITES
A5005197974,W4402693313,WRITES
A5005197974,I4210123993,AFFILIATED_WITH
A5092687136,W4389648609,WRITES
A5092687136,W4401275036,WRITES
A5092687136,W4386982640,WRITES
A5092687136,W4394996856,WRITES
A5092687136,W4404883326,WRITES
A5092687136,W4387035570,WRITES
A5092687136,W4389629918,WRITES
A5092687136,W4386123363,WRITES
A5092687136,I4210123993,AFFILIATED_WITH
A5092687136,I141445968,AFFILIATED_WITH
A5003791909,W2364671974,WRITES
A5003791909,I4210123993,AFFILIATED_WITH
A5087672790,W2378716490,WRITES
A5087672790,I4210123993,AFFILIATED_WITH
A5039779616,W7165114816,WRITES
A5039779616,I10232997,AFFILIATED_WITH
LOCAL_A000049,W7139092179,WRITES
LOCAL_A000049,I28022161,AFFILIATED_WITH
A5052248524,W4391354445,WRITES
A5052248524,I189109744,AFFILIATED_WITH
A5044657350,W4386925533,WRITES
A5044657350,W4407757245,WRITES
A5044657350,W4387026621,WRITES
A5044657350,W4411163057,WRITES
A5044657350,I155028946,AFFILIATED_WITH
A5044657350,I24676775,AFFILIATED_WITH
A5124022763,W7125798761,WRITES
A5124022763,I155028946,AFFILIATED_WITH
A5062084624,W4385349456,WRITES
A5062084624,W4389150287,WRITES
A5062084624,I138925566,AFFILIATED_WITH
A5064393318,W4386925533,WRITES
A5064393318,I4210157823,AFFILIATED_WITH
A5064393318,I91277730,AFFILIATED_WITH
A5040269249,W7125821153,WRITES
A5040269249,I25846049,AFFILIATED_WITH
A5036994574,W4308874308,WRITES
A5036994574,I180664298,AFFILIATED_WITH
A5004237375,W4308874308,WRITES
A5004237375,I304664074,AFFILIATED_WITH
A5004237375,I6406202,AFFILIATED_WITH
A5079061954,W2921438491,WRITES
A5079061954,W2921899614,WRITES
A5079061954,I143302722,AFFILIATED_WITH
A5109603511,W2148435571,WRITES
A5029518373,W3186760671,WRITES
A5029518373,I21203515,AFFILIATED_WITH
A5029518373,I4210088526,AFFILIATED_WITH
A5034159221,W4413106375,WRITES
A5034159221,I199856841,AFFILIATED_WITH
A5058692331,W4308601566,WRITES
A5058692331,I138801177,AFFILIATED_WITH
A5023056660,W3099136805,WRITES
A5023056660,I2610724,AFFILIATED_WITH
A5070810971,W4387846071,WRITES
A5070810971,W4393318354,WRITES
A5070810971,I4210125363,AFFILIATED_WITH
A5070810971,I223532165,AFFILIATED_WITH
A5022173691,W3000922636,WRITES
A5022173691,I2610724,AFFILIATED_WITH
A5037601612,W2921306927,WRITES
A5049249038,W2054439996,WRITES
A5049249038,I163161326,AFFILIATED_WITH
A5007062060,W4408612729,WRITES
A5007062060,I70349855,AFFILIATED_WITH
A5137498136,W7162938210,WRITES
A5137498136,I4210101453,AFFILIATED_WITH
A5072683795,W3131063929,WRITES
A5072683795,I169521973,AFFILIATED_WITH
A5028419754,W4400351743,WRITES
A5028419754,W4393945422,WRITES
A5028419754,W4392709529,WRITES
A5028419754,W4379232316,WRITES
A5028419754,W4389310208,WRITES
A5028419754,I63098007,AFFILIATED_WITH
A5112130532,W3025191241,WRITES
A5110451785,W2767566591,WRITES
A5070244639,W2244433040,WRITES
A5070244639,I169045520,AFFILIATED_WITH
A5070244639,I4210123993,AFFILIATED_WITH
A5070244639,I4210151606,AFFILIATED_WITH
A5070244639,I4210163712,AFFILIATED_WITH
A5070244639,I4210165018,AFFILIATED_WITH
A5070244639,I4210166095,AFFILIATED_WITH
A5038709614,W4322743240,WRITES
A5038709614,I151746483,AFFILIATED_WITH
A5038709614,I176601375,AFFILIATED_WITH
A5013902945,W4388998466,WRITES
A5013902945,I3121602497,AFFILIATED_WITH
A5104601006,W4386374716,WRITES
A5104601006,I31079310,AFFILIATED_WITH
A5112902939,W4360620764,WRITES
A5112902939,I79775147,AFFILIATED_WITH
A5002781179,W4379468618,WRITES
A5002781179,I112536369,AFFILIATED_WITH
A5077529549,W7165114816,WRITES
A5077529549,I10232997,AFFILIATED_WITH
A5122123240,W7118452653,WRITES
A5122123240,I4210101907,AFFILIATED_WITH
A5112518881,W4214533025,WRITES
A5112518881,I48076826,AFFILIATED_WITH
A5126262670,W7162127376,WRITES
A5126262670,I187531555,AFFILIATED_WITH
A5126262670,I205274468,AFFILIATED_WITH
A5115998618,W4408099539,WRITES
A5115998618,W4416440837,WRITES
A5115998618,W4406739004,WRITES
A5115998618,I183111857,AFFILIATED_WITH
A5115998618,I187531555,AFFILIATED_WITH
A5115998618,I205274468,AFFILIATED_WITH
A5100643970,W4411567740,WRITES
A5100643970,I47818738,AFFILIATED_WITH
A5080542795,W4292092699,WRITES
A5080542795,I121980950,AFFILIATED_WITH
A5009230144,W4405281261,WRITES
A5009230144,I133960621,AFFILIATED_WITH
A5052322742,W2983803309,WRITES
A5052322742,W4211174566,WRITES
A5052322742,W2767566591,WRITES
A5078980138,W2922114288,WRITES
A5078980138,W2921662358,WRITES
A5078980138,I136199984,AFFILIATED_WITH
A5089333255,W2979222737,WRITES
A5089333255,I2800403580,AFFILIATED_WITH
A5089333255,I4210123993,AFFILIATED_WITH
LOCAL_A000079,W4409916877,WRITES
LOCAL_A000079,I1292875679,AFFILIATED_WITH
LOCAL_A000079,I42894916,AFFILIATED_WITH
A5068264867,W4302847498,WRITES
A5068264867,I205133468,AFFILIATED_WITH
A5100748218,W4322489023,WRITES
A5100748218,I68649149,AFFILIATED_WITH
A5032787752,W2957138175,WRITES
A5032787752,I4210123993,AFFILIATED_WITH
A5032787752,I4210088287,AFFILIATED_WITH
A5045179061,W4323341266,WRITES
A5045179061,I4210097536,AFFILIATED_WITH
A5045179061,I4210123993,AFFILIATED_WITH
A5045562391,W4411163057,WRITES
A5045562391,I155028946,AFFILIATED_WITH
A5058447725,W4367728083,WRITES
A5058447725,I64222039,AFFILIATED_WITH
A5072945695,W4400902588,WRITES
A5072945695,I157696592,AFFILIATED_WITH
A5024135624,W4205413676,WRITES
A5024135624,W4280596211,WRITES
A5024135624,W4378226923,WRITES
A5024135624,I103583917,AFFILIATED_WITH
A5011264671,W4400933422,WRITES
A5011264671,I173009982,AFFILIATED_WITH
A5103802413,W4401892575,WRITES
A5103802413,I4210097719,AFFILIATED_WITH
A5054981597,W7118452653,WRITES
A5054981597,I4210091240,AFFILIATED_WITH
LOCAL_A000487,W7108322544,WRITES
LOCAL_A000487,W7108328204,WRITES
LOCAL_A000487,I4210091240,AFFILIATED_WITH
A5053995609,W4283013405,WRITES
A5053995609,W4308601566,WRITES
A5053995609,W4387381105,WRITES
A5053995609,I138801177,AFFILIATED_WITH
A5054597879,W4412455529,WRITES
A5054597879,I113330528,AFFILIATED_WITH
A5054597879,I95023434,AFFILIATED_WITH
A5062367420,W4403520191,WRITES
A5062367420,I90745801,AFFILIATED_WITH
A5040443493,W4288457039,WRITES
A5048563533,W2920983499,WRITES
A5048563533,W2922328822,WRITES
A5048563533,I1283280774,AFFILIATED_WITH
A5083152805,W4309873978,WRITES
A5083152805,I119004910,AFFILIATED_WITH
A5068645315,W4313465680,WRITES
A5068645315,I3131779051,AFFILIATED_WITH
A5076400696,W4401892575,WRITES
A5076400696,I60342839,AFFILIATED_WITH
A5005886146,W4394568521,WRITES
A5005886146,I4210104335,AFFILIATED_WITH
A5005886146,I848706,AFFILIATED_WITH
A5041448847,W4414417404,WRITES
A5041448847,I4210127772,AFFILIATED_WITH
A5126837277,W7131416904,WRITES
A5126837277,I887998513,AFFILIATED_WITH
A5037259558,W2979222737,WRITES
A5037259558,I2800403580,AFFILIATED_WITH
A5037259558,I4210122018,AFFILIATED_WITH
A5059673944,W2983803309,WRITES
A5059673944,W2767566591,WRITES
A5065058297,W4281920079,WRITES
A5065058297,W4303045635,WRITES
A5065058297,W4362674680,WRITES
A5065058297,I4387155935,AFFILIATED_WITH
A5065058297,I47265099,AFFILIATED_WITH
A5115980099,W7152089371,WRITES
A5115980099,I4210144900,AFFILIATED_WITH
A5114079096,W4386365428,WRITES
A5114079096,I1315456113,AFFILIATED_WITH
A5029731231,W3201132481,WRITES
A5029731231,I4210123993,AFFILIATED_WITH
A5067463039,W3182154770,WRITES
A5067463039,I4210154298,AFFILIATED_WITH
A5138264912,W7163995216,WRITES
A5138264912,I4210088379,AFFILIATED_WITH
LOCAL_A000661,W4308998671,WRITES
LOCAL_A000661,I208356959,AFFILIATED_WITH
A5118149060,W4411310108,WRITES
A5118149060,I18550681,AFFILIATED_WITH
A5081983746,W4409675529,WRITES
A5081983746,I4210123993,AFFILIATED_WITH
A5110729206,W3111377185,WRITES
A5110729206,I4210123993,AFFILIATED_WITH
A5101366509,W4391777722,WRITES
A5101366509,W4399007353,WRITES
A5101366509,I2802508454,AFFILIATED_WITH
A5059592113,W4414704940,WRITES
A5059592113,I170726198,AFFILIATED_WITH
A5008382937,W4407714316,WRITES
A5008382937,W4386290236,WRITES
A5008382937,W4393336473,WRITES
A5008382937,W7117322308,WRITES
A5008382937,W4393951616,WRITES
A5008382937,W4412488217,WRITES
A5008382937,W4399465791,WRITES
A5008382937,W4401525995,WRITES
A5008382937,W4406609946,WRITES
A5008382937,I3129984471,AFFILIATED_WITH
A5008382937,I85461943,AFFILIATED_WITH
A5008382937,I86346663,AFFILIATED_WITH
A5028286533,W4312669879,WRITES
A5028286533,I3133213403,AFFILIATED_WITH
LOCAL_A000301,W4200002544,WRITES
LOCAL_A000301,W4220747986,WRITES
LOCAL_A000301,I4210105946,AFFILIATED_WITH
A5112976796,W7152541672,WRITES
A5112976796,I3020615197,AFFILIATED_WITH
A5112976796,I4210097717,AFFILIATED_WITH
A5076626025,W4417007013,WRITES
A5076626025,W7126022358,WRITES
A5076626025,W7126088191,WRITES
A5076626025,I161371597,AFFILIATED_WITH
A5076626025,I4210129855,AFFILIATED_WITH
A5056442046,W3214891465,WRITES
A5056442046,W4389784464,WRITES
A5056442046,I205133468,AFFILIATED_WITH
A5052999341,W4302847498,WRITES
A5052999341,I205133468,AFFILIATED_WITH
A5038218244,W4405281261,WRITES
A5038218244,I4210117242,AFFILIATED_WITH
A5038218244,I4210119974,AFFILIATED_WITH
A5113792609,W2561235885,WRITES
A5113792609,I2800593602,AFFILIATED_WITH
A5113792609,I38686511,AFFILIATED_WITH
A5113792609,I4210123993,AFFILIATED_WITH
A5112445404,W3000922636,WRITES
A5112445404,I2610724,AFFILIATED_WITH
A5035756893,W4285096827,WRITES
A5035756893,I4210123993,AFFILIATED_WITH
A5000600923,W2979105539,WRITES
A5000600923,W2556584035,WRITES
A5000600923,I4210123993,AFFILIATED_WITH
A5000600923,I8087733,AFFILIATED_WITH
A5108426113,W4211174566,WRITES
A5108426113,W2767566591,WRITES
A5108426113,W2180953235,WRITES
A5045270482,W2921306927,WRITES
A5016425455,W4392734781,WRITES
A5016425455,I2802604338,AFFILIATED_WITH
A5082563112,W4388848702,WRITES
A5082563112,I82475049,AFFILIATED_WITH
A5073811795,W2983803309,WRITES
A5087397357,W3182154770,WRITES
A5087397357,I4210154298,AFFILIATED_WITH
A5109718495,W4387326361,WRITES
A5109718495,I302256491,AFFILIATED_WITH
A5044592532,W4377002350,WRITES
A5044592532,I2800875726,AFFILIATED_WITH
A5091570362,W4304958842,WRITES
A5091570362,I98381234,AFFILIATED_WITH
A5090133883,W4288518463,WRITES
A5090133883,I4210123993,AFFILIATED_WITH
A5036386687,W4312669879,WRITES
A5036386687,I3133213403,AFFILIATED_WITH
A5087749642,W4404761741,WRITES
A5087749642,I4210097553,AFFILIATED_WITH
A5087749642,I4210122635,AFFILIATED_WITH
A5087749642,I4210130863,AFFILIATED_WITH
A5087749642,I4210137223,AFFILIATED_WITH
A5045689082,W4405281261,WRITES
A5045689082,I4210104730,AFFILIATED_WITH
A5045689082,I4210123993,AFFILIATED_WITH
A5056482864,W2167868957,WRITES
A5056482864,W2057397620,WRITES
A5056482864,W2083703889,WRITES
A5056482864,I163161326,AFFILIATED_WITH
A5024327009,W4233209977,WRITES
A5024327009,I47265099,AFFILIATED_WITH
LOCAL_A000724,W4408797605,WRITES
LOCAL_A000724,I4210123993,AFFILIATED_WITH
A5058292518,W3201477092,WRITES
A5058292518,W3201355987,WRITES
A5058292518,W4379793938,WRITES
A5058292518,W2995333594,WRITES
A5058292518,I3020192730,AFFILIATED_WITH
A5058292518,I4210134673,AFFILIATED_WITH
A5058292518,I203189479,AFFILIATED_WITH
LOCAL_A000213,W4283712137,WRITES
LOCAL_A000213,I4210123993,AFFILIATED_WITH
A5081151430,W3117538281,WRITES
A5081151430,I141445968,AFFILIATED_WITH
A5045611980,W4410916652,WRITES
A5045611980,I177233841,AFFILIATED_WITH
A5045611980,I4210102522,AFFILIATED_WITH
A5045611980,I4210148897,AFFILIATED_WITH
A5013889869,W7133975914,WRITES
A5013889869,I4210115718,AFFILIATED_WITH
A5013889869,I4387154951,AFFILIATED_WITH
A5047569226,W4327517834,WRITES
A5047569226,I141445968,AFFILIATED_WITH
A5047569226,I4210123993,AFFILIATED_WITH
A5102408214,W3049420009,WRITES
A5121760197,W7117993812,WRITES
A5121760197,I18550681,AFFILIATED_WITH
A5120107431,W4415470074,WRITES
A5120107431,I4210134642,AFFILIATED_WITH
LOCAL_A000434,W4408960506,WRITES
LOCAL_A000434,I4210123993,AFFILIATED_WITH
A5130900413,W7143055600,WRITES
A5130900413,W7157065387,WRITES
A5130900413,I4210123993,AFFILIATED_WITH
A5024754432,W3199422970,WRITES
A5117389295,W4409968481,WRITES
A5051720799,W4416718774,WRITES
A5051720799,I4210123993,AFFILIATED_WITH
A5008646614,W4408612729,WRITES
A5008646614,I4210123993,AFFILIATED_WITH
A5033041246,W4408000429,WRITES
A5033041246,I267427436,AFFILIATED_WITH
A5033041246,I47807185,AFFILIATED_WITH
LOCAL_A000281,W4362710702,WRITES
LOCAL_A000281,I4210123993,AFFILIATED_WITH
A5102765203,W3199181082,WRITES
A5102765203,I79775147,AFFILIATED_WITH
A5101951708,W3037126109,WRITES
A5101951708,I170238339,AFFILIATED_WITH
A5112982599,W4385961554,WRITES
A5112982599,I120089902,AFFILIATED_WITH
A5025898651,W3134277447,WRITES
A5053901514,W4283785232,WRITES
A5053901514,I4210123993,AFFILIATED_WITH
A5092859826,W4403342469,WRITES
A5092859826,W4393941056,WRITES
A5092859826,W4399348657,WRITES
A5092859826,I135598925,AFFILIATED_WITH
A5016882940,W4399947613,WRITES
A5016882940,I204250578,AFFILIATED_WITH
LOCAL_A000639,W4414011304,WRITES
LOCAL_A000639,I4880106,AFFILIATED_WITH
A5011611673,W4377047193,WRITES
A5011611673,I70349855,AFFILIATED_WITH
A5012956416,W2343142093,WRITES
A5012956416,W4412161992,WRITES
A5012956416,I2802508454,AFFILIATED_WITH
A5012956416,I4210100991,AFFILIATED_WITH
A5012956416,I4210123993,AFFILIATED_WITH
A5012956416,I123565023,AFFILIATED_WITH
LOCAL_A000725,W4409011317,WRITES
LOCAL_A000725,I4210123993,AFFILIATED_WITH
A5130678885,W7140412201,WRITES
A5130678885,I4210123993,AFFILIATED_WITH
A5108271314,W4387909652,WRITES
A5108271314,W4390341038,WRITES
A5108271314,I4210123993,AFFILIATED_WITH
A5108892405,W4390683333,WRITES
A5108892405,I4210123993,AFFILIATED_WITH
A5113067823,W4224960906,WRITES
A5113067823,I123565023,AFFILIATED_WITH
A5113067823,I23582244,AFFILIATED_WITH
A5139173248,W7165659512,WRITES
A5139173248,I4210143793,AFFILIATED_WITH
A5015253252,W4404117162,WRITES
A5015253252,I177733328,AFFILIATED_WITH
A5012907646,W4362723292,WRITES
A5012907646,I4210123993,AFFILIATED_WITH
A5101997513,W3136985740,WRITES
A5101997513,W3129134850,WRITES
A5101997513,W3143569447,WRITES
A5101997513,I141445968,AFFILIATED_WITH
A5103928365,W7161973959,WRITES
A5103928365,W7163367857,WRITES
A5103928365,I3132362326,AFFILIATED_WITH
A5103928365,I4210123993,AFFILIATED_WITH
A5101886347,W4405917245,WRITES
A5101886347,I4210123993,AFFILIATED_WITH
A5101886347,I4210162955,AFFILIATED_WITH
A5126343199,W7136207794,WRITES
A5126343199,I154526488,AFFILIATED_WITH
A5126343199,I204730241,AFFILIATED_WITH
A5126343199,I4210092774,AFFILIATED_WITH
A5126343199,I4210097159,AFFILIATED_WITH
A5126343199,I4210141964,AFFILIATED_WITH
A5065748190,W4361000564,WRITES
A5065748190,W4410442100,WRITES
A5065748190,W7161973959,WRITES
A5065748190,W4410304808,WRITES
A5065748190,I4210123993,AFFILIATED_WITH
A5065748190,I3132362326,AFFILIATED_WITH
A5100759043,W3201236341,WRITES
A5100759043,I4210123993,AFFILIATED_WITH
A5126193240,W7129778683,WRITES
A5126193240,I123565023,AFFILIATED_WITH
A5126193240,I23582244,AFFILIATED_WITH
A5126193240,I4210123993,AFFILIATED_WITH
A5126193240,I47265099,AFFILIATED_WITH
LOCAL_A000099,W4225604235,WRITES
LOCAL_A000099,W4386691791,WRITES
LOCAL_A000099,W4295338113,WRITES
LOCAL_A000099,W4321018829,WRITES
LOCAL_A000099,W4319603301,WRITES
LOCAL_A000099,W4323341266,WRITES
LOCAL_A000099,W4381250003,WRITES
LOCAL_A000099,W7104585896,WRITES
LOCAL_A000099,W4292649377,WRITES
LOCAL_A000099,W4393190121,WRITES
LOCAL_A000099,I4210123993,AFFILIATED_WITH
LOCAL_A000099,I202539009,AFFILIATED_WITH
LOCAL_A000099,I23582244,AFFILIATED_WITH
LOCAL_A000099,I4391012539,AFFILIATED_WITH
LOCAL_A000099,I123565023,AFFILIATED_WITH
LOCAL_A000099,I47265099,AFFILIATED_WITH
A5011791421,W4214533025,WRITES
A5011791421,I108108428,AFFILIATED_WITH
A5049432618,W4361798884,WRITES
A5049432618,I120089902,AFFILIATED_WITH
A5049432618,I73685970,AFFILIATED_WITH
LOCAL_A000441,W4410512922,WRITES
LOCAL_A000441,I4210123993,AFFILIATED_WITH
A5100753115,W4200618519,WRITES
A5100753115,I70349855,AFFILIATED_WITH
A5067921618,W3212303430,WRITES
A5067921618,I202539009,AFFILIATED_WITH
A5101590309,W4396989760,WRITES
A5101590309,I4210116271,AFFILIATED_WITH
A5101265078,W4388504134,WRITES
A5101265078,I123565023,AFFILIATED_WITH
A5101265078,I4210123993,AFFILIATED_WITH
A5109723297,W4398250626,WRITES
A5109723297,I177733328,AFFILIATED_WITH
A5073647327,W4212864265,WRITES
A5073647327,W3203312421,WRITES
A5073647327,W3199087809,WRITES
A5073647327,W3155045737,WRITES
A5073647327,W3155712582,WRITES
A5073647327,W3145787593,WRITES
A5073647327,W3121428906,WRITES
A5073647327,W3119993405,WRITES
A5073647327,W3147969751,WRITES
A5073647327,W3196164652,WRITES
A5073647327,W4294839230,WRITES
A5073647327,I141445968,AFFILIATED_WITH
A5073647327,I152815399,AFFILIATED_WITH
A5038661325,W7125619734,WRITES
A5038661325,I3020192730,AFFILIATED_WITH
A5038661325,I94518387,AFFILIATED_WITH
A5083610651,W4324091098,WRITES
A5083610651,I4210156679,AFFILIATED_WITH
A5100846021,W4391777722,WRITES
A5100846021,I4210115343,AFFILIATED_WITH
LOCAL_A000722,W4406602578,WRITES
LOCAL_A000722,I109689652,AFFILIATED_WITH
LOCAL_A000721,W4406602578,WRITES
LOCAL_A000721,I109689652,AFFILIATED_WITH
A5110290912,W4308970419,WRITES
A5110290912,I123565023,AFFILIATED_WITH
A5110290912,I23582244,AFFILIATED_WITH
A5101240606,W4386411789,WRITES
A5101240606,I123565023,AFFILIATED_WITH
A5002312869,W4389625650,WRITES
A5002312869,I123565023,AFFILIATED_WITH
A5002312869,I47265099,AFFILIATED_WITH
A5105298433,W4390683198,WRITES
A5105298433,I165737746,AFFILIATED_WITH
A5111162167,W4393947503,WRITES
A5111162167,I141445968,AFFILIATED_WITH
A5026969387,W4389625650,WRITES
A5026969387,W4379514722,WRITES
A5026969387,W4400130597,WRITES
A5026969387,I4210123993,AFFILIATED_WITH
A5052867498,W7161594234,WRITES
A5052867498,W4401742244,WRITES
A5052867498,I4210086020,AFFILIATED_WITH
A5052867498,I70349855,AFFILIATED_WITH
A5112706783,W4389781311,WRITES
A5112706783,I123565023,AFFILIATED_WITH
A5112706783,I23582244,AFFILIATED_WITH
A5112706783,I25846049,AFFILIATED_WITH
A5112706783,I4210096386,AFFILIATED_WITH
A5112706783,I70349855,AFFILIATED_WITH
A5112706783,I89004649,AFFILIATED_WITH
A5040773786,W3194887689,WRITES
A5040773786,W3212502722,WRITES
A5040773786,W3202888749,WRITES
A5040773786,W4321368823,WRITES
A5040773786,W3213961969,WRITES
A5040773786,W3212618266,WRITES
A5040773786,W4224868083,WRITES
A5040773786,W4291178975,WRITES
A5040773786,W3203494247,WRITES
A5040773786,W3206854113,WRITES
A5040773786,W3212946760,WRITES
A5040773786,W3213578569,WRITES
A5040773786,W3216209305,WRITES
A5040773786,W4224025824,WRITES
A5040773786,W4295932126,WRITES
A5040773786,W4396680807,WRITES
A5040773786,W4210369429,WRITES
A5040773786,W3175834700,WRITES
A5040773786,W3195104377,WRITES
A5040773786,W4387757625,WRITES
A5040773786,W3207721761,WRITES
A5040773786,W4220910670,WRITES
A5040773786,W4295941572,WRITES
A5040773786,I202539009,AFFILIATED_WITH
A5040773786,I4210123993,AFFILIATED_WITH
A5040773786,I120089902,AFFILIATED_WITH
A5040773786,I142208455,AFFILIATED_WITH
A5090435705,W4220805811,WRITES
A5090435705,I4210123993,AFFILIATED_WITH
A5036869152,W4406874864,WRITES
A5036869152,I94518387,AFFILIATED_WITH
A5048870921,W4388848702,WRITES
A5048870921,I29894533,AFFILIATED_WITH
A5021368295,W4383889516,WRITES
A5021368295,W4387212021,WRITES
A5021368295,W4376873270,WRITES
A5021368295,I145608581,AFFILIATED_WITH
A5021368295,I4210157065,AFFILIATED_WITH
A5036004952,W3131552615,WRITES
A5036004952,I4210119759,AFFILIATED_WITH
A5110699531,W3131552615,WRITES
A5110699531,I4210123993,AFFILIATED_WITH
A5016378241,W4281561494,WRITES
A5016378241,W4224117736,WRITES
A5016378241,I12833781,AFFILIATED_WITH
A5115399159,W4405281261,WRITES
A5115399159,I4210152766,AFFILIATED_WITH
A5030697249,W4388223981,WRITES
A5030697249,I4210122217,AFFILIATED_WITH
A5030697249,I4210148533,AFFILIATED_WITH
A5020977498,W4221131148,WRITES
A5020977498,I8264552,AFFILIATED_WITH
LOCAL_A000667,W4214942873,WRITES
LOCAL_A000667,I4210123993,AFFILIATED_WITH
A5110671529,W2953246412,WRITES
A5110671529,I4210123993,AFFILIATED_WITH
A5071750358,W4387958850,WRITES
A5071750358,I96673099,AFFILIATED_WITH
A5032316879,W2983803309,WRITES
A5057536910,W2767566591,WRITES
A5033587154,W4406056168,WRITES
A5033587154,I4210137805,AFFILIATED_WITH
A5033587154,I71270174,AFFILIATED_WITH
A5081741097,W4231330581,WRITES
A5081741097,W3196636059,WRITES
A5081741097,I4429535,AFFILIATED_WITH
A5029671794,W4283772388,WRITES
A5029671794,I193073490,AFFILIATED_WITH
A5071261094,W4312634760,WRITES
A5071261094,I3133213403,AFFILIATED_WITH
A5004964247,W4312199594,WRITES
A5004964247,I144889574,AFFILIATED_WITH
A5079805985,W3118494691,WRITES
A5079805985,W3013846497,WRITES
A5079805985,W4321488493,WRITES
A5079805985,I126231945,AFFILIATED_WITH
A5024823282,W4283779811,WRITES
A5024823282,I182534213,AFFILIATED_WITH
A5031407090,W4409606618,WRITES
A5031407090,I35462925,AFFILIATED_WITH
A5123931166,W7163549597,WRITES
A5123931166,I36001604,AFFILIATED_WITH
A5032882089,W2360762263,WRITES
A5032882089,W2371154187,WRITES
A5032882089,I4210123993,AFFILIATED_WITH
A5076489521,W7125497916,WRITES
A5076489521,W7133226126,WRITES
A5076489521,W7142477247,WRITES
A5076489521,W4410593844,WRITES
A5076489521,W4413400898,WRITES
A5076489521,W4414426377,WRITES
A5076489521,I4210142044,AFFILIATED_WITH
A5076489521,I111277659,AFFILIATED_WITH
A5007520446,W2377433953,WRITES
A5007520446,I4210123993,AFFILIATED_WITH
A5035585781,W4408868085,WRITES
A5035585781,W4410630703,WRITES
A5035585781,W4409117302,WRITES
A5035585781,I198105771,AFFILIATED_WITH
A5007077248,W4308443963,WRITES
A5007077248,I82828225,AFFILIATED_WITH
A5101189126,W4319791725,WRITES
A5101189126,I203899302,AFFILIATED_WITH
A5027205370,W4313260174,WRITES
A5027205370,W4401225747,WRITES
A5027205370,W4317434823,WRITES
A5027205370,I189210763,AFFILIATED_WITH
A5027205370,I4210131885,AFFILIATED_WITH
A5015170656,W2953246412,WRITES
A5015170656,I4210123993,AFFILIATED_WITH
LOCAL_A000669,W4214942873,WRITES
LOCAL_A000669,I4210123993,AFFILIATED_WITH
A5062801799,W3018079424,WRITES
A5062801799,I60342839,AFFILIATED_WITH
A5004176765,W3186760671,WRITES
A5004176765,I4210121772,AFFILIATED_WITH
A5056461673,W4312669879,WRITES
A5056461673,I3133213403,AFFILIATED_WITH
A5021369042,W2920983499,WRITES
A5021369042,W2921306927,WRITES
A5021369042,W2921438491,WRITES
A5021369042,W2921899614,WRITES
A5021369042,W2922328822,WRITES
A5021369042,I1283280774,AFFILIATED_WITH
A5061674272,W4389784464,WRITES
A5061674272,I205133468,AFFILIATED_WITH
A5061674272,I4210116576,AFFILIATED_WITH
A5137477358,W7162938210,WRITES
A5137477358,I4210101453,AFFILIATED_WITH
A5123402673,W7124893938,WRITES
A5123402673,I4210101453,AFFILIATED_WITH
A5056993916,W4313558926,WRITES
A5056993916,I115475287,AFFILIATED_WITH
A5056993916,I4210147796,AFFILIATED_WITH
A5056993916,I61623833,AFFILIATED_WITH
A5075519026,W2569951461,WRITES
A5075519026,I107672454,AFFILIATED_WITH
A5075519026,I36258959,AFFILIATED_WITH
A5075519026,I4210099595,AFFILIATED_WITH
A5075519026,I4210105147,AFFILIATED_WITH
A5075519026,I4210123993,AFFILIATED_WITH
A5075519026,I4210158294,AFFILIATED_WITH
A5083960512,W4283772388,WRITES
A5083960512,I862893732,AFFILIATED_WITH
A5047381339,W3214891465,WRITES
A5047381339,I205133468,AFFILIATED_WITH
A5060225029,W4289102291,WRITES
A5060225029,I4210123993,AFFILIATED_WITH
A5039479946,W4210525043,WRITES
A5039479946,W3194887689,WRITES
A5039479946,W4321368823,WRITES
A5039479946,W3212618266,WRITES
A5039479946,I143578492,AFFILIATED_WITH
A5007628074,W4406548207,WRITES
A5007628074,I8961855,AFFILIATED_WITH
A5113366228,W4391354445,WRITES
A5113366228,W4415696216,WRITES
A5113366228,I132359460,AFFILIATED_WITH
A5113366228,I130291710,AFFILIATED_WITH
A5011618630,W4320709155,WRITES
A5011618630,I36258959,AFFILIATED_WITH
A5078046494,W4280534488,WRITES
A5078046494,I4210100043,AFFILIATED_WITH
A5078046494,I84339108,AFFILIATED_WITH
LOCAL_A000575,W4366607373,WRITES
LOCAL_A000575,I175548057,AFFILIATED_WITH
A5086428556,W4293238711,WRITES
A5086428556,I81433678,AFFILIATED_WITH
A5020337708,W2983803309,WRITES
A5066981564,W2953848273,WRITES
A5066981564,I163150328,AFFILIATED_WITH
A5089469659,W4308684493,WRITES
A5089469659,I130309236,AFFILIATED_WITH
A5088308470,W4407757245,WRITES
A5088308470,I31439502,AFFILIATED_WITH
A5055106821,W4401617823,WRITES
A5055106821,I4210090782,AFFILIATED_WITH
LOCAL_A000519,W7108322544,WRITES
LOCAL_A000519,W7108328204,WRITES
LOCAL_A000519,I205640436,AFFILIATED_WITH
A5001105773,W7163867813,WRITES
A5001105773,I40279923,AFFILIATED_WITH
A5001105773,I4210162839,AFFILIATED_WITH
A5001105773,I4394709093,AFFILIATED_WITH
A5043555012,W3004140216,WRITES
A5043555012,I158708052,AFFILIATED_WITH
A5001635692,W4415696730,WRITES
A5001635692,I32062511,AFFILIATED_WITH
A5001635692,I4210085930,AFFILIATED_WITH
A5031703189,W3200738788,WRITES
A5031703189,W4387315342,WRITES
A5031703189,I4210097553,AFFILIATED_WITH
A5031703189,I4210122635,AFFILIATED_WITH
A5031703189,I4210130863,AFFILIATED_WITH
A5031703189,I4210137223,AFFILIATED_WITH
A5046705053,W4311088087,WRITES
A5046705053,I913481162,AFFILIATED_WITH
A5074350013,W4417007013,WRITES
A5074350013,W7126022358,WRITES
A5074350013,W7126088191,WRITES
A5074350013,I4210154967,AFFILIATED_WITH
A5056443847,W4313364861,WRITES
A5056443847,W4385422760,WRITES
A5056443847,I11880225,AFFILIATED_WITH
A5101441808,W4402013946,WRITES
A5101441808,I123565023,AFFILIATED_WITH
A5101441808,I4210123993,AFFILIATED_WITH
A5101441808,I4210151045,AFFILIATED_WITH
A5080090568,W4284963908,WRITES
A5080090568,I179331831,AFFILIATED_WITH
A5121974717,W7118163415,WRITES
A5121974717,W7139037461,WRITES
A5121974717,W7140080270,WRITES
A5121974717,W7150069323,WRITES
A5121974717,W7155558618,WRITES
A5121974717,I152743029,AFFILIATED_WITH
A5121974717,I157674215,AFFILIATED_WITH
A5121974717,I47519274,AFFILIATED_WITH
LOCAL_A000023,W7115881942,WRITES
LOCAL_A000023,I157674215,AFFILIATED_WITH
LOCAL_A000023,I47519274,AFFILIATED_WITH
A5035154661,W4309737898,WRITES
A5035154661,I4210162190,AFFILIATED_WITH
A5017884554,W3089696556,WRITES
A5017884554,I126231945,AFFILIATED_WITH
A5086626112,W4362492618,WRITES
A5086626112,I173009982,AFFILIATED_WITH
LOCAL_A000457,W4415163764,WRITES
LOCAL_A000457,I173009982,AFFILIATED_WITH
LOCAL_A000489,W7108322544,WRITES
LOCAL_A000489,W7108328204,WRITES
LOCAL_A000489,I45129253,AFFILIATED_WITH
A5069176903,W7118452653,WRITES
A5069176903,I45129253,AFFILIATED_WITH
A5108746448,W4313558926,WRITES
A5108746448,I127670440,AFFILIATED_WITH
A5108746448,I5023651,AFFILIATED_WITH
A5045740847,W4396898790,WRITES
A5045740847,I170238339,AFFILIATED_WITH
A5045740847,I4210123993,AFFILIATED_WITH
LOCAL_A000317,W4285191318,WRITES
LOCAL_A000148,W4293221027,WRITES
LOCAL_A000227,W4312656552,WRITES
LOCAL_A000229,W4312656552,WRITES
LOCAL_A000680,W4253353920,WRITES
LOCAL_A000244,W4312656552,WRITES
LOCAL_A000165,W4293221027,WRITES
LOCAL_A000333,W4285191318,WRITES
LOCAL_A000365,W4285191318,WRITES
LOCAL_A000161,W4293221027,WRITES
LOCAL_A000356,W4285191318,WRITES
A5136918616,W7162318469,WRITES
A5136918616,I4575257,AFFILIATED_WITH
A5136918616,I93906172,AFFILIATED_WITH
A5107276587,W4376891951,WRITES
A5107276587,I197347611,AFFILIATED_WITH
A5110548057,W4413265398,WRITES
A5110548057,I3129492623,AFFILIATED_WITH
A5136962949,W7162318469,WRITES
A5136962949,I4210102177,AFFILIATED_WITH
A5088838623,W4376891951,WRITES
A5088838623,I197347611,AFFILIATED_WITH
A5088838623,I4210104335,AFFILIATED_WITH
A5007222296,W4286008072,WRITES
A5007222296,I4210124230,AFFILIATED_WITH
A5133280575,W7152541672,WRITES
A5133280575,I3020615197,AFFILIATED_WITH
A5133280575,I4210097717,AFFILIATED_WITH
A5029945067,W4385705265,WRITES
A5029945067,I165737746,AFFILIATED_WITH
A5029945067,I4210123993,AFFILIATED_WITH
A5063988759,W4313592827,WRITES
A5063988759,I4210097717,AFFILIATED_WITH
A5113239988,W4399348657,WRITES
A5113239988,I123565023,AFFILIATED_WITH
A5113239988,I4210123993,AFFILIATED_WITH
A5113239988,I85922643,AFFILIATED_WITH
A5050952324,W4284993592,WRITES
A5050952324,I208356959,AFFILIATED_WITH
A5109654630,W4403291008,WRITES
A5109654630,I182526193,AFFILIATED_WITH
A5056447969,W7134045706,WRITES
A5056447969,W4412389639,WRITES
A5056447969,I111277659,AFFILIATED_WITH
A5056447969,I4210123993,AFFILIATED_WITH
A5086776390,W3212016922,WRITES
A5062820147,W4292265082,WRITES
A5062820147,I202539009,AFFILIATED_WITH
A5053540902,W4309782718,WRITES
A5053540902,I187531555,AFFILIATED_WITH
A5022825726,W3006831780,WRITES
A5022825726,I16733864,AFFILIATED_WITH
A5049567040,W4362713063,WRITES
A5049567040,W3004515227,WRITES
A5049567040,I4210123993,AFFILIATED_WITH
A5009575522,W3200634103,WRITES
A5009575522,I4210123993,AFFILIATED_WITH
A5034877777,W4405326060,WRITES
A5034877777,W4401924629,WRITES
A5034877777,W4408818684,WRITES
A5034877777,I4210123993,AFFILIATED_WITH
A5034877777,I123565023,AFFILIATED_WITH
A5034877777,I181727666,AFFILIATED_WITH
A5034877777,I4387155442,AFFILIATED_WITH
A5025004943,W3182920453,WRITES
A5025004943,W4281669706,WRITES
A5025004943,W4200023199,WRITES
A5025004943,W7117457649,WRITES
A5025004943,W7127632491,WRITES
A5025004943,I4210123993,AFFILIATED_WITH
A5025004943,I123565023,AFFILIATED_WITH
A5025004943,I47265099,AFFILIATED_WITH
A5053950493,W3095119307,WRITES
A5053950493,W3030708207,WRITES
A5053950493,W4286484421,WRITES
A5053950493,W3110222689,WRITES
A5053950493,W3168655084,WRITES
A5053950493,I141445968,AFFILIATED_WITH
A5109801092,W3171825034,WRITES
A5109801092,I3132161128,AFFILIATED_WITH
A5091611269,W4410502019,WRITES
A5091611269,W4410502105,WRITES
A5087916376,W4390501728,WRITES
A5087916376,I138925566,AFFILIATED_WITH
A5075749159,W4318476690,WRITES
A5075749159,I4210088633,AFFILIATED_WITH
A5075749159,I4210141426,AFFILIATED_WITH
A5016349144,W4283779811,WRITES
A5016349144,I67009956,AFFILIATED_WITH
A5100012822,W4410974180,WRITES
A5100012822,W4416208916,WRITES
A5100012822,I142263535,AFFILIATED_WITH
LOCAL_A000503,W7108322544,WRITES
LOCAL_A000503,W7108328204,WRITES
LOCAL_A000503,I4210116687,AFFILIATED_WITH
A5059910185,W7118452653,WRITES
A5059910185,I4210116687,AFFILIATED_WITH
A5040180866,W3201040525,WRITES
A5040180866,I848706,AFFILIATED_WITH
A5057929288,W4294839230,WRITES
A5057929288,I152815399,AFFILIATED_WITH
A5087802698,W4293143516,WRITES
A5087802698,I60488453,AFFILIATED_WITH
A5138149664,W7163867813,WRITES
A5138149664,I4210117859,AFFILIATED_WITH
A5079471980,W4409823968,WRITES
A5079471980,I2608206482,AFFILIATED_WITH
A5038559143,W4399494815,WRITES
A5038559143,I177233841,AFFILIATED_WITH
A5038559143,I70349855,AFFILIATED_WITH
A5096042325,W4388504134,WRITES
A5096042325,I123565023,AFFILIATED_WITH
A5085150492,W4401948602,WRITES
A5085150492,W4386526168,WRITES
A5085150492,W4400836185,WRITES
A5085150492,W4401948907,WRITES
A5085150492,I123565023,AFFILIATED_WITH
A5085150492,I4210093468,AFFILIATED_WITH
A5085150492,I47265099,AFFILIATED_WITH
A5112751609,W7124450611,WRITES
A5112751609,I123565023,AFFILIATED_WITH
A5112751609,I23582244,AFFILIATED_WITH
A5028743344,W7161066054,WRITES
A5028743344,I127339247,AFFILIATED_WITH
A5030966029,W3212303430,WRITES
A5030966029,I202539009,AFFILIATED_WITH
LOCAL_A000493,W7108322544,WRITES
LOCAL_A000493,W7108328204,WRITES
LOCAL_A000493,I72227227,AFFILIATED_WITH
A5030132492,W4313456478,WRITES
A5010674359,W4415747466,WRITES
A5010674359,I2799883749,AFFILIATED_WITH
A5111800896,W4410853424,WRITES
A5111800896,I4210123993,AFFILIATED_WITH
A5093797244,W4391261154,WRITES
A5093797244,W4400733488,WRITES
A5093797244,I4210123993,AFFILIATED_WITH
A5111063999,W4385265498,WRITES
A5111063999,I4210162957,AFFILIATED_WITH
A5106269420,W7131786424,WRITES
A5106269420,I177733328,AFFILIATED_WITH
A5013499835,W4378983058,WRITES
A5013499835,I180670191,AFFILIATED_WITH
LOCAL_A000063,W4401719937,WRITES
LOCAL_A000063,I4210123993,AFFILIATED_WITH
A5018119494,W3194551497,WRITES
A5018119494,I4210123993,AFFILIATED_WITH
A5091968955,W4377002350,WRITES
A5091968955,W4388504124,WRITES
A5091968955,W4403897111,WRITES
A5091968955,W7164045742,WRITES
A5091968955,W4405989709,WRITES
A5091968955,W4411096246,WRITES
A5091968955,I4210123993,AFFILIATED_WITH
A5091968955,I123565023,AFFILIATED_WITH
A5091968955,I47265099,AFFILIATED_WITH
A5121014707,W7116782209,WRITES
A5121014707,I4210123993,AFFILIATED_WITH
A5033808806,W3200200655,WRITES
A5033808806,I4210123993,AFFILIATED_WITH
A5090559942,W4388504134,WRITES
A5090559942,W4388208017,WRITES
A5090559942,I123565023,AFFILIATED_WITH
A5020785151,W4288036364,WRITES
A5020785151,W4392971270,WRITES
A5020785151,W4385718727,WRITES
A5020785151,W4410014433,WRITES
A5020785151,W4384300207,WRITES
A5020785151,I123565023,AFFILIATED_WITH
A5020785151,I23582244,AFFILIATED_WITH
A5020785151,I3020192730,AFFILIATED_WITH
LOCAL_A000057,W4283327689,WRITES
LOCAL_A000057,I4210123993,AFFILIATED_WITH
A5112557251,W3049614703,WRITES
A5112557251,I4210106257,AFFILIATED_WITH
A5033150655,W4362457768,WRITES
A5033150655,I136199984,AFFILIATED_WITH
A5033150655,I36721946,AFFILIATED_WITH
A5054767996,W2064980181,WRITES
A5010910230,W4407561213,WRITES
A5010910230,W4378904270,WRITES
A5010910230,I188815454,AFFILIATED_WITH
A5053403067,W3037126109,WRITES
A5053403067,I4387155935,AFFILIATED_WITH
A5053403067,I47265099,AFFILIATED_WITH
A5039876499,W4415493830,WRITES
A5039876499,W4417051617,WRITES
A5039876499,I47265099,AFFILIATED_WITH
A5039876499,I4210148201,AFFILIATED_WITH
A5049427526,W4385588402,WRITES
A5049427526,W4385588222,WRITES
A5049427526,I112450260,AFFILIATED_WITH
A5095380028,W7165114816,WRITES
A5095380028,I4210141757,AFFILIATED_WITH
A5003211382,W4207065025,WRITES
A5003211382,I1286329397,AFFILIATED_WITH
A5128348289,W7162805338,WRITES
A5128348289,I4210150999,AFFILIATED_WITH
A5128348289,I4400600977,AFFILIATED_WITH
A5123901476,W7125798761,WRITES
A5123901476,I4210107015,AFFILIATED_WITH
A5069627644,W4292092699,WRITES
A5069627644,I121980950,AFFILIATED_WITH
A5074353408,W4322743240,WRITES
A5074353408,I177477856,AFFILIATED_WITH
A5043049232,W4400574861,WRITES
A5043049232,I4210145660,AFFILIATED_WITH
A5043049232,I88761825,AFFILIATED_WITH
A5021287285,W1533344290,WRITES
A5137038659,W7162404973,WRITES
A5137038659,I11701301,AFFILIATED_WITH
A5089200750,W4410974180,WRITES
A5089200750,W4416208916,WRITES
A5089200750,I33278361,AFFILIATED_WITH
A5077280166,W2172418087,WRITES
A5077280166,W2983803309,WRITES
A5110058980,W2169308829,WRITES
A5110058980,I1305429183,AFFILIATED_WITH
A5025205889,W4312310395,WRITES
A5025205889,I4210123993,AFFILIATED_WITH
A5042843111,W2015390581,WRITES
A5109692993,W4403457169,WRITES
A5109692993,W4411621627,WRITES
A5106716948,W2381599914,WRITES
A5106716948,I4210123993,AFFILIATED_WITH
A5106361655,W4410774379,WRITES
A5106361655,I4210109591,AFFILIATED_WITH
A5027890317,W4399665885,WRITES
A5027890317,I141445968,AFFILIATED_WITH
A5115056502,W4406730626,WRITES
A5058063287,W4327814100,WRITES
A5058063287,W4384209462,WRITES
A5058063287,I4210096063,AFFILIATED_WITH
A5125005209,W7127632959,WRITES
A5125005209,I177733328,AFFILIATED_WITH
A5135160172,W7160027482,WRITES
A5135160172,I4210109845,AFFILIATED_WITH
A5047100737,W4307303369,WRITES
A5047100737,I142208455,AFFILIATED_WITH
A5047100737,I4210116271,AFFILIATED_WITH
A5062889982,W3213864256,WRITES
A5062889982,I4210123993,AFFILIATED_WITH
A5116329276,W4407742590,WRITES
A5038791421,W7162326146,WRITES
A5038791421,I181727666,AFFILIATED_WITH
A5081032657,W4402124965,WRITES
A5081032657,I71920554,AFFILIATED_WITH
A5032059076,W4304958842,WRITES
A5032059076,I153904384,AFFILIATED_WITH
A5016410629,W4386925533,WRITES
A5016410629,W4391354445,WRITES
A5016410629,W4385430763,WRITES
A5016410629,W4415696216,WRITES
A5016410629,I132359460,AFFILIATED_WITH
A5016410629,I38260057,AFFILIATED_WITH
A5016410629,I130291710,AFFILIATED_WITH
LOCAL_A000498,W7108322544,WRITES
LOCAL_A000498,W7108328204,WRITES
LOCAL_A000498,I4210123993,AFFILIATED_WITH
A5061049640,W4407394155,WRITES
A5061049640,W4321349922,WRITES
A5061049640,W4412396029,WRITES
A5061049640,W4403457169,WRITES
A5061049640,W4406110549,WRITES
A5061049640,W4414023483,WRITES
A5061049640,W4414701392,WRITES
A5061049640,W4414883085,WRITES
A5061049640,W4401892575,WRITES
A5061049640,W7160763491,WRITES
A5061049640,W7160768306,WRITES
A5061049640,W7160784496,WRITES
A5061049640,W7165114816,WRITES
A5061049640,W4366976633,WRITES
A5061049640,W4375846765,WRITES
A5061049640,W4411621627,WRITES
A5061049640,W4415222788,WRITES
A5061049640,W4402307212,WRITES
A5061049640,W4407170082,WRITES
A5061049640,W7118452653,WRITES
A5061049640,I4210123993,AFFILIATED_WITH
LOCAL_A000525,W7114984711,WRITES
LOCAL_A000525,W7115014505,WRITES
LOCAL_A000525,I142208455,AFFILIATED_WITH
LOCAL_A000523,W7114984711,WRITES
LOCAL_A000523,W7115014505,WRITES
LOCAL_A000523,I187293425,AFFILIATED_WITH
A5028101406,W2361125923,WRITES
A5028101406,I4210123993,AFFILIATED_WITH
A5101651242,W4394595654,WRITES
A5101651242,I132210918,AFFILIATED_WITH
A5100775772,W4319456382,WRITES
A5100775772,I132210918,AFFILIATED_WITH
A5138262578,W7164917283,WRITES
A5138262578,I47807185,AFFILIATED_WITH
A5022868764,W4283712137,WRITES
A5022868764,I141445968,AFFILIATED_WITH
A5009893388,W7126151423,WRITES
A5009893388,W4409313923,WRITES
A5009893388,W4399593830,WRITES
A5009893388,I3020192730,AFFILIATED_WITH
A5050257903,W2973001791,WRITES
A5050257903,I44461941,AFFILIATED_WITH
A5042752687,W4404837890,WRITES
A5042752687,I4210123993,AFFILIATED_WITH
A5111033585,W4386365428,WRITES
A5111033585,I4210123993,AFFILIATED_WITH
A5015861324,W7118181553,WRITES
A5015861324,I181727666,AFFILIATED_WITH
A5074761112,W4411207447,WRITES
A5074761112,I181727666,AFFILIATED_WITH
A5074761112,I4210123993,AFFILIATED_WITH
A5046621202,W7164931366,WRITES
A5046621202,W4385580607,WRITES
A5046621202,I181727666,AFFILIATED_WITH
A5044452244,W4225660073,WRITES
A5044452244,I41156924,AFFILIATED_WITH
A5030715845,W2116401724,WRITES
A5030715845,I4210152550,AFFILIATED_WITH
A5030715845,I4210160947,AFFILIATED_WITH
A5135155521,W7160027482,WRITES
A5135155521,I4210136165,AFFILIATED_WITH
A5081533584,W4292367284,WRITES
A5081533584,W4321782111,WRITES
A5081533584,I202539009,AFFILIATED_WITH
A5102376855,W4388960576,WRITES
A5102376855,I79775147,AFFILIATED_WITH
A5083805250,W3213391624,WRITES
A5083805250,I98947143,AFFILIATED_WITH
A5028753652,W4415696216,WRITES
A5028753652,I130291710,AFFILIATED_WITH
A5028753652,I132359460,AFFILIATED_WITH
A5110069127,W4401467334,WRITES
A5110069127,I28630478,AFFILIATED_WITH
A5054261847,W7118452653,WRITES
A5054261847,I168635309,AFFILIATED_WITH
A5054261847,I205640436,AFFILIATED_WITH
LOCAL_A000479,W7108322544,WRITES
LOCAL_A000479,W7108328204,WRITES
LOCAL_A000479,I205640436,AFFILIATED_WITH
A5080037825,W4313396687,WRITES
A5080037825,W3206545182,WRITES
A5080037825,I186903577,AFFILIATED_WITH
A5075291010,W2983803309,WRITES
A5075291010,I4210142967,AFFILIATED_WITH
A5011157840,W4409983690,WRITES
A5011157840,I205401836,AFFILIATED_WITH
A5049025379,W4409211677,WRITES
A5049025379,I4210112595,AFFILIATED_WITH
A5100393094,W4396617921,WRITES
A5100393094,I921716337,AFFILIATED_WITH
A5074353144,W2983803309,WRITES
A5074353144,W2767566591,WRITES
A5026950458,W2378909727,WRITES
A5026950458,I4210123993,AFFILIATED_WITH
A5102728063,W2393327158,WRITES
A5102728063,I4210123993,AFFILIATED_WITH
A5121951039,W7118163415,WRITES
A5121951039,I152743029,AFFILIATED_WITH
A5121951039,I4210102636,AFFILIATED_WITH
A5121951039,I4210118607,AFFILIATED_WITH
A5059002683,W4406018358,WRITES
A5059002683,W4397008973,WRITES
A5059002683,I27429435,AFFILIATED_WITH
LOCAL_A000496,W7108322544,WRITES
LOCAL_A000496,W7108328204,WRITES
LOCAL_A000496,I69552723,AFFILIATED_WITH
A5056015724,W4389617125,WRITES
A5056015724,I165932596,AFFILIATED_WITH
A5085021661,W4388658227,WRITES
A5085021661,I158708052,AFFILIATED_WITH
A5015152865,W4390598901,WRITES
A5015152865,W4393316224,WRITES
A5015152865,I165737746,AFFILIATED_WITH
A5126618891,W7166028472,WRITES
A5126618891,W7166029693,WRITES
A5126618891,W7166030371,WRITES
A5126618891,W7166095928,WRITES
A5126618891,I142208455,AFFILIATED_WITH
A5103098636,W4392746748,WRITES
A5103098636,I165745306,AFFILIATED_WITH
A5085428223,W2958510524,WRITES
A5124017476,W7125798761,WRITES
A5124017476,I155028946,AFFILIATED_WITH
A5054630782,W4411163057,WRITES
A5054630782,I2802238791,AFFILIATED_WITH
A5065237636,W4292092699,WRITES
A5065237636,I121980950,AFFILIATED_WITH
A5071482191,W4386374716,WRITES
A5071482191,I170726198,AFFILIATED_WITH
A5071482191,I74788687,AFFILIATED_WITH
A5070496761,W2180953235,WRITES
A5065282480,W4317794911,WRITES
A5065282480,I157394403,AFFILIATED_WITH
A5109947023,W2172418087,WRITES
A5109947023,W2983803309,WRITES
A5071261948,W3175462020,WRITES
A5071261948,I105094715,AFFILIATED_WITH
A5023129486,W4406024089,WRITES
A5023129486,I144696833,AFFILIATED_WITH
A5023129486,I150468666,AFFILIATED_WITH
A5023129486,I4210123993,AFFILIATED_WITH
A5023129486,I4210158018,AFFILIATED_WITH
A5062156514,W4387846071,WRITES
A5062156514,W4393318354,WRITES
A5062156514,I4210125363,AFFILIATED_WITH
A5062156514,I223532165,AFFILIATED_WITH
A5105370959,W2626032508,WRITES
A5105370959,I134635517,AFFILIATED_WITH
A5061140260,W4403302723,WRITES
A5061140260,W7138847349,WRITES
A5061140260,W4404920262,WRITES
A5061140260,W4391876512,WRITES
A5061140260,I4210095101,AFFILIATED_WITH
A5002700971,W4317434551,WRITES
A5002700971,W4319603301,WRITES
A5002700971,W4412583333,WRITES
A5002700971,I79775147,AFFILIATED_WITH
A5002700971,I123565023,AFFILIATED_WITH
A5002700971,I23582244,AFFILIATED_WITH
A5009549735,W4412583333,WRITES
A5009549735,I187855631,AFFILIATED_WITH
A5009549735,I4210116271,AFFILIATED_WITH
A5054801180,W3037301877,WRITES
A5054801180,I4210115718,AFFILIATED_WITH
A5041307201,W4315641599,WRITES
A5041307201,I4210148201,AFFILIATED_WITH
A5049578807,W4407561213,WRITES
A5049578807,W4378904270,WRITES
A5049578807,W4412422965,WRITES
A5049578807,I4210123993,AFFILIATED_WITH
A5049578807,I188815454,AFFILIATED_WITH
A5054226404,W3136985740,WRITES
A5054226404,W3129134850,WRITES
A5054226404,W3143569447,WRITES
A5054226404,I4210144126,AFFILIATED_WITH
A5054226404,I4210148201,AFFILIATED_WITH
A5067409197,W4406489951,WRITES
A5067409197,I4210115718,AFFILIATED_WITH
A5039918314,W3089172231,WRITES
A5039918314,W3093483399,WRITES
A5039918314,I123565023,AFFILIATED_WITH
A5077406567,W3204281564,WRITES
A5077406567,W4238437341,WRITES
A5077406567,I4210123993,AFFILIATED_WITH
A5084103582,W3037301877,WRITES
A5084103582,I4210115718,AFFILIATED_WITH
A5084103582,I4210123993,AFFILIATED_WITH
A5041172470,W4393010195,WRITES
A5041172470,W3167511430,WRITES
A5041172470,I174101054,AFFILIATED_WITH
A5041172470,I4210144126,AFFILIATED_WITH
A5041172470,I49382586,AFFILIATED_WITH
A5097105432,W3094440337,WRITES
A5097105432,I4210123993,AFFILIATED_WITH
LOCAL_A000219,W4312618825,WRITES
LOCAL_A000219,I4210123993,AFFILIATED_WITH
A5007261664,W4298004743,WRITES
A5052937759,W4416407004,WRITES
A5052937759,W4288036364,WRITES
A5052937759,W4410014433,WRITES
A5052937759,I202539009,AFFILIATED_WITH
A5052937759,I4210116271,AFFILIATED_WITH
A5117845190,W4415655487,WRITES
A5117845190,W7159099806,WRITES
A5117845190,W4411069142,WRITES
A5117845190,I4210123993,AFFILIATED_WITH
A5101613907,W4390397606,WRITES
A5101613907,I141445968,AFFILIATED_WITH
A5109586304,W4296713779,WRITES
A5109586304,I4210123993,AFFILIATED_WITH
A5042854558,W4296713969,WRITES
A5042854558,W4296709077,WRITES
A5042854558,W4296712376,WRITES
A5042854558,W4402435273,WRITES
A5042854558,W4390702302,WRITES
A5042854558,W4386246276,WRITES
A5042854558,W4408621636,WRITES
A5042854558,I4210123993,AFFILIATED_WITH
A5042854558,I4210148201,AFFILIATED_WITH
A5022564032,W4390830216,WRITES
A5022564032,I4210160086,AFFILIATED_WITH
A5004575662,W4200131528,WRITES
A5004575662,W4307968637,WRITES
A5004575662,I70349855,AFFILIATED_WITH
A5047377666,W3200248305,WRITES
A5047377666,I123565023,AFFILIATED_WITH
A5047377666,I23582244,AFFILIATED_WITH
A5031635334,W3115873876,WRITES
A5031635334,W3100063371,WRITES
A5031635334,I4210134642,AFFILIATED_WITH
A5054095804,W4413118057,WRITES
A5054095804,I46080048,AFFILIATED_WITH
LOCAL_A000048,W7139092179,WRITES
LOCAL_A000048,I46080048,AFFILIATED_WITH
A5077443977,W4322628962,WRITES
A5077443977,W4313527793,WRITES
A5077443977,I193670377,AFFILIATED_WITH
LOCAL_A000549,W7127417295,WRITES
LOCAL_A000549,I4210123993,AFFILIATED_WITH
A5030860493,W4210525043,WRITES
A5030860493,I28777354,AFFILIATED_WITH
A5000994184,W4206228720,WRITES
A5000994184,W3203242018,WRITES
A5000994184,W4391696950,WRITES
A5000994184,W4362576283,WRITES
A5000994184,W4391506647,WRITES
A5000994184,I4210088746,AFFILIATED_WITH
A5000994184,I12450925,AFFILIATED_WITH
A5059380500,W4376127221,WRITES
A5059380500,W4292964871,WRITES
A5059380500,W4295123541,WRITES
A5059380500,W4385235017,WRITES
A5059380500,I70349855,AFFILIATED_WITH
A5010653031,W4405281261,WRITES
A5010653031,I70931966,AFFILIATED_WITH
A5032440878,W3216102259,WRITES
A5032440878,I4210123993,AFFILIATED_WITH
A5007086934,W4200131528,WRITES
A5007086934,W4307968637,WRITES
A5007086934,I70349855,AFFILIATED_WITH
A5009805440,W3214136215,WRITES
A5009805440,I4210160086,AFFILIATED_WITH
A5041369109,W3013943119,WRITES
A5041369109,W4392707062,WRITES
A5041369109,W3094440337,WRITES
A5041369109,W3036995321,WRITES
A5041369109,W3121710976,WRITES
A5041369109,W4398250626,WRITES
A5041369109,W4406881240,WRITES
A5041369109,W4408446899,WRITES
A5041369109,W3030321203,WRITES
A5041369109,W4220909584,WRITES
A5041369109,W3080524420,WRITES
A5041369109,W4366978331,WRITES
A5041369109,W4409968481,WRITES
A5041369109,I4210123993,AFFILIATED_WITH
A5041369109,I11947397,AFFILIATED_WITH
A5041369109,I4210091979,AFFILIATED_WITH
A5067659457,W4212864265,WRITES
A5067659457,W4206228720,WRITES
A5067659457,W3203312421,WRITES
A5067659457,W3199087809,WRITES
A5067659457,W3215054809,WRITES
A5067659457,W3191655728,WRITES
A5067659457,W3205098776,WRITES
A5067659457,W3203242018,WRITES
A5067659457,W4390457208,WRITES
A5067659457,W4387757625,WRITES
A5067659457,W4393947503,WRITES
A5067659457,W3214362572,WRITES
A5067659457,W4294839230,WRITES
A5067659457,I3020192730,AFFILIATED_WITH
A5067659457,I4210123993,AFFILIATED_WITH
A5128736244,W7134947698,WRITES
A5128736244,I4210123993,AFFILIATED_WITH
A5125477204,W7128533831,WRITES
A5125477204,I18550681,AFFILIATED_WITH
LOCAL_A000347,W4285191318,WRITES
LOCAL_A000238,W4312656552,WRITES
A5017566261,W2166834409,WRITES
A5113613159,W2057397620,WRITES
LOCAL_A000252,W4312656552,WRITES
LOCAL_A000222,W4312656552,WRITES
LOCAL_A000262,W4312656552,WRITES
LOCAL_A000131,W4293221027,WRITES
LOCAL_A000358,W4285191318,WRITES
LOCAL_A000108,W4293221027,WRITES
LOCAL_A000117,W4293221027,WRITES
A5043158224,W2049769420,WRITES
LOCAL_A000263,W4312656552,WRITES
LOCAL_A000191,W4293221027,WRITES
A5136911064,W7162318469,WRITES
A5136911064,I223532165,AFFILIATED_WITH
A5034636962,W4214599195,WRITES
A5034636962,I4210136301,AFFILIATED_WITH
A5045349106,W7140080270,WRITES
A5045349106,I152743029,AFFILIATED_WITH
A5045349106,I4210118607,AFFILIATED_WITH
A5070261515,W4285347500,WRITES
A5070261515,I4210148201,AFFILIATED_WITH
A5103462837,W2357371361,WRITES
A5103462837,I4210123993,AFFILIATED_WITH
A5021660019,W2921306927,WRITES
A5136913741,W7162318469,WRITES
A5136913741,I74801974,AFFILIATED_WITH
A5069952562,W4414227725,WRITES
A5069952562,I165143802,AFFILIATED_WITH
A5136941845,W7162318469,WRITES
A5136941845,I223532165,AFFILIATED_WITH
A5018821709,W4207065025,WRITES
A5018821709,I1286329397,AFFILIATED_WITH
A5008745879,W4287009081,WRITES
A5008745879,I4210123993,AFFILIATED_WITH
LOCAL_A000243,W4312656552,WRITES
A5030329332,W7119522653,WRITES
A5030329332,I165143802,AFFILIATED_WITH
A5100337614,W4402687087,WRITES
A5100337614,I165143802,AFFILIATED_WITH
A5100337614,I2799677732,AFFILIATED_WITH
A5026934828,W7160949195,WRITES
A5026934828,W4413004400,WRITES
A5026934828,W4409409360,WRITES
A5026934828,I123565023,AFFILIATED_WITH
A5026934828,I163770644,AFFILIATED_WITH
A5109789023,W4403302339,WRITES
A5109789023,I4210115718,AFFILIATED_WITH
A5081003707,W3214813022,WRITES
A5074800646,W4376127221,WRITES
A5074800646,W4295123541,WRITES
A5074800646,W4362517101,WRITES
A5074800646,I4210123755,AFFILIATED_WITH
A5115566123,W3164428607,WRITES
A5078778703,W2360783228,WRITES
A5078778703,I4210123993,AFFILIATED_WITH
A5107575422,W4402785464,WRITES
A5107575422,I2802508454,AFFILIATED_WITH
A5107575422,I4210104442,AFFILIATED_WITH
A5107575422,I4210148201,AFFILIATED_WITH
A5018582414,W4207065025,WRITES
A5018582414,I1286329397,AFFILIATED_WITH
A5021292806,W3158335115,WRITES
A5021292806,W3108801041,WRITES
A5021292806,W4388504124,WRITES
A5021292806,I4210137358,AFFILIATED_WITH
A5021292806,I170238339,AFFILIATED_WITH
A5083276453,W4381683241,WRITES
A5083276453,W4391844119,WRITES
A5083276453,I70349855,AFFILIATED_WITH
A5075791229,W7118181553,WRITES
A5075791229,W4411207447,WRITES
A5075791229,I1291453478,AFFILIATED_WITH
A5075791229,I181727666,AFFILIATED_WITH
A5075791229,I4210123993,AFFILIATED_WITH
A5075791229,I170606269,AFFILIATED_WITH
A5075791229,I4210086194,AFFILIATED_WITH
A5075791229,I72677000,AFFILIATED_WITH
A5082745090,W3212248389,WRITES
A5082745090,I123565023,AFFILIATED_WITH
A5082745090,I47265099,AFFILIATED_WITH
LOCAL_A000627,W4408938301,WRITES
LOCAL_A000627,I4210138746,AFFILIATED_WITH
A5093634125,W7118568249,WRITES
A5093634125,I4210138746,AFFILIATED_WITH
A5031192326,W4281679354,WRITES
A5077097054,W4281786168,WRITES
A5077097054,I4210123993,AFFILIATED_WITH
A5077097054,I70349855,AFFILIATED_WITH
A5117543445,W4410369190,WRITES
A5116630260,W4408465787,WRITES
A5116630260,I4210148490,AFFILIATED_WITH
A5116787028,W7163995216,WRITES
A5116787028,I181397559,AFFILIATED_WITH
A5116787028,I4210088379,AFFILIATED_WITH
LOCAL_A000216,W3101745018,WRITES
LOCAL_A000216,I4210123993,AFFILIATED_WITH
A5086989944,W4415809553,WRITES
A5086989944,I4210122257,AFFILIATED_WITH
A5057393450,W4408722193,WRITES
A5057393450,I4210099641,AFFILIATED_WITH
A5002945095,W3110285783,WRITES
A5002945095,W4390397606,WRITES
A5002945095,W4283581586,WRITES
A5002945095,W4312073669,WRITES
A5002945095,W4414206818,WRITES
A5002945095,W7125778505,WRITES
A5002945095,I141445968,AFFILIATED_WITH
A5036481436,W4409313923,WRITES
A5036481436,W4399593830,WRITES
A5036481436,I4210116271,AFFILIATED_WITH
A5027351152,W4415383964,WRITES
A5027351152,W7136346916,WRITES
A5027351152,I4210116271,AFFILIATED_WITH
A5101315004,W4391777722,WRITES
A5101315004,I4210115343,AFFILIATED_WITH
A5056465948,W3182154770,WRITES
A5056465948,I4210123993,AFFILIATED_WITH
A5071776831,W4296591880,WRITES
A5071776831,I71503853,AFFILIATED_WITH
LOCAL_A000476,W7105702010,WRITES
LOCAL_A000476,I71503853,AFFILIATED_WITH
A5038116070,W2561235885,WRITES
A5038116070,I2800593602,AFFILIATED_WITH
A5038116070,I38686511,AFFILIATED_WITH
A5038116070,I4210123993,AFFILIATED_WITH
A5035840553,W4407394155,WRITES
A5035840553,W4406110549,WRITES
A5035840553,W4402307212,WRITES
A5035840553,I130442723,AFFILIATED_WITH
A5086600645,W2566290954,WRITES
A5086600645,I1283055418,AFFILIATED_WITH
A5086600645,I55769427,AFFILIATED_WITH
A5023787832,W2078432620,WRITES
A5052862902,W2129239406,WRITES
A5052862902,W2037351555,WRITES
A5052862902,I913481162,AFFILIATED_WITH
A5052862902,I7876267,AFFILIATED_WITH
A5010760857,W4405281261,WRITES
A5010760857,I4210139188,AFFILIATED_WITH
A5063172188,W4313568168,WRITES
A5063172188,I110200422,AFFILIATED_WITH
A5035975805,W2561235885,WRITES
A5035975805,W2550110029,WRITES
A5035975805,I2800593602,AFFILIATED_WITH
A5035975805,I38686511,AFFILIATED_WITH
A5035975805,I4210123993,AFFILIATED_WITH
A5035975805,I4210158737,AFFILIATED_WITH
A5103601073,W4409898812,WRITES
A5103601073,I161010349,AFFILIATED_WITH
A5103601073,I47519274,AFFILIATED_WITH
A5085410675,W3199842824,WRITES
A5085410675,I4210123993,AFFILIATED_WITH
A5085410675,I4210133559,AFFILIATED_WITH
A5076866489,W2166834409,WRITES
A5076866489,I4210123993,AFFILIATED_WITH
A5029499585,W2131291272,WRITES
A5029499585,I2799342587,AFFILIATED_WITH
A5029499585,I4210123993,AFFILIATED_WITH
A5113029034,W4387846071,WRITES
A5113029034,I219193219,AFFILIATED_WITH
A5059379004,W2953848273,WRITES
A5010696478,W4411506892,WRITES
A5010696478,I4210123993,AFFILIATED_WITH
A5083849701,W4318476690,WRITES
A5083849701,I169045520,AFFILIATED_WITH
A5064008395,W4403539683,WRITES
A5064008395,I2802166871,AFFILIATED_WITH
A5000427458,W4322628962,WRITES
A5000427458,I2799888298,AFFILIATED_WITH
A5028269577,W4290471674,WRITES
A5028269577,I75881417,AFFILIATED_WITH
A5021771514,W4379468618,WRITES
A5021771514,I1333651918,AFFILIATED_WITH
A5021771514,I4387154453,AFFILIATED_WITH
A5112927327,W4378983058,WRITES
A5112927327,I180670191,AFFILIATED_WITH
A5000515264,W4404952803,WRITES
A5000515264,I8775707,AFFILIATED_WITH
A5124029635,W7125798761,WRITES
A5124029635,I155028946,AFFILIATED_WITH
A5056223358,W4411163057,WRITES
A5056223358,I155028946,AFFILIATED_WITH
A5112623757,W3143512231,WRITES
A5112623757,I4210123993,AFFILIATED_WITH
A5093706060,W4390760815,WRITES
A5093706060,I4210123993,AFFILIATED_WITH
A5122445446,W7119881577,WRITES
A5122445446,I4210123993,AFFILIATED_WITH
A5007099952,W4401475444,WRITES
A5007099952,W7166003581,WRITES
A5007099952,I4210123993,AFFILIATED_WITH
A5135656182,W7160625615,WRITES
A5135656182,W7160640994,WRITES
A5076004552,W4290471674,WRITES
A5076004552,W4200002544,WRITES
A5076004552,W3167511430,WRITES
A5076004552,W4220747986,WRITES
A5076004552,I158708052,AFFILIATED_WITH
A5064915286,W4413400898,WRITES
A5064915286,I111277659,AFFILIATED_WITH
A5032063674,W4225604235,WRITES
A5032063674,W3195732444,WRITES
A5032063674,W4292649377,WRITES
A5032063674,W4290079132,WRITES
A5032063674,I151727225,AFFILIATED_WITH
A5032063674,I4210123993,AFFILIATED_WITH
A5032063674,I686019,AFFILIATED_WITH
A5032063674,I109689652,AFFILIATED_WITH
A5032063674,I123565023,AFFILIATED_WITH
A5032063674,I23582244,AFFILIATED_WITH
A5024981821,W3128289046,WRITES
A5024981821,I4387154394,AFFILIATED_WITH
A5015302001,W3212618266,WRITES
A5015302001,I151727225,AFFILIATED_WITH
A5073238754,W2983803309,WRITES
A5089854058,W2983803309,WRITES
A5089854058,I149704539,AFFILIATED_WITH
A5108122544,W2172418087,WRITES
A5085823166,W4283327689,WRITES
A5085823166,I4210123993,AFFILIATED_WITH
A5061151551,W2920977915,WRITES
A5061151551,W2952065493,WRITES
A5061151551,I4210087915,AFFILIATED_WITH
A5064424890,W7122846026,WRITES
A5064424890,W3200879270,WRITES
A5064424890,W7127369706,WRITES
A5064424890,W7161788978,WRITES
A5064424890,I4210123993,AFFILIATED_WITH
A5017574392,W3183376380,WRITES
A5017574392,I202539009,AFFILIATED_WITH
A5051278633,W4417499288,WRITES
A5051278633,I141445968,AFFILIATED_WITH
A5072737254,W4213032084,WRITES
A5072737254,W4388140420,WRITES
A5072737254,W3174338508,WRITES
A5072737254,W3168287854,WRITES
A5072737254,W4210893619,WRITES
A5072737254,W3173640918,WRITES
A5072737254,W3202442685,WRITES
A5072737254,W4393089136,WRITES
A5072737254,I141445968,AFFILIATED_WITH
A5072737254,I4210123993,AFFILIATED_WITH
A5094633734,W4253353920,WRITES
A5094633734,I4210123993,AFFILIATED_WITH
A5099127038,W4399665885,WRITES
A5099127038,I4210137358,AFFILIATED_WITH
A5099127039,W4399665885,WRITES
A5099127039,I4210137358,AFFILIATED_WITH
A5073151775,W4399494815,WRITES
A5073151775,I4210133587,AFFILIATED_WITH
A5029795725,W3173625614,WRITES
A5029795725,W3174934777,WRITES
A5029795725,W4286484421,WRITES
A5029795725,I141445968,AFFILIATED_WITH
A5127813669,W7147213615,WRITES
A5127813669,I18550681,AFFILIATED_WITH
A5127813669,I4210109397,AFFILIATED_WITH
A5074595772,W4396870521,WRITES
A5074595772,I4210095101,AFFILIATED_WITH
A5082387253,W4408868085,WRITES
A5082387253,W4406864044,WRITES
A5082387253,W4410630703,WRITES
A5082387253,W4409117302,WRITES
A5082387253,I108108428,AFFILIATED_WITH
LOCAL_A000016,W7115881942,WRITES
LOCAL_A000016,I152743029,AFFILIATED_WITH
LOCAL_A000016,I2802587341,AFFILIATED_WITH
A5072923302,W3201040525,WRITES
A5072923302,I149704539,AFFILIATED_WITH
A5126008088,W7128925053,WRITES
A5126008088,I4210158385,AFFILIATED_WITH
A5126008088,I47519274,AFFILIATED_WITH
A5044326088,W7159983385,WRITES
A5044326088,I86677382,AFFILIATED_WITH
A5103784185,W2391953902,WRITES
A5103784185,I4210123993,AFFILIATED_WITH
A5102004265,W2977454665,WRITES
A5102004265,I4210123993,AFFILIATED_WITH
A5061201875,W2356132505,WRITES
A5061201875,I4210123993,AFFILIATED_WITH
LOCAL_A000718,W4386365428,WRITES
LOCAL_A000718,I2802508454,AFFILIATED_WITH
A5100344370,W4319456382,WRITES
A5100344370,I194450716,AFFILIATED_WITH
A5102212713,W2371491675,WRITES
A5102212713,I4210123993,AFFILIATED_WITH
A5043810535,W4313527793,WRITES
A5043810535,I207776796,AFFILIATED_WITH
A5101648450,W2353561656,WRITES
A5101648450,W2379589344,WRITES
A5101648450,I4210123993,AFFILIATED_WITH
A5040974749,W3089377971,WRITES
A5040974749,W3034897084,WRITES
A5040974749,W3013846497,WRITES
A5040974749,I126231945,AFFILIATED_WITH
A5102899700,W4404051530,WRITES
A5102899700,I108688024,AFFILIATED_WITH
A5102899700,I143413998,AFFILIATED_WITH
A5102899700,I4210119987,AFFILIATED_WITH
A5007792819,W4402689909,WRITES
A5007792819,I4210118607,AFFILIATED_WITH
A5110573326,W4416386813,WRITES
A5110573326,I152743029,AFFILIATED_WITH
A5110573326,I2802587341,AFFILIATED_WITH
A5007973770,W7138163378,WRITES
A5007973770,I142974352,AFFILIATED_WITH
A5007973770,I152743029,AFFILIATED_WITH
A5007973770,I98298690,AFFILIATED_WITH
A5015918478,W4401798741,WRITES
A5015918478,I4387154394,AFFILIATED_WITH
A5102968901,W4315474727,WRITES
A5102968901,I131948415,AFFILIATED_WITH
A5061359290,W4396514771,WRITES
A5061359290,I4210135784,AFFILIATED_WITH
A5101660391,W4317208165,WRITES
A5101660391,I153512688,AFFILIATED_WITH
A5101420279,W4388574092,WRITES
A5101420279,I134161618,AFFILIATED_WITH
A5101420279,I4210138331,AFFILIATED_WITH
A5101420279,I84653119,AFFILIATED_WITH
A5052910132,W4310266380,WRITES
A5052910132,I4210133467,AFFILIATED_WITH
A5070426067,W2677270484,WRITES
A5070426067,I1282516798,AFFILIATED_WITH
A5053430025,W7125419339,WRITES
A5053430025,I52179390,AFFILIATED_WITH
A5103273709,W4405256347,WRITES
A5103273709,I152743029,AFFILIATED_WITH
A5103273709,I2802587341,AFFILIATED_WITH
A5058626278,W4387381105,WRITES
A5058626278,I267427436,AFFILIATED_WITH
A5031349506,W3106624614,WRITES
A5031349506,I4210123993,AFFILIATED_WITH
A5055712333,W4390760815,WRITES
A5055712333,I4210123993,AFFILIATED_WITH
A5127851653,W7133226126,WRITES
A5127851653,I205640436,AFFILIATED_WITH
A5022353158,W4408719264,WRITES
A5022353158,W4412726646,WRITES
A5022353158,I205640436,AFFILIATED_WITH
A5022353158,I4210134393,AFFILIATED_WITH
A5123640296,W7125497916,WRITES
A5123640296,I205640436,AFFILIATED_WITH
A5125178220,W7127959413,WRITES
A5125178220,I124386471,AFFILIATED_WITH
A5125178220,I205640436,AFFILIATED_WITH
A5120906256,W7116340925,WRITES
A5120906256,W7123357215,WRITES
A5120906256,I205640436,AFFILIATED_WITH
A5102004247,W4206556998,WRITES
A5102004247,W4281786168,WRITES
A5102004247,W4381683241,WRITES
A5102004247,W4412161992,WRITES
A5102004247,W3159481389,WRITES
A5102004247,W4200521133,WRITES
A5102004247,W4391844119,WRITES
A5102004247,I70349855,AFFILIATED_WITH
A5009130748,W4366588309,WRITES
A5009130748,I4210123993,AFFILIATED_WITH
A5023853430,W4411037455,WRITES
A5023853430,I123565023,AFFILIATED_WITH
A5023853430,I23582244,AFFILIATED_WITH
A5122762361,W7122846026,WRITES
A5122762361,I4210123993,AFFILIATED_WITH
A5049067140,W3129122531,WRITES
A5049067140,I2802508454,AFFILIATED_WITH
A5139065087,W7165570983,WRITES
A5139065087,I2802508454,AFFILIATED_WITH
A5049249147,W4399490801,WRITES
A5049249147,I82495205,AFFILIATED_WITH
A5018419083,W4388086462,WRITES
A5018419083,I2802508454,AFFILIATED_WITH
A5003341125,W4401475444,WRITES
A5088238351,W4386416432,WRITES
A5088238351,W4401798741,WRITES
A5088238351,I4210123993,AFFILIATED_WITH
A5052167850,W3129119852,WRITES
A5052167850,W4318984786,WRITES
A5052167850,W3200721992,WRITES
A5052167850,W4285199040,WRITES
A5052167850,W4380086388,WRITES
A5052167850,W3006831780,WRITES
A5052167850,W3200524819,WRITES
A5052167850,I4210123993,AFFILIATED_WITH
A5052167850,I70349855,AFFILIATED_WITH
A5052167850,I154864474,AFFILIATED_WITH
LOCAL_A000031,W7115905231,WRITES
LOCAL_A000031,I142974352,AFFILIATED_WITH
LOCAL_A000031,I152743029,AFFILIATED_WITH
A5132988667,W7150069323,WRITES
A5132988667,I152743029,AFFILIATED_WITH
A5132988667,I4210118607,AFFILIATED_WITH
A5019446985,W7138163378,WRITES
A5019446985,W7155558618,WRITES
A5019446985,W4415379161,WRITES
A5019446985,I142974352,AFFILIATED_WITH
A5019446985,I152743029,AFFILIATED_WITH
A5019446985,I98298690,AFFILIATED_WITH
A5019446985,I4210118607,AFFILIATED_WITH
A5121970945,W7118163415,WRITES
A5121970945,I152743029,AFFILIATED_WITH
A5121970945,I4210118607,AFFILIATED_WITH
A5092525310,W7124450611,WRITES
A5092525310,I123565023,AFFILIATED_WITH
A5092525310,I23582244,AFFILIATED_WITH
A5135152093,W7160032096,WRITES
A5135152093,W7160136628,WRITES
A5135152093,I4210113809,AFFILIATED_WITH
LOCAL_A000039,W7115905231,WRITES
LOCAL_A000039,I4210113809,AFFILIATED_WITH
A5127820180,W7133243872,WRITES
A5127820180,I4210113809,AFFILIATED_WITH
A5135175869,W7160032096,WRITES
A5135175869,W7160136628,WRITES
A5135175869,I4210113809,AFFILIATED_WITH
A5129955226,W7138834802,WRITES
A5129955226,I4210113809,AFFILIATED_WITH
A5059518320,W3201885838,WRITES
A5059518320,I91807558,AFFILIATED_WITH
A5053552469,W3183386125,WRITES
A5053552469,W4231330581,WRITES
A5053552469,W4225827215,WRITES
A5053552469,W3204420088,WRITES
A5053552469,W3171413831,WRITES
A5053552469,W3133521134,WRITES
A5053552469,W4225614357,WRITES
A5053552469,W3128289046,WRITES
A5053552469,W4310396776,WRITES
A5053552469,I4387154394,AFFILIATED_WITH
A5043383799,W4388960576,WRITES
A5043383799,W4414773519,WRITES
A5043383799,W4415373468,WRITES
A5043383799,I162838928,AFFILIATED_WITH
A5031717574,W4283763732,WRITES
A5031717574,W4289259902,WRITES
A5031717574,W4401831013,WRITES
A5031717574,I4210116271,AFFILIATED_WITH
A5136423173,W7161594234,WRITES
A5136423173,I4210146893,AFFILIATED_WITH
A5136423173,I4210155479,AFFILIATED_WITH
A5064895029,W4206104263,WRITES
A5064895029,I4210100829,AFFILIATED_WITH
A5062516283,W3204420088,WRITES
A5062516283,I4387154394,AFFILIATED_WITH
A5125899320,W7140080270,WRITES
A5125899320,W7150069323,WRITES
A5125899320,I152743029,AFFILIATED_WITH
A5125899320,I4210102636,AFFILIATED_WITH
A5125899320,I4210118607,AFFILIATED_WITH
A5125899320,I68171755,AFFILIATED_WITH
A5125899320,I1293718874,AFFILIATED_WITH
A5130335043,W7140080270,WRITES
A5130335043,I142974352,AFFILIATED_WITH
A5130335043,I152743029,AFFILIATED_WITH
A5130335043,I4210102636,AFFILIATED_WITH
A5130335043,I4210118607,AFFILIATED_WITH
A5130335043,I68171755,AFFILIATED_WITH
A5121972120,W7118163415,WRITES
A5121972120,I142974352,AFFILIATED_WITH
A5121972120,I152743029,AFFILIATED_WITH
A5121972120,I4210102636,AFFILIATED_WITH
A5121972120,I4210118607,AFFILIATED_WITH
A5121972120,I68171755,AFFILIATED_WITH
A5132990251,W7150069323,WRITES
A5132990251,I142974352,AFFILIATED_WITH
A5132990251,I152743029,AFFILIATED_WITH
A5132990251,I4210102636,AFFILIATED_WITH
A5132990251,I4210118607,AFFILIATED_WITH
A5132990251,I68171755,AFFILIATED_WITH
LOCAL_A000034,W7115905231,WRITES
LOCAL_A000034,I142974352,AFFILIATED_WITH
LOCAL_A000034,I4210118607,AFFILIATED_WITH
LOCAL_A000034,I68171755,AFFILIATED_WITH
A5129749146,W7138163378,WRITES
A5129749146,I142974352,AFFILIATED_WITH
A5129749146,I152743029,AFFILIATED_WITH
A5129749146,I4210102636,AFFILIATED_WITH
A5129749146,I4210118607,AFFILIATED_WITH
A5129749146,I68171755,AFFILIATED_WITH
A5134553459,W7155558618,WRITES
A5134553459,I142974352,AFFILIATED_WITH
A5134553459,I152743029,AFFILIATED_WITH
A5134553459,I4210102636,AFFILIATED_WITH
A5134553459,I4210118607,AFFILIATED_WITH
A5134553459,I68171755,AFFILIATED_WITH
A5011810216,W4415379161,WRITES
A5011810216,I142974352,AFFILIATED_WITH
A5011810216,I152743029,AFFILIATED_WITH
A5011810216,I4210118607,AFFILIATED_WITH
A5011810216,I68171755,AFFILIATED_WITH
A5133791329,W7154587972,WRITES
A5133791329,I118292597,AFFILIATED_WITH
A5016982085,W4402129400,WRITES
A5016982085,W4402992762,WRITES
A5016982085,I193365169,AFFILIATED_WITH
A5129723627,W7138163378,WRITES
A5129723627,I98298690,AFFILIATED_WITH
LOCAL_A000033,W7115905231,WRITES
LOCAL_A000033,I98298690,AFFILIATED_WITH
A5137058739,W7162404973,WRITES
A5137058739,I109289231,AFFILIATED_WITH
A5137058739,I118692353,AFFILIATED_WITH
A5137058739,I151229976,AFFILIATED_WITH
A5137058739,I192703390,AFFILIATED_WITH
A5137058739,I4387154394,AFFILIATED_WITH
LOCAL_A000030,W7115905231,WRITES
LOCAL_A000030,I142974352,AFFILIATED_WITH
LOCAL_A000030,I4210118607,AFFILIATED_WITH
A5130406462,W7140080270,WRITES
A5130406462,I152743029,AFFILIATED_WITH
A5130406462,I4210102636,AFFILIATED_WITH
A5130406462,I4210118607,AFFILIATED_WITH
A5130406462,I68171755,AFFILIATED_WITH
A5132997043,W7150069323,WRITES
A5132997043,I1293718874,AFFILIATED_WITH
A5132997043,I152743029,AFFILIATED_WITH
A5132997043,I4210102636,AFFILIATED_WITH
A5132997043,I4210118607,AFFILIATED_WITH
A5132997043,I68171755,AFFILIATED_WITH
A5121977166,W7118163415,WRITES
A5121977166,I152743029,AFFILIATED_WITH
A5121977166,I4210102636,AFFILIATED_WITH
A5121977166,I4210118607,AFFILIATED_WITH
A5121977166,I68171755,AFFILIATED_WITH
A5034056640,W7138163378,WRITES
A5034056640,W7155558618,WRITES
A5034056640,W4415379161,WRITES
A5034056640,I152743029,AFFILIATED_WITH
A5034056640,I4210102636,AFFILIATED_WITH
A5034056640,I4210118607,AFFILIATED_WITH
A5034056640,I68171755,AFFILIATED_WITH
A5034056640,I142974352,AFFILIATED_WITH
A5130355847,W7140080270,WRITES
A5130355847,I47519274,AFFILIATED_WITH
A5130102011,W7138834802,WRITES
A5130102011,W7139037461,WRITES
A5130102011,I47519274,AFFILIATED_WITH
A5126835975,W7131416904,WRITES
A5126835975,I47519274,AFFILIATED_WITH
A5129725786,W7138163378,WRITES
A5129725786,I47519274,AFFILIATED_WITH
A5134550811,W7155558618,WRITES
A5134550811,I47519274,AFFILIATED_WITH
LOCAL_A000025,W7115881942,WRITES
LOCAL_A000025,W7115905231,WRITES
LOCAL_A000025,I47519274,AFFILIATED_WITH
A5127851075,W7133243872,WRITES
A5127851075,I47519274,AFFILIATED_WITH
A5126033772,W7128925053,WRITES
A5126033772,I47519274,AFFILIATED_WITH
A5019567462,W7131416904,WRITES
A5019567462,I4210142271,AFFILIATED_WITH
A5019567462,I47519274,AFFILIATED_WITH
A5100752861,W3133521134,WRITES
A5100752861,I4387154394,AFFILIATED_WITH
A5019745875,W7155558618,WRITES
A5019745875,I152743029,AFFILIATED_WITH
A5019745875,I2802587341,AFFILIATED_WITH
A5042211118,W4416386813,WRITES
A5042211118,W4414708112,WRITES
A5042211118,W4409898812,WRITES
A5042211118,W4402689909,WRITES
A5042211118,W4405256347,WRITES
A5042211118,W4402229499,WRITES
A5042211118,W4415379161,WRITES
A5042211118,W4416088264,WRITES
A5042211118,I47519274,AFFILIATED_WITH
A5042211118,I84653119,AFFILIATED_WITH
A5070026123,W4231545820,WRITES
A5070026123,W3135218284,WRITES
A5070026123,W3082289561,WRITES
A5070026123,W3127074863,WRITES
A5070026123,W3026677938,WRITES
A5070026123,W3171997405,WRITES
A5070026123,W3172140456,WRITES
A5070026123,W4200523471,WRITES
A5070026123,W3205987068,WRITES
A5070026123,W3207585979,WRITES
A5070026123,W4205125477,WRITES
A5070026123,W4385845285,WRITES
A5070026123,W4223646708,WRITES
A5070026123,W4288050251,WRITES
A5070026123,W3202399060,WRITES
A5070026123,W4394010597,WRITES
A5070026123,W4248037454,WRITES
A5070026123,W3013165542,WRITES
A5070026123,W3171691420,WRITES
A5070026123,W3172167377,WRITES
A5070026123,W4283330135,WRITES
A5070026123,W4399210653,WRITES
A5070026123,I4210097369,AFFILIATED_WITH
A5070026123,I56081889,AFFILIATED_WITH
A5070026123,I69181431,AFFILIATED_WITH
A5070026123,I107640659,AFFILIATED_WITH
A5070026123,I120378409,AFFILIATED_WITH
A5070026123,I4210102461,AFFILIATED_WITH
A5070026123,I186771145,AFFILIATED_WITH
A5070026123,I70593384,AFFILIATED_WITH
A5043825329,W2983803309,WRITES
A5043825329,W2767566591,WRITES
A5078738355,W3165018444,WRITES
A5078738355,W4388773911,WRITES
A5078738355,W4311176866,WRITES
A5078738355,I26120043,AFFILIATED_WITH
A5135222137,W7160032096,WRITES
A5135222137,W7160136628,WRITES
A5135222137,I4210136334,AFFILIATED_WITH
A5085874769,W7118163415,WRITES
A5085874769,I142974352,AFFILIATED_WITH
A5085874769,I4210136334,AFFILIATED_WITH
A5085874769,I56019348,AFFILIATED_WITH
LOCAL_A000018,W7115881942,WRITES
LOCAL_A000018,W7115905231,WRITES
LOCAL_A000018,I142974352,AFFILIATED_WITH
LOCAL_A000018,I4210136334,AFFILIATED_WITH
LOCAL_A000018,I56019348,AFFILIATED_WITH
A5134548566,W7155558618,WRITES
A5134548566,I142974352,AFFILIATED_WITH
A5134548566,I4210136334,AFFILIATED_WITH
A5134548566,I56019348,AFFILIATED_WITH
A5130160039,W7138834802,WRITES
A5130160039,W7139037461,WRITES
A5130160039,I142974352,AFFILIATED_WITH
A5130160039,I4210136334,AFFILIATED_WITH
A5130160039,I56019348,AFFILIATED_WITH
A5130325740,W7140080270,WRITES
A5130325740,I142974352,AFFILIATED_WITH
A5130325740,I4210136334,AFFILIATED_WITH
A5130325740,I56019348,AFFILIATED_WITH
A5129739876,W7138163378,WRITES
A5129739876,I142974352,AFFILIATED_WITH
A5129739876,I4210136334,AFFILIATED_WITH
A5129739876,I56019348,AFFILIATED_WITH
A5132986591,W7150069323,WRITES
A5132986591,I142974352,AFFILIATED_WITH
A5132986591,I4210136334,AFFILIATED_WITH
A5132986591,I56019348,AFFILIATED_WITH
A5073109221,W4402689909,WRITES
A5073109221,I867280407,AFFILIATED_WITH
A5102884763,W4205413676,WRITES
A5102884763,W3214813022,WRITES
A5102884763,W4386292890,WRITES
A5102884763,I80947539,AFFILIATED_WITH
A5018885199,W4414708112,WRITES
A5018885199,W7131416904,WRITES
A5018885199,W7133243872,WRITES
A5018885199,W4402689909,WRITES
A5018885199,I142974352,AFFILIATED_WITH
A5018885199,I4210136334,AFFILIATED_WITH
A5018885199,I56019348,AFFILIATED_WITH
A5018885199,I4210118607,AFFILIATED_WITH
A5025852195,W4416386813,WRITES
A5025852195,W4409898812,WRITES
A5025852195,W4405256347,WRITES
A5025852195,W4402229499,WRITES
A5025852195,W4415379161,WRITES
A5025852195,W4416088264,WRITES
A5025852195,I142974352,AFFILIATED_WITH
A5025852195,I4210136334,AFFILIATED_WITH
A5025852195,I56019348,AFFILIATED_WITH
A5025852195,I120211734,AFFILIATED_WITH
A5010268119,W4396514771,WRITES
A5010268119,I4210111779,AFFILIATED_WITH
A5010268119,I4210135784,AFFILIATED_WITH
A5058278223,W7147563121,WRITES
A5058278223,I170238339,AFFILIATED_WITH
A5127784211,W7147213615,WRITES
A5127784211,W7162426908,WRITES
A5127784211,I141445968,AFFILIATED_WITH
A5127784211,I4210093057,AFFILIATED_WITH
A5127784211,I4210137766,AFFILIATED_WITH
A5016644403,W4404117162,WRITES
A5092655067,W4385948362,WRITES
A5092655067,I4210163248,AFFILIATED_WITH
A5117935240,W7127959413,WRITES
A5117935240,W4411152176,WRITES
A5117935240,I4210137425,AFFILIATED_WITH
A5036248676,W4408160180,WRITES
A5026678611,W7118452653,WRITES
A5026678611,I198105771,AFFILIATED_WITH
LOCAL_A000497,W7108322544,WRITES
LOCAL_A000497,W7108328204,WRITES
LOCAL_A000497,I198105771,AFFILIATED_WITH
A5113845275,W4283330135,WRITES
A5113845275,I186771145,AFFILIATED_WITH
A5040052703,W4399485661,WRITES
A5040052703,I155028946,AFFILIATED_WITH
A5051526686,W7118452653,WRITES
A5051526686,I11892038,AFFILIATED_WITH
LOCAL_A000484,W7108322544,WRITES
LOCAL_A000484,W7108328204,WRITES
LOCAL_A000484,I11892038,AFFILIATED_WITH
A5043402758,W2964862300,WRITES
A5043402758,W4207051394,WRITES
A5043402758,W2965644806,WRITES
A5043402758,W4286493883,WRITES
A5043402758,W4205438146,WRITES
A5043402758,W4387757625,WRITES
A5043402758,I202539009,AFFILIATED_WITH
A5010412662,W4392706626,WRITES
A5010412662,W4405957313,WRITES
A5010412662,W4417297452,WRITES
A5010412662,W7136346916,WRITES
A5010412662,W7159982177,WRITES
A5010412662,W4384108323,WRITES
A5010412662,W4403137041,WRITES
A5010412662,I70349855,AFFILIATED_WITH
A5010412662,I47265099,AFFILIATED_WITH
A5101153859,W2383904373,WRITES
A5101153859,I4210123993,AFFILIATED_WITH
A5106258038,W4408446899,WRITES
A5106258038,I177733328,AFFILIATED_WITH
A5133003200,W7163995216,WRITES
A5133003200,I181397559,AFFILIATED_WITH
A5101108089,W4402689909,WRITES
A5101108089,I142974352,AFFILIATED_WITH
A5101108089,I4210118607,AFFILIATED_WITH
A5101108089,I4210136334,AFFILIATED_WITH
A5101108089,I56019348,AFFILIATED_WITH
A5048030754,W4317794911,WRITES
A5048030754,I4880106,AFFILIATED_WITH
A5123559083,W7125419339,WRITES
A5123559083,I52179390,AFFILIATED_WITH
A5038369638,W2592738442,WRITES
A5038369638,I4210123993,AFFILIATED_WITH
A5038369638,I4210125796,AFFILIATED_WITH
A5073928697,W4313130190,WRITES
A5073928697,I3133213403,AFFILIATED_WITH
A5073928697,I4210123993,AFFILIATED_WITH
A5073249579,W2767566591,WRITES
A5049932095,W4283327689,WRITES
A5049932095,I4210123993,AFFILIATED_WITH
A5005091829,W2920983499,WRITES
A5005091829,I1283280774,AFFILIATED_WITH
A5005091829,I4210119317,AFFILIATED_WITH
A5028857740,W2626032508,WRITES
A5028857740,I11935315,AFFILIATED_WITH
A5028857740,I1294671590,AFFILIATED_WITH
A5028857740,I4210159287,AFFILIATED_WITH
A5026242942,W2108572327,WRITES
A5026242942,I176714629,AFFILIATED_WITH
A5013846032,W4416791975,WRITES
A5013846032,I4210159142,AFFILIATED_WITH
A5087144106,W4404189171,WRITES
A5087144106,W4411207447,WRITES
A5087144106,I170606269,AFFILIATED_WITH
A5087144106,I72677000,AFFILIATED_WITH
A5136827707,W7162215912,WRITES
A5136827707,I4210123993,AFFILIATED_WITH
A5092771767,W4386526168,WRITES
A5092771767,I45756140,AFFILIATED_WITH
A5056133033,W4391445568,WRITES
A5056133033,W4396895702,WRITES
A5056133033,W4402596390,WRITES
A5056133033,W4318819594,WRITES
A5056133033,W4407666597,WRITES
A5056133033,W4322746639,WRITES
A5056133033,W4388739730,WRITES
A5056133033,I4210115718,AFFILIATED_WITH
A5128359839,W7134190072,WRITES
A5128359839,I4210115718,AFFILIATED_WITH
A5090865034,W4405757553,WRITES
A5090865034,I2801941164,AFFILIATED_WITH
A5119281888,W4413145178,WRITES
A5119281888,I4210123993,AFFILIATED_WITH
A5100676084,W2354833123,WRITES
A5100676084,W2362290456,WRITES
A5100676084,I4210123993,AFFILIATED_WITH
A5006218473,W4402689909,WRITES
A5006218473,I91807558,AFFILIATED_WITH
A5004532785,W3196785563,WRITES
A5004532785,W4296598416,WRITES
A5004532785,I22265921,AFFILIATED_WITH
A5080417608,W2380757258,WRITES
A5080417608,I4210123993,AFFILIATED_WITH
A5126012782,W7128925053,WRITES
A5126012782,I47519274,AFFILIATED_WITH
A5129709377,W7138163378,WRITES
A5129709377,I1293718874,AFFILIATED_WITH
A5102233003,W4415379161,WRITES
A5102233003,I1293718874,AFFILIATED_WITH
A5132984408,W7150069323,WRITES
A5132984408,I4210119487,AFFILIATED_WITH
LOCAL_A000037,W7115905231,WRITES
LOCAL_A000037,I1293718874,AFFILIATED_WITH
A5046738686,W4402689909,WRITES
A5046738686,I1293718874,AFFILIATED_WITH
A5046738686,I4210118607,AFFILIATED_WITH
A5134528492,W7155558618,WRITES
A5134528492,I4210119487,AFFILIATED_WITH
A5121948811,W7118163415,WRITES
A5121948811,I47519274,AFFILIATED_WITH
A5080788166,W7138834802,WRITES
A5080788166,W7139037461,WRITES
A5080788166,W4409898812,WRITES
A5080788166,I2802331550,AFFILIATED_WITH
A5080788166,I47519274,AFFILIATED_WITH
A5060701822,W7138163378,WRITES
A5060701822,W4409898812,WRITES
A5060701822,W4402689909,WRITES
A5060701822,I47519274,AFFILIATED_WITH
A5054642186,W3199396396,WRITES
A5054642186,I76835614,AFFILIATED_WITH
LOCAL_A000538,W3034501957,WRITES
LOCAL_A000538,I76835614,AFFILIATED_WITH
A5121974331,W7118163415,WRITES
A5121974331,W7140080270,WRITES
A5121974331,W7150069323,WRITES
A5121974331,I152743029,AFFILIATED_WITH
A5121974331,I4210102636,AFFILIATED_WITH
A5121974331,I4210118607,AFFILIATED_WITH
A5091390670,W4415383964,WRITES
A5091390670,I4210104442,AFFILIATED_WITH
A5091390670,I70349855,AFFILIATED_WITH
LOCAL_A000532,W3131063929,WRITES
LOCAL_A000532,I76835614,AFFILIATED_WITH
A5100728493,W2358678889,WRITES
A5054841477,W4381716148,WRITES
A5054841477,I91807558,AFFILIATED_WITH
A5124890262,W7127417295,WRITES
A5124890262,I4210088746,AFFILIATED_WITH
LOCAL_A000731,W4411310108,WRITES
LOCAL_A000731,I18550681,AFFILIATED_WITH
A5066553195,W4283383303,WRITES
A5066553195,W3159682264,WRITES
A5066553195,W4228997162,WRITES
A5066553195,W4281388431,WRITES
A5066553195,I123565023,AFFILIATED_WITH
A5044990778,W3214278109,WRITES
A5044990778,I12450925,AFFILIATED_WITH
LOCAL_A000677,W4408160180,WRITES
LOCAL_A000677,I2802508454,AFFILIATED_WITH
A5042803653,W4283206317,WRITES
A5042803653,W4283512790,WRITES
A5042803653,I4210123993,AFFILIATED_WITH
A5016346715,W4280510179,WRITES
A5016346715,I177733328,AFFILIATED_WITH
A5025949224,W4396706012,WRITES
A5025949224,I4210096063,AFFILIATED_WITH
A5100623707,W4403302723,WRITES
A5100623707,W4403867823,WRITES
A5100623707,W4415350151,WRITES
A5100623707,W4283838068,WRITES
A5100623707,W4413501956,WRITES
A5100623707,W4404826466,WRITES
A5100623707,W4415596303,WRITES
A5100623707,W4402723512,WRITES
A5100623707,I131359167,AFFILIATED_WITH
A5100623707,I170238339,AFFILIATED_WITH
A5034492478,W4302847498,WRITES
A5034492478,I205133468,AFFILIATED_WITH
A5090710719,W2373075560,WRITES
A5006481103,W2921438491,WRITES
A5006481103,I1283280774,AFFILIATED_WITH
A5078876786,W2958510524,WRITES
A5058972343,W2006698604,WRITES
A5058972343,I114112103,AFFILIATED_WITH
A5073228774,W4312600534,WRITES
A5073228774,I3133213403,AFFILIATED_WITH
A5045164373,W4388086462,WRITES
A5045164373,I166337079,AFFILIATED_WITH
A5028491207,W2958510524,WRITES
A5028491207,W2172418087,WRITES
A5028491207,W2983803309,WRITES
A5028491207,W4211174566,WRITES
A5089932663,W3214891465,WRITES
A5089932663,I205133468,AFFILIATED_WITH
A5084694056,W4387846071,WRITES
A5084694056,W4393318354,WRITES
A5084694056,I4210125363,AFFILIATED_WITH
A5084694056,I223532165,AFFILIATED_WITH
A5058872102,W3000922636,WRITES
A5058872102,I4210120526,AFFILIATED_WITH
A5108310133,W4389397671,WRITES
A5108310133,I3129492623,AFFILIATED_WITH
A5018802115,W7125821153,WRITES
A5018802115,W4412631044,WRITES
A5018802115,I3020192730,AFFILIATED_WITH
A5049884996,W4393066106,WRITES
A5049884996,W4410228494,WRITES
A5049884996,I205274468,AFFILIATED_WITH
A5092528512,W4403377680,WRITES
A5092528512,W4385190558,WRITES
A5092528512,I4210123993,AFFILIATED_WITH
A5092236474,W4381660791,WRITES
A5092236474,I4210123993,AFFILIATED_WITH
A5121936243,W7118181553,WRITES
A5121936243,I1291453478,AFFILIATED_WITH
A5121936243,I181727666,AFFILIATED_WITH
A5121936243,I4210123993,AFFILIATED_WITH
A5100772703,W4392706626,WRITES
A5100772703,W4390717671,WRITES
A5100772703,W4405957313,WRITES
A5100772703,I4210104442,AFFILIATED_WITH
A5100772703,I4210154685,AFFILIATED_WITH
A5100772703,I47807185,AFFILIATED_WITH
A5065293686,W4399084369,WRITES
A5065293686,W4408722193,WRITES
A5065293686,I94518387,AFFILIATED_WITH
A5084444623,W3158335115,WRITES
A5084444623,W3159682264,WRITES
A5084444623,W3156106451,WRITES
A5084444623,W3100063371,WRITES
A5084444623,I4210139842,AFFILIATED_WITH
A5061893866,W4283763732,WRITES
A5061893866,W4289259902,WRITES
A5061893866,W4401831013,WRITES
A5061893866,I141445968,AFFILIATED_WITH
A5089199473,W4324091098,WRITES
A5089199473,I12450925,AFFILIATED_WITH
A5045162054,W4308684493,WRITES
A5045162054,W4391889662,WRITES
A5045162054,W4283723303,WRITES
A5045162054,W4386601257,WRITES
A5045162054,W4296210434,WRITES
A5045162054,W4376454465,WRITES
A5045162054,I4210123993,AFFILIATED_WITH
A5002834057,W4416954067,WRITES
A5002834057,I3020192730,AFFILIATED_WITH
A5001873550,W4286484421,WRITES
A5001873550,I141445968,AFFILIATED_WITH
A5109139032,W4410855018,WRITES
A5109139032,I4210123993,AFFILIATED_WITH
A5102708623,W3188003319,WRITES
A5102708623,W4387358503,WRITES
A5102708623,I4210123993,AFFILIATED_WITH
A5059958821,W4382795276,WRITES
A5059958821,W4413910107,WRITES
A5059958821,W4393384981,WRITES
A5059958821,W4312508319,WRITES
A5059958821,W4380202673,WRITES
A5059958821,W4328128687,WRITES
A5059958821,W4400100979,WRITES
A5059958821,W4367322283,WRITES
A5059958821,W4387258982,WRITES
A5059958821,I4210123993,AFFILIATED_WITH
A5113119675,W4412161992,WRITES
A5113119675,W4391844119,WRITES
A5113119675,I70349855,AFFILIATED_WITH
A5023198807,W4403867823,WRITES
A5023198807,I131359167,AFFILIATED_WITH
A5023198807,I170238339,AFFILIATED_WITH
A5103966558,W7138847349,WRITES
A5103966558,I170238339,AFFILIATED_WITH
A5020354608,W3034501957,WRITES
A5020354608,I177733328,AFFILIATED_WITH
A5043416024,W4308998671,WRITES
A5043416024,I4210123993,AFFILIATED_WITH
LOCAL_A000577,W4281722354,WRITES
LOCAL_A000577,I4210096063,AFFILIATED_WITH
A5014209082,W3108106393,WRITES
A5014209082,I47807185,AFFILIATED_WITH
A5038883492,W3025191241,WRITES
A5015697944,W2519522313,WRITES
A5015697944,W2676123895,WRITES
A5015697944,I11935315,AFFILIATED_WITH
A5015697944,I19894307,AFFILIATED_WITH
A5015697944,I4210159287,AFFILIATED_WITH
A5015697944,I1294671590,AFFILIATED_WITH
LOCAL_A000291,W2997493078,WRITES
LOCAL_A000291,I11935315,AFFILIATED_WITH
LOCAL_A000291,I19894307,AFFILIATED_WITH
LOCAL_A000291,I4210159287,AFFILIATED_WITH
A5000845033,W4213441121,WRITES
A5000845033,I127366699,AFFILIATED_WITH
A5000845033,I29199639,AFFILIATED_WITH
A5000845033,I4210123993,AFFILIATED_WITH
A5000845033,I4210161636,AFFILIATED_WITH
A5061596524,W7161594234,WRITES
A5061596524,I141445968,AFFILIATED_WITH
A5007280992,W4402013946,WRITES
A5007280992,I123565023,AFFILIATED_WITH
LOCAL_A000240,W4312656552,WRITES
LOCAL_A000323,W4285191318,WRITES
LOCAL_A000236,W4312656552,WRITES
LOCAL_A000325,W4285191318,WRITES
LOCAL_A000122,W4293221027,WRITES
LOCAL_A000271,W4312656552,WRITES
LOCAL_A000324,W4285191318,WRITES
LOCAL_A000195,W4293221027,WRITES
A5112073302,W2036122594,WRITES
A5112073302,W2112833496,WRITES
LOCAL_A000190,W4293221027,WRITES
LOCAL_A000233,W4312656552,WRITES
LOCAL_A000253,W4312656552,WRITES
LOCAL_A000686,W4253353920,WRITES
LOCAL_A000278,W4312656552,WRITES
LOCAL_A000119,W4293221027,WRITES
A5110590514,W4205915709,WRITES
A5110590514,I177733328,AFFILIATED_WITH
LOCAL_A000174,W4293221027,WRITES
LOCAL_A000127,W4293221027,WRITES
A5113822792,W3096351903,WRITES
A5113822792,I202539009,AFFILIATED_WITH
A5021191541,W2049769420,WRITES
A5021191541,I4210120128,AFFILIATED_WITH
A5015332154,W4311627462,WRITES
A5015332154,I141445968,AFFILIATED_WITH
A5123725993,W7127345430,WRITES
A5123725993,I94518387,AFFILIATED_WITH
A5129663908,W7162318469,WRITES
A5129663908,I41802502,AFFILIATED_WITH
A5132327831,W7162318469,WRITES
A5132327831,I223532165,AFFILIATED_WITH
A5027527648,W4376891951,WRITES
A5027527648,I4210092312,AFFILIATED_WITH
A5027527648,I4210142646,AFFILIATED_WITH
A5027527648,I98677209,AFFILIATED_WITH
A5129679066,W7137867611,WRITES
A5129679066,W7138450076,WRITES
A5129679066,W7154041191,WRITES
A5129679066,I4210123993,AFFILIATED_WITH
A5129679066,I4210131701,AFFILIATED_WITH
A5016981467,W4376891951,WRITES
A5016981467,I138925566,AFFILIATED_WITH
A5016981467,I4210104335,AFFILIATED_WITH
A5027845624,W2131291272,WRITES
A5027845624,I4210130898,AFFILIATED_WITH
A5113989777,W3205272172,WRITES
A5113989777,I130828816,AFFILIATED_WITH
A5133529032,W7154041191,WRITES
A5133529032,I170238339,AFFILIATED_WITH
LOCAL_A000047,W7129373484,WRITES
LOCAL_A000047,W4416734647,WRITES
LOCAL_A000047,I170238339,AFFILIATED_WITH
A5123227832,W7124434172,WRITES
A5123227832,I170238339,AFFILIATED_WITH
A5128192943,W7133833955,WRITES
A5128192943,I170238339,AFFILIATED_WITH
A5136930533,W7162318469,WRITES
A5136930533,I1925986,AFFILIATED_WITH
A5113211574,W4376891951,WRITES
A5113211574,I4210145414,AFFILIATED_WITH
LOCAL_A000642,W2075394754,WRITES
A5111758380,W2496171072,WRITES
A5111758380,I4210123993,AFFILIATED_WITH
A5111758380,I4210125796,AFFILIATED_WITH
A5086255445,W4383484815,WRITES
A5086255445,I1315456113,AFFILIATED_WITH
A5125536071,W7161302210,WRITES
A5125536071,I157485424,AFFILIATED_WITH
A5080661941,W7162318469,WRITES
A5080661941,I223532165,AFFILIATED_WITH
A5136990545,W7162318469,WRITES
A5136990545,I80849659,AFFILIATED_WITH
A5132124518,W7162318469,WRITES
A5132124518,I207123951,AFFILIATED_WITH
A5132077295,W7162318469,WRITES
A5132077295,I48566637,AFFILIATED_WITH
A5017284186,W4394568521,WRITES
A5017284186,I4210104335,AFFILIATED_WITH
A5017284186,I848706,AFFILIATED_WITH
A5136913435,W7162318469,WRITES
A5136913435,I137975476,AFFILIATED_WITH
A5071570842,W4383484815,WRITES
A5071570842,I170238339,AFFILIATED_WITH
A5037497064,W4377091076,WRITES
A5037497064,W4372284010,WRITES
A5037497064,I170238339,AFFILIATED_WITH
A5114222021,W4377091076,WRITES
A5114222021,W4372284010,WRITES
A5114222021,W4410344643,WRITES
A5114222021,W4403539683,WRITES
A5114222021,I70349855,AFFILIATED_WITH
A5114222021,I4210148301,AFFILIATED_WITH
A5114222021,I64519617,AFFILIATED_WITH
LOCAL_A000098,W3201355987,WRITES
LOCAL_A000098,I4210123993,AFFILIATED_WITH
A5046987451,W3161051587,WRITES
A5046987451,I121980950,AFFILIATED_WITH
A5089807232,W4230184352,WRITES
A5138166377,W7163886815,WRITES
A5138166377,I170238339,AFFILIATED_WITH
A5048993786,W4387868634,WRITES
A5048993786,W4399579863,WRITES
A5048993786,W4312154904,WRITES
A5048993786,W4415170399,WRITES
A5048993786,W4417319514,WRITES
A5048993786,W4396895702,WRITES
A5048993786,W4394886436,WRITES
A5048993786,W4407666597,WRITES
A5048993786,W4399691773,WRITES
A5048993786,W4412843188,WRITES
A5048993786,W4399680508,WRITES
A5048993786,W4398179436,WRITES
A5048993786,W4296061001,WRITES
A5048993786,W4388739730,WRITES
A5048993786,I170238339,AFFILIATED_WITH
A5027148979,W4391126777,WRITES
A5027148979,I120938084,AFFILIATED_WITH
A5027148979,I125989756,AFFILIATED_WITH
A5044322231,W3169005697,WRITES
A5044322231,I4210093468,AFFILIATED_WITH
A5044322231,I4210123993,AFFILIATED_WITH
A5103978016,W3169005697,WRITES
A5103978016,I4210093468,AFFILIATED_WITH
A5103978016,I4210123993,AFFILIATED_WITH
A5035110418,W7116930752,WRITES
A5035110418,I118373667,AFFILIATED_WITH
A5001857425,W4292964871,WRITES
A5001857425,W4295123541,WRITES
A5001857425,W4385235017,WRITES
A5001857425,I4210123993,AFFILIATED_WITH
LOCAL_A000636,W4406804501,WRITES
A5043227923,W4235762531,WRITES
A5043227923,I4210123993,AFFILIATED_WITH
A5046940577,W4409606618,WRITES
A5046940577,W4388757718,WRITES
A5089096517,W4411159297,WRITES
A5089096517,W4322746639,WRITES
A5089096517,W4388051817,WRITES
A5089096517,I10660446,AFFILIATED_WITH
A5010231114,W3021273088,WRITES
A5010231114,W7127436591,WRITES
A5010231114,I170238339,AFFILIATED_WITH
A5101852052,W4210483046,WRITES
A5101852052,I25757504,AFFILIATED_WITH
LOCAL_A000013,W7115881942,WRITES
LOCAL_A000013,W7115905231,WRITES
LOCAL_A000013,I4210133311,AFFILIATED_WITH
LOCAL_A000013,I47519274,AFFILIATED_WITH
A5009050600,W7138834802,WRITES
A5009050600,W7139037461,WRITES
A5009050600,W7140080270,WRITES
A5009050600,W7150069323,WRITES
A5009050600,W4416088264,WRITES
A5009050600,I4210133311,AFFILIATED_WITH
A5009050600,I47519274,AFFILIATED_WITH
A5135237975,W7160032096,WRITES
A5135237975,W7160136628,WRITES
A5135237975,I47519274,AFFILIATED_WITH
A5063193184,W2357372544,WRITES
A5063193184,I4210123993,AFFILIATED_WITH
LOCAL_A000387,W4381250021,WRITES
A5060646961,W3182154770,WRITES
A5060646961,I4210123755,AFFILIATED_WITH
A5061332152,W3107648739,WRITES
A5061332152,W4288036364,WRITES
A5061332152,W4392971270,WRITES
A5061332152,W4385718727,WRITES
A5061332152,W4410014433,WRITES
A5061332152,W4384300207,WRITES
A5061332152,I4210123993,AFFILIATED_WITH
A5033052825,W4324091098,WRITES
A5033052825,W4376643991,WRITES
A5033052825,I4210123993,AFFILIATED_WITH
A5130363023,W7140101445,WRITES
A5130363023,I141445968,AFFILIATED_WITH
A5103065067,W4225286997,WRITES
A5103065067,W4284705287,WRITES
A5103065067,I4210111957,AFFILIATED_WITH
A5103065067,I4391012539,AFFILIATED_WITH
A5103065067,I4210101969,AFFILIATED_WITH
A5057057975,W4281786168,WRITES
A5057057975,I123565023,AFFILIATED_WITH
A5057057975,I23582244,AFFILIATED_WITH
A5038456548,W4407561213,WRITES
A5038456548,I188815454,AFFILIATED_WITH
A5038456548,I205133468,AFFILIATED_WITH
A5028135770,W4393932362,WRITES
A5028135770,I4210150999,AFFILIATED_WITH
A5028135770,I4400600977,AFFILIATED_WITH
A5011524280,W3199125328,WRITES
A5011524280,I4210123993,AFFILIATED_WITH
A5065278638,W4416386813,WRITES
A5065278638,W4414708112,WRITES
A5065278638,W7118163415,WRITES
A5065278638,W7128925053,WRITES
A5065278638,W7131416904,WRITES
A5065278638,W7133243872,WRITES
A5065278638,W7138163378,WRITES
A5065278638,W7155558618,WRITES
A5065278638,W4409898812,WRITES
A5065278638,W4415379161,WRITES
A5065278638,I47519274,AFFILIATED_WITH
A5065278638,I4210133311,AFFILIATED_WITH
A5000794649,W7117479710,WRITES
A5000794649,I4210123799,AFFILIATED_WITH
A5048412714,W4312032783,WRITES
A5048412714,W4312874203,WRITES
A5048412714,I177733328,AFFILIATED_WITH
A5112840902,W7128925053,WRITES
A5112840902,W7131416904,WRITES
A5112840902,I77920804,AFFILIATED_WITH
LOCAL_A000011,W4417200652,WRITES
LOCAL_A000011,I21250087,AFFILIATED_WITH
A5113567751,W4205707270,WRITES
A5113567751,I123565023,AFFILIATED_WITH
A5124978282,W7127632959,WRITES
A5124978282,I177733328,AFFILIATED_WITH
A5063393733,W2030518961,WRITES
A5063393733,I4210088961,AFFILIATED_WITH
LOCAL_A000388,W4381436947,WRITES
LOCAL_A000388,I202539009,AFFILIATED_WITH
LOCAL_A000388,I4210086020,AFFILIATED_WITH
LOCAL_A000388,I4210123993,AFFILIATED_WITH
A5117389294,W4409968481,WRITES
A5117389294,I4210134642,AFFILIATED_WITH
A5101861939,W4282926064,WRITES
A5101861939,W4401475444,WRITES
A5101861939,W4404087784,WRITES
A5101861939,W7163742943,WRITES
A5101861939,W4402962879,WRITES
A5101861939,W4396989760,WRITES
A5101861939,W4401007185,WRITES
A5101861939,I4210110116,AFFILIATED_WITH
A5101861939,I4391012539,AFFILIATED_WITH
A5101861939,I4210123993,AFFILIATED_WITH
A5065042911,W4382813560,WRITES
A5065042911,I141445968,AFFILIATED_WITH
A5080811307,W4413265398,WRITES
A5080811307,I3129492623,AFFILIATED_WITH
A5102013370,W4389397671,WRITES
A5102013370,W7147563121,WRITES
A5102013370,W7163549597,WRITES
A5102013370,W4400010516,WRITES
A5102013370,W4411213793,WRITES
A5102013370,I4210123993,AFFILIATED_WITH
A5102013370,I2800023466,AFFILIATED_WITH
A5111269850,W4392003525,WRITES
A5111269850,I3020192730,AFFILIATED_WITH
A5113262960,W4381234360,WRITES
A5113262960,I141445968,AFFILIATED_WITH
A5049649933,W4401099348,WRITES
A5049649933,W4413401695,WRITES
A5049649933,I170238339,AFFILIATED_WITH
A5112805145,W4391319779,WRITES
A5112805145,I141445968,AFFILIATED_WITH
A5102650285,W4394886436,WRITES
A5102650285,W4410274316,WRITES
A5102650285,I177733328,AFFILIATED_WITH
A5110999034,W4415097908,WRITES
A5110999034,I2801894621,AFFILIATED_WITH
A5110999034,I3132161128,AFFILIATED_WITH
A5080864544,W4386053682,WRITES
A5080864544,W4411134673,WRITES
A5080864544,I3020192730,AFFILIATED_WITH
LOCAL_A000076,W4400220421,WRITES
LOCAL_A000076,W4401257954,WRITES
LOCAL_A000076,I4210123993,AFFILIATED_WITH
A5102428787,W4382885000,WRITES
A5102428787,I47807185,AFFILIATED_WITH
A5091402697,W2889093901,WRITES
A5091402697,W4292485446,WRITES
A5091402697,I208356959,AFFILIATED_WITH
A5091402697,I4210123993,AFFILIATED_WITH
A5091402697,I4210148897,AFFILIATED_WITH
A5025125736,W4403852725,WRITES
A5025125736,I4210123993,AFFILIATED_WITH
A5018512305,W4385496343,WRITES
A5018512305,I70349855,AFFILIATED_WITH
A5068504606,W4318762606,WRITES
A5068504606,W3197526874,WRITES
A5068504606,I4210095101,AFFILIATED_WITH
A5068504606,I71437568,AFFILIATED_WITH
A5094282888,W4407714316,WRITES
A5094282888,W4393336473,WRITES
A5094282888,W7117322308,WRITES
A5094282888,W4401385427,WRITES
A5094282888,W4400867540,WRITES
A5094282888,W4399465791,WRITES
A5094282888,W4403843479,WRITES
A5094282888,W4406609946,WRITES
A5094282888,I4210123993,AFFILIATED_WITH
A5094282888,I2800979047,AFFILIATED_WITH
LOCAL_A000393,W4387103468,WRITES
LOCAL_A000393,I4210123993,AFFILIATED_WITH
LOCAL_A000623,W4413770120,WRITES
LOCAL_A000623,I177233841,AFFILIATED_WITH
A5124936434,W7127316044,WRITES
A5124936434,I4210123993,AFFILIATED_WITH
A5046042230,W4393004179,WRITES
A5046042230,W4393854948,WRITES
A5046042230,W4390368114,WRITES
A5046042230,W4379114914,WRITES
A5046042230,I4210123993,AFFILIATED_WITH
A5046042230,I151229976,AFFILIATED_WITH
A5104423471,W4409313923,WRITES
A5104423471,I4210116271,AFFILIATED_WITH
A5137821333,W7163582689,WRITES
A5137821333,I2802050120,AFFILIATED_WITH
A5104132940,W4381546781,WRITES
A5104132940,I1289196864,AFFILIATED_WITH
A5104132940,I4210123993,AFFILIATED_WITH
A5075950807,W3200248305,WRITES
A5075950807,I141445968,AFFILIATED_WITH
A5072742774,W3041450853,WRITES
A5072742774,I4210101969,AFFILIATED_WITH
A5086905703,W4377091076,WRITES
A5086905703,W4372284010,WRITES
A5043955830,W3185593370,WRITES
A5043955830,I4210163248,AFFILIATED_WITH
A5113069412,W4389625650,WRITES
A5113069412,I123565023,AFFILIATED_WITH
A5113069412,I47265099,AFFILIATED_WITH
A5063754238,W4413401695,WRITES
A5063754238,I135822937,AFFILIATED_WITH
A5022245617,W3023664969,WRITES
A5022245617,W4282926064,WRITES
A5022245617,W4364304374,WRITES
A5022245617,W3199301772,WRITES
A5022245617,W3200721992,WRITES
A5022245617,W3199396396,WRITES
A5022245617,W3131063929,WRITES
A5022245617,W3034501957,WRITES
A5022245617,W3033526964,WRITES
A5022245617,W3083806460,WRITES
A5022245617,W3015771813,WRITES
A5022245617,W4388805496,WRITES
A5022245617,W3209926259,WRITES
A5022245617,W3200524819,WRITES
A5022245617,I4210123993,AFFILIATED_WITH
A5022245617,I4210110116,AFFILIATED_WITH
A5022245617,I4391012539,AFFILIATED_WITH
A5124896920,W7127404728,WRITES
A5124896920,I47265099,AFFILIATED_WITH
A5005768372,W3136506403,WRITES
A5005768372,I4210123993,AFFILIATED_WITH
A5129411618,W7136346916,WRITES
A5129411618,I47265099,AFFILIATED_WITH
LOCAL_A000284,W4387386822,WRITES
LOCAL_A000284,I4210110116,AFFILIATED_WITH
LOCAL_A000284,I4391012539,AFFILIATED_WITH
A5021191255,W4401719937,WRITES
A5021191255,I134085113,AFFILIATED_WITH
A5108224525,W2055401175,WRITES
A5108224525,I4210120128,AFFILIATED_WITH
A5036096394,W2921306927,WRITES
A5036096394,I291402441,AFFILIATED_WITH
A5036096394,I63966007,AFFILIATED_WITH
A5007250589,W4206770842,WRITES
A5007250589,I4210139239,AFFILIATED_WITH
A5056885320,W2958510524,WRITES
A5088003737,W2920983499,WRITES
A5088003737,I136199984,AFFILIATED_WITH
A5070913859,W2983803309,WRITES
A5008074955,W4410344643,WRITES
A5008074955,I4210095567,AFFILIATED_WITH
A5008074955,I75778554,AFFILIATED_WITH
A5021997056,W2958510524,WRITES
A5021997056,I4210114368,AFFILIATED_WITH
A5025312667,W4417007013,WRITES
A5025312667,W7126022358,WRITES
A5025312667,W7126088191,WRITES
A5025312667,I189462010,AFFILIATED_WITH
A5036583209,W4283766228,WRITES
A5036583209,W4361214286,WRITES
A5036583209,W4307991005,WRITES
A5036583209,I123565023,AFFILIATED_WITH
A5036583209,I170238339,AFFILIATED_WITH
A5036583209,I4210088668,AFFILIATED_WITH
A5036583209,I93860229,AFFILIATED_WITH
A5136027486,W7161066054,WRITES
A5136027486,I4210103231,AFFILIATED_WITH
A5092228143,W4381546781,WRITES
A5092228143,I67868205,AFFILIATED_WITH
A5058540098,W3171219399,WRITES
A5058540098,I4210111036,AFFILIATED_WITH
A5058540098,I4210124651,AFFILIATED_WITH
A5080272177,W2995545104,WRITES
A5080272177,I94518387,AFFILIATED_WITH
A5023192051,W3185593370,WRITES
A5023192051,I70349855,AFFILIATED_WITH
A5011756398,W3128738220,WRITES
A5011756398,I141445968,AFFILIATED_WITH
A5037059087,W7119357954,WRITES
A5037059087,I3129629310,AFFILIATED_WITH
A5042098541,W4381988114,WRITES
A5042098541,W4391448534,WRITES
A5042098541,W4392795430,WRITES
A5042098541,W4391926108,WRITES
A5042098541,W4390410811,WRITES
A5042098541,W4399685159,WRITES
A5042098541,I120089902,AFFILIATED_WITH
A5042098541,I28022161,AFFILIATED_WITH
A5063075392,W4415649536,WRITES
A5065884707,W3200004199,WRITES
A5065884707,W3191079210,WRITES
A5065884707,W3213278528,WRITES
A5065884707,W2896394903,WRITES
A5065884707,W4387116947,WRITES
A5065884707,W4388657471,WRITES
A5065884707,I4210144900,AFFILIATED_WITH
A5075020121,W7123341761,WRITES
A5075020121,I4210124651,AFFILIATED_WITH
A5068093105,W3204380746,WRITES
A5068093105,I4210123993,AFFILIATED_WITH
A5116302831,W7118452653,WRITES
A5116302831,I185492890,AFFILIATED_WITH
A5022527502,W3216706421,WRITES
A5022527502,I4210147944,AFFILIATED_WITH
A5010992089,W4404755595,WRITES
A5010992089,I51158804,AFFILIATED_WITH
A5071594228,W4413958021,WRITES
A5071594228,I56590836,AFFILIATED_WITH
A5041707620,W4414022061,WRITES
A5041707620,W4367022856,WRITES
A5041707620,W4403867823,WRITES
A5041707620,W7130418290,WRITES
A5041707620,W4392286337,WRITES
A5041707620,W4378448636,WRITES
A5041707620,W4402796579,WRITES
A5041707620,W4308183904,WRITES
A5041707620,W4412174766,WRITES
A5041707620,W4313592827,WRITES
A5041707620,I4210123993,AFFILIATED_WITH
A5041707620,I4210131701,AFFILIATED_WITH
A5041707620,I126406834,AFFILIATED_WITH
A5041707620,I130294970,AFFILIATED_WITH
A5135434178,W7160374639,WRITES
A5135434178,I4210123993,AFFILIATED_WITH
A5135434178,I4210131701,AFFILIATED_WITH
A5111598709,W3040505135,WRITES
A5111598709,I2802508454,AFFILIATED_WITH
A5083202029,W7163995216,WRITES
A5083202029,I4210123993,AFFILIATED_WITH
A5101595253,W4385356574,WRITES
A5011724052,W3017246359,WRITES
A5011724052,I94518387,AFFILIATED_WITH
A5019541405,W3204989818,WRITES
A5019541405,W4234747297,WRITES
A5019541405,I4210123993,AFFILIATED_WITH
A5084241302,W4403889363,WRITES
A5084241302,I4210108426,AFFILIATED_WITH
A5084241302,I4210158110,AFFILIATED_WITH
A5064476016,W7166003581,WRITES
A5064476016,W4402962879,WRITES
A5064476016,W4396989760,WRITES
A5064476016,I1315456113,AFFILIATED_WITH
A5011347329,W4308874308,WRITES
A5011347329,I304664074,AFFILIATED_WITH
A5028777364,W4402696133,WRITES
A5028777364,W4390501728,WRITES
A5028777364,W4407615544,WRITES
A5028777364,I187846814,AFFILIATED_WITH
A5068500779,W4385636594,WRITES
A5068500779,W4321609955,WRITES
A5068500779,I1313323035,AFFILIATED_WITH
A5068500779,I132091411,AFFILIATED_WITH
A5068500779,I4210086928,AFFILIATED_WITH
A5045600839,W2983803309,WRITES
A5045600839,I103605065,AFFILIATED_WITH
A5073228138,W3214891465,WRITES
A5073228138,I205133468,AFFILIATED_WITH
A5018227404,W4392600430,WRITES
A5018227404,W4392709346,WRITES
A5018227404,W4409462844,WRITES
A5018227404,I1332353952,AFFILIATED_WITH
A5018227404,I4210148235,AFFILIATED_WITH
A5110731166,W4410974180,WRITES
A5110731166,W4416208916,WRITES
A5110731166,I27765905,AFFILIATED_WITH
A5018098972,W2167868957,WRITES
A5051246640,W4283327689,WRITES
A5051246640,I4210123993,AFFILIATED_WITH
A5073498622,W2958510524,WRITES
A5076850672,W2983803309,WRITES
A5076850672,I4210100553,AFFILIATED_WITH
A5066145908,W4392709529,WRITES
A5066145908,W4309613826,WRITES
A5066145908,W4406854999,WRITES
A5066145908,I4210139315,AFFILIATED_WITH
A5047127247,W4321250367,WRITES
A5047127247,I1332353952,AFFILIATED_WITH
A5012021096,W4392600430,WRITES
A5012021096,W4392709346,WRITES
A5012021096,W4364375921,WRITES
A5012021096,I1332353952,AFFILIATED_WITH
A5103277183,W4394924177,WRITES
A5103277183,I136761661,AFFILIATED_WITH
A5003607184,W2767566591,WRITES
A5026364638,W4414417404,WRITES
A5026364638,I4210127772,AFFILIATED_WITH
A5101440087,W4308588861,WRITES
A5101440087,W4307521070,WRITES
A5101440087,I4210139315,AFFILIATED_WITH
A5021828664,W2983803309,WRITES
A5021828664,W4211174566,WRITES
A5021828664,W2180953235,WRITES
A5084369012,W4389784464,WRITES
A5084369012,I205133468,AFFILIATED_WITH
A5053086929,W4308731653,WRITES
A5053086929,W4317382500,WRITES
A5053086929,W4288690019,WRITES
A5053086929,W4283766228,WRITES
A5053086929,W4361214286,WRITES
A5053086929,W4310339445,WRITES
A5053086929,W4389200921,WRITES
A5053086929,W4387519102,WRITES
A5053086929,W3207226598,WRITES
A5053086929,W4307991005,WRITES
A5053086929,I124601658,AFFILIATED_WITH
A5053086929,I4403928193,AFFILIATED_WITH
A5053086929,I93860229,AFFILIATED_WITH
A5053086929,I160013858,AFFILIATED_WITH
A5053086929,I30771326,AFFILIATED_WITH
A5053086929,I4210088668,AFFILIATED_WITH
A5053086929,I4210135780,AFFILIATED_WITH
A5032538132,W4409968481,WRITES
A5100755541,W4404051530,WRITES
A5100755541,I4210154004,AFFILIATED_WITH
LOCAL_A000488,W7108322544,WRITES
LOCAL_A000488,W7108328204,WRITES
LOCAL_A000488,I271457894,AFFILIATED_WITH
A5104084220,W4288457039,WRITES
A5104084220,I464993,AFFILIATED_WITH
A5104084220,I3130958653,AFFILIATED_WITH
A5019585102,W4293238711,WRITES
A5019585102,W4285496039,WRITES
A5019585102,I197465736,AFFILIATED_WITH
A5069442872,W2983803309,WRITES
A5038369716,W4401467334,WRITES
A5070348318,W2347234847,WRITES
A5070348318,I4210123993,AFFILIATED_WITH
A5100617481,W2360313292,WRITES
A5100617481,I4210123993,AFFILIATED_WITH
A5082528388,W1533344290,WRITES
A5082528388,I4210123993,AFFILIATED_WITH
A5080199946,W4288082210,WRITES
A5080199946,W4285275020,WRITES
A5080199946,I168635309,AFFILIATED_WITH
LOCAL_A000377,W4312679249,WRITES
A5008231286,W2169308829,WRITES
A5008231286,W1968226995,WRITES
A5008231286,W2148435571,WRITES
A5101044326,W4285272089,WRITES
A5101044326,I99552915,AFFILIATED_WITH
A5074922240,W4386636570,WRITES
A5074922240,W4362710702,WRITES
A5074922240,W4362710830,WRITES
A5074922240,W4213129965,WRITES
A5074922240,I99552915,AFFILIATED_WITH
A5010420002,W4308601566,WRITES
A5010420002,I138801177,AFFILIATED_WITH
A5029004884,W4302847498,WRITES
A5029004884,I205133468,AFFILIATED_WITH
A5027709025,W4410810484,WRITES
A5027709025,I4210148897,AFFILIATED_WITH
A5064985967,W4313332129,WRITES
A5064985967,I4210090457,AFFILIATED_WITH
A5069783085,W4408235709,WRITES
A5069783085,I3132999081,AFFILIATED_WITH
A5101978986,W2372384861,WRITES
A5101978986,I4210123993,AFFILIATED_WITH
A5019750138,W4410506249,WRITES
A5019750138,W4396585527,WRITES
A5019750138,I4210101453,AFFILIATED_WITH
A5035351643,W2550110029,WRITES
A5035351643,I2800593602,AFFILIATED_WITH
A5035351643,I4210123993,AFFILIATED_WITH
A5023389293,W2368521880,WRITES
A5023389293,W2380115358,WRITES
A5023389293,I4210123993,AFFILIATED_WITH
A5069302582,W2983803309,WRITES
A5069302582,W2767566591,WRITES
A5069302582,W3093833112,WRITES
A5069302582,I1287097855,AFFILIATED_WITH
A5027349486,W2754689785,WRITES
A5027349486,I4210123993,AFFILIATED_WITH
A5081951393,W4407356752,WRITES
A5081951393,I107851509,AFFILIATED_WITH
A5081951393,I1306264927,AFFILIATED_WITH
A5081951393,I131077856,AFFILIATED_WITH
A5081951393,I149704539,AFFILIATED_WITH
A5081951393,I4210088668,AFFILIATED_WITH
A5081951393,I4210109893,AFFILIATED_WITH
A5081951393,I4210136436,AFFILIATED_WITH
A5081951393,I4210146893,AFFILIATED_WITH
A5081951393,I4210166444,AFFILIATED_WITH
A5121830684,W7160186769,WRITES
A5121830684,I80849659,AFFILIATED_WITH
A5031994008,W7116711994,WRITES
A5031994008,I80849659,AFFILIATED_WITH
A5018331389,W3159481389,WRITES
A5018331389,W4200521133,WRITES
A5018331389,I4210096815,AFFILIATED_WITH
A5018331389,I4388891891,AFFILIATED_WITH
A5018331389,I867280407,AFFILIATED_WITH
A5075903963,W4296081994,WRITES
A5075903963,I2802701112,AFFILIATED_WITH
A5108233925,W4401948907,WRITES
A5108233925,I47265099,AFFILIATED_WITH
A5110849253,W4221098262,WRITES
A5110849253,I4210123993,AFFILIATED_WITH
LOCAL_A000283,W4387386822,WRITES
LOCAL_A000283,I4210123993,AFFILIATED_WITH
A5043639014,W7117479710,WRITES
A5043639014,I4210146893,AFFILIATED_WITH
A5077351891,W4315641599,WRITES
A5077351891,I4210123993,AFFILIATED_WITH
A5087502668,W4293790322,WRITES
A5087502668,I4210123993,AFFILIATED_WITH
A5082370353,W4310023520,WRITES
A5082370353,W4280510179,WRITES
A5082370353,I913630986,AFFILIATED_WITH
A5062946533,W2912620416,WRITES
A5062946533,I4210123993,AFFILIATED_WITH
A5037185882,W4389347088,WRITES
A5037185882,W4293660415,WRITES
A5037185882,W4295012310,WRITES
A5037185882,W4387035570,WRITES
A5037185882,W4386123363,WRITES
A5037185882,I4210096063,AFFILIATED_WITH
A5044053378,W4296629887,WRITES
A5044053378,W4291148458,WRITES
A5044053378,I4210123993,AFFILIATED_WITH
A5065771880,W4283824100,WRITES
A5065771880,W4283832348,WRITES
A5065771880,W4286432916,WRITES
A5065771880,W4286432944,WRITES
A5065771880,W4286432946,WRITES
A5065771880,W4286432954,WRITES
A5065771880,W4294187950,WRITES
A5065771880,I202539009,AFFILIATED_WITH
A5071070151,W4407742590,WRITES
A5071070151,I70349855,AFFILIATED_WITH
A5001133335,W2891912056,WRITES
A5001133335,W4282920256,WRITES
A5001133335,W4376613100,WRITES
A5001133335,I4210123993,AFFILIATED_WITH
A5027706693,W3199422970,WRITES
A5027706693,I4210123993,AFFILIATED_WITH
A5052287713,W3200200655,WRITES
A5052287713,I4210123993,AFFILIATED_WITH
LOCAL_A000499,W7108322544,WRITES
LOCAL_A000499,W7108328204,WRITES
LOCAL_A000499,I4210125530,AFFILIATED_WITH
A5101732045,W4413118057,WRITES
A5101732045,I4210123993,AFFILIATED_WITH
A5123912627,W7125798761,WRITES
A5123912627,I4210123993,AFFILIATED_WITH
A5123912627,I4210164862,AFFILIATED_WITH
A5086434450,W4295678942,WRITES
A5086434450,W4320922100,WRITES
A5086434450,W4411344196,WRITES
A5086434450,W4415093469,WRITES
A5086434450,W4383889516,WRITES
A5086434450,W4309873978,WRITES
A5086434450,W4386925533,WRITES
A5086434450,W4391645226,WRITES
A5086434450,W4391854472,WRITES
A5086434450,W4407757245,WRITES
A5086434450,W4401467334,WRITES
A5086434450,W4414704940,WRITES
A5086434450,W4387212021,WRITES
A5086434450,W4376873270,WRITES
A5086434450,W4391354445,WRITES
A5086434450,W4387026621,WRITES
A5086434450,W4404993468,WRITES
A5086434450,W4385430763,WRITES
A5086434450,W4411163057,WRITES
A5086434450,W4411493130,WRITES
A5086434450,W4415696216,WRITES
A5086434450,I4210123993,AFFILIATED_WITH
A5086434450,I275778967,AFFILIATED_WITH
A5130062909,W7139092179,WRITES
A5130062909,I4210123993,AFFILIATED_WITH
A5034663096,W4391354445,WRITES
A5034663096,I189109744,AFFILIATED_WITH
A5066816551,W4320917642,WRITES
A5066816551,I252758333,AFFILIATED_WITH
A5070442948,W2386507432,WRITES
A5070442948,I4210123993,AFFILIATED_WITH
A5028918749,W4400010516,WRITES
A5028918749,I3129492623,AFFILIATED_WITH
A5036720382,W2917075874,WRITES
A5036720382,I4210122257,AFFILIATED_WITH
A5002377783,W7117322308,WRITES
A5002377783,I67868205,AFFILIATED_WITH
A5000769140,W3200334949,WRITES
A5000769140,I4210123993,AFFILIATED_WITH
LOCAL_A000212,W3182300114,WRITES
LOCAL_A000212,I123565023,AFFILIATED_WITH
LOCAL_A000212,I228151691,AFFILIATED_WITH
A5136852879,W7162215912,WRITES
A5136852879,I4210123993,AFFILIATED_WITH
LOCAL_A000384,W4381250003,WRITES
LOCAL_A000384,I123565023,AFFILIATED_WITH
LOCAL_A000384,I47265099,AFFILIATED_WITH
A5107154585,W4402461726,WRITES
A5107154585,I4210123993,AFFILIATED_WITH
A5078885223,W4389485812,WRITES
A5078885223,I4210123993,AFFILIATED_WITH
A5009794917,W3200070658,WRITES
A5009794917,W3200546409,WRITES
A5009794917,W3199626612,WRITES
A5009794917,W3200021621,WRITES
A5009794917,W3200607378,WRITES
A5009794917,W3200882281,WRITES
A5009794917,W3212113658,WRITES
A5009794917,W3213466285,WRITES
A5009794917,I4210097659,AFFILIATED_WITH
A5066757939,W4412866347,WRITES
A5066757939,I4210161490,AFFILIATED_WITH
A5089334735,W3139232151,WRITES
A5089334735,W4386976132,WRITES
A5089334735,W3211579622,WRITES
A5089334735,W3200711057,WRITES
A5089334735,W3213463186,WRITES
A5089334735,W4409675529,WRITES
A5089334735,W7154467160,WRITES
A5089334735,W4312874203,WRITES
A5089334735,I123565023,AFFILIATED_WITH
A5089334735,I23582244,AFFILIATED_WITH
A5089334735,I4210123993,AFFILIATED_WITH
A5138033626,W7163742943,WRITES
A5138033626,I8775707,AFFILIATED_WITH
A5103014821,W4408160180,WRITES
A5103014821,I4210108426,AFFILIATED_WITH
LOCAL_A000587,W4396694066,WRITES
LOCAL_A000587,I4210086947,AFFILIATED_WITH
LOCAL_A000587,I99542240,AFFILIATED_WITH
A5058905920,W4322506502,WRITES
A5058905920,I4210123993,AFFILIATED_WITH
A5021802783,W7133975914,WRITES
A5021802783,I4210115718,AFFILIATED_WITH
A5021802783,I4387154951,AFFILIATED_WITH
A5104192946,W4411306514,WRITES
A5104192946,W4384826006,WRITES
A5104192946,I4210123993,AFFILIATED_WITH
A5070708078,W4376127836,WRITES
A5070708078,W4386865921,WRITES
A5070708078,I114017466,AFFILIATED_WITH
A5070708078,I47807185,AFFILIATED_WITH
A5016169617,W4401099348,WRITES
A5016169617,W4411159297,WRITES
A5016169617,W4413401695,WRITES
A5016169617,I3129492623,AFFILIATED_WITH
A5001031417,W4362576283,WRITES
A5001031417,I4210123993,AFFILIATED_WITH
A5114202432,W4404087784,WRITES
A5114202432,I1315456113,AFFILIATED_WITH
A5030260489,W3037301877,WRITES
A5030260489,I4210115718,AFFILIATED_WITH
A5030260489,I4387154701,AFFILIATED_WITH
A5035059477,W4380086388,WRITES
A5035059477,I70349855,AFFILIATED_WITH
LOCAL_A000589,W4402131998,WRITES
LOCAL_A000589,W4386819867,WRITES
LOCAL_A000589,I181727666,AFFILIATED_WITH
A5042315945,W4225130455,WRITES
A5042315945,I47265099,AFFILIATED_WITH
A5044845498,W3125339323,WRITES
A5044845498,W3126654748,WRITES
A5044845498,I196137440,AFFILIATED_WITH
A5038031031,W3210289654,WRITES
A5038031031,I4210101969,AFFILIATED_WITH
A5101704561,W4225130455,WRITES
A5101704561,I3129629310,AFFILIATED_WITH
A5022561054,W4206769389,WRITES
A5022561054,I4210123993,AFFILIATED_WITH
A5024392587,W4387442103,WRITES
A5024392587,W4396680807,WRITES
A5024392587,I4387155935,AFFILIATED_WITH
A5024392587,I47265099,AFFILIATED_WITH
A5045107989,W4361798884,WRITES
A5045107989,W4387442103,WRITES
A5045107989,W4361801984,WRITES
A5045107989,I120089902,AFFILIATED_WITH
A5045107989,I4210123993,AFFILIATED_WITH
A5003545280,W4293226203,WRITES
A5003545280,W3200660415,WRITES
A5003545280,I4210123993,AFFILIATED_WITH
A5036034688,W4412404272,WRITES
A5036034688,I94518387,AFFILIATED_WITH
A5062017995,W4386547305,WRITES
A5062017995,W4285266850,WRITES
A5062017995,W4313396687,WRITES
A5062017995,W3172560453,WRITES
A5062017995,W4294982649,WRITES
A5062017995,W3206545182,WRITES
A5062017995,W4379382643,WRITES
A5062017995,I186903577,AFFILIATED_WITH
A5062017995,I4210149358,AFFILIATED_WITH
A5008120161,W3213396050,WRITES
A5008120161,W4404501226,WRITES
A5008120161,I123565023,AFFILIATED_WITH
A5008120161,I4210123993,AFFILIATED_WITH
A5008120161,I8775707,AFFILIATED_WITH
LOCAL_A000720,W4406602578,WRITES
LOCAL_A000720,I4210123993,AFFILIATED_WITH
A5039502465,W4416780613,WRITES
A5039502465,I47807185,AFFILIATED_WITH
A5089924692,W4308970419,WRITES
A5089924692,I123565023,AFFILIATED_WITH
A5089924692,I23582244,AFFILIATED_WITH
A5063959328,W3213396050,WRITES
A5063959328,I4210148201,AFFILIATED_WITH
A5008475914,W4393092395,WRITES
A5008475914,I4210096295,AFFILIATED_WITH
A5056957912,W2909806954,WRITES
A5056957912,I170238339,AFFILIATED_WITH
A5071517633,W4210525043,WRITES
A5071517633,W3194887689,WRITES
A5071517633,W2964862300,WRITES
A5071517633,W2888586085,WRITES
A5071517633,W4224868083,WRITES
A5071517633,W4291178975,WRITES
A5071517633,W2965644806,WRITES
A5071517633,W3212946760,WRITES
A5071517633,W4224025824,WRITES
A5071517633,W4295932126,WRITES
A5071517633,W4205438146,WRITES
A5071517633,W4210369429,WRITES
A5071517633,W3175834700,WRITES
A5071517633,W3195104377,WRITES
A5071517633,W4285496039,WRITES
A5071517633,W4311364086,WRITES
A5071517633,W3096149152,WRITES
A5071517633,W4295941572,WRITES
A5071517633,I143578492,AFFILIATED_WITH
A5071517633,I4210142079,AFFILIATED_WITH
A5071517633,I921990950,AFFILIATED_WITH
A5071517633,I141445968,AFFILIATED_WITH
A5071517633,I86519309,AFFILIATED_WITH
A5071517633,I3141906898,AFFILIATED_WITH
A5104035119,W3158335115,WRITES
A5104035119,W4291392888,WRITES
A5104035119,W4417297452,WRITES
A5104035119,W7159982177,WRITES
A5104035119,W3156106451,WRITES
A5104035119,W3100063371,WRITES
A5104035119,I70349855,AFFILIATED_WITH
A5104035119,I4210123993,AFFILIATED_WITH
A5122246823,W7118452653,WRITES
A5122246823,I111199411,AFFILIATED_WITH
LOCAL_A000490,W7108322544,WRITES
LOCAL_A000490,W7108328204,WRITES
LOCAL_A000490,I111199411,AFFILIATED_WITH
A5090960288,W4391854472,WRITES
A5090960288,W4376873270,WRITES
A5090960288,I46080048,AFFILIATED_WITH
A5092028947,W4378448636,WRITES
A5092028947,I4210124230,AFFILIATED_WITH
A5074371760,W4313260174,WRITES
A5074371760,W4409211677,WRITES
A5074371760,I3123069486,AFFILIATED_WITH
A5070418471,W4405992004,WRITES
A5122874808,W7123341761,WRITES
A5122874808,I4210100829,AFFILIATED_WITH
A5002285759,W4410256716,WRITES
A5002285759,I4210123993,AFFILIATED_WITH
A5001474077,W4386077917,WRITES
A5001474077,W4200131528,WRITES
A5001474077,W4307968637,WRITES
A5001474077,W4401099348,WRITES
A5001474077,W4283390991,WRITES
A5001474077,W4413401695,WRITES
A5001474077,W4395464345,WRITES
A5001474077,W4386853765,WRITES
A5001474077,I70349855,AFFILIATED_WITH
A5001474077,I94518387,AFFILIATED_WITH
LOCAL_A000630,W7106298988,WRITES
LOCAL_A000630,I4210123993,AFFILIATED_WITH
A5031029211,W4200131528,WRITES
A5031029211,W4380538570,WRITES
A5031029211,W4307968637,WRITES
A5031029211,I70349855,AFFILIATED_WITH
A5029624791,W3131314037,WRITES
A5029624791,I4210123993,AFFILIATED_WITH
A5069167776,W4293439820,WRITES
A5069167776,I4210123993,AFFILIATED_WITH
A5071547141,W3163198494,WRITES
A5071547141,I4210095101,AFFILIATED_WITH
A5123684279,W7134190072,WRITES
A5123684279,I170238339,AFFILIATED_WITH
A5039967609,W4315641599,WRITES
A5039967609,I3020192730,AFFILIATED_WITH
A5137993674,W7163660649,WRITES
A5137993674,I4210122689,AFFILIATED_WITH
A5034148650,W4410856514,WRITES
A5034148650,W4408605524,WRITES
A5034148650,I4210122689,AFFILIATED_WITH
A5108312301,W4416777431,WRITES
A5108312301,W4280610068,WRITES
A5108312301,W4399057462,WRITES
A5108312301,I123565023,AFFILIATED_WITH
A5108312301,I4210104442,AFFILIATED_WITH
A5108312301,I47265099,AFFILIATED_WITH
A5119048346,W4414753857,WRITES
A5119048346,W7164823619,WRITES
A5119048346,I4210123993,AFFILIATED_WITH
LOCAL_A000069,W4400220421,WRITES
LOCAL_A000069,W4401257954,WRITES
LOCAL_A000069,I4210123993,AFFILIATED_WITH
A5113353655,W4407714316,WRITES
A5113353655,I4210163004,AFFILIATED_WITH
A5121030745,W7127959413,WRITES
A5121030745,W7128391453,WRITES
A5121030745,I4210137425,AFFILIATED_WITH
A5024782599,W4416386813,WRITES
A5024782599,W4414708112,WRITES
A5024782599,W7118163415,WRITES
A5024782599,W7128925053,WRITES
A5024782599,W7131416904,WRITES
A5024782599,W7133243872,WRITES
A5024782599,W7138163378,WRITES
A5024782599,W7138834802,WRITES
A5024782599,W7139037461,WRITES
A5024782599,W7140080270,WRITES
A5024782599,W7150069323,WRITES
A5024782599,W7155558618,WRITES
A5024782599,W7160032096,WRITES
A5024782599,W7160136628,WRITES
A5024782599,W4409898812,WRITES
A5024782599,W4402689909,WRITES
A5024782599,W4405256347,WRITES
A5024782599,W4402229499,WRITES
A5024782599,W4415379161,WRITES
A5024782599,W4416088264,WRITES
A5024782599,I4210123993,AFFILIATED_WITH
A5024782599,I4210143793,AFFILIATED_WITH
LOCAL_A000021,W7115881942,WRITES
LOCAL_A000021,W7115905231,WRITES
LOCAL_A000021,I4210123993,AFFILIATED_WITH
A5034764343,W4389624737,WRITES
A5034764343,I141445968,AFFILIATED_WITH
A5023973706,W4280510179,WRITES
A5023973706,W4362650575,WRITES
A5023973706,I913630986,AFFILIATED_WITH
A5023973706,I70349855,AFFILIATED_WITH
A5091522531,W4212931299,WRITES
A5091522531,W3177014373,WRITES
A5091522531,I4210123993,AFFILIATED_WITH
A5080892177,W1902563258,WRITES
A5080892177,W1491100760,WRITES
A5080892177,W1604170348,WRITES
A5080892177,W2116401724,WRITES
A5080892177,I4210160947,AFFILIATED_WITH
A5049392649,W4413910107,WRITES
A5049392649,I177233841,AFFILIATED_WITH
A5056246280,W3212016922,WRITES
A5056246280,I123565023,AFFILIATED_WITH
A5056246280,I47265099,AFFILIATED_WITH
A5083721261,W3199786832,WRITES
A5083721261,W3199235329,WRITES
A5083721261,W4365138459,WRITES
A5083721261,I4210123993,AFFILIATED_WITH
A5062880735,W4207055473,WRITES
A5062880735,I4210123993,AFFILIATED_WITH
A5079913240,W2889093901,WRITES
A5079913240,W3130719811,WRITES
A5079913240,I208356959,AFFILIATED_WITH
A5055940614,W3120966882,WRITES
A5055940614,I4210123993,AFFILIATED_WITH
A5028442936,W4205572929,WRITES
A5028442936,W3205949772,WRITES
A5028442936,I4210111957,AFFILIATED_WITH
A5073375320,W4200023199,WRITES
A5073375320,I4210123993,AFFILIATED_WITH
A5030726191,W4310023520,WRITES
A5030726191,W4281679354,WRITES
A5030726191,W4283723790,WRITES
A5030726191,W4280510179,WRITES
A5030726191,W4386059449,WRITES
A5030726191,W4281817358,WRITES
A5030726191,W4316589740,WRITES
A5030726191,W4317208165,WRITES
A5030726191,I4210123993,AFFILIATED_WITH
A5030726191,I4210139842,AFFILIATED_WITH
A5041135448,W4317914312,WRITES
A5041135448,W4398250626,WRITES
A5041135448,I177733328,AFFILIATED_WITH
A5046562648,W4414786344,WRITES
A5046562648,I170238339,AFFILIATED_WITH
A5082583844,W4408099539,WRITES
A5082583844,W4416440837,WRITES
A5082583844,W4406739004,WRITES
A5082583844,I204442077,AFFILIATED_WITH
A5082583844,I205274468,AFFILIATED_WITH
A5082583844,I4210156041,AFFILIATED_WITH
A5136043944,W7160982211,WRITES
A5136043944,I205274468,AFFILIATED_WITH
A5136043944,I4210156041,AFFILIATED_WITH
A5136773117,W7162127376,WRITES
A5136773117,I205274468,AFFILIATED_WITH
A5080704496,W1902563258,WRITES
A5080704496,W1491100760,WRITES
A5080704496,W1604170348,WRITES
A5080704496,W2116401724,WRITES
A5080704496,I1287643137,AFFILIATED_WITH
A5080704496,I4210143324,AFFILIATED_WITH
A5108077585,W2075394754,WRITES
A5108077585,I1287643137,AFFILIATED_WITH
A5025732300,W4226406074,WRITES
A5025732300,W4285732290,WRITES
A5025732300,W4398789713,WRITES
A5025732300,W4319603294,WRITES
A5025732300,I188760350,AFFILIATED_WITH
A5005497446,W4366976633,WRITES
A5005497446,I120089902,AFFILIATED_WITH
A5022649488,W4411867038,WRITES
A5022649488,I848706,AFFILIATED_WITH
A5048344489,W3211845002,WRITES
A5048344489,I257903683,AFFILIATED_WITH
A5113003739,W4386851484,WRITES
A5113003739,W4386939450,WRITES
A5113003739,W4387028138,WRITES
A5113003739,I4210148201,AFFILIATED_WITH
A5071609618,W3210289654,WRITES
A5071609618,I4210101969,AFFILIATED_WITH
A5028803174,W4407742590,WRITES
LOCAL_A000451,W4414023483,WRITES
LOCAL_A000451,I70349855,AFFILIATED_WITH
A5010181020,W2364537347,WRITES
A5010181020,I4210123993,AFFILIATED_WITH
A5039142428,W4280585400,WRITES
A5039142428,I4210116271,AFFILIATED_WITH
A5067673175,W2379775804,WRITES
A5067673175,I4210123993,AFFILIATED_WITH
A5101103076,W3129122531,WRITES
A5101103076,I193775966,AFFILIATED_WITH
A5101103076,I4400600942,AFFILIATED_WITH
A5100643561,W4399072097,WRITES
A5100643561,I28777354,AFFILIATED_WITH
A5100342577,W4389485812,WRITES
A5100342577,I113940042,AFFILIATED_WITH
A5027574307,W3186760671,WRITES
A5027574307,I192513696,AFFILIATED_WITH
A5012999481,W4412995744,WRITES
A5012999481,I119449181,AFFILIATED_WITH
A5012999481,I4210131196,AFFILIATED_WITH
A5123202475,W7163654284,WRITES
A5123202475,I1299170990,AFFILIATED_WITH
A5123202475,I4210129200,AFFILIATED_WITH
A5123202475,I904090387,AFFILIATED_WITH
A5046970229,W1966693592,WRITES
A5046970229,I4210123993,AFFILIATED_WITH
A5046970229,I4210156945,AFFILIATED_WITH
A5113115341,W4404210936,WRITES
A5113115341,I4210123993,AFFILIATED_WITH
A5044748414,W4393316224,WRITES
A5044748414,I165737746,AFFILIATED_WITH
A5054296239,W4301394493,WRITES
A5054296239,I135822937,AFFILIATED_WITH
A5027303758,W4392003525,WRITES
A5027303758,I3020192730,AFFILIATED_WITH
A5103029566,W3200530318,WRITES
A5103029566,W3199822558,WRITES
A5103029566,W4405592947,WRITES
A5103029566,W4414170274,WRITES
A5103029566,I4210123993,AFFILIATED_WITH
A5055050491,W4414218848,WRITES
A5055050491,I4210123993,AFFILIATED_WITH
A5004993090,W4388504134,WRITES
A5004993090,I4210123993,AFFILIATED_WITH
A5074158974,W4404837890,WRITES
A5074158974,I4210123993,AFFILIATED_WITH
A5080052377,W3153426027,WRITES
A5080052377,I4210123993,AFFILIATED_WITH
LOCAL_A000102,W4390344721,WRITES
LOCAL_A000102,I70349855,AFFILIATED_WITH
A5054062927,W4385265498,WRITES
A5054062927,I177233841,AFFILIATED_WITH
A5054062927,I4210162957,AFFILIATED_WITH
A5061059537,W4396706012,WRITES
A5061059537,I177877127,AFFILIATED_WITH
A5061059537,I4210096063,AFFILIATED_WITH
A5074116301,W3199377162,WRITES
A5074116301,W3200750355,WRITES
A5074116301,I79775147,AFFILIATED_WITH
A5109917542,W7127369706,WRITES
A5109917542,I4210123993,AFFILIATED_WITH
A5029774953,W3049420009,WRITES
A5101399107,W4388223981,WRITES
A5079476476,W4411523722,WRITES
A5079476476,I4210134642,AFFILIATED_WITH
A5034169259,W3201040525,WRITES
A5034169259,W4327814100,WRITES
A5034169259,W4384209462,WRITES
A5034169259,I109689652,AFFILIATED_WITH
A5101182142,W4390760815,WRITES
A5101182142,I4210123993,AFFILIATED_WITH
A5011868594,W4366588309,WRITES
A5011868594,I4210123993,AFFILIATED_WITH
A5107569559,W4402693308,WRITES
A5107569559,I4210123993,AFFILIATED_WITH
LOCAL_A000205,W4386691717,WRITES
LOCAL_A000205,I202539009,AFFILIATED_WITH
LOCAL_A000708,W4406047420,WRITES
LOCAL_A000708,I109689652,AFFILIATED_WITH
A5109713772,W4403344039,WRITES
A5109713772,I4210115718,AFFILIATED_WITH
A5000817178,W3135821578,WRITES
A5000817178,I4210123993,AFFILIATED_WITH
A5022241843,W4388223981,WRITES
A5022241843,I4210116271,AFFILIATED_WITH
A5019646634,W4378084553,WRITES
A5019646634,W4320727717,WRITES
A5019646634,I29199639,AFFILIATED_WITH
A5019646634,I64519617,AFFILIATED_WITH
LOCAL_A000527,W7116340925,WRITES
LOCAL_A000527,I4210123993,AFFILIATED_WITH
A5104387604,W7125497916,WRITES
A5104387604,W4406558522,WRITES
A5104387604,W4408719264,WRITES
A5104387604,W7127959413,WRITES
A5104387604,W7128391453,WRITES
A5104387604,W7133226126,WRITES
A5104387604,W4396694066,WRITES
A5104387604,W4399072242,WRITES
A5104387604,W4411152176,WRITES
A5104387604,W4412726646,WRITES
A5104387604,I4210123993,AFFILIATED_WITH
A5104387604,I4210136724,AFFILIATED_WITH
A5136314463,W7161388772,WRITES
A5136314463,W7161414526,WRITES
A5136314463,I51556381,AFFILIATED_WITH
A5109478605,W4390717671,WRITES
A5109478605,I70349855,AFFILIATED_WITH
A5080843178,W4391474950,WRITES
A5080843178,W4391448534,WRITES
A5080843178,W4399685159,WRITES
A5080843178,I3129492623,AFFILIATED_WITH
A5080843178,I4388891809,AFFILIATED_WITH
A5080843178,I3130697706,AFFILIATED_WITH
A5074435622,W4411867038,WRITES
A5074435622,I31746571,AFFILIATED_WITH
A5060040851,W4283763732,WRITES
A5060040851,I4210123993,AFFILIATED_WITH
A5010346711,W3199233539,WRITES
A5010346711,I4210096063,AFFILIATED_WITH
A5102513442,W4376643991,WRITES
A5069820449,W4417297452,WRITES
A5069820449,I70349855,AFFILIATED_WITH
A5058058761,W4221017466,WRITES
A5058058761,W4220784121,WRITES
A5058058761,I4210123993,AFFILIATED_WITH
A5102780199,W4395449962,WRITES
A5102780199,I55060895,AFFILIATED_WITH
A5001193118,W4385489691,WRITES
A5001193118,I22265921,AFFILIATED_WITH
A5001193118,I4210115718,AFFILIATED_WITH
A5001193118,I4387154701,AFFILIATED_WITH
LOCAL_A000655,W3096351903,WRITES
LOCAL_A000655,I142208455,AFFILIATED_WITH
LOCAL_A000655,I4210123993,AFFILIATED_WITH
A5011427978,W4327969100,WRITES
A5011427978,W4411689146,WRITES
A5011427978,W4400902588,WRITES
A5011427978,W3018079424,WRITES
A5011427978,I45756140,AFFILIATED_WITH
A5068463807,W4380265524,WRITES
A5068463807,I2802194831,AFFILIATED_WITH
A5068463807,I848706,AFFILIATED_WITH
A5016298705,W4393089136,WRITES
A5016298705,I123565023,AFFILIATED_WITH
A5016298705,I47265099,AFFILIATED_WITH
A5061408196,W4291184494,WRITES
A5061408196,W3039627223,WRITES
A5061408196,W3021181631,WRITES
A5061408196,I4210104442,AFFILIATED_WITH
A5061408196,I4387155935,AFFILIATED_WITH
A5061408196,I47265099,AFFILIATED_WITH
A5005634790,W4415493830,WRITES
A5005634790,W4417051617,WRITES
A5005634790,I4210148201,AFFILIATED_WITH
A5069277141,W4396514771,WRITES
A5069277141,W7126182670,WRITES
A5069277141,W4402596390,WRITES
A5069277141,W4318819594,WRITES
A5069277141,W4362541844,WRITES
A5069277141,I4210123993,AFFILIATED_WITH
A5062256983,W7138919472,WRITES
A5062256983,W4416734647,WRITES
A5062256983,W4416791975,WRITES
A5062256983,W7162561748,WRITES
A5062256983,W4407814570,WRITES
A5062256983,I4210148201,AFFILIATED_WITH
A5062256983,I102134673,AFFILIATED_WITH
A5030756029,W4311480621,WRITES
A5030756029,W4321018829,WRITES
A5030756029,W4361000564,WRITES
A5030756029,W4285095564,WRITES
A5030756029,I106245021,AFFILIATED_WITH
A5030756029,I4210142834,AFFILIATED_WITH
A5030756029,I184693016,AFFILIATED_WITH
A5030756029,I4210126829,AFFILIATED_WITH
A5016209496,W4402013946,WRITES
A5016209496,W4408117529,WRITES
A5016209496,I123565023,AFFILIATED_WITH
A5016209496,I172675005,AFFILIATED_WITH
A5016209496,I4210108017,AFFILIATED_WITH
A5016209496,I4210123993,AFFILIATED_WITH
A5016209496,I4210151045,AFFILIATED_WITH
A5075681850,W4388960576,WRITES
A5075681850,W4414773519,WRITES
A5075681850,W4415373468,WRITES
A5075681850,I4210123993,AFFILIATED_WITH
A5043809031,W7154494603,WRITES
A5043809031,I4210086020,AFFILIATED_WITH
A5053018788,W3201477092,WRITES
A5053018788,W4307303369,WRITES
A5053018788,W3201355987,WRITES
A5053018788,W3213801758,WRITES
A5053018788,W4379793938,WRITES
A5053018788,W2995333594,WRITES
A5053018788,W3173975414,WRITES
A5053018788,I142208455,AFFILIATED_WITH
A5053018788,I4210123993,AFFILIATED_WITH
A5052612735,W4403342469,WRITES
A5052612735,I4210123993,AFFILIATED_WITH
A5058526082,W4411626102,WRITES
A5058526082,W4411523722,WRITES
A5058526082,I4210123993,AFFILIATED_WITH
A5051697844,W4386982640,WRITES
A5051697844,I141445968,AFFILIATED_WITH
A5102481156,W4281779723,WRITES
A5102481156,I4210123993,AFFILIATED_WITH
A5055658324,W4407060664,WRITES
A5055658324,W4409313923,WRITES
A5055658324,I4210122802,AFFILIATED_WITH
A5055658324,I3020192730,AFFILIATED_WITH
LOCAL_A000425,W4408000429,WRITES
LOCAL_A000425,I267427436,AFFILIATED_WITH
LOCAL_A000425,I47807185,AFFILIATED_WITH
A5079358556,W3182154770,WRITES
A5079358556,I22299242,AFFILIATED_WITH
A5079358556,I4210123755,AFFILIATED_WITH
A5018114538,W4317383016,WRITES
A5018114538,I123565023,AFFILIATED_WITH
A5129587758,W7136346916,WRITES
A5129587758,I47265099,AFFILIATED_WITH
LOCAL_A000285,W4400836185,WRITES
LOCAL_A000285,W4393945422,WRITES
LOCAL_A000285,W4402013946,WRITES
LOCAL_A000285,I4210123993,AFFILIATED_WITH
LOCAL_A000285,I123565023,AFFILIATED_WITH
LOCAL_A000285,I172675005,AFFILIATED_WITH
LOCAL_A000285,I4210108017,AFFILIATED_WITH
LOCAL_A000285,I4210151045,AFFILIATED_WITH
A5033103782,W4226468964,WRITES
A5033103782,I123565023,AFFILIATED_WITH
A5078059796,W4389347088,WRITES
A5078059796,W4411498698,WRITES
A5078059796,I4210123993,AFFILIATED_WITH
A5114368828,W4414786344,WRITES
A5114368828,I4210123993,AFFILIATED_WITH
A5058605077,W4411213793,WRITES
A5058605077,I2800023466,AFFILIATED_WITH
A5058605077,I4210123993,AFFILIATED_WITH
A5058605077,I4210131701,AFFILIATED_WITH
A5058605077,I4210138427,AFFILIATED_WITH
A5006545912,W4308588861,WRITES
A5006545912,W4307521070,WRITES
A5006545912,W4309613826,WRITES
A5006545912,I182526193,AFFILIATED_WITH
A5084329073,W4404117162,WRITES
A5084329073,I4210139842,AFFILIATED_WITH
A5052439520,W3037301877,WRITES
A5052439520,I70349855,AFFILIATED_WITH
A5044956941,W4385461610,WRITES
A5044956941,I4210160086,AFFILIATED_WITH
A5071784955,W7134947698,WRITES
A5071784955,I4210123993,AFFILIATED_WITH
LOCAL_A000065,W4361798884,WRITES
LOCAL_A000065,I120089902,AFFILIATED_WITH
LOCAL_A000065,I4210123993,AFFILIATED_WITH
LOCAL_A000065,I73685970,AFFILIATED_WITH
A5028381367,W3037301877,WRITES
A5028381367,I4210115718,AFFILIATED_WITH
A5069842035,W7162426908,WRITES
A5069842035,I4210123993,AFFILIATED_WITH
A5038001329,W4408078575,WRITES
A5038001329,W4220938728,WRITES
A5038001329,I4210123993,AFFILIATED_WITH
A5058620025,W7162859516,WRITES
A5058620025,W7162863543,WRITES
A5058620025,I4210142044,AFFILIATED_WITH
A5110281713,W2901855654,WRITES
A5110281713,I23582244,AFFILIATED_WITH
A5109734751,W4404070413,WRITES
A5109734751,I4210123993,AFFILIATED_WITH
A5050703987,W3191323881,WRITES
A5050703987,I4210123993,AFFILIATED_WITH
A5069345368,W4412835397,WRITES
A5069345368,I913630986,AFFILIATED_WITH
A5026283144,W3185593370,WRITES
A5055240240,W3116402835,WRITES
A5055240240,W4404299054,WRITES
A5055240240,W4408599233,WRITES
A5055240240,I1315456113,AFFILIATED_WITH
A5055888733,W4404837890,WRITES
A5055888733,W4408000429,WRITES
A5055888733,I4210123993,AFFILIATED_WITH
A5055888733,I267427436,AFFILIATED_WITH
A5055888733,I47807185,AFFILIATED_WITH
A5114023578,W4285191318,WRITES
A5114023578,I4210123993,AFFILIATED_WITH
A5114023578,I181727666,AFFILIATED_WITH
A5114023578,I4387153637,AFFILIATED_WITH
A5020412391,W3017246359,WRITES
A5020412391,W4415747466,WRITES
A5020412391,W4318476690,WRITES
A5020412391,W4400351743,WRITES
A5020412391,W4308588861,WRITES
A5020412391,W4307521070,WRITES
A5020412391,W4392709529,WRITES
A5020412391,W7161066054,WRITES
A5020412391,W3038323774,WRITES
A5020412391,W4313558926,WRITES
A5020412391,W4309782718,WRITES
A5020412391,W4308874308,WRITES
A5020412391,W4312201692,WRITES
A5020412391,W4403291008,WRITES
A5020412391,W4312205612,WRITES
A5020412391,W4403764556,WRITES
A5020412391,W4407877818,WRITES
A5020412391,W4379232316,WRITES
A5020412391,W4309613826,WRITES
A5020412391,W4406854999,WRITES
A5020412391,W4408117529,WRITES
A5020412391,I4210123993,AFFILIATED_WITH
A5136291996,W7161388772,WRITES
A5136291996,W7161414526,WRITES
A5136291996,I4210123993,AFFILIATED_WITH
A5117509360,W4416900077,WRITES
A5117509360,W4417319514,WRITES
A5117509360,W4412843188,WRITES
A5117509360,W4414023921,WRITES
A5117509360,W4410274316,WRITES
A5117509360,I4210123993,AFFILIATED_WITH
A5117509360,I4210131701,AFFILIATED_WITH
A5117599546,W4410502019,WRITES
A5117599546,W4410502105,WRITES
A5117599546,I123565023,AFFILIATED_WITH
A5059729965,W4320917642,WRITES
A5059729965,I4210123993,AFFILIATED_WITH
A5091266202,W4414271358,WRITES
A5091266202,W4412404272,WRITES
A5091266202,W4411867038,WRITES
A5091266202,I172675005,AFFILIATED_WITH
A5038764838,W4386691717,WRITES
A5038764838,I4210123993,AFFILIATED_WITH
A5102547308,W4386034709,WRITES
A5102547308,I38538140,AFFILIATED_WITH
A5015818019,W3214195485,WRITES
A5015818019,I4210123993,AFFILIATED_WITH
A5044906171,W4412003814,WRITES
A5044906171,I4210123993,AFFILIATED_WITH
A5114045903,W4416992823,WRITES
A5114045903,I4210123993,AFFILIATED_WITH
A5078951421,W7163742943,WRITES
A5078951421,I8775707,AFFILIATED_WITH
A5074603556,W3040505135,WRITES
A5074603556,I2802508454,AFFILIATED_WITH
A5074603556,I4210123993,AFFILIATED_WITH
A5001954729,W7162419195,WRITES
A5138162018,W7163886815,WRITES
A5138162018,I4210123993,AFFILIATED_WITH
A5138162018,I4210131701,AFFILIATED_WITH
A5135488699,W7160374639,WRITES
A5135488699,I4210123993,AFFILIATED_WITH
A5135488699,I4210131701,AFFILIATED_WITH
A5074327529,W7129373484,WRITES
A5074327529,W7133833955,WRITES
A5074327529,W4387868634,WRITES
A5074327529,W4399579863,WRITES
A5074327529,W4312154904,WRITES
A5074327529,W4388405219,WRITES
A5074327529,W4415170399,WRITES
A5074327529,W4416734647,WRITES
A5074327529,W4417319514,WRITES
A5074327529,W7123357215,WRITES
A5074327529,W7129553087,WRITES
A5074327529,W7131786424,WRITES
A5074327529,W7134190072,WRITES
A5074327529,W4394886436,WRITES
A5074327529,W4407666597,WRITES
A5074327529,W4399691773,WRITES
A5074327529,W4412843188,WRITES
A5074327529,W4388411191,WRITES
A5074327529,W4399680508,WRITES
A5074327529,W4407814570,WRITES
A5074327529,W4398179436,WRITES
A5074327529,W4411037455,WRITES
A5074327529,W4401270311,WRITES
A5074327529,W4407997245,WRITES
A5074327529,W4414023921,WRITES
A5074327529,W7124434172,WRITES
A5074327529,W4296061001,WRITES
A5074327529,W4388739730,WRITES
A5074327529,W4410274316,WRITES
A5074327529,I4210123993,AFFILIATED_WITH
A5074327529,I4210131701,AFFILIATED_WITH
A5074327529,I4210101969,AFFILIATED_WITH
A5074327529,I4391012539,AFFILIATED_WITH
A5074327529,I4210138427,AFFILIATED_WITH
A5119042681,W4412569248,WRITES
A5103258679,W4411498698,WRITES
A5058313792,W4323029777,WRITES
A5111089455,W4405135580,WRITES
A5053717509,W4387614886,WRITES
A5053717509,W4404837469,WRITES
A5053717509,W4411045134,WRITES
A5053717509,W3192495317,WRITES
A5053717509,W4361275219,WRITES
A5053717509,I181727666,AFFILIATED_WITH
A5053717509,I3129629310,AFFILIATED_WITH
A5023113797,W4303045635,WRITES
A5023113797,I157358134,AFFILIATED_WITH
A5093925263,W4417529920,WRITES
A5093925263,W4408461194,WRITES
A5093925263,I4210123993,AFFILIATED_WITH
A5128385340,W7134238770,WRITES
A5128385340,W7165199016,WRITES
A5128385340,I4210123993,AFFILIATED_WITH
A5128385340,I4210131701,AFFILIATED_WITH
A5109495255,W4235762531,WRITES
A5109495255,W2811079848,WRITES
A5109495255,I4210123993,AFFILIATED_WITH
A5027129342,W2006698604,WRITES
A5027129342,I4210123993,AFFILIATED_WITH
A5061587506,W4392237545,WRITES
A5061587506,I3020192730,AFFILIATED_WITH
A5115713811,W4405917245,WRITES
A5115713811,I4210123993,AFFILIATED_WITH
A5115713811,I4210162955,AFFILIATED_WITH
A5011290352,W3211845002,WRITES
A5011290352,I257903683,AFFILIATED_WITH
A5030451807,W4389629918,WRITES
A5030451807,I3129629310,AFFILIATED_WITH
A5035305639,W4398164532,WRITES
A5035305639,I135822937,AFFILIATED_WITH
A5082824466,W3094440337,WRITES
A5082824466,W3080524420,WRITES
A5082824466,I170238339,AFFILIATED_WITH
A5093677853,W4391185418,WRITES
A5093677853,I4210123993,AFFILIATED_WITH
A5113942299,W3155716985,WRITES
A5113942299,I4210137358,AFFILIATED_WITH
A5109475242,W7159099806,WRITES
A5109475242,I177733328,AFFILIATED_WITH
A5038068417,W4415655487,WRITES
A5038068417,W4317914312,WRITES
A5038068417,W4398250626,WRITES
A5038068417,W4406881240,WRITES
A5038068417,W4408446899,WRITES
A5038068417,W4220909584,WRITES
A5038068417,W4366978331,WRITES
A5038068417,W4409968481,WRITES
A5038068417,I177733328,AFFILIATED_WITH
A5087900851,W3137287652,WRITES
A5087900851,W3136052365,WRITES
A5087900851,W4312910875,WRITES
A5087900851,I4210123993,AFFILIATED_WITH
A5087961624,W4392281991,WRITES
A5087961624,I158708052,AFFILIATED_WITH
A5000737661,W3091775653,WRITES
A5000737661,I141445968,AFFILIATED_WITH
A5000737661,I170238339,AFFILIATED_WITH
A5018054378,W4389425859,WRITES
A5018054378,W3091775653,WRITES
A5018054378,W4410810484,WRITES
A5018054378,W4393932362,WRITES
A5018054378,I141445968,AFFILIATED_WITH
A5018054378,I170238339,AFFILIATED_WITH
LOCAL_A000656,W3096351903,WRITES
A5086635649,W4292265082,WRITES
A5086635649,W4405231722,WRITES
A5086635649,I4210123993,AFFILIATED_WITH
A5086635649,I4210131701,AFFILIATED_WITH
A5032442216,W3208505995,WRITES
A5032442216,I123565023,AFFILIATED_WITH
A5108844516,W4381195669,WRITES
A5108844516,I123565023,AFFILIATED_WITH
A5113091446,W4390683333,WRITES
A5103224266,W4399665885,WRITES
A5103224266,I35928602,AFFILIATED_WITH
A5042447339,W3134693037,WRITES
A5042447339,I4210123993,AFFILIATED_WITH
A5108783693,W4401948602,WRITES
A5108783693,I123565023,AFFILIATED_WITH
A5108783693,I4210093468,AFFILIATED_WITH
A5070240653,W4388942254,WRITES
A5070240653,I1315456113,AFFILIATED_WITH
A5072249565,W2957138175,WRITES
A5072249565,I4210123993,AFFILIATED_WITH
A5072249565,I4210088287,AFFILIATED_WITH
A5079848691,W3011327622,WRITES
A5079848691,I187855631,AFFILIATED_WITH
A5009757136,W4375957567,WRITES
A5009757136,W4385725590,WRITES
A5009757136,I170238339,AFFILIATED_WITH
A5055880156,W4404755595,WRITES
A5055880156,I4210123993,AFFILIATED_WITH
A5055880156,I4210134406,AFFILIATED_WITH
A5055880156,I4210153702,AFFILIATED_WITH
A5046570834,W3216102259,WRITES
A5085460338,W3005516765,WRITES
A5085460338,I135822937,AFFILIATED_WITH
A5061256998,W4285322721,WRITES
A5061256998,I4210104442,AFFILIATED_WITH
A5006535949,W4410070026,WRITES
A5081814601,W4387061466,WRITES
A5081814601,I4210148201,AFFILIATED_WITH
A5094583818,W4393941056,WRITES
A5011614425,W4387971596,WRITES
A5011614425,I70349855,AFFILIATED_WITH
A5029896071,W3013943119,WRITES
A5029896071,W3215851103,WRITES
A5029896071,W3094440337,WRITES
A5029896071,W3036995321,WRITES
A5029896071,W3030321203,WRITES
A5029896071,W3080524420,WRITES
A5029896071,I4210141768,AFFILIATED_WITH
A5029896071,I4210095101,AFFILIATED_WITH
A5029896071,I5100685,AFFILIATED_WITH
A5130888934,W7142890397,WRITES
A5130888934,I4210123993,AFFILIATED_WITH
LOCAL_A000116,W4293221027,WRITES
A5111869788,W2057397620,WRITES
A5111869788,I4210141241,AFFILIATED_WITH
LOCAL_A000250,W4312656552,WRITES
LOCAL_A000171,W4293221027,WRITES
LOCAL_A000248,W4312656552,WRITES
LOCAL_A000314,W4243275109,WRITES
A5007201485,W3168575142,WRITES
A5007201485,I4210123993,AFFILIATED_WITH
A5007201485,I4210141768,AFFILIATED_WITH
A5007201485,I848706,AFFILIATED_WITH
A5053530979,W4376891951,WRITES
A5053530979,I172553438,AFFILIATED_WITH
A5053530979,I80611190,AFFILIATED_WITH
A5009714575,W4376891951,WRITES
A5009714575,I848706,AFFILIATED_WITH
A5062580557,W4413401695,WRITES
A5062580557,I876193797,AFFILIATED_WITH
A5132046045,W7162318469,WRITES
A5132046045,I74801974,AFFILIATED_WITH
A5111061391,W2108572327,WRITES
A5111061391,I4210152127,AFFILIATED_WITH
A5047142221,W2153576566,WRITES
A5056449503,W2244433040,WRITES
A5111866792,W2078432620,WRITES
A5111866792,I4210122016,AFFILIATED_WITH
A5027485314,W2360207479,WRITES
A5027485314,I4210117836,AFFILIATED_WITH
A5014950400,W2958510524,WRITES
A5014950400,W2172418087,WRITES
A5014950400,W2983803309,WRITES
A5014950400,W4211174566,WRITES
A5014950400,W2767566591,WRITES
A5014950400,W3093833112,WRITES
A5014950400,W2180953235,WRITES
A5014950400,I4210123993,AFFILIATED_WITH
A5057837479,W2172418087,WRITES
A5057837479,W2983803309,WRITES
A5057837479,I4210120772,AFFILIATED_WITH
A5057164223,W4312259919,WRITES
A5057164223,I3133213403,AFFILIATED_WITH
A5012007941,W3099136805,WRITES
A5012007941,I2610724,AFFILIATED_WITH
A5090925538,W2015390581,WRITES
A5067618941,W4292749626,WRITES
A5067618941,I140172145,AFFILIATED_WITH
A5067618941,I15780179,AFFILIATED_WITH
A5067618941,I2800139702,AFFILIATED_WITH
A5067618941,I29236304,AFFILIATED_WITH
A5067618941,I4210091794,AFFILIATED_WITH
A5067618941,I4210096674,AFFILIATED_WITH
A5067618941,I4210115349,AFFILIATED_WITH
A5067618941,I4210117499,AFFILIATED_WITH
A5067618941,I4210123993,AFFILIATED_WITH
A5067618941,I4210131376,AFFILIATED_WITH
A5067618941,I4210146710,AFFILIATED_WITH
A5067618941,I4210146725,AFFILIATED_WITH
A5067618941,I4210150166,AFFILIATED_WITH
A5067618941,I4210154614,AFFILIATED_WITH
A5067618941,I4210159109,AFFILIATED_WITH
A5067618941,I4210164083,AFFILIATED_WITH
A5056582727,W4402013946,WRITES
A5056582727,I172675005,AFFILIATED_WITH
A5056582727,I4210108017,AFFILIATED_WITH
A5028014897,W7124893938,WRITES
A5028014897,I4210101453,AFFILIATED_WITH
A5088653693,W7155203564,WRITES
A5088653693,I182023848,AFFILIATED_WITH
A5042265263,W3186760671,WRITES
A5042265263,I4210121772,AFFILIATED_WITH
A5058053647,W4322743240,WRITES
A5058053647,I98358874,AFFILIATED_WITH
A5039141089,W4293317947,WRITES
A5039141089,I196051555,AFFILIATED_WITH
A5039141089,I4210123993,AFFILIATED_WITH
A5039141089,I4210131701,AFFILIATED_WITH
A5039141089,I99464096,AFFILIATED_WITH
A5041560102,W3165018444,WRITES
A5041560102,W4388773911,WRITES
A5041560102,W4393200312,WRITES
A5041560102,W4311176866,WRITES
A5041560102,W4394767200,WRITES
A5041560102,W4399212597,WRITES
A5041560102,I4210123993,AFFILIATED_WITH
LOCAL_A000012,W4417200652,WRITES
LOCAL_A000012,I4210123993,AFFILIATED_WITH
A5102116435,W4320709155,WRITES
A5102116435,I117965899,AFFILIATED_WITH
A5087859003,W3200738788,WRITES
A5087859003,W4387315342,WRITES
A5087859003,I4210097553,AFFILIATED_WITH
A5087859003,I4210122635,AFFILIATED_WITH
A5087859003,I4210130863,AFFILIATED_WITH
A5087859003,I4210137223,AFFILIATED_WITH
A5101914364,W4308443963,WRITES
A5101914364,I226567900,AFFILIATED_WITH
A5050478516,W2983803309,WRITES
A5010462592,W4205572929,WRITES
A5010462592,W4280585400,WRITES
A5010462592,I154757721,AFFILIATED_WITH
A5010462592,I197854408,AFFILIATED_WITH
A5064521237,W2920983499,WRITES
A5064521237,W2921306927,WRITES
A5064521237,W2921438491,WRITES
A5064521237,W2921899614,WRITES
A5064521237,W2922328822,WRITES
A5064521237,I1283280774,AFFILIATED_WITH
A5064521237,I4210143899,AFFILIATED_WITH
A5123433400,W7124893938,WRITES
A5123433400,I4210101453,AFFILIATED_WITH
A5137491069,W7162938210,WRITES
A5137491069,I4210101453,AFFILIATED_WITH
A5102990924,W4293317947,WRITES
A5102990924,I196051555,AFFILIATED_WITH
A5102990924,I4210123993,AFFILIATED_WITH
A5102990924,I4210131701,AFFILIATED_WITH
A5102990924,I99464096,AFFILIATED_WITH
A5059278613,W2244433040,WRITES
A5059278613,I169045520,AFFILIATED_WITH
A5059278613,I4210123993,AFFILIATED_WITH
A5059278613,I4210151606,AFFILIATED_WITH
A5059278613,I4210163712,AFFILIATED_WITH
A5059278613,I4210165018,AFFILIATED_WITH
A5059278613,I4210166095,AFFILIATED_WITH
A5111719564,W2055401175,WRITES
A5111719564,W2049769420,WRITES
A5111719564,W2078432620,WRITES
A5058149770,W4207065025,WRITES
A5058149770,I1286329397,AFFILIATED_WITH
A5067125998,W2049769420,WRITES
A5067125998,W2078432620,WRITES
A5084825086,W2055401175,WRITES
A5087117056,W3131063929,WRITES
A5087117056,I76835614,AFFILIATED_WITH
A5019197846,W2496171072,WRITES
A5019197846,I2802768257,AFFILIATED_WITH
A5019197846,I4210120009,AFFILIATED_WITH
A5019197846,I4210123993,AFFILIATED_WITH
A5038884691,W4319794083,WRITES
A5038884691,I56590836,AFFILIATED_WITH
A5049758571,W4214533025,WRITES
A5049758571,I134635517,AFFILIATED_WITH
A5017572945,W4207065025,WRITES
A5017572945,I1286329397,AFFILIATED_WITH
A5118388860,W4411413958,WRITES
A5118388860,I4210166400,AFFILIATED_WITH
A5031890617,W4405281261,WRITES
A5031890617,I2801520950,AFFILIATED_WITH
A5031890617,I36234482,AFFILIATED_WITH
A5059457085,W3129134850,WRITES
A5059457085,W3143569447,WRITES
A5059457085,I141445968,AFFILIATED_WITH
A5103087729,W4417423760,WRITES
A5103087729,I4210130964,AFFILIATED_WITH
A5013811641,W3038323774,WRITES
A5013811641,I132735039,AFFILIATED_WITH
A5063590027,W7126391955,WRITES
A5063590027,W7126404938,WRITES
A5063590027,I226567900,AFFILIATED_WITH
A5052590300,W2957138175,WRITES
A5052590300,I4210123993,AFFILIATED_WITH
A5052590300,I4210088287,AFFILIATED_WITH
A5009699300,W4400933422,WRITES
A5009699300,I64222039,AFFILIATED_WITH
LOCAL_A000504,W7108322544,WRITES
LOCAL_A000504,W7108328204,WRITES
LOCAL_A000504,I2801261953,AFFILIATED_WITH
A5105003629,W4230184352,WRITES
A5105003629,I4210123993,AFFILIATED_WITH
A5070062505,W2677270484,WRITES
A5070062505,I4210088741,AFFILIATED_WITH
A5070062505,I4210113015,AFFILIATED_WITH
A5080893189,W2983803309,WRITES
A5049923319,W3003316963,WRITES
A5049923319,I2801314757,AFFILIATED_WITH
A5049923319,I4210113384,AFFILIATED_WITH
A5049923319,I4210114783,AFFILIATED_WITH
A5049923319,I4210123993,AFFILIATED_WITH
A5074997780,W1991783109,WRITES
A5074997780,I127859547,AFFILIATED_WITH
A5074997780,I2802425954,AFFILIATED_WITH
A5074997780,I4210123993,AFFILIATED_WITH
A5074997780,I4210126127,AFFILIATED_WITH
A5074997780,I4210126637,AFFILIATED_WITH
A5074997780,I4210129039,AFFILIATED_WITH
A5074997780,I4210157299,AFFILIATED_WITH
A5074997780,I85788879,AFFILIATED_WITH
A5058362925,W4388972587,WRITES
A5058362925,I10457146,AFFILIATED_WITH
A5063956844,W2958510524,WRITES
A5025664353,W4296128756,WRITES
A5025664353,I4210089898,AFFILIATED_WITH
A5051430246,W4286470537,WRITES
A5051430246,W4226406074,WRITES
A5051430246,W4285166530,WRITES
A5051430246,W4205707270,WRITES
A5051430246,I82497590,AFFILIATED_WITH
A5015367073,W4312600534,WRITES
A5015367073,I3133213403,AFFILIATED_WITH
A5106111285,W7118452653,WRITES
A5106111285,I119896790,AFFILIATED_WITH
LOCAL_A000482,W7108322544,WRITES
LOCAL_A000482,W7108328204,WRITES
LOCAL_A000482,I119896790,AFFILIATED_WITH
A5011627378,W4389738902,WRITES
A5011627378,I11983389,AFFILIATED_WITH
A5011627378,I175532246,AFFILIATED_WITH
A5011627378,I3131870445,AFFILIATED_WITH
A5011627378,I4210107997,AFFILIATED_WITH
A5011627378,I4210143550,AFFILIATED_WITH
A5011627378,I5085271,AFFILIATED_WITH
A5011627378,I55285296,AFFILIATED_WITH
A5049257114,W4320917642,WRITES
A5049257114,I14243506,AFFILIATED_WITH
A5049257114,I145487455,AFFILIATED_WITH
A5103322564,W7118452653,WRITES
A5103322564,I12859529,AFFILIATED_WITH
A5118752430,W4411880963,WRITES
A5118752430,I3020192730,AFFILIATED_WITH
A5054517839,W4409462844,WRITES
A5054517839,I1332353952,AFFILIATED_WITH
A5054517839,I4210148235,AFFILIATED_WITH
A5035240489,W4321609955,WRITES
A5035240489,I4210109390,AFFILIATED_WITH
A5079187530,W2983803309,WRITES
A5079187530,W4211174566,WRITES
A5079187530,W2767566591,WRITES
A5079187530,W3093833112,WRITES
A5079187530,I2799937713,AFFILIATED_WITH
A5008930531,W4220910670,WRITES
A5008930531,I28710699,AFFILIATED_WITH
A5064804073,W4407561213,WRITES
A5064804073,W4378904270,WRITES
A5064804073,I188815454,AFFILIATED_WITH
A5064804073,I317356780,AFFILIATED_WITH
A5064804073,I4387152983,AFFILIATED_WITH
A5064804073,I69740276,AFFILIATED_WITH
A5065071509,W4382795276,WRITES
A5074260255,W4386279883,WRITES
A5074260255,I887064364,AFFILIATED_WITH
A5088950452,W4412455529,WRITES
A5088950452,I125989756,AFFILIATED_WITH
A5082438382,W2496171072,WRITES
A5082438382,W2607391129,WRITES
A5082438382,I4210113917,AFFILIATED_WITH
A5082438382,I4210123993,AFFILIATED_WITH
A5046366464,W4377002350,WRITES
A5046366464,I99464096,AFFILIATED_WITH
A5085741547,W4401892575,WRITES
A5085741547,I144693123,AFFILIATED_WITH
A5085741547,I4210116098,AFFILIATED_WITH
A5079958449,W2958510524,WRITES
A5050925561,W4283327689,WRITES
A5050925561,I4210123993,AFFILIATED_WITH
LOCAL_A000129,W4293221027,WRITES
LOCAL_A000124,W4293221027,WRITES
LOCAL_A000228,W4312656552,WRITES
A5136977010,W7162318469,WRITES
A5136977010,I4387152983,AFFILIATED_WITH
A5136977010,I69740276,AFFILIATED_WITH
A5087698693,W2244433040,WRITES
A5087698693,I169045520,AFFILIATED_WITH
A5087698693,I4210123993,AFFILIATED_WITH
A5087698693,I4210151606,AFFILIATED_WITH
A5087698693,I4210163712,AFFILIATED_WITH
A5087698693,I4210165018,AFFILIATED_WITH
A5087698693,I4210166095,AFFILIATED_WITH
A5029874126,W7162318469,WRITES
A5029874126,I41802502,AFFILIATED_WITH
A5081887421,W3168575142,WRITES
A5055267657,W4361214286,WRITES
A5055267657,W4310339445,WRITES
A5055267657,I102335020,AFFILIATED_WITH
A5055267657,I4210088711,AFFILIATED_WITH
A5055267657,I124601658,AFFILIATED_WITH
A5005283925,W7131416904,WRITES
A5005283925,I2801039369,AFFILIATED_WITH
A5020278447,W4288690019,WRITES
A5020278447,I123565023,AFFILIATED_WITH
A5020278447,I124601658,AFFILIATED_WITH
A5020278447,I170238339,AFFILIATED_WITH
A5020278447,I93860229,AFFILIATED_WITH
A5086514385,W4317382500,WRITES
A5086514385,I124601658,AFFILIATED_WITH
A5074963113,W4406548207,WRITES
A5074963113,I121595252,AFFILIATED_WITH
A5074963113,I1332107658,AFFILIATED_WITH
A5003546699,W2949783845,WRITES
A5003546699,I4387154758,AFFILIATED_WITH
A5101942828,W4381833251,WRITES
A5101942828,I199693650,AFFILIATED_WITH
A5087200966,W4383814612,WRITES
A5087200966,I4210086811,AFFILIATED_WITH
A5008961078,W4319791725,WRITES
A5008961078,I16076960,AFFILIATED_WITH
A5027631172,W2381267597,WRITES
A5027631172,I4210123993,AFFILIATED_WITH
A5056596042,W2377113936,WRITES
A5056596042,I4210123993,AFFILIATED_WITH
LOCAL_A000289,W2379962158,WRITES
LOCAL_A000289,I4210123993,AFFILIATED_WITH
A5002238892,W4402124965,WRITES
A5002238892,I25757504,AFFILIATED_WITH
A5022008299,W4386170078,WRITES
A5022008299,I1327237609,AFFILIATED_WITH
A5022008299,I176808543,AFFILIATED_WITH
A5089444182,W4411567740,WRITES
A5089444182,I47818738,AFFILIATED_WITH
A5112687130,W4390547547,WRITES
A5112687130,I112536369,AFFILIATED_WITH
A5112687130,I4210096386,AFFILIATED_WITH
A5067522840,W2983803309,WRITES
A5067522840,W4211174566,WRITES
A5045541958,W4403457169,WRITES
A5045541958,W4411621627,WRITES
A5045541958,I4210121466,AFFILIATED_WITH
A5057644436,W3200896269,WRITES
A5057644436,I87482320,AFFILIATED_WITH
A5061693096,W4380086388,WRITES
A5061693096,I47164929,AFFILIATED_WITH
A5085454704,W4281561494,WRITES
A5085454704,I21203515,AFFILIATED_WITH
A5035255903,W2920977915,WRITES
A5035255903,W2952065493,WRITES
A5035255903,I4210087915,AFFILIATED_WITH
A5116462497,W4408053749,WRITES
A5116462497,I4210123993,AFFILIATED_WITH
A5035395012,W3175834700,WRITES
A5035395012,W4220910670,WRITES
A5035395012,I203172682,AFFILIATED_WITH
A5035395012,I8078737,AFFILIATED_WITH
A5055004314,W4396875764,WRITES
A5055004314,I117965899,AFFILIATED_WITH
A5135221641,W7160032096,WRITES
A5135221641,W7160136628,WRITES
A5135221641,I157674215,AFFILIATED_WITH
A5135221641,I47519274,AFFILIATED_WITH
A5025159311,W7128925053,WRITES
A5025159311,I4210142271,AFFILIATED_WITH
A5025159311,I47519274,AFFILIATED_WITH
A5027290274,W4399685159,WRITES
A5114060515,W4321368823,WRITES
A5114060515,I243754102,AFFILIATED_WITH
A5075390580,W4405281261,WRITES
A5075390580,I9360294,AFFILIATED_WITH
A5076305988,W4414206059,WRITES
A5076305988,I45129253,AFFILIATED_WITH
A5035970169,W4392709346,WRITES
A5035970169,I1332353952,AFFILIATED_WITH
A5029226423,W4392600430,WRITES
A5029226423,I114017466,AFFILIATED_WITH
A5029226423,I1332353952,AFFILIATED_WITH
A5034129399,W4282942155,WRITES
A5034129399,I32597200,AFFILIATED_WITH
A5034129399,I4210141966,AFFILIATED_WITH
A5034129399,I87445476,AFFILIATED_WITH
A5025713017,W4411207447,WRITES
A5025713017,I170606269,AFFILIATED_WITH
A5025713017,I181727666,AFFILIATED_WITH
A5013742376,W2362133467,WRITES
A5013742376,I4210123993,AFFILIATED_WITH
A5100839259,W2353502028,WRITES
A5100839259,I4210123993,AFFILIATED_WITH
A5035693571,W2360207479,WRITES
A5035693571,I4210123993,AFFILIATED_WITH
A5033971798,W4280534488,WRITES
A5033971798,W4205413676,WRITES
A5033971798,W3183386125,WRITES
A5033971798,W3214813022,WRITES
A5033971798,W3200896269,WRITES
A5033971798,W4387842287,WRITES
A5033971798,I6469544,AFFILIATED_WITH
A5033971798,I80947539,AFFILIATED_WITH
A5057860286,W2391077357,WRITES
A5082978015,W4313130190,WRITES
A5082978015,W4312259919,WRITES
A5082978015,W4312669879,WRITES
A5082978015,W4312634760,WRITES
A5082978015,I3133213403,AFFILIATED_WITH
A5082978015,I4210123993,AFFILIATED_WITH
A5090593514,W4397009991,WRITES
A5090593514,W4364320790,WRITES
A5090593514,I8961855,AFFILIATED_WITH
A5124588332,W7126391955,WRITES
A5124588332,W7126404938,WRITES
A5124588332,I226567900,AFFILIATED_WITH
A5107436860,W4414708112,WRITES
A5107436860,W7128925053,WRITES
A5107436860,W7138163378,WRITES
A5107436860,W4409898812,WRITES
A5107436860,W4402689909,WRITES
A5107436860,W4415379161,WRITES
A5107436860,W4416088264,WRITES
A5107436860,I4210158385,AFFILIATED_WITH
A5107436860,I47519274,AFFILIATED_WITH
LOCAL_A000036,W7115905231,WRITES
LOCAL_A000036,I47519274,AFFILIATED_WITH
A5115399157,W4405281261,WRITES
A5115399157,I4210125303,AFFILIATED_WITH
A5068485938,W4405281261,WRITES
A5068485938,I150540706,AFFILIATED_WITH
A5020358581,W2920983499,WRITES
A5020358581,W2921438491,WRITES
A5020358581,W2922328822,WRITES
A5020358581,I1283280774,AFFILIATED_WITH
A5061741179,W4313465680,WRITES
A5080054775,W4313332129,WRITES
A5080054775,I4210159566,AFFILIATED_WITH
A5075005049,W4410502019,WRITES
A5075005049,W4410502105,WRITES
A5075005049,I55133342,AFFILIATED_WITH
A5015787949,W4308731653,WRITES
A5015787949,W4317382500,WRITES
A5015787949,W4288690019,WRITES
A5015787949,W4283766228,WRITES
A5015787949,W4361214286,WRITES
A5015787949,W4310339445,WRITES
A5015787949,W4387519102,WRITES
A5015787949,W4307991005,WRITES
A5015787949,I30771326,AFFILIATED_WITH
A5015787949,I4210135780,AFFILIATED_WITH
A5015787949,I93860229,AFFILIATED_WITH
A5015787949,I123565023,AFFILIATED_WITH
A5015787949,I170238339,AFFILIATED_WITH
A5060760122,W4362457768,WRITES
A5060760122,I124357947,AFFILIATED_WITH
A5060760122,I45084792,AFFILIATED_WITH
A5072941252,W3131063929,WRITES
A5072941252,I1302275403,AFFILIATED_WITH
A5072941252,I2801328717,AFFILIATED_WITH
A5072941252,I4210100294,AFFILIATED_WITH
A5072941252,I76835614,AFFILIATED_WITH
A5021876776,W2922114288,WRITES
A5021876776,W2921662358,WRITES
A5021876776,I136199984,AFFILIATED_WITH
A5021876776,I1283280774,AFFILIATED_WITH
A5003854144,W2754689785,WRITES
A5003854144,I4210123993,AFFILIATED_WITH
A5098414159,W2058651173,WRITES
A5098414159,I4210123993,AFFILIATED_WITH
A5051113352,W4411413958,WRITES
A5051113352,I4210123993,AFFILIATED_WITH
A5054591254,W2153576566,WRITES
A5011245031,W4401892575,WRITES
A5011245031,I4387154144,AFFILIATED_WITH
A5072098542,W2555561595,WRITES
A5072098542,W2607391129,WRITES
A5072098542,I4210123993,AFFILIATED_WITH
A5072098542,I4210125796,AFFILIATED_WITH
A5056794023,W2036122594,WRITES
A5056794023,W1968226995,WRITES
A5082945083,W4417007013,WRITES
A5082945083,W7126022358,WRITES
A5082945083,W7126088191,WRITES
A5082945083,I242057862,AFFILIATED_WITH
A5001675506,W4362492618,WRITES
A5001675506,W4367728083,WRITES
A5001675506,W4400933422,WRITES
A5001675506,W4366448654,WRITES
A5001675506,W4415163764,WRITES
A5001675506,I4210110097,AFFILIATED_WITH
A5001675506,I4210123993,AFFILIATED_WITH
A5001675506,I173009982,AFFILIATED_WITH
A5006311823,W7118452653,WRITES
A5006311823,I4210119417,AFFILIATED_WITH
LOCAL_A000512,W7108322544,WRITES
LOCAL_A000512,W7108328204,WRITES
LOCAL_A000512,I4210119417,AFFILIATED_WITH
LOCAL_A000700,W4253353920,WRITES
A5124934837,W7127339318,WRITES
A5124934837,I876193797,AFFILIATED_WITH
LOCAL_A000107,W4293221027,WRITES
LOCAL_A000188,W4293221027,WRITES
LOCAL_A000330,W4285191318,WRITES
LOCAL_A000339,W4285191318,WRITES
LOCAL_A000138,W4293221027,WRITES
LOCAL_A000193,W4293221027,WRITES
LOCAL_A000312,W4243275109,WRITES
LOCAL_A000115,W4293221027,WRITES
A5113298949,W7162318469,WRITES
A5113298949,I223532165,AFFILIATED_WITH
A5136898771,W7162318469,WRITES
A5136898771,I4210102177,AFFILIATED_WITH
A5051435891,W4241781093,WRITES
A5051435891,I4210090479,AFFILIATED_WITH
A5036212178,W4407394155,WRITES
A5036212178,W4406110549,WRITES
A5036212178,W4402307212,WRITES
A5036212178,I130442723,AFFILIATED_WITH
A5036212178,I4210117728,AFFILIATED_WITH
LOCAL_A000615,W4409828992,WRITES
LOCAL_A000615,I876193797,AFFILIATED_WITH
A5011418488,W4376891951,WRITES
A5011418488,I138925566,AFFILIATED_WITH
A5011418488,I4210104335,AFFILIATED_WITH
A5010707914,W4387326361,WRITES
A5010707914,W4313592827,WRITES
A5010707914,I302256491,AFFILIATED_WITH
A5010707914,I149851306,AFFILIATED_WITH
A5010707914,I4210098675,AFFILIATED_WITH
A5111228622,W7118452653,WRITES
A5111228622,I271457894,AFFILIATED_WITH
A5135216739,W7160186769,WRITES
A5135216739,I80849659,AFFILIATED_WITH
A5120996342,W7116711994,WRITES
A5120996342,I80849659,AFFILIATED_WITH
A5119797401,W4414708112,WRITES
A5119797401,I205158640,AFFILIATED_WITH
A5119797401,I47519274,AFFILIATED_WITH
A5112843290,W2677270484,WRITES
A5112843290,I170897317,AFFILIATED_WITH
A5074774772,W2983803309,WRITES
A5074774772,W2767566591,WRITES
A5111192946,W4292367284,WRITES
A5111192946,I202539009,AFFILIATED_WITH
A5057758597,W4385413477,WRITES
A5057758597,W4402124965,WRITES
A5057758597,I25757504,AFFILIATED_WITH
A5057758597,I4210098369,AFFILIATED_WITH
A5002161235,W4308684493,WRITES
A5002161235,W4283723303,WRITES
A5002161235,I21376657,AFFILIATED_WITH
A5002161235,I39534123,AFFILIATED_WITH
A5070384492,W4402689909,WRITES
A5070384492,W4402229499,WRITES
A5070384492,I4210111884,AFFILIATED_WITH
A5070384492,I4387930225,AFFILIATED_WITH
A5070384492,I47519274,AFFILIATED_WITH
A5070384492,I84653119,AFFILIATED_WITH
A5037837813,W4404595456,WRITES
A5037837813,I205490536,AFFILIATED_WITH
LOCAL_A000518,W7108322544,WRITES
LOCAL_A000518,W7108328204,WRITES
LOCAL_A000518,I168635309,AFFILIATED_WITH
LOCAL_A000480,W7108322544,WRITES
LOCAL_A000480,W7108328204,WRITES
LOCAL_A000480,I168635309,AFFILIATED_WITH
A5079381636,W2983803309,WRITES
A5079381636,W4211174566,WRITES
A5079381636,W2767566591,WRITES
A5079381636,W3093833112,WRITES
A5079381636,W2180953235,WRITES
A5101402718,W2384553641,WRITES
A5101402718,I4210123993,AFFILIATED_WITH
LOCAL_A000002,W2983803309,WRITES
LOCAL_A000002,W2767566591,WRITES
A5088677076,W4283327689,WRITES
A5088677076,I4210123993,AFFILIATED_WITH
A5089751241,W7135509405,WRITES
A5089751241,I2800279901,AFFILIATED_WITH
A5114010145,W2885929736,WRITES
A5114010145,I4577782,AFFILIATED_WITH
A5016561586,W4405281261,WRITES
A5016561586,I17606148,AFFILIATED_WITH
A5019505457,W4409554317,WRITES
A5019505457,W4413618970,WRITES
A5019505457,W4411626447,WRITES
A5019505457,I28777354,AFFILIATED_WITH
A5018592470,W3165018444,WRITES
A5018592470,W4311176866,WRITES
A5018592470,I26120043,AFFILIATED_WITH
A5119834139,W7155199095,WRITES
A5119834139,I125861091,AFFILIATED_WITH
A5042408344,W4386601257,WRITES
A5042408344,I4880106,AFFILIATED_WITH
A5133427062,W7153560386,WRITES
A5133427062,W7154587972,WRITES
A5133427062,I4210123993,AFFILIATED_WITH
A5059374909,W4290719035,WRITES
A5059374909,W4385636643,WRITES
A5059374909,I170238339,AFFILIATED_WITH
A5015610209,W3207741785,WRITES
A5015610209,I4210123993,AFFILIATED_WITH
A5029048793,W4392590475,WRITES
A5029048793,W4387842287,WRITES
A5029048793,I181727666,AFFILIATED_WITH
A5106785511,W4401973782,WRITES
A5106785511,I4210123993,AFFILIATED_WITH
A5055473116,W4389263859,WRITES
A5055473116,W4387121758,WRITES
A5055473116,W4410774379,WRITES
A5055473116,W4388845380,WRITES
A5055473116,W4393092395,WRITES
A5055473116,W4411498698,WRITES
A5055473116,I123565023,AFFILIATED_WITH
A5055473116,I12450925,AFFILIATED_WITH
A5054990885,W4391696950,WRITES
A5054990885,W4391506647,WRITES
A5054990885,I4210123993,AFFILIATED_WITH
A5104942826,W4400889849,WRITES
A5104942826,I4210123993,AFFILIATED_WITH
A5102787852,W4411867038,WRITES
A5102787852,I28777354,AFFILIATED_WITH
A5102787852,I4210104442,AFFILIATED_WITH
A5102787852,I4210148201,AFFILIATED_WITH
A5121471388,W7117479710,WRITES
A5121471388,I4210123799,AFFILIATED_WITH
A5113245914,W4399493353,WRITES
A5113245914,I135822937,AFFILIATED_WITH
A5036250530,W4317423688,WRITES
A5036250530,W4323866303,WRITES
A5036250530,I2802508454,AFFILIATED_WITH
A5102666774,W4397008973,WRITES
A5102666774,I202539009,AFFILIATED_WITH
A5102666774,I27429435,AFFILIATED_WITH
A5102666774,I4210116271,AFFILIATED_WITH
A5086441327,W3046893219,WRITES
A5086441327,I109689652,AFFILIATED_WITH
A5041738711,W4382937971,WRITES
A5041738711,I4210123993,AFFILIATED_WITH
A5063551372,W3080396026,WRITES
A5063551372,W3201885838,WRITES
A5063551372,I4210112569,AFFILIATED_WITH
A5108320384,W4396870521,WRITES
A5108320384,I4210095101,AFFILIATED_WITH
A5123961539,W7125821153,WRITES
A5123961539,I4210139842,AFFILIATED_WITH
A5021635788,W4381546781,WRITES
A5118963635,W4412356220,WRITES
A5118963635,I4210104442,AFFILIATED_WITH
A5079426909,W4391186569,WRITES
A5079426909,I4210148201,AFFILIATED_WITH
A5075708496,W4318984786,WRITES
A5075708496,I123565023,AFFILIATED_WITH
A5075708496,I47265099,AFFILIATED_WITH
A5052104891,W7118452653,WRITES
A5052104891,I4210125530,AFFILIATED_WITH
A5092989807,W4387270971,WRITES
A5092989807,I4210126287,AFFILIATED_WITH
A5135276087,W7160186769,WRITES
A5135276087,I80849659,AFFILIATED_WITH
A5120953003,W7116711994,WRITES
A5120953003,I88273585,AFFILIATED_WITH
A5029534432,W4387846071,WRITES
A5029534432,W4393318354,WRITES
A5029534432,I4210144979,AFFILIATED_WITH
A5054097796,W2983803309,WRITES
A5054097796,W2767566591,WRITES
A5054097796,I4210148804,AFFILIATED_WITH
A5091701946,W4414227725,WRITES
A5091701946,W7119522653,WRITES
A5091701946,I861853513,AFFILIATED_WITH
LOCAL_A000508,W7108322544,WRITES
LOCAL_A000508,W7108328204,WRITES
LOCAL_A000508,I185492890,AFFILIATED_WITH
A5103749367,W2953848273,WRITES
A5103749367,I2251586001,AFFILIATED_WITH
A5121471224,W7117479710,WRITES
A5121471224,I19880235,AFFILIATED_WITH
A5121471224,I4400009067,AFFILIATED_WITH
A5026382468,W4412488217,WRITES
A5015967624,W4296061001,WRITES
A5015967624,I721619,AFFILIATED_WITH
A5064473053,W2351047321,WRITES
A5064473053,I4210123993,AFFILIATED_WITH
A5102220548,W2351540729,WRITES
A5102220548,I4210123993,AFFILIATED_WITH
A5112826970,W2952065493,WRITES
A5112826970,I4210087915,AFFILIATED_WITH
A5112826970,I4210119527,AFFILIATED_WITH
A5078680445,W2036122594,WRITES
A5078680445,W2169308829,WRITES
A5084660092,W4220945563,WRITES
A5084660092,W4309765389,WRITES
A5084660092,I99464096,AFFILIATED_WITH
A5035589368,W7163549597,WRITES
A5035589368,I36001604,AFFILIATED_WITH
LOCAL_A000513,W7108322544,WRITES
LOCAL_A000513,W7108328204,WRITES
LOCAL_A000513,I72227227,AFFILIATED_WITH
A5061672192,W4321250367,WRITES
A5061672192,W4364375921,WRITES
A5061672192,I1332353952,AFFILIATED_WITH
A5116808724,W4408868085,WRITES
A5116808724,I198105771,AFFILIATED_WITH
A5038701537,W2381946078,WRITES
A5038701537,I4210123993,AFFILIATED_WITH
A5051877757,W4283741100,WRITES
A5051877757,I202539009,AFFILIATED_WITH
A5042002273,W4399490801,WRITES
A5042002273,I91951123,AFFILIATED_WITH
A5123186240,W7124434172,WRITES
A5123186240,I91951123,AFFILIATED_WITH
A5100380164,W4283327689,WRITES
A5100380164,I4210123993,AFFILIATED_WITH
A5029163162,W3131063929,WRITES
A5029163162,I204250578,AFFILIATED_WITH
A5009690733,W4388635132,WRITES
A5009690733,I35928602,AFFILIATED_WITH
LOCAL_A000201,W4293221027,WRITES
A5031627421,W2169308829,WRITES
A5031627421,W1968226995,WRITES
A5031627421,W2148435571,WRITES
LOCAL_A000332,W4285191318,WRITES
LOCAL_A000241,W4312656552,WRITES
LOCAL_A000185,W4293221027,WRITES
LOCAL_A000691,W4253353920,WRITES
LOCAL_A000329,W4285191318,WRITES
LOCAL_A000692,W4253353920,WRITES
LOCAL_A000693,W4253353920,WRITES
A5055790770,W4360620764,WRITES
A5055790770,I79775147,AFFILIATED_WITH
A5060496598,W7164944821,WRITES
A5060496598,I2802508454,AFFILIATED_WITH
A5060496598,I4210100991,AFFILIATED_WITH
LOCAL_A000180,W4293221027,WRITES
LOCAL_A000366,W4285191318,WRITES
LOCAL_A000239,W4312656552,WRITES
A5133126062,W7151601401,WRITES
A5133126062,I123565023,AFFILIATED_WITH
A5071030668,W1866945369,WRITES
A5071030668,I4210123993,AFFILIATED_WITH
A5136985777,W7162318469,WRITES
A5136985777,I4575257,AFFILIATED_WITH
A5136985777,I93906172,AFFILIATED_WITH
A5071619309,W1575253570,WRITES
A5071619309,I913481162,AFFILIATED_WITH
A5055786940,W4389580973,WRITES
A5055786940,W4412581388,WRITES
A5055786940,I123565023,AFFILIATED_WITH
A5055786940,I23582244,AFFILIATED_WITH
A5104384413,W7162318469,WRITES
A5104384413,I2802340896,AFFILIATED_WITH
A5126899755,W7131662221,WRITES
A5126899755,I4210123993,AFFILIATED_WITH
A5076730030,W4385636594,WRITES
A5076730030,W7151754142,WRITES
A5076730030,W4313907308,WRITES
A5076730030,W4321609955,WRITES
A5076730030,W4404595456,WRITES
A5076730030,I4210123993,AFFILIATED_WITH
A5130242755,W7139959509,WRITES
A5130242755,I4210123993,AFFILIATED_WITH
A5069934465,W4377091076,WRITES
A5069934465,W4402096472,WRITES
A5069934465,W4403528224,WRITES
A5069934465,W4372284010,WRITES
A5069934465,W4387390226,WRITES
A5069934465,W4410344643,WRITES
A5069934465,W3201357882,WRITES
A5069934465,W4403539683,WRITES
A5069934465,W4295135458,WRITES
A5069934465,W4377861812,WRITES
A5069934465,I4210123993,AFFILIATED_WITH
A5069934465,I70349855,AFFILIATED_WITH
A5136931926,W7162318469,WRITES
A5136931926,I189513530,AFFILIATED_WITH
A5110723201,W7162318469,WRITES
A5110723201,I74801974,AFFILIATED_WITH
A5136930195,W7162318469,WRITES
A5136930195,I165522056,AFFILIATED_WITH
A5025370032,W3200731815,WRITES
A5025370032,I177733328,AFFILIATED_WITH
A5088589391,W4399212597,WRITES
A5088589391,I123565023,AFFILIATED_WITH
A5088589391,I23582244,AFFILIATED_WITH
A5032100162,W4412944887,WRITES
A5032100162,I4210123993,AFFILIATED_WITH
A5045420242,W3199129238,WRITES
A5045420242,W3201302514,WRITES
A5045420242,I4210123993,AFFILIATED_WITH
A5136913949,W7162318469,WRITES
A5136913949,I74801974,AFFILIATED_WITH
A5041321676,W4409377644,WRITES
A5001649826,W4220945563,WRITES
A5001649826,W4281722354,WRITES
A5001649826,I32597200,AFFILIATED_WITH
A5001649826,I4210093659,AFFILIATED_WITH
A5042307561,W4386547305,WRITES
A5042307561,W4313396687,WRITES
A5042307561,W3206545182,WRITES
A5042307561,W4379382643,WRITES
A5042307561,I20089843,AFFILIATED_WITH
A5027706324,W2015390581,WRITES
A5027706324,I4210109623,AFFILIATED_WITH
A5100681381,W4376891951,WRITES
A5100681381,I74801974,AFFILIATED_WITH
A5040711397,W4311088087,WRITES
A5040711397,W4282920256,WRITES
A5040711397,I913481162,AFFILIATED_WITH
A5109145665,W4404522458,WRITES
A5109145665,I4210142044,AFFILIATED_WITH
A5006198476,W4403302339,WRITES
A5006198476,I170238339,AFFILIATED_WITH
A5120347235,W7163660649,WRITES
A5120347235,I3020192730,AFFILIATED_WITH
A5036260987,W4405399025,WRITES
A5036260987,W4414227725,WRITES
A5036260987,W4402687087,WRITES
A5036260987,I4210123993,AFFILIATED_WITH
A5036260987,I165143802,AFFILIATED_WITH
A5036260987,I2799677732,AFFILIATED_WITH
A5122310706,W7119522653,WRITES
A5122310706,I4210123993,AFFILIATED_WITH
LOCAL_A000395,W4387586125,WRITES
A5004954278,W2352545256,WRITES
A5004954278,I4210123993,AFFILIATED_WITH
A5077159769,W4297982378,WRITES
A5077159769,W4296564751,WRITES
A5077159769,W4392949586,WRITES
A5077159769,W7163942238,WRITES
A5077159769,W4312032783,WRITES
A5077159769,W4385661509,WRITES
A5077159769,W4401207717,WRITES
A5077159769,I141445968,AFFILIATED_WITH
A5077159769,I181727666,AFFILIATED_WITH
A5077159769,I4210096386,AFFILIATED_WITH
A5096362209,W4388572911,WRITES
A5096362209,I4210123993,AFFILIATED_WITH
A5001975381,W7154494603,WRITES
A5001975381,I177733328,AFFILIATED_WITH
A5068570499,W4386889388,WRITES
A5068570499,W4386326832,WRITES
A5068570499,W4392431566,WRITES
A5068570499,W4390964192,WRITES
A5068570499,I3020192730,AFFILIATED_WITH
A5126307449,W7130349534,WRITES
A5126307449,I3020192730,AFFILIATED_WITH
A5054736195,W4415714390,WRITES
A5054736195,I4210123993,AFFILIATED_WITH
A5088349333,W4409969821,WRITES
A5088349333,W4412003814,WRITES
A5088349333,W4387121758,WRITES
A5088349333,W4388845380,WRITES
A5088349333,W4321054250,WRITES
A5088349333,W4382885000,WRITES
A5088349333,W4385219854,WRITES
A5088349333,W4402136902,WRITES
A5088349333,I47807185,AFFILIATED_WITH
A5083516573,W3201373879,WRITES
A5083516573,W3199319607,WRITES
A5083516573,W3200969711,WRITES
A5083516573,I4210123993,AFFILIATED_WITH
A5011071867,W4406018358,WRITES
A5011071867,I27429435,AFFILIATED_WITH
A5011071867,I4210116271,AFFILIATED_WITH
A5117757285,W4410852962,WRITES
A5117757285,I4210123993,AFFILIATED_WITH
A5035584901,W4401275036,WRITES
A5035584901,W4386982640,WRITES
A5035584901,W4403557575,WRITES
A5035584901,I4210096063,AFFILIATED_WITH
A5104115904,W4376454465,WRITES
A5104115904,I89440247,AFFILIATED_WITH
A5102880338,W4386279883,WRITES
A5102880338,I141445968,AFFILIATED_WITH
A5022572064,W3138728005,WRITES
A5022572064,I47265099,AFFILIATED_WITH
A5075235852,W4290471674,WRITES
A5075235852,W4200002544,WRITES
A5075235852,W4221098262,WRITES
A5075235852,W4410974180,WRITES
A5075235852,W4416208916,WRITES
A5075235852,W3167511430,WRITES
A5075235852,W4220747986,WRITES
A5075235852,W4313408409,WRITES
A5075235852,W4281913321,WRITES
A5075235852,I38538140,AFFILIATED_WITH
A5075235852,I4210105946,AFFILIATED_WITH
A5044156341,W3094652768,WRITES
A5044156341,I4210139642,AFFILIATED_WITH
A5102933878,W4390830216,WRITES
A5102933878,I4210086020,AFFILIATED_WITH
A5080404353,W3188003319,WRITES
A5080404353,I4210123993,AFFILIATED_WITH
A5048414571,W4408160180,WRITES
A5048414571,I4210108426,AFFILIATED_WITH
A5007052251,W4379207090,WRITES
A5007052251,I4210134642,AFFILIATED_WITH
A5114202395,W4401270311,WRITES
A5114202395,I177733328,AFFILIATED_WITH
A5000852799,W1902563258,WRITES
A5000852799,I4210152602,AFFILIATED_WITH
A5121476018,W7117479710,WRITES
A5121476018,I4210146893,AFFILIATED_WITH
A5015273816,W4221017466,WRITES
A5015273816,W4220784121,WRITES
A5015273816,I4210092381,AFFILIATED_WITH
A5015273816,I177233841,AFFILIATED_WITH
A5017977010,W2520192379,WRITES
A5017977010,I4210123993,AFFILIATED_WITH
A5064378058,W4318476690,WRITES
A5064378058,W4379468618,WRITES
A5064378058,I4210088633,AFFILIATED_WITH
A5064378058,I4210141426,AFFILIATED_WITH
A5002135635,W4404952803,WRITES
A5002135635,I35928602,AFFILIATED_WITH
A5024527852,W7163549597,WRITES
A5024527852,I12469534,AFFILIATED_WITH
A5124037743,W7125821153,WRITES
A5124037743,I4210123993,AFFILIATED_WITH
A5028355700,W4415655487,WRITES
A5028355700,W4393010195,WRITES
A5028355700,W4387958850,WRITES
A5028355700,W4390502111,WRITES
A5028355700,W4386889388,WRITES
A5028355700,W4386326832,WRITES
A5028355700,W4392431566,WRITES
A5028355700,W4411069142,WRITES
A5028355700,W4401351881,WRITES
A5028355700,W4390964192,WRITES
A5028355700,W4387083611,WRITES
A5028355700,W4387971596,WRITES
A5028355700,W4400832621,WRITES
A5028355700,W4409554317,WRITES
A5028355700,W4413618970,WRITES
A5028355700,W4411626447,WRITES
A5028355700,W4401742244,WRITES
A5028355700,W4385556859,WRITES
A5028355700,I4210123993,AFFILIATED_WITH
A5028355700,I4210156903,AFFILIATED_WITH
A5028355700,I59499333,AFFILIATED_WITH
LOCAL_A000619,W7133939684,WRITES
LOCAL_A000619,I4210123993,AFFILIATED_WITH
A5085948144,W4397002070,WRITES
A5085948144,I4210123993,AFFILIATED_WITH
A5121682937,W7117773889,WRITES
A5121682937,I4210123993,AFFILIATED_WITH
A5012148464,W4317423688,WRITES
A5012148464,W4392706626,WRITES
A5012148464,W7119881577,WRITES
A5012148464,I3020192730,AFFILIATED_WITH
LOCAL_A000596,W4408612729,WRITES
LOCAL_A000596,I70349855,AFFILIATED_WITH
A5100570849,W7125369332,WRITES
A5100570849,W7130349534,WRITES
A5100570849,I123565023,AFFILIATED_WITH
A5100570849,I23582244,AFFILIATED_WITH
A5100570849,I47265099,AFFILIATED_WITH
A5082578116,W4311137246,WRITES
A5082578116,I4210123993,AFFILIATED_WITH
A5015417417,W3101745018,WRITES
A5015417417,I4210123993,AFFILIATED_WITH
A5101149346,W4408612729,WRITES
A5101149346,I70349855,AFFILIATED_WITH
A5029407674,W4409211232,WRITES
A5029407674,W4390547547,WRITES
A5029407674,W4405945941,WRITES
A5029407674,W4411441940,WRITES
A5029407674,W4411567740,WRITES
A5029407674,W7134201769,WRITES
A5029407674,I4210123993,AFFILIATED_WITH
A5029407674,I112536369,AFFILIATED_WITH
A5107851161,W7155203564,WRITES
A5107851161,I4210123993,AFFILIATED_WITH
A5080275074,W4213032084,WRITES
A5080275074,W4210893619,WRITES
A5080275074,W3173640918,WRITES
A5080275074,W4281920079,WRITES
A5080275074,W3202442685,WRITES
A5080275074,W4303045635,WRITES
A5080275074,W4362674680,WRITES
A5080275074,W4362717669,WRITES
A5080275074,W4386884764,WRITES
A5080275074,W4403488549,WRITES
A5080275074,I4210123993,AFFILIATED_WITH
A5080275074,I181727666,AFFILIATED_WITH
A5080275074,I44636411,AFFILIATED_WITH
A5113058619,W4411310108,WRITES
A5113058619,I4210123993,AFFILIATED_WITH
A5016121125,W4387770997,WRITES
A5016121125,I94518387,AFFILIATED_WITH
A5051047872,W4414023483,WRITES
A5051047872,I170238339,AFFILIATED_WITH
A5051047872,I18550681,AFFILIATED_WITH
A5102346530,W4387566111,WRITES
A5102346530,I4210148897,AFFILIATED_WITH
LOCAL_A000058,W4308731653,WRITES
LOCAL_A000058,I123565023,AFFILIATED_WITH
A5049270537,W3184444435,WRITES
A5049270537,I2802508454,AFFILIATED_WITH
A5112037077,W3038323774,WRITES
A5112037077,I4210124323,AFFILIATED_WITH
A5072039769,W2385509500,WRITES
A5072039769,I4210123993,AFFILIATED_WITH
A5067607444,W4399685159,WRITES
A5067607444,I4210099876,AFFILIATED_WITH
A5100727459,W2369016698,WRITES
A5100727459,I4210123993,AFFILIATED_WITH
A5100742825,W4408797605,WRITES
A5100742825,I135822937,AFFILIATED_WITH
A5050158948,W4396898790,WRITES
A5050158948,I4210165529,AFFILIATED_WITH
A5029433243,W4317383016,WRITES
A5029433243,I4387155935,AFFILIATED_WITH
A5029433243,I47265099,AFFILIATED_WITH
A5018903635,W4319791725,WRITES
A5018903635,I142732210,AFFILIATED_WITH
A5078842316,W4396898790,WRITES
A5078842316,I170238339,AFFILIATED_WITH
A5078842316,I4210091861,AFFILIATED_WITH
A5078842316,I85461943,AFFILIATED_WITH
A5052523494,W4296707155,WRITES
A5052523494,I4400573217,AFFILIATED_WITH
A5067559759,W4411567740,WRITES
A5067559759,I47818738,AFFILIATED_WITH
A5099244504,W4411238397,WRITES
A5099244504,W4404883326,WRITES
A5099244504,W4405460575,WRITES
A5099244504,I141445968,AFFILIATED_WITH
LOCAL_A000282,W4387386822,WRITES
LOCAL_A000282,I4210123993,AFFILIATED_WITH
A5094582176,W4393932362,WRITES
A5094582176,I4387155935,AFFILIATED_WITH
A5031370887,W4412161992,WRITES
A5031370887,W4391844119,WRITES
A5031370887,I179093154,AFFILIATED_WITH
A5031370887,I25041050,AFFILIATED_WITH
A5031370887,I70349855,AFFILIATED_WITH
A5104340853,W4391844119,WRITES
A5104340853,I848706,AFFILIATED_WITH
LOCAL_A000583,W4312201692,WRITES
LOCAL_A000583,I10180231,AFFILIATED_WITH
A5024653854,W3214891465,WRITES
A5024653854,I205133468,AFFILIATED_WITH
A5007005563,W3199796492,WRITES
A5007005563,I4210123993,AFFILIATED_WITH
A5083529055,W4400832621,WRITES
A5083529055,I202539009,AFFILIATED_WITH
A5069332870,W4417088395,WRITES
A5069332870,I4210115718,AFFILIATED_WITH
A5069332870,I4387154951,AFFILIATED_WITH
A5069826673,W4401948907,WRITES
A5069826673,I47265099,AFFILIATED_WITH
A5103505239,W7154494603,WRITES
A5103505239,I177733328,AFFILIATED_WITH
A5103505239,I4210086020,AFFILIATED_WITH
A5066261564,W4387958850,WRITES
A5066261564,I70349855,AFFILIATED_WITH
A5101950922,W4396870521,WRITES
A5101950922,I4210095101,AFFILIATED_WITH
A5128187188,W7133975914,WRITES
A5128187188,I2802701112,AFFILIATED_WITH
A5106344374,W4401385430,WRITES
A5033434650,W3046893219,WRITES
A5033434650,I138622004,AFFILIATED_WITH
A5102749218,W4400811689,WRITES
A5102749218,I141445968,AFFILIATED_WITH
A5050450168,W4281669706,WRITES
A5050450168,I4210123993,AFFILIATED_WITH
A5069639294,W4376454465,WRITES
A5069639294,I89440247,AFFILIATED_WITH
A5036413818,W2592738442,WRITES
A5036413818,I4210123993,AFFILIATED_WITH
A5036413818,I4210157659,AFFILIATED_WITH
A5042391653,W4403286789,WRITES
A5042391653,I25399270,AFFILIATED_WITH
A5042391653,I4210131885,AFFILIATED_WITH
A5042391653,I189210763,AFFILIATED_WITH
A5084459300,W2983803309,WRITES
A5100629829,W4409211677,WRITES
A5100629829,I165745306,AFFILIATED_WITH
A5100629829,I4210098205,AFFILIATED_WITH
A5100452334,W2394116664,WRITES
A5100452334,I4210123993,AFFILIATED_WITH
A5108769132,W4292367284,WRITES
A5108769132,I202539009,AFFILIATED_WITH
A5136015910,W7161066054,WRITES
A5136015910,I4210123993,AFFILIATED_WITH
A5039649826,W4387258982,WRITES
A5039649826,I4210142079,AFFILIATED_WITH
A5024439777,W4414708112,WRITES
A5024439777,W7133243872,WRITES
A5024439777,I4210158385,AFFILIATED_WITH
A5024439777,I47519274,AFFILIATED_WITH
A5002969262,W4392746748,WRITES
A5002969262,I4387156274,AFFILIATED_WITH
A5036483874,W7118452653,WRITES
A5036483874,I205640436,AFFILIATED_WITH
A5059157179,W4313465680,WRITES
A5059157179,I16471300,AFFILIATED_WITH
A5059157179,I883909435,AFFILIATED_WITH
A5050494962,W2952065493,WRITES
A5050494962,I4210087915,AFFILIATED_WITH
A5044574268,W4292688232,WRITES
A5044574268,I141445968,AFFILIATED_WITH
A5112944835,W7134045706,WRITES
A5112944835,W7162451130,WRITES
A5112944835,W4412389639,WRITES
A5112944835,W4414279520,WRITES
A5112944835,I4210123993,AFFILIATED_WITH
A5073009058,W4408797605,WRITES
A5073009058,I135822937,AFFILIATED_WITH
A5126849722,W7131416904,WRITES
A5126849722,I47519274,AFFILIATED_WITH
A5055538986,W7163867813,WRITES
A5055538986,I40279923,AFFILIATED_WITH
A5055538986,I4210162839,AFFILIATED_WITH
A5055538986,I4394709093,AFFILIATED_WITH
A5111186868,W4415163764,WRITES
A5111186868,I4210130708,AFFILIATED_WITH
A5081442162,W3186760671,WRITES
A5081442162,I143923087,AFFILIATED_WITH
A5034305048,W2977816163,WRITES
A5034305048,I4210123993,AFFILIATED_WITH
A5100719060,W2382443156,WRITES
A5100719060,I4210123993,AFFILIATED_WITH
A5071719715,W2777233750,WRITES
A5071719715,I1289490764,AFFILIATED_WITH
A5071719715,I1334095494,AFFILIATED_WITH
A5071719715,I4210096256,AFFILIATED_WITH
A5071719715,I4210123993,AFFILIATED_WITH
A5071719715,I4210124306,AFFILIATED_WITH
A5071719715,I4210150894,AFFILIATED_WITH
A5071719715,I899146839,AFFILIATED_WITH
A5056827171,W4406356442,WRITES
A5056827171,W4400783551,WRITES
A5056827171,I118373667,AFFILIATED_WITH
A5102781968,W4205438146,WRITES
A5102781968,I197347611,AFFILIATED_WITH
A5039877065,W2885929736,WRITES
A5039877065,W3000922636,WRITES
A5039877065,W3099136805,WRITES
A5039877065,I2610724,AFFILIATED_WITH
A5039877065,I4210123993,AFFILIATED_WITH
A5084227679,W2983803309,WRITES
A5021056526,W4385845285,WRITES
A5021056526,W4288050251,WRITES
A5021056526,W3202399060,WRITES
A5021056526,W4394010597,WRITES
A5021056526,W3013165542,WRITES
A5021056526,W4283330135,WRITES
A5021056526,W4399210653,WRITES
A5021056526,I56081889,AFFILIATED_WITH
A5075693129,W4412995744,WRITES
A5075693129,I4210089758,AFFILIATED_WITH
A5074629462,W4386170078,WRITES
A5074629462,I1327237609,AFFILIATED_WITH
A5074629462,I176808543,AFFILIATED_WITH
A5074629462,I4210166499,AFFILIATED_WITH
A5093416618,W4407356752,WRITES
A5093416618,W4404117162,WRITES
A5093416618,I91045830,AFFILIATED_WITH
A5066566618,W2921306927,WRITES
A5111817425,W2055401175,WRITES
A5111817425,W2049769420,WRITES
A5111817425,W2078432620,WRITES
A5111817425,I4210157079,AFFILIATED_WITH
A5050981728,W4313568168,WRITES
A5050981728,I110200422,AFFILIATED_WITH
A5060927410,W4313364861,WRITES
A5060927410,W4385422760,WRITES
A5060927410,I4576418,AFFILIATED_WITH
A5009152095,W2754689785,WRITES
A5009152095,I4210123993,AFFILIATED_WITH
A5035275556,W3186760671,WRITES
A5035275556,I181085462,AFFILIATED_WITH
A5068659658,W4376891951,WRITES
A5068659658,I74801974,AFFILIATED_WITH
A5065742799,W4387770997,WRITES
A5065742799,I22299242,AFFILIATED_WITH
A5029736742,W2920983499,WRITES
A5029736742,W2922114288,WRITES
A5029736742,W2921306927,WRITES
A5029736742,W2921438491,WRITES
A5029736742,W2921662358,WRITES
A5029736742,W2921899614,WRITES
A5029736742,W2922328822,WRITES
A5029736742,I1283280774,AFFILIATED_WITH
A5088732419,W4401948602,WRITES
A5088732419,I123565023,AFFILIATED_WITH
A5088732419,I4210093468,AFFILIATED_WITH
A5014591962,W4367022856,WRITES
A5014591962,W4402172457,WRITES
A5014591962,W4400887136,WRITES
A5014591962,W4386279883,WRITES
A5014591962,W4392286337,WRITES
A5014591962,W4308183904,WRITES
A5014591962,I8775707,AFFILIATED_WITH
A5121514013,W7117967106,WRITES
A5121514013,W7138919472,WRITES
A5121514013,W7160290327,WRITES
A5121514013,W7117468647,WRITES
A5121514013,I4210093057,AFFILIATED_WITH
A5121514013,I4210127672,AFFILIATED_WITH
A5121514013,I8775707,AFFILIATED_WITH
A5101308540,W7140101445,WRITES
A5101308540,I141445968,AFFILIATED_WITH
A5101308540,I4210123993,AFFILIATED_WITH
A5031597959,W4399494815,WRITES
A5031597959,I135822937,AFFILIATED_WITH
A5031597959,I177233841,AFFILIATED_WITH
A5087153845,W4400127655,WRITES
A5087153845,W7127417295,WRITES
A5087153845,I4210123993,AFFILIATED_WITH
A5136231447,W7161788978,WRITES
A5136231447,I228151691,AFFILIATED_WITH
A5052919611,W4414271358,WRITES
A5052919611,I126231945,AFFILIATED_WITH
A5103648741,W4400605975,WRITES
A5103648741,I4210116271,AFFILIATED_WITH
A5079356031,W4388504134,WRITES
A5079356031,I123565023,AFFILIATED_WITH
A5070948770,W4413910107,WRITES
A5070948770,W4312508319,WRITES
A5070948770,W4380202673,WRITES
A5070948770,W4328128687,WRITES
A5070948770,I177233841,AFFILIATED_WITH
A5104779246,W4414786344,WRITES
A5104779246,I4210115718,AFFILIATED_WITH
A5104779246,I4387154951,AFFILIATED_WITH
A5103112755,W4401948907,WRITES
A5103112755,I47265099,AFFILIATED_WITH
A5057023966,W4367024167,WRITES
A5057023966,I4210123993,AFFILIATED_WITH
A5085740219,W4416954067,WRITES
A5085740219,W4407670121,WRITES
A5085740219,I4210123993,AFFILIATED_WITH
A5137176937,W7162538134,WRITES
A5137176937,I2802852271,AFFILIATED_WITH
A5033199664,W4313408409,WRITES
A5033199664,I48076826,AFFILIATED_WITH
A5101985554,W4403315124,WRITES
A5101985554,W4411326098,WRITES
A5101985554,I4210123993,AFFILIATED_WITH
LOCAL_A000402,W4392709346,WRITES
LOCAL_A000402,I114017466,AFFILIATED_WITH
LOCAL_A000402,I4210123993,AFFILIATED_WITH
A5137326585,W7162814210,WRITES
A5137326585,I4210123993,AFFILIATED_WITH
A5091397923,W2901855654,WRITES
A5013654224,W4392600430,WRITES
A5013654224,W4400836185,WRITES
A5013654224,W4321250367,WRITES
A5013654224,W4409462844,WRITES
A5013654224,W4403764556,WRITES
A5013654224,W4364375921,WRITES
A5013654224,I114017466,AFFILIATED_WITH
A5013654224,I1332353952,AFFILIATED_WITH
A5013654224,I4210123993,AFFILIATED_WITH
A5013654224,I118347636,AFFILIATED_WITH
A5013654224,I1292875679,AFFILIATED_WITH
A5013654224,I4210161554,AFFILIATED_WITH
A5013654224,I4210148235,AFFILIATED_WITH
A5084701281,W3138728005,WRITES
A5084701281,I4210123993,AFFILIATED_WITH
A5077488637,W4362717669,WRITES
A5077488637,I157358134,AFFILIATED_WITH
A5077488637,I181727666,AFFILIATED_WITH
A5018775716,W4367322283,WRITES
A5018775716,I4387155296,AFFILIATED_WITH
A5085036106,W4414022061,WRITES
A5085036106,I4210123993,AFFILIATED_WITH
A5036573017,W4200600839,WRITES
A5036573017,I4210123993,AFFILIATED_WITH
A5045073476,W4408612729,WRITES
A5045073476,I70349855,AFFILIATED_WITH
A5101663833,W4417052514,WRITES
A5101663833,I4210123993,AFFILIATED_WITH
A5101663833,I94518387,AFFILIATED_WITH
A5102404071,W4405934536,WRITES
A5102404071,W4406403584,WRITES
A5102404071,I4210148201,AFFILIATED_WITH
A5104433127,W4400605975,WRITES
A5104433127,I4210123993,AFFILIATED_WITH
LOCAL_A000081,W3165738160,WRITES
LOCAL_A000081,I4210123993,AFFILIATED_WITH
A5052421157,W7163742943,WRITES
A5052421157,I8775707,AFFILIATED_WITH
A5055087826,W3154623413,WRITES
A5055087826,I4210123993,AFFILIATED_WITH
A5007724232,W4233209977,WRITES
A5007724232,I123565023,AFFILIATED_WITH
A5029157921,W3049547297,WRITES
A5029157921,W4315628232,WRITES
A5029157921,W4200142760,WRITES
A5029157921,W4308443963,WRITES
A5029157921,W4280534488,WRITES
A5029157921,W4205413676,WRITES
A5029157921,W3137403156,WRITES
A5029157921,W4231545820,WRITES
A5029157921,W4283384300,WRITES
A5029157921,W3014248967,WRITES
A5029157921,W3135218284,WRITES
A5029157921,W3082289561,WRITES
A5029157921,W4280596211,WRITES
A5029157921,W3214813022,WRITES
A5029157921,W3087384557,WRITES
A5029157921,W3127074863,WRITES
A5029157921,W3026677938,WRITES
A5029157921,W4200523471,WRITES
A5029157921,W3200896269,WRITES
A5029157921,W4200480597,WRITES
A5029157921,W3171825034,WRITES
A5029157921,W3200854850,WRITES
A5029157921,W3207585979,WRITES
A5029157921,W4200600839,WRITES
A5029157921,W4205125477,WRITES
A5029157921,W4226229689,WRITES
A5029157921,W4385845285,WRITES
A5029157921,W4223646708,WRITES
A5029157921,W4288050251,WRITES
A5029157921,W3202399060,WRITES
A5029157921,W4394010597,WRITES
A5029157921,W4244980571,WRITES
A5029157921,W4248037454,WRITES
A5029157921,W2949783845,WRITES
A5029157921,W3013165542,WRITES
A5029157921,W4280619835,WRITES
A5029157921,W3141743962,WRITES
A5029157921,W3109935767,WRITES
A5029157921,W4295260622,WRITES
A5029157921,W4296210247,WRITES
A5029157921,W3172167377,WRITES
A5029157921,W3177014373,WRITES
A5029157921,W4283330135,WRITES
A5029157921,W4399210653,WRITES
A5029157921,I4210123993,AFFILIATED_WITH
A5029157921,I123565023,AFFILIATED_WITH
A5029157921,I13590829,AFFILIATED_WITH
A5029157921,I4210144126,AFFILIATED_WITH
A5034359529,W7117479710,WRITES
A5034359529,I4210146893,AFFILIATED_WITH
A5135922283,W7160949195,WRITES
A5135922283,I4210123993,AFFILIATED_WITH
A5061934686,W4396989760,WRITES
A5061934686,I4210124651,AFFILIATED_WITH
A5092925734,W4386976132,WRITES
A5113031574,W4387958850,WRITES
A5113031574,I70349855,AFFILIATED_WITH
A5001693984,W4415494710,WRITES
A5001693984,W4281751722,WRITES
A5001693984,W4381281662,WRITES
A5001693984,W4409983690,WRITES
A5001693984,I4210123993,AFFILIATED_WITH
A5046024857,W4295260622,WRITES
A5046024857,I4210123993,AFFILIATED_WITH
LOCAL_A000208,W4404087784,WRITES
LOCAL_A000208,W4402962879,WRITES
LOCAL_A000208,I1315456113,AFFILIATED_WITH
A5061345492,W4401475444,WRITES
A5061345492,W7166003581,WRITES
A5061345492,W4396989760,WRITES
A5061345492,W4401007185,WRITES
A5061345492,W4386365428,WRITES
A5061345492,I1315456113,AFFILIATED_WITH
A5102537963,W4385219854,WRITES
A5102537963,W4402136902,WRITES
A5102537963,I4210123993,AFFILIATED_WITH
A5101663227,W4390457208,WRITES
A5101663227,I4210095603,AFFILIATED_WITH
A5101663227,I4400600977,AFFILIATED_WITH
A5068462237,W4384108323,WRITES
A5068462237,W4403137041,WRITES
A5068462237,W3090257619,WRITES
A5068462237,I3020192730,AFFILIATED_WITH
A5068462237,I204337017,AFFILIATED_WITH
LOCAL_A000678,W4409409360,WRITES
LOCAL_A000678,I4210123993,AFFILIATED_WITH
A5112728667,W7163867813,WRITES
A5112728667,I37802460,AFFILIATED_WITH
LOCAL_A000210,W4412728291,WRITES
LOCAL_A000210,I37802460,AFFILIATED_WITH
A5045294363,W3183299634,WRITES
A5045294363,I4210123993,AFFILIATED_WITH
LOCAL_A000376,W4301394493,WRITES
LOCAL_A000376,I135822937,AFFILIATED_WITH
A5114032954,W4301394493,WRITES
A5114032954,I135822937,AFFILIATED_WITH
A5120630366,W4416953893,WRITES
A5120630366,I4210123993,AFFILIATED_WITH
A5134781207,W7157065387,WRITES
A5134781207,I4210123993,AFFILIATED_WITH
A5002699769,W7127441308,WRITES
A5002699769,I4210111957,AFFILIATED_WITH
A5098756445,W4398212550,WRITES
A5098756445,I4210123993,AFFILIATED_WITH
A5021858410,W4378904270,WRITES
A5021858410,I2801941164,AFFILIATED_WITH
A5053750142,W4401104278,WRITES
A5053750142,I79246082,AFFILIATED_WITH
A5102791934,W4285272089,WRITES
A5102791934,W4286434107,WRITES
A5102791934,I202539009,AFFILIATED_WITH
A5102791934,I4210123993,AFFILIATED_WITH
A5102791934,I4391012539,AFFILIATED_WITH
A5102791934,I99552915,AFFILIATED_WITH
A5102791934,I4210101969,AFFILIATED_WITH
A5013795804,W4285732290,WRITES
A5013795804,W4389323198,WRITES
A5013795804,W4323649772,WRITES
A5013795804,W4213129965,WRITES
A5013795804,W4285095564,WRITES
A5013795804,I4391012539,AFFILIATED_WITH
A5013795804,I123565023,AFFILIATED_WITH
A5013795804,I4210123993,AFFILIATED_WITH
A5013795804,I4210148201,AFFILIATED_WITH
A5013795804,I47265099,AFFILIATED_WITH
A5013795804,I4210095101,AFFILIATED_WITH
A5013795804,I4210134642,AFFILIATED_WITH
A5013795804,I4210101969,AFFILIATED_WITH
A5002869113,W3017246359,WRITES
A5002869113,I172675005,AFFILIATED_WITH
A5002869113,I3020192730,AFFILIATED_WITH
A5070564589,W3094847424,WRITES
A5070564589,I2802066829,AFFILIATED_WITH
A5078266246,W4310023520,WRITES
A5078266246,W4281679354,WRITES
A5078266246,W4280510179,WRITES
A5078266246,I913630986,AFFILIATED_WITH
A5087106458,W4385461610,WRITES
A5087106458,W4311301015,WRITES
A5087106458,W4381436947,WRITES
A5087106458,W4414920857,WRITES
A5087106458,W4416174863,WRITES
A5087106458,W7148529802,WRITES
A5087106458,W7162334731,WRITES
A5087106458,W4411159297,WRITES
A5087106458,W4390830216,WRITES
A5087106458,W4403114063,WRITES
A5087106458,W4322746639,WRITES
A5087106458,W4388051817,WRITES
A5087106458,I4210123993,AFFILIATED_WITH
A5087106458,I4210161636,AFFILIATED_WITH
A5139426445,W7166003581,WRITES
A5139426445,I177733328,AFFILIATED_WITH
A5040567185,W4404299054,WRITES
A5040567185,W4408599233,WRITES
A5040567185,I5100685,AFFILIATED_WITH
A5040567185,I177233841,AFFILIATED_WITH
A5040567185,I67868205,AFFILIATED_WITH
A5085001179,W7119532240,WRITES
A5085001179,W4403764556,WRITES
A5085001179,I4210134375,AFFILIATED_WITH
A5085001179,I123565023,AFFILIATED_WITH
A5102516866,W4409008032,WRITES
A5102516866,I1315456113,AFFILIATED_WITH
A5054973662,W4226071606,WRITES
A5054973662,I4391012539,AFFILIATED_WITH
A5014324941,W4306657266,WRITES
A5014324941,W4409313923,WRITES
A5014324941,W4415470074,WRITES
A5014324941,W4399593830,WRITES
A5014324941,I4210123993,AFFILIATED_WITH
A5023183230,W3004515227,WRITES
A5023183230,I4210123993,AFFILIATED_WITH
A5117758222,W4410854975,WRITES
A5117758222,I4210123993,AFFILIATED_WITH
A5111119645,W7162404973,WRITES
A5111119645,I109289231,AFFILIATED_WITH
A5111119645,I118692353,AFFILIATED_WITH
A5111119645,I151229976,AFFILIATED_WITH
A5111119645,I4210123993,AFFILIATED_WITH
A5111119645,I4387154394,AFFILIATED_WITH
A5099440088,W4399982943,WRITES
A5099052586,W4413265398,WRITES
A5099052586,I23582244,AFFILIATED_WITH
A5099052586,I67868205,AFFILIATED_WITH
A5068605413,W4361856004,WRITES
A5068605413,W4413194450,WRITES
A5068605413,W7128404636,WRITES
A5068605413,I3129629310,AFFILIATED_WITH
A5005871776,W4406168603,WRITES
A5005871776,I4210123993,AFFILIATED_WITH
A5020410686,W4397002070,WRITES
A5020410686,I3129492623,AFFILIATED_WITH
A5122903487,W7123341761,WRITES
A5122903487,I196345858,AFFILIATED_WITH
A5078514638,W3212346744,WRITES
A5078514638,I4210123993,AFFILIATED_WITH
A5018307990,W3101745018,WRITES
A5018307990,I4210123993,AFFILIATED_WITH
A5016165289,W4405130076,WRITES
A5016165289,W3135857415,WRITES
A5016165289,W4283579577,WRITES
A5016165289,I4210123993,AFFILIATED_WITH
A5104039630,W4386365428,WRITES
A5104039630,I4210124651,AFFILIATED_WITH
A5104039630,I4210148861,AFFILIATED_WITH
A5024894161,W4309765389,WRITES
A5024894161,I4210093659,AFFILIATED_WITH
A5101742691,W4407060664,WRITES
A5101742691,I4210122802,AFFILIATED_WITH
A5120591746,W4417051617,WRITES
A5052294575,W4412944887,WRITES
A5052294575,I141445968,AFFILIATED_WITH
A5118149061,W4411310108,WRITES
A5118149061,I4210123993,AFFILIATED_WITH
A5061317037,W4399215112,WRITES
A5061317037,W4411238397,WRITES
A5061317037,W4403557575,WRITES
A5061317037,W4293660415,WRITES
A5061317037,W4295012310,WRITES
A5061317037,W4400811689,WRITES
A5061317037,W4405460575,WRITES
A5061317037,W4414011304,WRITES
A5061317037,W4304693807,WRITES
A5061317037,W4386123363,WRITES
A5061317037,I4210123993,AFFILIATED_WITH
A5061317037,I4210165760,AFFILIATED_WITH
A5065757063,W4415950711,WRITES
A5065757063,I196829312,AFFILIATED_WITH
A5065757063,I4210123993,AFFILIATED_WITH
A5065757063,I94518387,AFFILIATED_WITH
A5030043518,W7143830774,WRITES
A5030043518,I4210123993,AFFILIATED_WITH
A5126004705,W7128925053,WRITES
A5126004705,I123565023,AFFILIATED_WITH
A5126004705,I23582244,AFFILIATED_WITH
A5126004705,I47519274,AFFILIATED_WITH
A5015010937,W3133914281,WRITES
A5015010937,I4210123993,AFFILIATED_WITH
LOCAL_A000105,W4400605975,WRITES
LOCAL_A000105,I4210111957,AFFILIATED_WITH
LOCAL_A000105,I70349855,AFFILIATED_WITH
A5114155395,W4400855508,WRITES
A5114155395,I4210123993,AFFILIATED_WITH
A5004612077,W4407908882,WRITES
A5004612077,I4210123993,AFFILIATED_WITH
A5069724897,W4205572929,WRITES
A5069724897,W3205949772,WRITES
A5069724897,W3123843024,WRITES
A5069724897,W3021033722,WRITES
A5069724897,W4280585400,WRITES
A5069724897,W4312226454,WRITES
A5069724897,I3129629310,AFFILIATED_WITH
A5069724897,I4387155935,AFFILIATED_WITH
A5069724897,I47265099,AFFILIATED_WITH
A5114995942,W4405012386,WRITES
A5114995942,W4411506904,WRITES
A5114995942,I4210123993,AFFILIATED_WITH
A5045070026,W4410320989,WRITES
A5045070026,I70349855,AFFILIATED_WITH
A5136973147,W7162303146,WRITES
A5060471872,W7133243872,WRITES
A5060471872,W4402689909,WRITES
A5060471872,W4405256347,WRITES
A5060471872,W4402229499,WRITES
A5060471872,I170238339,AFFILIATED_WITH
A5060471872,I47519274,AFFILIATED_WITH
A5060471872,I84653119,AFFILIATED_WITH
A5092237489,W7128925053,WRITES
A5092237489,I123565023,AFFILIATED_WITH
A5092237489,I23582244,AFFILIATED_WITH
A5024816987,W4296128756,WRITES
A5024816987,I4210123993,AFFILIATED_WITH
A5110833872,W7162938210,WRITES
A5110833872,I2802701112,AFFILIATED_WITH
A5013060777,W4396619621,WRITES
A5013060777,W4361215744,WRITES
A5013060777,I4210123993,AFFILIATED_WITH
A5114594133,W3017246359,WRITES
A5114594133,I192455969,AFFILIATED_WITH
A5050268148,W3193714983,WRITES
A5050268148,I4210123993,AFFILIATED_WITH
A5075052743,W3201335432,WRITES
A5075052743,I4210123993,AFFILIATED_WITH
A5005258254,W4307544369,WRITES
A5005258254,I4210123993,AFFILIATED_WITH
A5081124735,W4412631044,WRITES
A5081124735,I3020192730,AFFILIATED_WITH
A5042517501,W2941956459,WRITES
A5042517501,I4210123993,AFFILIATED_WITH
LOCAL_A000728,W4411025224,WRITES
A5065170284,W3200644041,WRITES
A5065170284,I4210134642,AFFILIATED_WITH
A5092718174,W4386290236,WRITES
A5092718174,W4403843479,WRITES
A5092718174,I3129984471,AFFILIATED_WITH
A5092718174,I47807185,AFFILIATED_WITH
A5020086114,W3200200655,WRITES
A5020086114,I4210123993,AFFILIATED_WITH
A5061719042,W2998711203,WRITES
A5061719042,I141445968,AFFILIATED_WITH
LOCAL_A000468,W4417064001,WRITES
LOCAL_A000468,I177733328,AFFILIATED_WITH
LOCAL_A000468,I4387155212,AFFILIATED_WITH
A5006585321,W4200521133,WRITES
A5006585321,I70349855,AFFILIATED_WITH
A5102660498,W4399180573,WRITES
A5102660498,I4210123993,AFFILIATED_WITH
A5079480834,W4401948602,WRITES
A5079480834,W4401948907,WRITES
A5079480834,I123565023,AFFILIATED_WITH
A5079480834,I4210093468,AFFILIATED_WITH
A5079480834,I47265099,AFFILIATED_WITH
A5002130582,W4220938728,WRITES
A5002130582,I4210123993,AFFILIATED_WITH
LOCAL_A000719,W4406031591,WRITES
LOCAL_A000719,I4210123993,AFFILIATED_WITH
A5037177799,W7126052704,WRITES
A5037177799,I23582244,AFFILIATED_WITH
A5114038173,W4225286997,WRITES
A5114038173,W4284705287,WRITES
A5114038173,I3020192730,AFFILIATED_WITH
A5039189182,W4399490801,WRITES
A5039189182,I114017466,AFFILIATED_WITH
A5069939003,W3125339323,WRITES
A5069939003,I4210109591,AFFILIATED_WITH
A5012741140,W3089172231,WRITES
A5012741140,W4414494430,WRITES
A5012741140,W3093483399,WRITES
A5012741140,I123565023,AFFILIATED_WITH
A5012741140,I1341015664,AFFILIATED_WITH
A5012741140,I4210123993,AFFILIATED_WITH
A5008055301,W4396238256,WRITES
A5008055301,I4210123993,AFFILIATED_WITH
A5068286496,W4389648609,WRITES
A5068286496,W4385961554,WRITES
A5068286496,W4394996856,WRITES
A5068286496,W4361275219,WRITES
A5068286496,I4210123993,AFFILIATED_WITH
A5129723596,W7137867611,WRITES
A5129723596,W7138450076,WRITES
A5129723596,I23582244,AFFILIATED_WITH
A5136851867,W7162215912,WRITES
A5136851867,I4210123993,AFFILIATED_WITH
A5111347325,W4407370804,WRITES
A5111347325,W4402988558,WRITES
A5111347325,I4210123993,AFFILIATED_WITH
A5048882203,W4327969100,WRITES
A5048882203,I4210123993,AFFILIATED_WITH
A5047114429,W4225827215,WRITES
A5047114429,W4410853424,WRITES
A5047114429,I4387154394,AFFILIATED_WITH
A5047114429,I4210123993,AFFILIATED_WITH
A5100766548,W4378650985,WRITES
A5100766548,W4281744049,WRITES
A5100766548,W4396700771,WRITES
A5100766548,W4229439478,WRITES
A5100766548,I4387155935,AFFILIATED_WITH
A5100766548,I47265099,AFFILIATED_WITH
A5100766548,I4210123993,AFFILIATED_WITH
A5077653271,W3215054809,WRITES
A5077653271,W4389425859,WRITES
A5077653271,I4210088746,AFFILIATED_WITH
A5077653271,I12450925,AFFILIATED_WITH
A5139457398,W7166003581,WRITES
A5139457398,I1315456113,AFFILIATED_WITH
LOCAL_A000209,W4404087784,WRITES
LOCAL_A000209,W4401007185,WRITES
LOCAL_A000209,I1315456113,AFFILIATED_WITH
A5031161877,W4415097908,WRITES
A5031161877,W4416718774,WRITES
A5031161877,W4401385430,WRITES
A5031161877,W4407714316,WRITES
A5031161877,W4386290236,WRITES
A5031161877,W4387103468,WRITES
A5031161877,W4393336473,WRITES
A5031161877,W4403155959,WRITES
A5031161877,W4406970545,WRITES
A5031161877,W4407060664,WRITES
A5031161877,W4414053701,WRITES
A5031161877,W4411379455,WRITES
A5031161877,W4393951616,WRITES
A5031161877,W4401385427,WRITES
A5031161877,W4392049362,WRITES
A5031161877,W4406730626,WRITES
A5031161877,W4400867540,WRITES
A5031161877,W4404666346,WRITES
A5031161877,W4412488217,WRITES
A5031161877,W4414421852,WRITES
A5031161877,W4399465791,WRITES
A5031161877,W4408278081,WRITES
A5031161877,W4401525995,WRITES
A5031161877,W4401433803,WRITES
A5031161877,W4403843479,WRITES
A5031161877,W4408169239,WRITES
A5031161877,W4406609946,WRITES
A5031161877,W4409178946,WRITES
A5031161877,W4410369190,WRITES
A5031161877,I4210123993,AFFILIATED_WITH
A5031161877,I2800632838,AFFILIATED_WITH
A5031161877,I2800979047,AFFILIATED_WITH
A5136238313,W7161307330,WRITES
A5136238313,I4210123993,AFFILIATED_WITH
LOCAL_A000097,W4313465680,WRITES
LOCAL_A000097,W4376128659,WRITES
LOCAL_A000097,I4210123993,AFFILIATED_WITH
LOCAL_A000607,W4388208017,WRITES
LOCAL_A000607,I123565023,AFFILIATED_WITH
A5027239578,W3021181631,WRITES
A5027239578,I4210104442,AFFILIATED_WITH
A5077090472,W4324091098,WRITES
A5077090472,W4376643991,WRITES
A5077090472,I4210116271,AFFILIATED_WITH
A5084438384,W3004140216,WRITES
A5084438384,I4210122689,AFFILIATED_WITH
A5064125102,W7116782209,WRITES
A5064125102,I123565023,AFFILIATED_WITH
A5079651930,W4391777722,WRITES
A5079651930,W4399007353,WRITES
A5079651930,I2802508454,AFFILIATED_WITH
A5060501800,W4280596026,WRITES
A5060501800,I32597200,AFFILIATED_WITH
A5060501800,I4210096063,AFFILIATED_WITH
A5084369852,W4283383303,WRITES
A5084369852,I4210104442,AFFILIATED_WITH
LOCAL_A000470,W4417297452,WRITES
LOCAL_A000470,I70349855,AFFILIATED_WITH
A5088959676,W7161594234,WRITES
A5088959676,I70349855,AFFILIATED_WITH
A5054287799,W4404501226,WRITES
A5054287799,I141445968,AFFILIATED_WITH
A5054287799,I4210148201,AFFILIATED_WITH
A5062458911,W4414022061,WRITES
A5062458911,I4210123993,AFFILIATED_WITH
LOCAL_A000723,W4407742590,WRITES
A5069510364,W3039627223,WRITES
A5069510364,W7159983385,WRITES
A5069510364,W3021181631,WRITES
A5069510364,W3004140216,WRITES
A5069510364,I4210104442,AFFILIATED_WITH
A5069510364,I170238339,AFFILIATED_WITH
A5116329277,W4407742590,WRITES
A5109632243,W4386053682,WRITES
A5109632243,I4210123993,AFFILIATED_WITH
A5059639534,W4386601257,WRITES
A5059639534,I4880106,AFFILIATED_WITH
A5102804265,W4401742244,WRITES
A5102804265,I70349855,AFFILIATED_WITH
A5113179272,W4402414367,WRITES
A5113179272,I4210093468,AFFILIATED_WITH
A5113089117,W4390598901,WRITES
A5113089117,I165737746,AFFILIATED_WITH
A5113089117,I4210123993,AFFILIATED_WITH
A5027988721,W7125821153,WRITES
A5027988721,I4210116271,AFFILIATED_WITH
A5077582388,W4394996856,WRITES
A5077582388,W4389629918,WRITES
A5077582388,I4210139642,AFFILIATED_WITH
LOCAL_A000040,W7115905231,WRITES
LOCAL_A000040,I4210113809,AFFILIATED_WITH
A5080027721,W2369550981,WRITES
A5080027721,I196699116,AFFILIATED_WITH
A5010203621,W2885929736,WRITES
A5010203621,I2610724,AFFILIATED_WITH
A5073087031,W4411037455,WRITES
A5073087031,W7124450611,WRITES
A5073087031,I123565023,AFFILIATED_WITH
A5073087031,I23582244,AFFILIATED_WITH
A5083658619,W3200334949,WRITES
A5083658619,I4210123993,AFFILIATED_WITH
A5099757064,W4253353920,WRITES
A5099757064,I63525965,AFFILIATED_WITH
A5088942436,W4379207090,WRITES
A5088942436,I4210123993,AFFILIATED_WITH
A5101838627,W2373224424,WRITES
A5101838627,I4210123993,AFFILIATED_WITH
A5115056501,W4406730626,WRITES
A5061718849,W3182300114,WRITES
A5061718849,I4210123993,AFFILIATED_WITH
A5050842566,W4364359915,WRITES
A5050842566,W4396661170,WRITES
A5050842566,I4210123993,AFFILIATED_WITH
A5005115625,W4392237545,WRITES
A5005115625,W4319014693,WRITES
A5005115625,W4377047193,WRITES
A5005115625,I4210123993,AFFILIATED_WITH
A5005115625,I70349855,AFFILIATED_WITH
A5128165841,W7133975914,WRITES
A5128165841,I4210123993,AFFILIATED_WITH
A5112261767,W4400127655,WRITES
A5112261767,I79775147,AFFILIATED_WITH
A5101308419,W2351278517,WRITES
A5101308419,I4210123993,AFFILIATED_WITH
A5039189916,W7128533831,WRITES
A5039189916,I4210123993,AFFILIATED_WITH
A5075064773,W4408000429,WRITES
A5075064773,I4210123993,AFFILIATED_WITH
A5080542895,W2891912056,WRITES
A5080542895,I4210141097,AFFILIATED_WITH
A5065578580,W4408938301,WRITES
A5065578580,I2801894621,AFFILIATED_WITH
A5063270063,W4410916652,WRITES
A5063270063,I2802236040,AFFILIATED_WITH
A5102002673,W2368714074,WRITES
A5102002673,I4210123993,AFFILIATED_WITH
A5072516040,W4410502019,WRITES
A5072516040,W4410502105,WRITES
A5072516040,I79775147,AFFILIATED_WITH
A5101344332,W4395682965,WRITES
A5101344332,I4210123993,AFFILIATED_WITH
A5015962281,W4411395085,WRITES
A5015962281,W4408185919,WRITES
A5015962281,I4210134642,AFFILIATED_WITH
A5015962281,I47265099,AFFILIATED_WITH
LOCAL_A000438,W4409858212,WRITES
LOCAL_A000438,I170238339,AFFILIATED_WITH
A5089107968,W4221017466,WRITES
A5089107968,W4220784121,WRITES
A5089107968,I1315456113,AFFILIATED_WITH
A5089107968,I177233841,AFFILIATED_WITH
A5089107968,I4210086020,AFFILIATED_WITH
A5041960973,W3213396050,WRITES
A5041960973,I4210123993,AFFILIATED_WITH
A5012521502,W3184444435,WRITES
A5012521502,I2802508454,AFFILIATED_WITH
A5023168181,W2964862300,WRITES
A5023168181,W2888586085,WRITES
A5023168181,W4207051394,WRITES
A5023168181,W4291178975,WRITES
A5023168181,W2965644806,WRITES
A5023168181,W4283748022,WRITES
A5023168181,W3096149152,WRITES
A5023168181,I47807185,AFFILIATED_WITH
A5023168181,I142208455,AFFILIATED_WITH
A5000027231,W3211655903,WRITES
A5000027231,I123565023,AFFILIATED_WITH
A5000027231,I4210086057,AFFILIATED_WITH
A5000027231,I47265099,AFFILIATED_WITH
A5100417317,W2365963606,WRITES
A5100417317,I4210123993,AFFILIATED_WITH
A5101533670,W2351047321,WRITES
A5102021989,W2391077357,WRITES
A5102021989,I4210123993,AFFILIATED_WITH
A5100757726,W4224230221,WRITES
A5100757726,I4210100953,AFFILIATED_WITH
A5078138004,W7118452653,WRITES
A5078138004,I161372803,AFFILIATED_WITH
A5079664614,W4322743240,WRITES
A5079664614,I151746483,AFFILIATED_WITH
A5079664614,I67009956,AFFILIATED_WITH
A5000949447,W4409211677,WRITES
A5000949447,I165745306,AFFILIATED_WITH
A5000949447,I4210098205,AFFILIATED_WITH
A5000211187,W4283327689,WRITES
A5000211187,I4210123993,AFFILIATED_WITH
A5018186356,W4301394493,WRITES
A5018186356,I135822937,AFFILIATED_WITH
A5090734900,W2998711203,WRITES
A5090734900,I3020192730,AFFILIATED_WITH
A5109750908,W4400889849,WRITES
A5109750908,I4210123993,AFFILIATED_WITH
A5067682063,W4403315124,WRITES
A5067682063,I4210123993,AFFILIATED_WITH
A5006496190,W4206556998,WRITES
A5006496190,W1997956580,WRITES
A5006496190,W4281786168,WRITES
A5006496190,W4381683241,WRITES
A5006496190,W4412161992,WRITES
A5006496190,W3159481389,WRITES
A5006496190,W4200521133,WRITES
A5006496190,W4391844119,WRITES
A5006496190,I70349855,AFFILIATED_WITH
A5005819709,W4206556998,WRITES
A5109750909,W4400889849,WRITES
A5109750909,I4210123993,AFFILIATED_WITH
LOCAL_A000392,W4386060718,WRITES
LOCAL_A000392,I123565023,AFFILIATED_WITH
LOCAL_A000392,I181727666,AFFILIATED_WITH
LOCAL_A000392,I4387155442,AFFILIATED_WITH
A5087726456,W3036995321,WRITES
A5087726456,I4210095101,AFFILIATED_WITH
A5087726456,I4210141768,AFFILIATED_WITH
A5110942797,W4213277821,WRITES
A5110942797,W4281492481,WRITES
A5110942797,W4294265846,WRITES
A5110942797,W4294366785,WRITES
A5110942797,W4304084384,WRITES
A5110942797,I4387154394,AFFILIATED_WITH
A5110942797,I118692353,AFFILIATED_WITH
A5111334653,W4402689909,WRITES
A5111334653,I16733864,AFFILIATED_WITH
A5111334653,I192168892,AFFILIATED_WITH
A5071979760,W4231330581,WRITES
A5071979760,I4387154394,AFFILIATED_WITH
A5065648868,W4405256347,WRITES
A5065648868,I152743029,AFFILIATED_WITH
A5065648868,I2802587341,AFFILIATED_WITH
LOCAL_A000015,W7115881942,WRITES
LOCAL_A000015,I152743029,AFFILIATED_WITH
LOCAL_A000015,I2802587341,AFFILIATED_WITH
A5048989760,W4231330581,WRITES
A5048989760,I4387154394,AFFILIATED_WITH
A5101819600,W4416088264,WRITES
A5101819600,I47519274,AFFILIATED_WITH
A5024110740,W4402229499,WRITES
A5024110740,I4210113809,AFFILIATED_WITH
A5113393298,W4402689909,WRITES
A5113393298,I16733864,AFFILIATED_WITH
A5113393298,I192168892,AFFILIATED_WITH
A5091746122,W4389781311,WRITES
A5091746122,W7161302210,WRITES
A5091746122,I123565023,AFFILIATED_WITH
A5091746122,I23582244,AFFILIATED_WITH
A5091746122,I25846049,AFFILIATED_WITH
A5091746122,I4210096386,AFFILIATED_WITH
A5091746122,I70349855,AFFILIATED_WITH
A5091746122,I89004649,AFFILIATED_WITH
A5006594954,W2353894650,WRITES
A5006594954,I4210123993,AFFILIATED_WITH
A5110367900,W2378117118,WRITES
A5110367900,I130579109,AFFILIATED_WITH
A5103670294,W2383136295,WRITES
A5103670294,I4210123993,AFFILIATED_WITH
A5113453184,W2353894650,WRITES
A5113453184,I900231141,AFFILIATED_WITH
A5087680483,W2366916110,WRITES
A5087680483,I4210123993,AFFILIATED_WITH
LOCAL_A000385,W4381250021,WRITES
LOCAL_A000385,I4210123993,AFFILIATED_WITH
LOCAL_A000385,I4391012539,AFFILIATED_WITH
LOCAL_A000385,I79775147,AFFILIATED_WITH
A5009736760,W4362650575,WRITES
A5009736760,I4210135839,AFFILIATED_WITH
A5064720446,W4283785232,WRITES
A5064720446,W3192495317,WRITES
A5064720446,W4362723292,WRITES
A5064720446,I181727666,AFFILIATED_WITH
A5064720446,I3129629310,AFFILIATED_WITH
A5061828397,W4226471663,WRITES
A5061828397,W4293143516,WRITES
A5061828397,I4210123993,AFFILIATED_WITH
A5061828397,I60488453,AFFILIATED_WITH
A5044946155,W2356306321,WRITES
A5044946155,I4210123993,AFFILIATED_WITH
A5022071004,W2365350622,WRITES
A5022071004,I4210123993,AFFILIATED_WITH
A5102409685,W2355152482,WRITES
A5102409685,I4210123993,AFFILIATED_WITH
A5083403495,W4401225747,WRITES
A5083403495,I189210763,AFFILIATED_WITH
A5083403495,I4210131885,AFFILIATED_WITH
A5110966762,W2520192379,WRITES
A5110966762,I4210095101,AFFILIATED_WITH
A5053412741,W4398164532,WRITES
A5053412741,W4399493353,WRITES
A5053412741,I135822937,AFFILIATED_WITH
A5112268129,W4398164532,WRITES
A5112268129,I135822937,AFFILIATED_WITH
LOCAL_A000380,W4375957567,WRITES
LOCAL_A000380,W4387390226,WRITES
LOCAL_A000380,I4210123993,AFFILIATED_WITH
A5108850616,W4384300207,WRITES
A5108850616,I123565023,AFFILIATED_WITH
A5108850616,I23582244,AFFILIATED_WITH
A5088561246,W7133939684,WRITES
A5088561246,I65079550,AFFILIATED_WITH
A5022935112,W7140080270,WRITES
A5022935112,I4210118607,AFFILIATED_WITH
LOCAL_A000019,W7115881942,WRITES
LOCAL_A000019,W7115905231,WRITES
LOCAL_A000019,W7133243872,WRITES
LOCAL_A000019,I142974352,AFFILIATED_WITH
LOCAL_A000019,I2802331550,AFFILIATED_WITH
LOCAL_A000019,I365282,AFFILIATED_WITH
LOCAL_A000019,I4210118607,AFFILIATED_WITH
LOCAL_A000019,I4210142271,AFFILIATED_WITH
LOCAL_A000019,I47519274,AFFILIATED_WITH
A5134539793,W7155558618,WRITES
A5134539793,I142974352,AFFILIATED_WITH
A5134539793,I2802331550,AFFILIATED_WITH
A5134539793,I365282,AFFILIATED_WITH
A5134539793,I4210118607,AFFILIATED_WITH
A5134539793,I4210119487,AFFILIATED_WITH
A5134539793,I4210142271,AFFILIATED_WITH
A5134539793,I47519274,AFFILIATED_WITH
A5135227654,W7160032096,WRITES
A5135227654,W7160136628,WRITES
A5135227654,I4210102636,AFFILIATED_WITH
A5135227654,I4210118607,AFFILIATED_WITH
A5113121460,W4414708112,WRITES
A5113121460,W4415379161,WRITES
A5113121460,W4416088264,WRITES
A5113121460,I142974352,AFFILIATED_WITH
A5113121460,I2802331550,AFFILIATED_WITH
A5113121460,I365282,AFFILIATED_WITH
A5113121460,I4210118607,AFFILIATED_WITH
A5113121460,I4210142271,AFFILIATED_WITH
A5113121460,I47519274,AFFILIATED_WITH
A5130084594,W7138834802,WRITES
A5130084594,W7139037461,WRITES
A5130084594,I142974352,AFFILIATED_WITH
A5130084594,I2802331550,AFFILIATED_WITH
A5130084594,I365282,AFFILIATED_WITH
A5130084594,I4210118607,AFFILIATED_WITH
A5130084594,I4210142271,AFFILIATED_WITH
A5130084594,I47519274,AFFILIATED_WITH
A5121964248,W7118163415,WRITES
A5121964248,I142974352,AFFILIATED_WITH
A5121964248,I4210118607,AFFILIATED_WITH
A5126833535,W7131416904,WRITES
A5126833535,I142974352,AFFILIATED_WITH
A5126833535,I2802331550,AFFILIATED_WITH
A5126833535,I4210118607,AFFILIATED_WITH
A5126833535,I47519274,AFFILIATED_WITH
A5130332417,W7140080270,WRITES
A5130332417,I142974352,AFFILIATED_WITH
A5130332417,I4210118607,AFFILIATED_WITH
A5132998477,W7150069323,WRITES
A5132998477,I142974352,AFFILIATED_WITH
A5132998477,I4210118607,AFFILIATED_WITH
A5129722438,W7138163378,WRITES
A5129722438,I142974352,AFFILIATED_WITH
A5129722438,I4210118607,AFFILIATED_WITH
A5089944324,W4385413477,WRITES
A5089944324,W4319456382,WRITES
A5089944324,W4402124965,WRITES
A5089944324,W4394595654,WRITES
A5089944324,I25757504,AFFILIATED_WITH
A5089944324,I4210098369,AFFILIATED_WITH
A5089944324,I10052268,AFFILIATED_WITH
A5100704450,W2330652693,WRITES
A5100704450,I4210123993,AFFILIATED_WITH
A5012338314,W4319456382,WRITES
A5012338314,W4394617350,WRITES
A5012338314,W4394595654,WRITES
A5012338314,W4405869633,WRITES
A5012338314,I132210918,AFFILIATED_WITH
A5012338314,I4210098369,AFFILIATED_WITH
A5087704967,W2064980181,WRITES
A5058440573,W7125619734,WRITES
A5058440573,I80611190,AFFILIATED_WITH
A5028188200,W3212363074,WRITES
A5028188200,I123565023,AFFILIATED_WITH
A5013241108,W7155452256,WRITES
A5013241108,I4210123993,AFFILIATED_WITH
A5134015655,W7154951097,WRITES
A5134015655,I170238339,AFFILIATED_WITH
A5090756733,W3200457012,WRITES
A5090756733,W3201165683,WRITES
A5090756733,I4210123993,AFFILIATED_WITH
A5100690079,W3095119307,WRITES
A5100690079,W3110222689,WRITES
A5100690079,I47265099,AFFILIATED_WITH
A5124109688,W7125983273,WRITES
A5124109688,I170238339,AFFILIATED_WITH
LOCAL_A000467,W4417064001,WRITES
LOCAL_A000467,I4210123993,AFFILIATED_WITH
A5088958605,W3200070658,WRITES
A5088958605,W3199311694,WRITES
A5088958605,W3200546409,WRITES
A5088958605,W3199626612,WRITES
A5088958605,W3200021621,WRITES
A5088958605,W3200062521,WRITES
A5088958605,W3200534035,WRITES
A5088958605,W3200603678,WRITES
A5088958605,W3200607378,WRITES
A5088958605,W3200882281,WRITES
A5088958605,W3201335432,WRITES
A5088958605,W3212113658,WRITES
A5088958605,W3213466285,WRITES
A5088958605,I4210123993,AFFILIATED_WITH
A5075466332,W4388140420,WRITES
A5075466332,W3174338508,WRITES
A5075466332,I120089902,AFFILIATED_WITH
A5075466332,I138689650,AFFILIATED_WITH
A5024910823,W4414023483,WRITES
A5024910823,I170238339,AFFILIATED_WITH
A5024910823,I18550681,AFFILIATED_WITH
A5137438584,W7162859516,WRITES
A5137438584,W7162863543,WRITES
A5137438584,I4210142044,AFFILIATED_WITH
A5106708348,W4410228195,WRITES
A5106708348,I4210124651,AFFILIATED_WITH
A5119547354,W4414011304,WRITES
A5119547354,I141445968,AFFILIATED_WITH
A5101936200,W3201406051,WRITES
A5101936200,W3201099188,WRITES
A5101936200,W3213221169,WRITES
A5101936200,W3199213114,WRITES
A5101936200,W3201464212,WRITES
A5101936200,W3212390407,WRITES
A5101936200,W3214406573,WRITES
A5101936200,I4210123993,AFFILIATED_WITH
A5027387894,W4286484421,WRITES
A5027387894,I141445968,AFFILIATED_WITH
A5106164109,W7163942238,WRITES
A5106164109,W4401207717,WRITES
A5106164109,I4210123993,AFFILIATED_WITH
A5078701490,W4220945563,WRITES
A5078701490,I4210093659,AFFILIATED_WITH
A5103041986,W4417052514,WRITES
A5103041986,I94518387,AFFILIATED_WITH
A5005583322,W4313260174,WRITES
A5005583322,W4385413477,WRITES
A5005583322,W4319456382,WRITES
A5005583322,W4322743240,WRITES
A5005583322,W4394617350,WRITES
A5005583322,W4319297517,WRITES
A5005583322,W4402124965,WRITES
A5005583322,W4401225747,WRITES
A5005583322,W4402696133,WRITES
A5005583322,W4390501728,WRITES
A5005583322,W4404051530,WRITES
A5005583322,W4309737898,WRITES
A5005583322,W4317434823,WRITES
A5005583322,W4392746748,WRITES
A5005583322,W4392188359,WRITES
A5005583322,W4386170078,WRITES
A5005583322,W4394595654,WRITES
A5005583322,W4407615544,WRITES
A5005583322,W4409211677,WRITES
A5005583322,W4412455529,WRITES
A5005583322,W4396617921,WRITES
A5005583322,W4405869633,WRITES
A5005583322,I4210123993,AFFILIATED_WITH
A5005583322,I91633459,AFFILIATED_WITH
A5005583322,I194450716,AFFILIATED_WITH
A5005583322,I2800055476,AFFILIATED_WITH
A5005583322,I146367977,AFFILIATED_WITH
A5019334343,W3213961969,WRITES
A5019334343,W3206854113,WRITES
A5019334343,W3216209305,WRITES
A5019334343,I4210123993,AFFILIATED_WITH
A5102490695,W4294368224,WRITES
A5102490695,I47265099,AFFILIATED_WITH
A5088052580,W4415747466,WRITES
A5088052580,I141445968,AFFILIATED_WITH
A5116628217,W4417529920,WRITES
A5116628217,W4408461194,WRITES
A5116628217,W4409801467,WRITES
A5116628217,I141445968,AFFILIATED_WITH
A5135208887,W7160032096,WRITES
A5135208887,W7160136628,WRITES
A5135208887,I47519274,AFFILIATED_WITH
A5130098709,W7138834802,WRITES
A5130098709,I142974352,AFFILIATED_WITH
A5130098709,I2802331550,AFFILIATED_WITH
A5130098709,I365282,AFFILIATED_WITH
A5130098709,I4210118607,AFFILIATED_WITH
A5130098709,I4210142271,AFFILIATED_WITH
A5130098709,I47519274,AFFILIATED_WITH
LOCAL_A000024,W7115881942,WRITES
LOCAL_A000024,W7128925053,WRITES
LOCAL_A000024,W7131416904,WRITES
LOCAL_A000024,I142974352,AFFILIATED_WITH
LOCAL_A000024,I2802331550,AFFILIATED_WITH
LOCAL_A000024,I365282,AFFILIATED_WITH
LOCAL_A000024,I4210118607,AFFILIATED_WITH
LOCAL_A000024,I4210142271,AFFILIATED_WITH
LOCAL_A000024,I47519274,AFFILIATED_WITH
A5128378047,W7134238770,WRITES
A5128378047,W7165199016,WRITES
A5128378047,I141445968,AFFILIATED_WITH
A5067497938,W4414708112,WRITES
A5067497938,W7155558618,WRITES
A5067497938,W4409898812,WRITES
A5067497938,W4402229499,WRITES
A5067497938,W4415379161,WRITES
A5067497938,W4416088264,WRITES
A5067497938,I142974352,AFFILIATED_WITH
A5067497938,I2802331550,AFFILIATED_WITH
A5067497938,I365282,AFFILIATED_WITH
A5067497938,I4210118607,AFFILIATED_WITH
A5067497938,I4210142271,AFFILIATED_WITH
A5067497938,I47519274,AFFILIATED_WITH
A5067497938,I4210119487,AFFILIATED_WITH
A5089681202,W7139037461,WRITES
A5089681202,W4405256347,WRITES
A5089681202,I142974352,AFFILIATED_WITH
A5089681202,I2802331550,AFFILIATED_WITH
A5089681202,I365282,AFFILIATED_WITH
A5089681202,I4210118607,AFFILIATED_WITH
A5089681202,I4210142271,AFFILIATED_WITH
A5089681202,I47519274,AFFILIATED_WITH
A5009717125,W4317434823,WRITES
A5009717125,I3124059619,AFFILIATED_WITH
A5102890550,W4317383016,WRITES
A5102890550,I109689652,AFFILIATED_WITH
A5133627928,W7154467160,WRITES
A5133627928,I109689652,AFFILIATED_WITH
A5111361534,W4403315124,WRITES
A5111361534,I4210123993,AFFILIATED_WITH
A5111361534,I4387155935,AFFILIATED_WITH
A5111361534,I47265099,AFFILIATED_WITH
A5099594564,W4400100979,WRITES
A5099594564,I4210126287,AFFILIATED_WITH
A5081127696,W4385496343,WRITES
A5081127696,I4210137358,AFFILIATED_WITH
A5043214194,W4402876258,WRITES
A5043214194,I177733328,AFFILIATED_WITH
A5085762348,W4415054792,WRITES
A5085762348,I4210123993,AFFILIATED_WITH
A5066204594,W4327517834,WRITES
A5066204594,I141445968,AFFILIATED_WITH
A5066204594,I4210123993,AFFILIATED_WITH
A5031233789,W3200721992,WRITES
A5031233789,I4210123993,AFFILIATED_WITH
A5037668109,W3129122531,WRITES
A5037668109,I4210123993,AFFILIATED_WITH
A5065031193,W4312508319,WRITES
A5065031193,W4380202673,WRITES
A5065031193,W4328128687,WRITES
A5065031193,I4210104442,AFFILIATED_WITH
A5109620041,W7118181553,WRITES
A5109620041,I4210096295,AFFILIATED_WITH
A5101446353,W4392281991,WRITES
A5101446353,I4210104442,AFFILIATED_WITH
A5111060140,W4388504134,WRITES
A5111060140,I29199639,AFFILIATED_WITH
A5080743502,W4376566290,WRITES
A5080743502,W4405312399,WRITES
A5080743502,I141445968,AFFILIATED_WITH
A5101204564,W7152089371,WRITES
A5101204564,I70349855,AFFILIATED_WITH
A5105180206,W4416954067,WRITES
A5105180206,I4210123993,AFFILIATED_WITH
A5109665139,W4389781311,WRITES
A5109665139,I123565023,AFFILIATED_WITH
A5109665139,I23582244,AFFILIATED_WITH
A5109665139,I25846049,AFFILIATED_WITH
A5109665139,I4210096386,AFFILIATED_WITH
A5109665139,I70349855,AFFILIATED_WITH
A5109665139,I89004649,AFFILIATED_WITH
LOCAL_A000536,W4392795430,WRITES
LOCAL_A000536,I120089902,AFFILIATED_WITH
LOCAL_A000536,I4210123993,AFFILIATED_WITH
A5076358810,W4391612257,WRITES
A5076358810,W4391474950,WRITES
A5076358810,W4381988114,WRITES
A5076358810,W4391448534,WRITES
A5076358810,W4391926108,WRITES
A5076358810,W4407717565,WRITES
A5076358810,W4399685159,WRITES
A5076358810,I120089902,AFFILIATED_WITH
A5076358810,I4210123993,AFFILIATED_WITH
A5076358810,I3129492623,AFFILIATED_WITH
A5076358810,I4388891809,AFFILIATED_WITH
A5014340937,W4390598605,WRITES
A5123864020,W7133975914,WRITES
A5123864020,I4210115718,AFFILIATED_WITH
A5123864020,I4387154951,AFFILIATED_WITH
A5101913899,W4399084369,WRITES
A5101913899,I4210123993,AFFILIATED_WITH
A5101472479,W2998711203,WRITES
A5101472479,I154864474,AFFILIATED_WITH
A5008610676,W4390939342,WRITES
A5008610676,W4390678661,WRITES
A5008610676,W4391342217,WRITES
A5008610676,I4210123993,AFFILIATED_WITH
A5031297358,W4412834641,WRITES
A5031297358,I267427436,AFFILIATED_WITH
A5017679520,W4388001683,WRITES
A5017679520,I4210123993,AFFILIATED_WITH
LOCAL_A000710,W4385556859,WRITES
LOCAL_A000710,I4210123993,AFFILIATED_WITH
A5010198389,W4296713969,WRITES
A5010198389,W4286432908,WRITES
A5010198389,W4286432912,WRITES
A5010198389,W4296713779,WRITES
A5010198389,W4390830216,WRITES
A5010198389,I202539009,AFFILIATED_WITH
A5019381003,W4300669402,WRITES
A5019381003,W4283741100,WRITES
A5019381003,W4283754261,WRITES
A5019381003,W4286432921,WRITES
A5019381003,W4292373742,WRITES
A5019381003,W4294187923,WRITES
A5019381003,W4294187944,WRITES
A5019381003,W4294187955,WRITES
A5019381003,W4296709077,WRITES
A5019381003,W4296712376,WRITES
A5019381003,I202539009,AFFILIATED_WITH
A5019381003,I4210101969,AFFILIATED_WITH
A5019381003,I4391012539,AFFILIATED_WITH
A5019381003,I4210110116,AFFILIATED_WITH
A5017300335,W4309765389,WRITES
A5017300335,I4210093659,AFFILIATED_WITH
A5015900702,W4391612257,WRITES
A5015900702,W4223991974,WRITES
A5015900702,W4388001683,WRITES
A5015900702,W4391474950,WRITES
A5015900702,W4391448534,WRITES
A5015900702,W4392795430,WRITES
A5015900702,W4284963908,WRITES
A5015900702,W4390410811,WRITES
A5015900702,I120089902,AFFILIATED_WITH
A5015900702,I4210123993,AFFILIATED_WITH
LOCAL_A000530,W4391474950,WRITES
LOCAL_A000530,I120089902,AFFILIATED_WITH
LOCAL_A000530,I142608572,AFFILIATED_WITH
LOCAL_A000530,I159247623,AFFILIATED_WITH
LOCAL_A000530,I4210123993,AFFILIATED_WITH
A5135428161,W7160384513,WRITES
A5135428161,I4210123993,AFFILIATED_WITH
A5109525017,W3212248389,WRITES
A5109525017,I123565023,AFFILIATED_WITH
A5109525017,I47265099,AFFILIATED_WITH
A5030881692,W4224960906,WRITES
A5030881692,I4210123993,AFFILIATED_WITH
A5063385963,W4387270971,WRITES
A5063385963,I4210115718,AFFILIATED_WITH
A5044784332,W4321184628,WRITES
A5044784332,W4320709155,WRITES
A5044784332,W4386601257,WRITES
A5044784332,I4210123993,AFFILIATED_WITH
A5044784332,I117965899,AFFILIATED_WITH
A5060172696,W7127415324,WRITES
A5060172696,I4210123993,AFFILIATED_WITH
A5112515358,W4281728060,WRITES
A5112515358,W4281388431,WRITES
A5112515358,I177733328,AFFILIATED_WITH
A5112515358,I4210104442,AFFILIATED_WITH
A5112515358,I4210139842,AFFILIATED_WITH
A5112515358,I4387155212,AFFILIATED_WITH
A5026865222,W7140101445,WRITES
A5026865222,I141445968,AFFILIATED_WITH
A5026865222,I4210123993,AFFILIATED_WITH
LOCAL_A000054,W4291184494,WRITES
LOCAL_A000054,I141445968,AFFILIATED_WITH
LOCAL_A000054,I4210104442,AFFILIATED_WITH
LOCAL_A000054,I4210123993,AFFILIATED_WITH
A5120974622,W7116782209,WRITES
A5120974622,I4210123993,AFFILIATED_WITH
A5121066759,W7163065831,WRITES
A5121066759,I4210115718,AFFILIATED_WITH
LOCAL_A000579,W3171219399,WRITES
LOCAL_A000579,I4210108666,AFFILIATED_WITH
LOCAL_A000579,I4210126287,AFFILIATED_WITH
A5048050751,W3213351247,WRITES
A5048050751,W4386053682,WRITES
A5048050751,W3199138090,WRITES
A5048050751,W3199357865,WRITES
A5048050751,W3018079424,WRITES
A5048050751,I4210123993,AFFILIATED_WITH
A5077358597,W3158335115,WRITES
A5077358597,W3115873876,WRITES
A5077358597,W4214738594,WRITES
A5077358597,W4291184494,WRITES
A5077358597,W3183299895,WRITES
A5077358597,W4318831528,WRITES
A5077358597,W3108801041,WRITES
A5077358597,W4281728060,WRITES
A5077358597,W4283383303,WRITES
A5077358597,W3039627223,WRITES
A5077358597,W2997366206,WRITES
A5077358597,W3108806183,WRITES
A5077358597,W3201159070,WRITES
A5077358597,W3201474368,WRITES
A5077358597,W4376566290,WRITES
A5077358597,W4408722193,WRITES
A5077358597,W3159682264,WRITES
A5077358597,W4228997162,WRITES
A5077358597,W3041914111,WRITES
A5077358597,W3021181631,WRITES
A5077358597,W4281388431,WRITES
A5077358597,W3100063371,WRITES
A5077358597,W3004140216,WRITES
A5077358597,W4405312399,WRITES
A5077358597,I4210123993,AFFILIATED_WITH
A5077358597,I141445968,AFFILIATED_WITH
A5077358597,I3020192730,AFFILIATED_WITH
A5077358597,I4210104442,AFFILIATED_WITH
A5079824896,W2909806954,WRITES
A5079824896,I23582244,AFFILIATED_WITH
A5052468815,W7161066054,WRITES
A5052468815,W4407877818,WRITES
A5052468815,I4210123993,AFFILIATED_WITH
A5101705942,W4408612729,WRITES
A5101705942,I70349855,AFFILIATED_WITH
A5070416393,W4406960022,WRITES
A5070416393,I4210124651,AFFILIATED_WITH
A5021000959,W4391844119,WRITES
A5021000959,I70349855,AFFILIATED_WITH
A5135198317,W7160174753,WRITES
A5135198317,W7162875868,WRITES
A5135198317,I4210123993,AFFILIATED_WITH
A5114212779,W4406608287,WRITES
A5109579113,W7125983273,WRITES
A5109579113,I170238339,AFFILIATED_WITH
A5009209108,W4417284240,WRITES
A5009209108,W4410228195,WRITES
A5009209108,I4210124651,AFFILIATED_WITH
A5136550729,W7161788978,WRITES
A5136550729,I228151691,AFFILIATED_WITH
A5035122431,W4390891339,WRITES
A5035122431,W4402876258,WRITES
A5035122431,I4210123993,AFFILIATED_WITH
A5090868432,W4312100761,WRITES
A5090868432,I4880106,AFFILIATED_WITH
A5020729122,W4412161992,WRITES
A5020729122,W4391844119,WRITES
A5020729122,I70349855,AFFILIATED_WITH
A5036617503,W4285347500,WRITES
A5036617503,I4210123993,AFFILIATED_WITH
A5001785029,W3135025289,WRITES
A5001785029,I4210123993,AFFILIATED_WITH
A5117613150,W4410536451,WRITES
A5117613150,I109689652,AFFILIATED_WITH
LOCAL_A000104,W3129870341,WRITES
LOCAL_A000104,I4210123993,AFFILIATED_WITH
A5017639225,W3214278109,WRITES
A5017639225,I3020192730,AFFILIATED_WITH
A5139175222,W7165659512,WRITES
A5139175222,I4210123993,AFFILIATED_WITH
A5101772613,W4414271358,WRITES
A5101772613,W4412404272,WRITES
A5101772613,W4416367685,WRITES
A5101772613,W4417052346,WRITES
A5101772613,W7127274448,WRITES
A5101772613,W7127345430,WRITES
A5101772613,W7127411886,WRITES
A5101772613,W4411867038,WRITES
A5101772613,I4210123993,AFFILIATED_WITH
A5076030417,W3139407296,WRITES
A5076030417,I70349855,AFFILIATED_WITH
A5124890289,W7127417295,WRITES
A5124890289,I123565023,AFFILIATED_WITH
A5113021945,W4387586125,WRITES
A5113021945,I4210095523,AFFILIATED_WITH
A5113021945,I4210123993,AFFILIATED_WITH
A5101900159,W4417052514,WRITES
A5101900159,I4210123993,AFFILIATED_WITH
A5101900159,I94518387,AFFILIATED_WITH
A5068124673,W4291184494,WRITES
A5068124673,W4318831528,WRITES
A5068124673,W4281728060,WRITES
A5068124673,W4283383303,WRITES
A5068124673,W4291392888,WRITES
A5068124673,W4376566290,WRITES
A5068124673,W4228997162,WRITES
A5068124673,I141445968,AFFILIATED_WITH
A5068124673,I4210123993,AFFILIATED_WITH
LOCAL_A000382,W4376566290,WRITES
LOCAL_A000382,I141445968,AFFILIATED_WITH
LOCAL_A000382,I4210123993,AFFILIATED_WITH
LOCAL_A000382,I4387155935,AFFILIATED_WITH
A5080477516,W4213032084,WRITES
A5080477516,W4210893619,WRITES
A5080477516,W4281920079,WRITES
A5080477516,W4303045635,WRITES
A5080477516,W4362674680,WRITES
A5080477516,I157358134,AFFILIATED_WITH
A5080477516,I4210095297,AFFILIATED_WITH
A5080477516,I4210123993,AFFILIATED_WITH
LOCAL_A000535,W3195732444,WRITES
LOCAL_A000535,W4290079132,WRITES
LOCAL_A000535,I4210123993,AFFILIATED_WITH
A5137731172,W7163367857,WRITES
A5137731172,I4210123993,AFFILIATED_WITH
A5104119779,W4377861812,WRITES
A5104119779,I177733328,AFFILIATED_WITH
A5047470642,W7162805338,WRITES
A5047470642,I4210123993,AFFILIATED_WITH
LOCAL_A000595,W4408612729,WRITES
LOCAL_A000595,I70349855,AFFILIATED_WITH
A5054853879,W4286484421,WRITES
A5135080598,W7159982177,WRITES
A5135080598,I70349855,AFFILIATED_WITH
LOCAL_A000379,W4367366146,WRITES
LOCAL_A000379,I4210095523,AFFILIATED_WITH
A5009247971,W4388942254,WRITES
A5009247971,I1315456113,AFFILIATED_WITH
A5014549353,W4389263859,WRITES
A5014549353,I4210115718,AFFILIATED_WITH
A5111144535,W3097575064,WRITES
A5103955201,W3131228323,WRITES
A5103955201,I187855631,AFFILIATED_WITH
A5061739783,W4291392888,WRITES
A5061739783,I4210104442,AFFILIATED_WITH
A5061739783,I4210154685,AFFILIATED_WITH
A5061739783,I47807185,AFFILIATED_WITH
A5112652952,W3171691420,WRITES
A5112652952,I107640659,AFFILIATED_WITH
A5031764988,W4399494815,WRITES
A5031764988,I4210137425,AFFILIATED_WITH
A5031764988,I67868205,AFFILIATED_WITH
A5031764988,I70349855,AFFILIATED_WITH
A5021847930,W4402894282,WRITES
A5021847930,I4210109591,AFFILIATED_WITH
LOCAL_A000612,W4411037455,WRITES
LOCAL_A000612,I123565023,AFFILIATED_WITH
LOCAL_A000612,I23582244,AFFILIATED_WITH
A5063243962,W4226409382,WRITES
A5063243962,W3199183631,WRITES
A5063243962,I4210123993,AFFILIATED_WITH
A5108116590,W4411310108,WRITES
A5108116590,I18550681,AFFILIATED_WITH
A5059009171,W7163886815,WRITES
A5059009171,W4412843188,WRITES
A5059009171,W4407814570,WRITES
A5059009171,W7154041191,WRITES
A5059009171,W4410274316,WRITES
A5059009171,I177733328,AFFILIATED_WITH
A5062039544,W4283206317,WRITES
A5062039544,W4283512790,WRITES
A5062039544,I4210123993,AFFILIATED_WITH
A5087460269,W4361215744,WRITES
A5087460269,W7147608128,WRITES
A5087460269,I4210123993,AFFILIATED_WITH
A5007561046,W4386919259,WRITES
A5091244134,W4384944020,WRITES
A5091244134,W4410506249,WRITES
A5091244134,W4396585527,WRITES
A5091244134,I2802701112,AFFILIATED_WITH
A5020164540,W4310023520,WRITES
A5020164540,W4281679354,WRITES
A5020164540,W4280510179,WRITES
A5020164540,I913630986,AFFILIATED_WITH
A5037211367,W4296757415,WRITES
A5037211367,I4210134642,AFFILIATED_WITH
A5070941732,W4281567426,WRITES
A5070941732,I4210123993,AFFILIATED_WITH
A5083899294,W4392600430,WRITES
A5083899294,W4392709346,WRITES
A5083899294,I114017466,AFFILIATED_WITH
A5083899294,I1332353952,AFFILIATED_WITH
A5083899294,I4210123993,AFFILIATED_WITH
A5043085038,W7129078239,WRITES
A5043085038,I177733328,AFFILIATED_WITH
A5117938566,W4411160005,WRITES
A5117938566,I2802701112,AFFILIATED_WITH
A5055220887,W4318762606,WRITES
A5055220887,I4210095101,AFFILIATED_WITH
A5116337066,W4407763579,WRITES
A5116337066,I4210095101,AFFILIATED_WITH
A5077799265,W4360620773,WRITES
A5077799265,I4210123993,AFFILIATED_WITH
A5094236769,W7134947698,WRITES
A5094236769,I4210123993,AFFILIATED_WITH
A5010667167,W4313259690,WRITES
A5010667167,W4393316224,WRITES
A5010667167,W4311970573,WRITES
A5010667167,W4385705265,WRITES
A5010667167,I165737746,AFFILIATED_WITH
A5010667167,I4210123993,AFFILIATED_WITH
A5010667167,I3129215250,AFFILIATED_WITH
A5010667167,I3131387778,AFFILIATED_WITH
A5010667167,I4210119805,AFFILIATED_WITH
A5010667167,I4210147329,AFFILIATED_WITH
A5111072575,W4388572911,WRITES
A5111072575,I4210093468,AFFILIATED_WITH
A5026815034,W7134116251,WRITES
A5026815034,I4210123993,AFFILIATED_WITH
A5104296153,W4403344039,WRITES
A5104296153,I126231945,AFFILIATED_WITH
A5007252074,W3013943119,WRITES
A5007252074,W3094440337,WRITES
A5007252074,W3036995321,WRITES
A5007252074,W3121710976,WRITES
A5007252074,W3030321203,WRITES
A5007252074,W3080524420,WRITES
A5007252074,I4210095101,AFFILIATED_WITH
A5007252074,I110357561,AFFILIATED_WITH
A5007637679,W7148529802,WRITES
A5007637679,W7162334731,WRITES
A5007637679,W3104312140,WRITES
A5007637679,I47265099,AFFILIATED_WITH
A5007637679,I4210111957,AFFILIATED_WITH
A5007637679,I4391012539,AFFILIATED_WITH
A5007637679,I4210123993,AFFILIATED_WITH
A5124201354,W7126085536,WRITES
A5124201354,I23582244,AFFILIATED_WITH
A5104723824,W4399072242,WRITES
A5104723824,I4210123993,AFFILIATED_WITH
A5059661400,W4319596802,WRITES
A5059661400,W4398763277,WRITES
A5059661400,W4403302723,WRITES
A5059661400,W4403867823,WRITES
A5059661400,W4415350151,WRITES
A5059661400,W4283838068,WRITES
A5059661400,W4321482630,WRITES
A5059661400,W4404920262,WRITES
A5059661400,W4400558697,WRITES
A5059661400,W4377002490,WRITES
A5059661400,W4399659214,WRITES
A5059661400,W4404826466,WRITES
A5059661400,W4415596303,WRITES
A5059661400,W4402723512,WRITES
A5059661400,W4405932039,WRITES
A5059661400,W4407223794,WRITES
A5059661400,I4210160086,AFFILIATED_WITH
A5059661400,I131359167,AFFILIATED_WITH
A5129926033,W7138847349,WRITES
A5129926033,I4210160086,AFFILIATED_WITH
A5136527356,W7161842826,WRITES
A5136527356,I4210160086,AFFILIATED_WITH
A5122339110,W7124505868,WRITES
A5122339110,I4210160086,AFFILIATED_WITH
A5038835298,W4410810312,WRITES
A5038835298,W7127432421,WRITES
A5038835298,I4210095603,AFFILIATED_WITH
A5038835298,I4400600977,AFFILIATED_WITH
A5045277826,W3108806183,WRITES
A5045277826,I4210101969,AFFILIATED_WITH
A5045277826,I123565023,AFFILIATED_WITH
A5111021016,W4385636643,WRITES
A5111021016,I4210101969,AFFILIATED_WITH
A5111021016,I4391012539,AFFILIATED_WITH
A5060923710,W2350837785,WRITES
A5060923710,I4210123993,AFFILIATED_WITH
LOCAL_A000440,W4410070105,WRITES
LOCAL_A000440,I4210123993,AFFILIATED_WITH
A5010384305,W7124893938,WRITES
A5010384305,I2802701112,AFFILIATED_WITH
A5028244068,W4415927132,WRITES
A5028244068,I2802508454,AFFILIATED_WITH
A5028244068,I4210100991,AFFILIATED_WITH
A5028244068,I4210120055,AFFILIATED_WITH
A5088952493,W7159099806,WRITES
A5088952493,W4408446899,WRITES
A5088952493,I177733328,AFFILIATED_WITH
A5036306881,W4407779382,WRITES
A5036306881,I111277659,AFFILIATED_WITH
A5084838089,W4392232552,WRITES
A5084838089,I136761661,AFFILIATED_WITH
A5101114148,W7161302210,WRITES
A5101114148,I157485424,AFFILIATED_WITH
A5084325237,W4403134195,WRITES
A5084325237,I83436808,AFFILIATED_WITH
A5077232345,W4394568521,WRITES
A5077232345,I4210104335,AFFILIATED_WITH
A5077232345,I848706,AFFILIATED_WITH
A5136180805,W7161302210,WRITES
A5136180805,I193775966,AFFILIATED_WITH
A5038600660,W3169005697,WRITES
A5054933494,W4235762531,WRITES
A5054933494,I848706,AFFILIATED_WITH
A5111265074,W4400889849,WRITES
A5111265074,I4210123993,AFFILIATED_WITH
A5088730223,W4387124706,WRITES
A5088730223,I2802508454,AFFILIATED_WITH
A5088730223,I4210100991,AFFILIATED_WITH
A5022117269,W7136207794,WRITES
A5022117269,I154526488,AFFILIATED_WITH
A5022117269,I204730241,AFFILIATED_WITH
A5022117269,I4210092774,AFFILIATED_WITH
A5022117269,I4210097159,AFFILIATED_WITH
A5022117269,I4210141964,AFFILIATED_WITH
A5049804329,W4385461610,WRITES
A5049804329,W4381436947,WRITES
A5049804329,I4210086020,AFFILIATED_WITH
A5050904768,W4413106375,WRITES
A5050904768,I199856841,AFFILIATED_WITH
A5015134079,W4385580607,WRITES
A5015134079,I123044942,AFFILIATED_WITH
A5015134079,I197518295,AFFILIATED_WITH
A5128809922,W7135071235,WRITES
A5128809922,I4210123993,AFFILIATED_WITH
A5040768487,W3214010329,WRITES
A5040768487,W3212248389,WRITES
A5040768487,I123565023,AFFILIATED_WITH
A5040768487,I47265099,AFFILIATED_WITH
A5108865394,W4411469856,WRITES
A5108865394,W4417064001,WRITES
A5108865394,I2802508454,AFFILIATED_WITH
A5108865394,I4210123993,AFFILIATED_WITH
A5119371024,W4413380470,WRITES
A5119371024,I4210123993,AFFILIATED_WITH
A5085504353,W4320727717,WRITES
A5085504353,I29199639,AFFILIATED_WITH
A5044387881,W4407356752,WRITES
A5044387881,I75256744,AFFILIATED_WITH
A5114545008,W4404117162,WRITES
A5114545008,I75256744,AFFILIATED_WITH
A5057289601,W3165738160,WRITES
A5057289601,I4210123993,AFFILIATED_WITH
A5060887728,W4407261142,WRITES
A5060887728,I4210123993,AFFILIATED_WITH
A5091799409,W4415950711,WRITES
A5091799409,I196829312,AFFILIATED_WITH
A5059989774,W4414115402,WRITES
A5059989774,W4407065569,WRITES
A5059989774,I170238339,AFFILIATED_WITH
A5056153037,W4385461610,WRITES
A5056153037,I4210160086,AFFILIATED_WITH
A5090696769,W3202893602,WRITES
A5090696769,I4210095101,AFFILIATED_WITH
A5072705588,W2939865094,WRITES
A5072705588,W4401798741,WRITES
A5072705588,W4401020933,WRITES
A5072705588,I35568498,AFFILIATED_WITH
A5072705588,I4210123993,AFFILIATED_WITH
A5125499069,W7128533831,WRITES
A5089584186,W4400836185,WRITES
A5089584186,W4410502019,WRITES
A5089584186,W4402013946,WRITES
A5089584186,W4410502105,WRITES
A5089584186,I123565023,AFFILIATED_WITH
A5089584186,I4210123993,AFFILIATED_WITH
A5089584186,I4210151045,AFFILIATED_WITH
A5016152230,W4388574092,WRITES
A5016152230,I70349855,AFFILIATED_WITH
A5119042679,W4412569248,WRITES
A5119042679,I177733328,AFFILIATED_WITH
A5024009181,W4281670811,WRITES
A5024009181,W4392346811,WRITES
A5024009181,W4406548207,WRITES
A5024009181,I4210123993,AFFILIATED_WITH
LOCAL_A000194,W4293221027,WRITES
LOCAL_A000345,W4285191318,WRITES
LOCAL_A000118,W4293221027,WRITES
A5071582722,W3196785563,WRITES
A5071582722,I22265921,AFFILIATED_WITH
A5132988298,W7150069323,WRITES
A5132988298,I142974352,AFFILIATED_WITH
A5132988298,I4210118607,AFFILIATED_WITH
A5132988298,I68171755,AFFILIATED_WITH
LOCAL_A000014,W7115881942,WRITES
LOCAL_A000014,W7115905231,WRITES
LOCAL_A000014,I152743029,AFFILIATED_WITH
LOCAL_A000014,I2802587341,AFFILIATED_WITH
A5000585437,W7162404973,WRITES
A5000585437,I16590763,AFFILIATED_WITH
A5000585437,I192703390,AFFILIATED_WITH
A5062250884,W7162318469,WRITES
A5062250884,I223532165,AFFILIATED_WITH
A5136947962,W7162318469,WRITES
A5136947962,I848706,AFFILIATED_WITH
A5090060709,W7162318469,WRITES
A5090060709,I4210102177,AFFILIATED_WITH
A5129934117,W7162318469,WRITES
A5129934117,I4387152983,AFFILIATED_WITH
A5129934117,I69740276,AFFILIATED_WITH
A5136940267,W7162318469,WRITES
A5136940267,I80849659,AFFILIATED_WITH
A5024153751,W7118452653,WRITES
A5024153751,I168635309,AFFILIATED_WITH
A5021323660,W2983803309,WRITES
A5021323660,W4211174566,WRITES
A5021323660,W2767566591,WRITES
A5021323660,W3093833112,WRITES
A5021323660,W2180953235,WRITES
A5037542179,W2983803309,WRITES
A5017621747,W4405281261,WRITES
A5017621747,I7882870,AFFILIATED_WITH
A5082881241,W4284963908,WRITES
A5082881241,I4528857,AFFILIATED_WITH
A5024927907,W4296707155,WRITES
A5022563807,W3205987068,WRITES
A5022563807,I186771145,AFFILIATED_WITH
A5075515533,W4387326361,WRITES
A5075515533,I126406834,AFFILIATED_WITH
A5068736163,W4380265524,WRITES
A5021149547,W4405281261,WRITES
A5021149547,I185658715,AFFILIATED_WITH
A5021149547,I4210101951,AFFILIATED_WITH
A5101545411,W4402903753,WRITES
A5101545411,W4389781311,WRITES
A5101545411,W4386411789,WRITES
A5101545411,I88761825,AFFILIATED_WITH
A5101545411,I89004649,AFFILIATED_WITH
A5101545411,I123565023,AFFILIATED_WITH
A5101545411,I23582244,AFFILIATED_WITH
A5101545411,I25846049,AFFILIATED_WITH
A5101545411,I4210096386,AFFILIATED_WITH
A5101545411,I70349855,AFFILIATED_WITH
A5110947774,W4401550576,WRITES
A5110947774,I4210123993,AFFILIATED_WITH
A5024051545,W4366607373,WRITES
A5024051545,I4210123993,AFFILIATED_WITH
A5052525223,W4302847498,WRITES
A5052525223,I205133468,AFFILIATED_WITH
A5003674306,W2626032508,WRITES
A5003674306,I134635517,AFFILIATED_WITH
A5015294864,W2555561595,WRITES
A5015294864,W2607391129,WRITES
A5015294864,I4210123993,AFFILIATED_WITH
A5015294864,I4210125796,AFFILIATED_WITH
A5015915107,W4390502111,WRITES
A5015915107,W4386889388,WRITES
A5015915107,W4411069142,WRITES
A5015915107,W4409554317,WRITES
A5015915107,W4413618970,WRITES
A5015915107,W4411626447,WRITES
A5015915107,I28777354,AFFILIATED_WITH
A5015915107,I149213910,AFFILIATED_WITH
A5049516895,W4399685159,WRITES
A5049516895,I135388327,AFFILIATED_WITH
A5060670572,W4200523471,WRITES
A5060670572,I13144388,AFFILIATED_WITH
A5087016803,W4304128614,WRITES
A5087016803,I885383172,AFFILIATED_WITH
LOCAL_A000509,W7108322544,WRITES
LOCAL_A000509,W7108328204,WRITES
LOCAL_A000509,I12859529,AFFILIATED_WITH
A5055046244,W4313465680,WRITES
A5055046244,I254887060,AFFILIATED_WITH
A5063042707,W4383875588,WRITES
A5063042707,W4309782718,WRITES
A5063042707,W4312201692,WRITES
A5063042707,W4379468618,WRITES
A5063042707,W4386374716,WRITES
A5063042707,I47164929,AFFILIATED_WITH
A5069114387,W4281561494,WRITES
A5069114387,W4313332129,WRITES
A5069114387,W4224117736,WRITES
A5069114387,I51569856,AFFILIATED_WITH
A5135121032,W7160186769,WRITES
A5135121032,I80849659,AFFILIATED_WITH
A5058104633,W7116711994,WRITES
A5058104633,I80849659,AFFILIATED_WITH
A5090445830,W3201477092,WRITES
A5090445830,W3081948563,WRITES
A5090445830,W4412083350,WRITES
A5090445830,W2995333594,WRITES
A5090445830,W3173975414,WRITES
A5090445830,W4402994292,WRITES
A5090445830,I142208455,AFFILIATED_WITH
A5041576959,W2153576566,WRITES
A5026219446,W4403539683,WRITES
A5026219446,I198596950,AFFILIATED_WITH
A5026219446,I4210095567,AFFILIATED_WITH
A5026219446,I4210138643,AFFILIATED_WITH
A5057048916,W4416386813,WRITES
A5057048916,W7138834802,WRITES
A5057048916,W7160032096,WRITES
A5057048916,W7160136628,WRITES
A5057048916,W4405256347,WRITES
A5057048916,I152743029,AFFILIATED_WITH
A5057048916,I2802587341,AFFILIATED_WITH
LOCAL_A000334,W4285191318,WRITES
LOCAL_A000307,W4243275109,WRITES
LOCAL_A000225,W4312656552,WRITES
LOCAL_A000179,W4293221027,WRITES
LOCAL_A000237,W4312656552,WRITES
LOCAL_A000258,W4312656552,WRITES
LOCAL_A000684,W4253353920,WRITES
LOCAL_A000370,W4285191318,WRITES
LOCAL_A000168,W4293221027,WRITES
LOCAL_A000120,W4293221027,WRITES
LOCAL_A000273,W4312656552,WRITES
A5109344144,W2561235885,WRITES
A5109344144,W2550110029,WRITES
A5109344144,I2800593602,AFFILIATED_WITH
A5109344144,I38686511,AFFILIATED_WITH
A5109344144,I4210123993,AFFILIATED_WITH
LOCAL_A000176,W4293221027,WRITES
A5021824756,W7162318469,WRITES
A5021824756,I1294504835,AFFILIATED_WITH
A5021824756,I223532165,AFFILIATED_WITH
LOCAL_A000367,W4285191318,WRITES
LOCAL_A000706,W4253353920,WRITES
A5113668081,W2166834409,WRITES
LOCAL_A000369,W4285191318,WRITES
A5129740652,W7162318469,WRITES
A5129740652,I223532165,AFFILIATED_WITH
A5113595096,W2166834409,WRITES
A5079289303,W4293103731,WRITES
A5079289303,W3007337991,WRITES
A5079289303,I135768898,AFFILIATED_WITH
A5069753167,W4391926108,WRITES
A5009738758,W4377047193,WRITES
A5009738758,W4410320989,WRITES
A5009738758,I291386647,AFFILIATED_WITH
A5113137129,W4392600430,WRITES
A5113137129,W4392709346,WRITES
A5113137129,W4409462844,WRITES
A5113137129,I1332353952,AFFILIATED_WITH
A5113137129,I4210148235,AFFILIATED_WITH
A5062476242,W4281670811,WRITES
A5062476242,W4392346811,WRITES
A5062476242,I4210123161,AFFILIATED_WITH
A5062476242,I2656126,AFFILIATED_WITH
A5062476242,I4210119680,AFFILIATED_WITH
A5012079766,W7134190072,WRITES
A5012079766,I173664879,AFFILIATED_WITH
A5012079766,I8961855,AFFILIATED_WITH
A5011173370,W7133833955,WRITES
A5011173370,W4387868634,WRITES
A5011173370,W4399579863,WRITES
A5011173370,W4312154904,WRITES
A5011173370,W4415170399,WRITES
A5011173370,W4396895702,WRITES
A5011173370,W4407666597,WRITES
A5011173370,W4399691773,WRITES
A5011173370,W4399680508,WRITES
A5011173370,W4296061001,WRITES
A5011173370,W4388739730,WRITES
A5011173370,I8961855,AFFILIATED_WITH
A5011173370,I64663401,AFFILIATED_WITH
A5078556006,W4281670811,WRITES
A5078556006,I8961855,AFFILIATED_WITH
A5079183565,W2885929736,WRITES
A5079183565,I2610724,AFFILIATED_WITH
A5136963529,W7162318469,WRITES
A5136963529,I223532165,AFFILIATED_WITH
A5107318322,W7162318469,WRITES
A5107318322,I192455894,AFFILIATED_WITH
A5107318322,I223532165,AFFILIATED_WITH
A5110180724,W4281670811,WRITES
A5110180724,W4392346811,WRITES
A5110180724,I4210119680,AFFILIATED_WITH
A5110180724,I2656126,AFFILIATED_WITH
A5110180724,I4210123161,AFFILIATED_WITH
A5025542439,W4408050037,WRITES
A5025542439,W4403691949,WRITES
A5025542439,I199856841,AFFILIATED_WITH
A5021265784,W2116401724,WRITES
A5021265784,I1289490764,AFFILIATED_WITH
A5021265784,I4210102376,AFFILIATED_WITH
A5021265784,I4210113904,AFFILIATED_WITH
A5107052422,W7162318469,WRITES
A5107052422,I223532165,AFFILIATED_WITH
A5086914152,W7131416904,WRITES
A5086914152,I4210142271,AFFILIATED_WITH
A5086914152,I47519274,AFFILIATED_WITH
A5083743252,W4376891951,WRITES
A5083743252,I4210104335,AFFILIATED_WITH
A5058809619,W4406548207,WRITES
A5058809619,I147482076,AFFILIATED_WITH
LOCAL_A000342,W4285191318,WRITES
LOCAL_A000341,W4285191318,WRITES
A5094041631,W4392346811,WRITES
A5094041631,I4210123161,AFFILIATED_WITH
A5051935392,W4296061001,WRITES
A5051935392,I721619,AFFILIATED_WITH
LOCAL_A000401,W4392346811,WRITES
A5103046309,W2348376786,WRITES
A5103046309,I4210123993,AFFILIATED_WITH
A5079440745,W2124259739,WRITES
A5079440745,I913481162,AFFILIATED_WITH
A5113060363,W2906247978,WRITES
A5113060363,I913481162,AFFILIATED_WITH
A5073979930,W2049769420,WRITES
A5078106534,W2906247978,WRITES
A5078106534,I913481162,AFFILIATED_WITH
A5061865174,W2124259739,WRITES
A5061865174,I913481162,AFFILIATED_WITH
A5126032981,W7128925053,WRITES
A5126032981,I4210142271,AFFILIATED_WITH
A5126032981,I47519274,AFFILIATED_WITH
A5050575155,W2957138175,WRITES
A5050575155,I4210123993,AFFILIATED_WITH
A5050575155,I4210088287,AFFILIATED_WITH
A5101480212,W4407779382,WRITES
A5101480212,I111277659,AFFILIATED_WITH
A5100705624,W4205912509,WRITES
A5100705624,W4390639841,WRITES
A5100705624,I28777354,AFFILIATED_WITH
A5064913428,W4308684493,WRITES
A5064913428,W4283723303,WRITES
A5064913428,W4296210434,WRITES
A5064913428,I39534123,AFFILIATED_WITH
A5038180308,W7116930752,WRITES
A5038180308,I118373667,AFFILIATED_WITH
A5088916464,W4319794083,WRITES
A5088916464,I180634299,AFFILIATED_WITH
A5093091534,W4387770997,WRITES
A5093091534,I22299242,AFFILIATED_WITH
A5057664957,W4396875764,WRITES
A5057664957,W4320709155,WRITES
A5057664957,I117965899,AFFILIATED_WITH
A5120691164,W4417058714,WRITES
A5120691164,W7166028472,WRITES
A5120691164,W7166029693,WRITES
A5120691164,W7166030371,WRITES
A5120691164,W7166095928,WRITES
A5120691164,I142208455,AFFILIATED_WITH
A5044546353,W4379468618,WRITES
A5044546353,I167694869,AFFILIATED_WITH
A5120984488,W7116782209,WRITES
A5120984488,I162709352,AFFILIATED_WITH
A5120984488,I94328231,AFFILIATED_WITH
A5136040019,W7160982211,WRITES
A5136040019,I180670191,AFFILIATED_WITH
A5136040019,I4210156041,AFFILIATED_WITH
A5013073221,W2015390581,WRITES
A5013073221,I4210123993,AFFILIATED_WITH
A5066273011,W2983803309,WRITES
A5084021444,W1972364831,WRITES
A5084021444,I201448701,AFFILIATED_WITH
A5084021444,I4210123993,AFFILIATED_WITH
A5112430168,W2983803309,WRITES
A5112430168,I4210135298,AFFILIATED_WITH
A5053204545,W4312634760,WRITES
A5053204545,I3133213403,AFFILIATED_WITH
A5047516371,W4385338636,WRITES
A5047516371,I142208455,AFFILIATED_WITH
A5116503919,W4416208916,WRITES
A5116503919,I38538140,AFFILIATED_WITH
A5079259587,W3131063929,WRITES
A5079259587,I76835614,AFFILIATED_WITH
A5028419807,W2983803309,WRITES
A5028419807,I4210124898,AFFILIATED_WITH
A5111911511,W2116401724,WRITES
A5111911511,I1289490764,AFFILIATED_WITH
A5111911511,I4210124306,AFFILIATED_WITH
A5068613629,W2677270484,WRITES
A5068613629,I170897317,AFFILIATED_WITH
A5011391692,W2767566591,WRITES
A5058820007,W4317434823,WRITES
A5058820007,I3124059619,AFFILIATED_WITH
A5033756063,W2888586085,WRITES
A5033756063,W3108106393,WRITES
A5033756063,I142208455,AFFILIATED_WITH
A5124033776,W7125798761,WRITES
A5124033776,I155028946,AFFILIATED_WITH
A5012780158,W4401892575,WRITES
A5012780158,I40120149,AFFILIATED_WITH
A5107928007,W4407717565,WRITES
A5107928007,I101407740,AFFILIATED_WITH
A5025095503,W2958510524,WRITES
A5025095503,W2172418087,WRITES
A5025095503,W2983803309,WRITES
A5025095503,W4211174566,WRITES
A5025095503,W3093833112,WRITES
A5077256081,W2777233750,WRITES
A5077256081,I1289490764,AFFILIATED_WITH
A5077256081,I1334095494,AFFILIATED_WITH
A5077256081,I4210096256,AFFILIATED_WITH
A5077256081,I4210124306,AFFILIATED_WITH
A5024725268,W2983803309,WRITES
A5004611183,W4312329452,WRITES
A5004611183,I3133213403,AFFILIATED_WITH
A5087155298,W2983803309,WRITES
A5032430599,W2957138175,WRITES
A5032430599,I4210088287,AFFILIATED_WITH
A5032430599,I4210123993,AFFILIATED_WITH
A5025759682,W1966693592,WRITES
A5025759682,I16473318,AFFILIATED_WITH
A5025759682,I4210123993,AFFILIATED_WITH
A5025759682,I4210156945,AFFILIATED_WITH
A5023890153,W4407356752,WRITES
A5023890153,W4404117162,WRITES
A5023890153,I91045830,AFFILIATED_WITH
A5073592697,W4383889516,WRITES
A5073592697,W4386925533,WRITES
A5073592697,W4401467334,WRITES
A5073592697,W4413118057,WRITES
A5073592697,W4387212021,WRITES
A5073592697,W4376873270,WRITES
A5073592697,W4411493130,WRITES
A5073592697,I28022161,AFFILIATED_WITH
A5036640407,W4317434823,WRITES
A5036640407,I51622183,AFFILIATED_WITH
A5025451580,W4381833251,WRITES
A5025451580,W4365790216,WRITES
A5025451580,I3132999081,AFFILIATED_WITH
A5078135589,W4317794911,WRITES
A5078135589,I157394403,AFFILIATED_WITH
A5025577220,W4207065025,WRITES
A5025577220,I1286329397,AFFILIATED_WITH
A5025577220,I898388014,AFFILIATED_WITH
A5030177637,W4407394155,WRITES
A5030177637,W4406110549,WRITES
A5030177637,W4402307212,WRITES
A5030177637,I47403697,AFFILIATED_WITH
A5030177637,I130442723,AFFILIATED_WITH
A5014044862,W2032419638,WRITES
A5014044862,I4210123993,AFFILIATED_WITH
A5043430500,W2566290954,WRITES
A5043430500,I55769427,AFFILIATED_WITH
A5088459735,W4387846071,WRITES
A5088459735,W4393318354,WRITES
A5088459735,I2802613557,AFFILIATED_WITH
A5088459735,I185261750,AFFILIATED_WITH
A5007880310,W4380265524,WRITES
A5007880310,I139264467,AFFILIATED_WITH
A5007880310,I4210123907,AFFILIATED_WITH
A5066772680,W4407561213,WRITES
A5066772680,I111199411,AFFILIATED_WITH
A5095860330,W2561235885,WRITES
A5095860330,I2800593602,AFFILIATED_WITH
A5095860330,I38686511,AFFILIATED_WITH
A5095860330,I4210123993,AFFILIATED_WITH
A5055699158,W2983803309,WRITES
A5028391766,W2983803309,WRITES
A5028391766,W4211174566,WRITES
A5028391766,I4210156678,AFFILIATED_WITH
A5036815509,W3214891465,WRITES
A5036815509,I205133468,AFFILIATED_WITH
A5055365606,W4283780422,WRITES
A5055365606,I143578492,AFFILIATED_WITH
A5004988236,W2983803309,WRITES
A5090514977,W3165738160,WRITES
A5090514977,W3200738788,WRITES
A5090514977,I4210123993,AFFILIATED_WITH
A5015030111,W4214693772,WRITES
A5015030111,I4210123993,AFFILIATED_WITH
A5061856949,W4394568521,WRITES
A5061856949,I4210104335,AFFILIATED_WITH
A5061856949,I848706,AFFILIATED_WITH
A5061856949,I3129492623,AFFILIATED_WITH
A5086950255,W2172418087,WRITES
A5086950255,W4211174566,WRITES
A5086950255,W2767566591,WRITES
A5086950255,W3093833112,WRITES
A5086950255,W2180953235,WRITES
A5046582092,W4407717565,WRITES
A5046582092,I169333911,AFFILIATED_WITH
A5052092290,W2569951461,WRITES
A5052092290,I107672454,AFFILIATED_WITH
A5052092290,I36258959,AFFILIATED_WITH
A5052092290,I4210099595,AFFILIATED_WITH
A5052092290,I4210105147,AFFILIATED_WITH
A5052092290,I4210158294,AFFILIATED_WITH
A5075293805,W7118452653,WRITES
A5075293805,I69552723,AFFILIATED_WITH
A5037329176,W2983803309,WRITES
LOCAL_A000517,W7108322544,WRITES
LOCAL_A000517,W7108328204,WRITES
LOCAL_A000517,I170897317,AFFILIATED_WITH
A5063894861,W4390502111,WRITES
A5063894861,I28777354,AFFILIATED_WITH
A5046539676,W4308684493,WRITES
A5046539676,I4575257,AFFILIATED_WITH
A5046539676,I93906172,AFFILIATED_WITH
A5007283022,W2753396771,WRITES
A5101716076,W7131662221,WRITES
A5101716076,I204512498,AFFILIATED_WITH
A5101716076,I6469544,AFFILIATED_WITH
A5100905868,W4392746748,WRITES
A5062653189,W4411159297,WRITES
A5062653189,W4322746639,WRITES
A5062653189,W4388051817,WRITES
A5062653189,I10660446,AFFILIATED_WITH
A5101487006,W7133243872,WRITES
A5101487006,W7138834802,WRITES
A5101487006,W7160032096,WRITES
A5101487006,W7160136628,WRITES
A5101487006,I4210113809,AFFILIATED_WITH
A5073077276,W2359870859,WRITES
A5073077276,I4210123993,AFFILIATED_WITH
A5102884219,W2381000401,WRITES
A5102884219,I4210123993,AFFILIATED_WITH
A5083387016,W2386359715,WRITES
A5083387016,I4210123993,AFFILIATED_WITH
A5051884219,W2374382594,WRITES
A5051884219,I4210123993,AFFILIATED_WITH
A5088805063,W2356539505,WRITES
A5088805063,I4210123993,AFFILIATED_WITH
A5072771340,W2921306927,WRITES
A5101455057,W4212931299,WRITES
A5101455057,W4281285699,WRITES
A5101455057,I7726996,AFFILIATED_WITH
A5100374993,W2394290882,WRITES
A5100374993,I4210123993,AFFILIATED_WITH
A5004952365,W7133243872,WRITES
A5004952365,W4409898812,WRITES
A5004952365,I152743029,AFFILIATED_WITH
A5004952365,I47519274,AFFILIATED_WITH
A5004952365,I4210142271,AFFILIATED_WITH
A5075570047,W2921306927,WRITES
A5075570047,I4210110925,AFFILIATED_WITH
A5102621665,W4405256347,WRITES
A5102621665,I24943067,AFFILIATED_WITH
A5102621665,I4210159575,AFFILIATED_WITH
A5101356478,W2370924989,WRITES
A5101356478,I4210123993,AFFILIATED_WITH
A5101846708,W2920977915,WRITES
A5101846708,I4210087915,AFFILIATED_WITH
A5100338420,W3131063929,WRITES
A5100338420,I76835614,AFFILIATED_WITH
A5129476969,W7165199016,WRITES
A5129476969,I185523456,AFFILIATED_WITH
A5004341522,W4402487125,WRITES
A5004341522,W4405135580,WRITES
A5004341522,W4417529920,WRITES
A5004341522,W4404649042,WRITES
A5004341522,W4404501226,WRITES
A5004341522,W4408461194,WRITES
A5004341522,W4409801467,WRITES
A5004341522,I185523456,AFFILIATED_WITH
A5004341522,I4210123993,AFFILIATED_WITH
A5004341522,I4210148201,AFFILIATED_WITH
A5112107553,W2371775411,WRITES
A5112107553,I4210123993,AFFILIATED_WITH
A5026736557,W2390554934,WRITES
A5026736557,I4210123993,AFFILIATED_WITH
A5125543565,W7161302210,WRITES
A5125543565,I17145004,AFFILIATED_WITH
A5125543565,I2799857465,AFFILIATED_WITH
A5016336795,W4392431566,WRITES
A5016336795,I55240360,AFFILIATED_WITH
A5101489171,W4296210434,WRITES
A5101489171,I206597221,AFFILIATED_WITH
A5101489171,I44073558,AFFILIATED_WITH
A5016443118,W2371519688,WRITES
A5016443118,I4210123993,AFFILIATED_WITH
A5100366805,W4380265524,WRITES
A5100366805,I848706,AFFILIATED_WITH
A5101416013,W4409462844,WRITES
A5101416013,I1332353952,AFFILIATED_WITH
A5101416013,I4210148235,AFFILIATED_WITH
A5100336793,W2368316205,WRITES
A5100336793,I4210123993,AFFILIATED_WITH
A5014308617,W4396898790,WRITES
A5014308617,I170238339,AFFILIATED_WITH
A5108152504,W4402229499,WRITES
A5108152504,I184693016,AFFILIATED_WITH
A5069951259,W4401337581,WRITES
A5069951259,I52158045,AFFILIATED_WITH
A5069165069,W4313558926,WRITES
A5069165069,I163340411,AFFILIATED_WITH
A5069165069,I198645480,AFFILIATED_WITH
A5069165069,I99464096,AFFILIATED_WITH
A5100390259,W4400832621,WRITES
A5100390259,I35928602,AFFILIATED_WITH
A5104652264,W4394568521,WRITES
A5104652264,I4210104335,AFFILIATED_WITH
A5104652264,I848706,AFFILIATED_WITH
A5074528425,W3158335115,WRITES
A5074528425,W4214738594,WRITES
A5074528425,W3183299895,WRITES
A5074528425,W3108801041,WRITES
A5074528425,W4281728060,WRITES
A5074528425,W3039627223,WRITES
A5074528425,W3159682264,WRITES
A5074528425,W4228997162,WRITES
A5074528425,W3156106451,WRITES
A5074528425,W3041914111,WRITES
A5074528425,W3021181631,WRITES
A5074528425,W3004140216,WRITES
A5074528425,I108108428,AFFILIATED_WITH
A5074528425,I4210096430,AFFILIATED_WITH
A5074528425,I4387155935,AFFILIATED_WITH
A5074528425,I47265099,AFFILIATED_WITH
A5111567379,W4362581165,WRITES
A5111567379,I4210091658,AFFILIATED_WITH
A5111567379,I4210098535,AFFILIATED_WITH
A5111567379,I4210104666,AFFILIATED_WITH
A5111567379,I4210114363,AFFILIATED_WITH
A5111567379,I4210120668,AFFILIATED_WITH
A5111567379,I4210123993,AFFILIATED_WITH
A5111567379,I4210157340,AFFILIATED_WITH
A5111567379,I4210157790,AFFILIATED_WITH
A5100328627,W4394568521,WRITES
A5100328627,I4210104335,AFFILIATED_WITH
A5100328627,I848706,AFFILIATED_WITH
LOCAL_A000666,W4214942873,WRITES
LOCAL_A000666,I94658018,AFFILIATED_WITH
A5026652025,W2953246412,WRITES
A5026652025,W2593957126,WRITES
A5026652025,I145311948,AFFILIATED_WITH
A5026652025,I4210123993,AFFILIATED_WITH
A5026652025,I75027704,AFFILIATED_WITH
A5026652025,I130769515,AFFILIATED_WITH
A5026652025,I208333798,AFFILIATED_WITH
A5026652025,I47838141,AFFILIATED_WITH
A5006316327,W4292749626,WRITES
A5006316327,I140172145,AFFILIATED_WITH
A5006316327,I15780179,AFFILIATED_WITH
A5006316327,I2800139702,AFFILIATED_WITH
A5006316327,I29236304,AFFILIATED_WITH
A5006316327,I4210091794,AFFILIATED_WITH
A5006316327,I4210096674,AFFILIATED_WITH
A5006316327,I4210115349,AFFILIATED_WITH
A5006316327,I4210117499,AFFILIATED_WITH
A5006316327,I4210123993,AFFILIATED_WITH
A5006316327,I4210131376,AFFILIATED_WITH
A5006316327,I4210146710,AFFILIATED_WITH
A5006316327,I4210146725,AFFILIATED_WITH
A5006316327,I4210150166,AFFILIATED_WITH
A5006316327,I4210154614,AFFILIATED_WITH
A5006316327,I4210159109,AFFILIATED_WITH
A5006316327,I4210164083,AFFILIATED_WITH
A5098699139,W4401892575,WRITES
A5098699139,I80281795,AFFILIATED_WITH
A5071281982,W4312329452,WRITES
A5071281982,W3199916958,WRITES
A5071281982,W4312600534,WRITES
A5071281982,I3133213403,AFFILIATED_WITH
A5111685187,W1966693592,WRITES
A5111685187,I16473318,AFFILIATED_WITH
A5111685187,I4210123993,AFFILIATED_WITH
A5111685187,I4210156945,AFFILIATED_WITH
A5075075490,W4406548207,WRITES
A5075075490,I173664879,AFFILIATED_WITH
A5013777042,W4294839230,WRITES
A5013777042,I152815399,AFFILIATED_WITH
A5055712772,W7125821153,WRITES
A5055712772,I25846049,AFFILIATED_WITH
A5071278301,W2979105539,WRITES
A5071278301,W2496171072,WRITES
A5071278301,W2556584035,WRITES
A5071278301,W2592738442,WRITES
A5071278301,I223822909,AFFILIATED_WITH
A5071278301,I4210123993,AFFILIATED_WITH
A5071278301,I4210125796,AFFILIATED_WITH
A5029852484,W4401892575,WRITES
A5029852484,I120250893,AFFILIATED_WITH
A5029852484,I4210136542,AFFILIATED_WITH
A5001549960,W4394925055,WRITES
A5001549960,I141445968,AFFILIATED_WITH
A5135570915,W7161388772,WRITES
A5135570915,W7161414526,WRITES
A5135570915,I4210124779,AFFILIATED_WITH
A5052869556,W2054439996,WRITES
A5022723002,W4211174566,WRITES
A5022723002,W3093833112,WRITES
A5022723002,W2180953235,WRITES
A5022723002,I83978394,AFFILIATED_WITH
A5099225713,W7161388772,WRITES
A5099225713,W7161414526,WRITES
A5099225713,I4210099662,AFFILIATED_WITH
A5109419815,W4364375921,WRITES
A5109419815,I1332353952,AFFILIATED_WITH
A5053655626,W4392600430,WRITES
A5053655626,W4392709346,WRITES
A5053655626,I118347636,AFFILIATED_WITH
A5053655626,I1292875679,AFFILIATED_WITH
A5053655626,I1332353952,AFFILIATED_WITH
A5053655626,I4210161554,AFFILIATED_WITH
A5007239425,W4321250367,WRITES
A5007239425,I1332353952,AFFILIATED_WITH
A5070482335,W4376638002,WRITES
A5070482335,I204442077,AFFILIATED_WITH
A5070482335,I205274468,AFFILIATED_WITH
A5073007383,W4308874308,WRITES
A5073007383,I180664298,AFFILIATED_WITH
A5021544196,W2920983499,WRITES
A5021544196,I136199984,AFFILIATED_WITH
A5112753382,W2983803309,WRITES
A5003722648,W2983803309,WRITES
A5110608596,W7129373484,WRITES
A5110608596,I8961855,AFFILIATED_WITH
A5022508032,W2172418087,WRITES
A5060189092,W2983803309,WRITES
A5060189092,W4211174566,WRITES
A5060189092,W2180953235,WRITES
A5004667230,W4296372825,WRITES
A5004667230,I129604602,AFFILIATED_WITH
A5018334271,W4391342217,WRITES
A5018334271,I139264467,AFFILIATED_WITH
A5033959758,W4394924177,WRITES
A5033959758,W4392232552,WRITES
A5033959758,W4388635132,WRITES
A5033959758,I136761661,AFFILIATED_WITH
A5041708086,W2124259739,WRITES
A5041708086,I913481162,AFFILIATED_WITH
A5005385235,W4321250367,WRITES
A5005385235,W4364375921,WRITES
A5005385235,I1332353952,AFFILIATED_WITH
A5109542308,W4221098262,WRITES
A5109542308,I260719752,AFFILIATED_WITH
A5082881656,W4401892575,WRITES
A5082881656,I146655781,AFFILIATED_WITH
A5082881656,I199440890,AFFILIATED_WITH
A5082881656,I4210116098,AFFILIATED_WITH
A5107190682,W4281913321,WRITES
A5107190682,I133960621,AFFILIATED_WITH
A5107190682,I260719752,AFFILIATED_WITH
A5082218840,W4211174566,WRITES
A5082218840,W2180953235,WRITES
A5082218840,I4210094501,AFFILIATED_WITH
A5120882202,W7116340925,WRITES
A5120882202,I62885914,AFFILIATED_WITH
A5101028042,W4321250367,WRITES
A5101028042,W4364375921,WRITES
A5101028042,I1332353952,AFFILIATED_WITH
A5015396426,W2566290954,WRITES
A5015396426,I55769427,AFFILIATED_WITH
A5028396638,W2920983499,WRITES
A5028396638,I1283280774,AFFILIATED_WITH
A5052436567,W2172418087,WRITES
A5052436567,W2983803309,WRITES
A5052436567,I4210159832,AFFILIATED_WITH
A5091530626,W2920983499,WRITES
A5091530626,W2921438491,WRITES
A5091530626,I19700959,AFFILIATED_WITH
A5091530626,I1283280774,AFFILIATED_WITH
A5010808044,W7153243958,WRITES
A5010808044,I170201317,AFFILIATED_WITH
A5000972753,W4385588402,WRITES
A5000972753,W4313568168,WRITES
A5000972753,W4385588222,WRITES
A5000972753,I182534213,AFFILIATED_WITH
A5000972753,I4210121509,AFFILIATED_WITH
A5079443977,W7160186769,WRITES
A5079443977,I80849659,AFFILIATED_WITH
A5065506534,W7116711994,WRITES
A5006282791,W4413106375,WRITES
A5006282791,I154348853,AFFILIATED_WITH
A5106234466,W2037241957,WRITES
A5106234466,I913481162,AFFILIATED_WITH
A5135206950,W7160186769,WRITES
A5135206950,I80849659,AFFILIATED_WITH
A5055042504,W7116711994,WRITES
A5055042504,I80849659,AFFILIATED_WITH
A5057515922,W2350797629,WRITES
A5057515922,I4210123993,AFFILIATED_WITH
A5117365838,W4414708112,WRITES
A5117365838,W7138163378,WRITES
A5117365838,W7139037461,WRITES
A5117365838,W4409898812,WRITES
A5117365838,W4415379161,WRITES
A5117365838,I4210137722,AFFILIATED_WITH
A5117365838,I47519274,AFFILIATED_WITH
LOCAL_A000035,W7115905231,WRITES
LOCAL_A000035,I4210137722,AFFILIATED_WITH
LOCAL_A000035,I47519274,AFFILIATED_WITH
A5085494628,W4403528224,WRITES
A5085494628,I2802531901,AFFILIATED_WITH
A5085494628,I4210100945,AFFILIATED_WITH
A5085494628,I75778554,AFFILIATED_WITH
A5073646553,W4410257773,WRITES
A5073646553,I132735039,AFFILIATED_WITH
A5073646553,I205984670,AFFILIATED_WITH
A5073646553,I4210142209,AFFILIATED_WITH
A5010409421,W4211174566,WRITES
A5010409421,W3093833112,WRITES
A5010409421,W2180953235,WRITES
A5059660065,W4313198840,WRITES
A5059660065,W4376613100,WRITES
A5059660065,I913481162,AFFILIATED_WITH
A5006188990,W3128289046,WRITES
A5006188990,I4387154394,AFFILIATED_WITH
A5112653162,W3171413831,WRITES
A5112653162,W3133521134,WRITES
A5112653162,I43518871,AFFILIATED_WITH
A5112653162,I4387154394,AFFILIATED_WITH
A5115399158,W4405281261,WRITES
A5115399158,I2802007660,AFFILIATED_WITH
A5081626037,W4321349922,WRITES
A5081626037,W4412396029,WRITES
A5081626037,W4415222788,WRITES
A5081626037,I1294671590,AFFILIATED_WITH
A5081626037,I15057530,AFFILIATED_WITH
A5081626037,I4210099840,AFFILIATED_WITH
A5081626037,I126460647,AFFILIATED_WITH
A5033052795,W2983803309,WRITES
A5033052795,W2767566591,WRITES
A5080968099,W2055401175,WRITES
A5080968099,W2078432620,WRITES
A5055887373,W2921306927,WRITES
A5055887373,I4210106751,AFFILIATED_WITH
A5102861347,W2381164319,WRITES
A5102861347,I4210123993,AFFILIATED_WITH
A5042900753,W2387121626,WRITES
A5100642380,W2362721292,WRITES
A5100642380,I4210123993,AFFILIATED_WITH
A5121943369,W7118163415,WRITES
A5121943369,W7140080270,WRITES
A5121943369,I47519274,AFFILIATED_WITH
A5054540603,W2921306927,WRITES
A5042743185,W4390939342,WRITES
A5042743185,W4390678661,WRITES
A5042743185,I80611190,AFFILIATED_WITH
A5110409610,W1984435726,WRITES
A5110409610,I163361683,AFFILIATED_WITH
A5110409610,I4210138169,AFFILIATED_WITH
A5110409610,I98285908,AFFILIATED_WITH
A5071115771,W4407561213,WRITES
A5071115771,W4409996787,WRITES
A5071115771,W4378904270,WRITES
A5071115771,I188815454,AFFILIATED_WITH
A5041027404,W7162318469,WRITES
A5041027404,I200870766,AFFILIATED_WITH
A5041027404,I223532165,AFFILIATED_WITH
A5041027404,I4387152983,AFFILIATED_WITH
A5041027404,I69740276,AFFILIATED_WITH
A5024816582,W4365790216,WRITES
A5024816582,I114395901,AFFILIATED_WITH
A5024816582,I3132999081,AFFILIATED_WITH
A5030044183,W4312100761,WRITES
A5030044183,I4880106,AFFILIATED_WITH
A5023075536,W4411163057,WRITES
A5023075536,I155028946,AFFILIATED_WITH
A5110748521,W4285199040,WRITES
A5110748521,I16733864,AFFILIATED_WITH
A5110748521,I84653119,AFFILIATED_WITH
A5006223967,W3186760671,WRITES
A5006223967,I192513696,AFFILIATED_WITH
A5018665089,W3000922636,WRITES
A5018665089,I4210120526,AFFILIATED_WITH
LOCAL_A000234,W4312656552,WRITES
LOCAL_A000235,W4312656552,WRITES
LOCAL_A000247,W4312656552,WRITES
LOCAL_A000173,W4293221027,WRITES
LOCAL_A000196,W4293221027,WRITES
LOCAL_A000265,W4312656552,WRITES
LOCAL_A000170,W4293221027,WRITES
LOCAL_A000343,W4285191318,WRITES
A5056343785,W4391645226,WRITES
A5056343785,I170726198,AFFILIATED_WITH
A5124906951,W7127339318,WRITES
A5124906951,I876193797,AFFILIATED_WITH
A5101884633,W4376891951,WRITES
A5101884633,I74801974,AFFILIATED_WITH
A5028627559,W4385705265,WRITES
A5028627559,I165737746,AFFILIATED_WITH
A5028627559,I3129215250,AFFILIATED_WITH
A5028627559,I3131387778,AFFILIATED_WITH
A5028627559,I4210119805,AFFILIATED_WITH
A5028627559,I4210147329,AFFILIATED_WITH
A5016854536,W4225812594,WRITES
A5016854536,I3124969661,AFFILIATED_WITH
A5129736816,W7162318469,WRITES
A5129736816,I4387152983,AFFILIATED_WITH
A5129736816,I69740276,AFFILIATED_WITH
A5133262214,W7152541672,WRITES
A5133262214,I3020615197,AFFILIATED_WITH
A5133262214,I4210097717,AFFILIATED_WITH
A5110833308,W7162318469,WRITES
A5110833308,I4210111779,AFFILIATED_WITH
A5110833308,I74801974,AFFILIATED_WITH
A5134549678,W7162318469,WRITES
A5134549678,I74801974,AFFILIATED_WITH
A5045339304,W7162318469,WRITES
A5045339304,I4575257,AFFILIATED_WITH
A5045339304,I93906172,AFFILIATED_WITH
A5132017636,W7162318469,WRITES
A5132017636,I41802502,AFFILIATED_WITH
A5014247682,W4376891951,WRITES
A5014247682,I138925566,AFFILIATED_WITH
A5014247682,I4210104335,AFFILIATED_WITH
A5043204255,W7162318469,WRITES
A5043204255,I185088104,AFFILIATED_WITH
A5082263749,W7162318469,WRITES
A5082263749,I171481255,AFFILIATED_WITH
A5132079624,W7162318469,WRITES
A5132079624,I74801974,AFFILIATED_WITH
A5136905975,W7162318469,WRITES
A5136905975,I137975476,AFFILIATED_WITH
A5129737777,W7162318469,WRITES
A5129737777,I189513530,AFFILIATED_WITH
A5104753098,W4376891951,WRITES
A5104753098,I48566637,AFFILIATED_WITH
A5077856417,W4389617125,WRITES
A5077856417,W4395449962,WRITES
A5077856417,W4399589926,WRITES
A5077856417,I165932596,AFFILIATED_WITH
A5077856417,I4210123993,AFFILIATED_WITH
A5130041802,W7139092179,WRITES
A5077549606,W4309873978,WRITES
A5009283189,W2057397620,WRITES
A5102744968,W4403539683,WRITES
A5102744968,I4210138643,AFFILIATED_WITH
A5136898255,W7162318469,WRITES
A5136898255,I189513530,AFFILIATED_WITH
A5006699792,W4230184352,WRITES
A5108143130,W4412356220,WRITES
A5108143130,I4210123993,AFFILIATED_WITH
A5012042206,W4283735051,WRITES
A5012042206,W3177030083,WRITES
A5012042206,W3111124944,WRITES
A5012042206,W4376891951,WRITES
A5012042206,W3217534349,WRITES
A5012042206,I848706,AFFILIATED_WITH
A5000572041,W7162318469,WRITES
A5000572041,I4575257,AFFILIATED_WITH
A5000572041,I93906172,AFFILIATED_WITH
A5005475639,W7162318469,WRITES
A5005475639,I848706,AFFILIATED_WITH
A5047032205,W4388972587,WRITES
A5047032205,I182997119,AFFILIATED_WITH
LOCAL_A000100,W4285100541,WRITES
LOCAL_A000100,W4303444857,WRITES
LOCAL_A000100,I4210123993,AFFILIATED_WITH
A5129840241,W7138924488,WRITES
A5129840241,I4210123993,AFFILIATED_WITH
A5130001086,W7138924488,WRITES
A5130001086,I4210123993,AFFILIATED_WITH
A5041023060,W4385755928,WRITES
A5041023060,W4313527793,WRITES
A5041023060,W3183386125,WRITES
A5041023060,W4387842287,WRITES
A5041023060,W4383814612,WRITES
A5041023060,I6469544,AFFILIATED_WITH
A5102559764,W4387026621,WRITES
A5102559764,I155028946,AFFILIATED_WITH
A5132980108,W7150069323,WRITES
A5132980108,I1293718874,AFFILIATED_WITH
A5132980108,I152743029,AFFILIATED_WITH
A5132980108,I4210102636,AFFILIATED_WITH
A5132980108,I4210118607,AFFILIATED_WITH
A5132980108,I68171755,AFFILIATED_WITH
A5129823529,W7138834802,WRITES
A5129823529,I152743029,AFFILIATED_WITH
A5129823529,I4210102636,AFFILIATED_WITH
A5129823529,I4210118607,AFFILIATED_WITH
A5129823529,I68171755,AFFILIATED_WITH
LOCAL_A000029,W7115905231,WRITES
LOCAL_A000029,I4210118607,AFFILIATED_WITH
LOCAL_A000029,I68171755,AFFILIATED_WITH
A5121929092,W7118163415,WRITES
A5121929092,I152743029,AFFILIATED_WITH
A5121929092,I4210102636,AFFILIATED_WITH
A5121929092,I4210118607,AFFILIATED_WITH
A5121929092,I68171755,AFFILIATED_WITH
A5125908715,W7133243872,WRITES
A5125908715,I152743029,AFFILIATED_WITH
A5125908715,I4210102636,AFFILIATED_WITH
A5125908715,I4210118607,AFFILIATED_WITH
A5125908715,I68171755,AFFILIATED_WITH
A5130396600,W7140080270,WRITES
A5130396600,I152743029,AFFILIATED_WITH
A5130396600,I4210102636,AFFILIATED_WITH
A5130396600,I4210118607,AFFILIATED_WITH
A5130396600,I68171755,AFFILIATED_WITH
A5135098546,W7160032096,WRITES
A5135098546,W7160136628,WRITES
A5135098546,I4210102636,AFFILIATED_WITH
A5135098546,I4210118607,AFFILIATED_WITH
A5000758877,W7138163378,WRITES
A5000758877,W7155558618,WRITES
A5000758877,W4415379161,WRITES
A5000758877,I152743029,AFFILIATED_WITH
A5000758877,I4210102636,AFFILIATED_WITH
A5000758877,I4210118607,AFFILIATED_WITH
A5000758877,I68171755,AFFILIATED_WITH
A5083147348,W4407436069,WRITES
A5083147348,W4409606618,WRITES
A5083147348,W4388757718,WRITES
A5083147348,W4402131998,WRITES
A5083147348,I4210128965,AFFILIATED_WITH
LOCAL_A000501,W7108322544,WRITES
LOCAL_A000501,W7108328204,WRITES
LOCAL_A000501,I4210101907,AFFILIATED_WITH
A5041470006,W4413118057,WRITES
A5041470006,W4376873270,WRITES
A5041470006,I29891158,AFFILIATED_WITH
A5026429087,W3038323774,WRITES
A5026429087,I84524832,AFFILIATED_WITH
A5115399160,W4405281261,WRITES
A5115399160,I4210088630,AFFILIATED_WITH
A5064602782,W2957138175,WRITES
A5064602782,I4210123993,AFFILIATED_WITH
A5064602782,I4210088287,AFFILIATED_WITH
A5088433291,W4294839230,WRITES
A5088433291,I152815399,AFFILIATED_WITH
A5029517462,W7127339318,WRITES
A5029517462,I876193797,AFFILIATED_WITH
A5085026472,W4407561213,WRITES
A5085026472,W4378904270,WRITES
A5085026472,I188815454,AFFILIATED_WITH
A5085026472,I205133468,AFFILIATED_WITH
A5085026472,I4210126772,AFFILIATED_WITH
A5085026472,I4387154144,AFFILIATED_WITH
A5022972729,W2754689785,WRITES
A5022972729,I4210123993,AFFILIATED_WITH
A5023990485,W4311088087,WRITES
A5023990485,I913481162,AFFILIATED_WITH
A5108726909,W4282920256,WRITES
A5108726909,I913481162,AFFILIATED_WITH
A5009356185,W2172418087,WRITES
A5009356185,W2983803309,WRITES
A5009356185,I2800701776,AFFILIATED_WITH
A5013302470,W2957138175,WRITES
A5013302470,I4210088287,AFFILIATED_WITH
A5013302470,I4210123993,AFFILIATED_WITH
A5056762239,W2561235885,WRITES
A5056762239,I127073530,AFFILIATED_WITH
A5056762239,I1288070718,AFFILIATED_WITH
A5056762239,I2800593602,AFFILIATED_WITH
A5056762239,I38686511,AFFILIATED_WITH
A5056762239,I4210123993,AFFILIATED_WITH
A5047250540,W2983803309,WRITES
A5051054748,W4362492618,WRITES
A5051054748,W4366448654,WRITES
A5051054748,I173009982,AFFILIATED_WITH
A5035120699,W4298004743,WRITES
A5035120699,W4388998466,WRITES
A5035120699,I3122832768,AFFILIATED_WITH
A5090037972,W4388635132,WRITES
A5090037972,I67337280,AFFILIATED_WITH
A5004627844,W4387846071,WRITES
A5004627844,W4393318354,WRITES
A5004627844,I4210125363,AFFILIATED_WITH
A5004627844,I223532165,AFFILIATED_WITH
LOCAL_A000003,W2767566591,WRITES
A5113885004,W2983803309,WRITES
A5052072118,W4283327689,WRITES
A5052072118,I4210123993,AFFILIATED_WITH
A5052072118,I78577930,AFFILIATED_WITH
A5082595015,W3212618266,WRITES
A5082595015,I151727225,AFFILIATED_WITH
A5010398085,W2983803309,WRITES
A5068776863,W2593957126,WRITES
A5068776863,I130769515,AFFILIATED_WITH
A5068776863,I145311948,AFFILIATED_WITH
A5068776863,I208333798,AFFILIATED_WITH
A5068776863,I4210123993,AFFILIATED_WITH
A5068776863,I47838141,AFFILIATED_WITH
A5136294812,W7161388772,WRITES
A5136294812,W7161414526,WRITES
A5136294812,I1336096307,AFFILIATED_WITH
A5058673187,W4406148933,WRITES
A5058673187,I113306721,AFFILIATED_WITH
A5021979532,W4406018358,WRITES
A5021979532,W4397008973,WRITES
A5021979532,I27429435,AFFILIATED_WITH
A5025049120,W2054439996,WRITES
A5025049120,W2167868957,WRITES
A5025049120,W2083703889,WRITES
A5068287338,W3003316963,WRITES
A5068287338,I2801314757,AFFILIATED_WITH
A5068287338,I4210113384,AFFILIATED_WITH
A5068287338,I4210123993,AFFILIATED_WITH
A5065893608,W4313130190,WRITES
A5065893608,I3133213403,AFFILIATED_WITH
A5065893608,I4210123993,AFFILIATED_WITH
A5002407497,W4312329452,WRITES
A5002407497,I3133213403,AFFILIATED_WITH
A5072079980,W4288518463,WRITES
A5072079980,I32625721,AFFILIATED_WITH
A5072079980,I4210123993,AFFILIATED_WITH
LOCAL_A000506,W7108322544,WRITES
LOCAL_A000506,W7108328204,WRITES
LOCAL_A000506,I43895496,AFFILIATED_WITH
A5044269266,W7118452653,WRITES
A5044269266,I43895496,AFFILIATED_WITH
A5025022818,W3131552615,WRITES
A5025022818,I4210123993,AFFILIATED_WITH
A5088757599,W3129119852,WRITES
A5088757599,W4285199040,WRITES
A5088757599,W3006831780,WRITES
A5088757599,I16733864,AFFILIATED_WITH
A5088757599,I84653119,AFFILIATED_WITH
A5108812264,W2983803309,WRITES
A5108812264,W2767566591,WRITES
A5108812264,I4210113609,AFFILIATED_WITH
A5032092538,W4362717669,WRITES
A5032092538,I157358134,AFFILIATED_WITH
A5004189991,W4388208017,WRITES
A5004189991,I4389425394,AFFILIATED_WITH
A5025713091,W3213381090,WRITES
A5025713091,I4210123993,AFFILIATED_WITH
A5072982996,W4321597735,WRITES
A5072982996,I4210095101,AFFILIATED_WITH
A5085301677,W4376128659,WRITES
A5085301677,I181727666,AFFILIATED_WITH
A5136188560,W7161302210,WRITES
A5136188560,I157485424,AFFILIATED_WITH
A5136188560,I193775966,AFFILIATED_WITH
A5048027237,W3021033722,WRITES
A5000774558,W3200750355,WRITES
A5001144676,W4407757245,WRITES
A5001144676,I31439502,AFFILIATED_WITH
A5073170321,W4309782718,WRITES
A5073170321,I82952536,AFFILIATED_WITH
A5052253557,W4392600430,WRITES
A5052253557,W4321250367,WRITES
A5052253557,W4392709346,WRITES
A5052253557,W4409462844,WRITES
A5052253557,W4364375921,WRITES
A5052253557,I1332353952,AFFILIATED_WITH
A5052253557,I4210148235,AFFILIATED_WITH
A5063136501,W2983803309,WRITES
A5120616452,W4416718774,WRITES
A5120616452,I4210123993,AFFILIATED_WITH
A5013842891,W4386616621,WRITES
A5013842891,W4416791975,WRITES
A5013842891,W4386183984,WRITES
A5013842891,I4210122257,AFFILIATED_WITH
A5013842891,I170238339,AFFILIATED_WITH
A5112982600,W4385961554,WRITES
A5112982600,I187855631,AFFILIATED_WITH
A5039060442,W3209926259,WRITES
A5039060442,W3200524819,WRITES
A5039060442,I4210123993,AFFILIATED_WITH
LOCAL_A000732,W4411310108,WRITES
LOCAL_A000732,I47265099,AFFILIATED_WITH
A5137142487,W7162561748,WRITES
A5137142487,I170238339,AFFILIATED_WITH
A5101278247,W7138919472,WRITES
A5101278247,I170238339,AFFILIATED_WITH
A5018614044,W4221099258,WRITES
A5018614044,W4376127221,WRITES
A5018614044,W4200618519,WRITES
A5018614044,W4362517101,WRITES
A5018614044,W4405335093,WRITES
A5018614044,I70349855,AFFILIATED_WITH
A5123199436,W7124450611,WRITES
A5123199436,I4210123993,AFFILIATED_WITH
A5066185060,W4407742590,WRITES
A5066185060,I2802508454,AFFILIATED_WITH
A5101907055,W7127632959,WRITES
A5101907055,I4210123993,AFFILIATED_WITH
A5101907055,I4210131701,AFFILIATED_WITH
A5136933084,W7162303146,WRITES
A5126290397,W7130349534,WRITES
A5126290397,I4210142044,AFFILIATED_WITH
A5109595474,W4416718774,WRITES
A5109595474,I4210123993,AFFILIATED_WITH
A5120924308,W7116293547,WRITES
A5120924308,I4210123993,AFFILIATED_WITH
A5088454026,W4294265846,WRITES
A5088454026,W4294366785,WRITES
A5088454026,I4210134642,AFFILIATED_WITH
LOCAL_A000597,W4312100761,WRITES
LOCAL_A000597,I4210123993,AFFILIATED_WITH
A5061376260,W3129122531,WRITES
A5061376260,I4210123993,AFFILIATED_WITH
A5061376260,I4210141097,AFFILIATED_WITH
A5113227108,W4398763277,WRITES
A5113227108,W4400558697,WRITES
A5113227108,I4210124651,AFFILIATED_WITH
A5050247722,W7164944821,WRITES
A5050247722,W7165570983,WRITES
A5050247722,I4210123993,AFFILIATED_WITH
A5113037102,W4388208017,WRITES
A5113037102,I123565023,AFFILIATED_WITH
A5045509692,W4383814612,WRITES
A5045509692,I157358134,AFFILIATED_WITH
LOCAL_A000439,W4409858212,WRITES
LOCAL_A000439,I177733328,AFFILIATED_WITH
A5093920008,W4391777722,WRITES
A5093920008,I2802508454,AFFILIATED_WITH
A5104136263,W4405108720,WRITES
A5104136263,W4375957567,WRITES
A5104136263,W3201357882,WRITES
A5104136263,W4385725590,WRITES
A5104136263,I170238339,AFFILIATED_WITH
A5104136263,I4210095523,AFFILIATED_WITH
A5110937181,W4385948362,WRITES
A5121793322,W7127343450,WRITES
A5121793322,I123565023,AFFILIATED_WITH
A5123188130,W7163886815,WRITES
A5123188130,W7124434172,WRITES
A5123188130,W7154041191,WRITES
A5123188130,I177733328,AFFILIATED_WITH
A5020643866,W3129122531,WRITES
A5020643866,I4210141097,AFFILIATED_WITH
A5122678371,W7119881577,WRITES
A5122678371,I4210123993,AFFILIATED_WITH
A5060086486,W4239180355,WRITES
A5060086486,I85922643,AFFILIATED_WITH
A5060086486,I4210123993,AFFILIATED_WITH
A5060086486,I158708052,AFFILIATED_WITH
A5049698133,W4315628232,WRITES
A5049698133,W4283780422,WRITES
A5049698133,W3118181881,WRITES
A5049698133,W4389648609,WRITES
A5049698133,W4285728680,WRITES
A5049698133,W4376128659,WRITES
A5049698133,W4399215112,WRITES
A5049698133,W4411238397,WRITES
A5049698133,W4401275036,WRITES
A5049698133,W4386982640,WRITES
A5049698133,W4403557575,WRITES
A5049698133,W4293660415,WRITES
A5049698133,W4394996856,WRITES
A5049698133,W4295012310,WRITES
A5049698133,W4404883326,WRITES
A5049698133,W4400811689,WRITES
A5049698133,W4405460575,WRITES
A5049698133,W4414011304,WRITES
A5049698133,W4387035570,WRITES
A5049698133,W4304693807,WRITES
A5049698133,W4389629918,WRITES
A5049698133,W4386123363,WRITES
A5049698133,I49382586,AFFILIATED_WITH
A5049698133,I141445968,AFFILIATED_WITH
A5101594165,W4399084369,WRITES
A5101594165,I4210123993,AFFILIATED_WITH
A5135672485,W7160625615,WRITES
A5135672485,W7160640994,WRITES
A5135672485,I4210123993,AFFILIATED_WITH
A5046981823,W4285100541,WRITES
A5046981823,W4312002004,WRITES
A5046981823,W4404174159,WRITES
A5046981823,W4387909652,WRITES
A5046981823,W3170368767,WRITES
A5046981823,W4304128614,WRITES
A5046981823,W4403342469,WRITES
A5046981823,W3112625688,WRITES
A5046981823,W4390683333,WRITES
A5046981823,W4303444857,WRITES
A5046981823,W4390341038,WRITES
A5046981823,W4393941056,WRITES
A5046981823,W4399348657,WRITES
A5046981823,I4210123993,AFFILIATED_WITH
A5136546160,W7161788978,WRITES
A5136546160,I228151691,AFFILIATED_WITH
A5045302320,W4417421887,WRITES
A5045302320,I161296585,AFFILIATED_WITH
A5121658844,W7117660946,WRITES
A5121658844,I151746483,AFFILIATED_WITH
A5072370418,W4411025224,WRITES
A5072370418,I1315456113,AFFILIATED_WITH
A5047541214,W4403936788,WRITES
A5047541214,I196829312,AFFILIATED_WITH
LOCAL_A000078,W4409916877,WRITES
LOCAL_A000078,I196829312,AFFILIATED_WITH
A5112402325,W4415747466,WRITES
A5112402325,I2799883749,AFFILIATED_WITH
A5031178621,W4397002070,WRITES
A5092794894,W4385694505,WRITES
A5092794894,I8775707,AFFILIATED_WITH
A5112992444,W4386365428,WRITES
A5087428803,W4391777722,WRITES
A5087428803,W4399007353,WRITES
A5087428803,I2802508454,AFFILIATED_WITH
A5120194609,W4415714390,WRITES
A5120194609,I4210123993,AFFILIATED_WITH
A5037126039,W7160446495,WRITES
A5037126039,I4210141869,AFFILIATED_WITH
A5107198922,W4402533417,WRITES
A5107198922,I142904861,AFFILIATED_WITH
A5131269179,W7128441206,WRITES
A5131269179,I4210123993,AFFILIATED_WITH
A5005108080,W4280639034,WRITES
A5005108080,W4224230221,WRITES
A5005108080,W4291002892,WRITES
A5005108080,I55383850,AFFILIATED_WITH
A5068152663,W4402903753,WRITES
A5068152663,W4389781311,WRITES
A5068152663,W4386411789,WRITES
A5068152663,W4412835397,WRITES
A5068152663,W4224960906,WRITES
A5068152663,W4388465055,WRITES
A5068152663,I123565023,AFFILIATED_WITH
A5068152663,I23582244,AFFILIATED_WITH
A5068152663,I25846049,AFFILIATED_WITH
A5068152663,I4210096386,AFFILIATED_WITH
A5068152663,I70349855,AFFILIATED_WITH
A5068152663,I89004649,AFFILIATED_WITH
A5068838532,W4408185919,WRITES
A5068838532,I177733328,AFFILIATED_WITH
A5035968290,W3129122531,WRITES
A5035968290,I193775966,AFFILIATED_WITH
A5035968290,I4400600942,AFFILIATED_WITH
A5017438640,W4207065025,WRITES
A5017438640,I1286329397,AFFILIATED_WITH
A5017438640,I4210123993,AFFILIATED_WITH
A5040640883,W3213864256,WRITES
A5040640883,I4210123993,AFFILIATED_WITH
A5080590087,W3008486894,WRITES
A5080590087,I4210123993,AFFILIATED_WITH
A5086880424,W3199377162,WRITES
A5086880424,W4389615139,WRITES
A5086880424,W3200750355,WRITES
A5086880424,I4210123993,AFFILIATED_WITH
A5036760861,W4402693320,WRITES
A5036760861,I4210123993,AFFILIATED_WITH
A5021261421,W4408960506,WRITES
A5021261421,I4210123993,AFFILIATED_WITH
A5081592766,W4390891339,WRITES
A5081592766,W4402876258,WRITES
A5081592766,I177733328,AFFILIATED_WITH
A5101725627,W7127343450,WRITES
A5101725627,I123565023,AFFILIATED_WITH
LOCAL_A000654,W4290097413,WRITES
LOCAL_A000654,I4210123993,AFFILIATED_WITH
A5092949062,W4387071130,WRITES
A5092949062,W4403071246,WRITES
A5092949062,I181727666,AFFILIATED_WITH
A5092949062,I187855631,AFFILIATED_WITH
A5014860684,W4396694066,WRITES
A5014860684,W4399072242,WRITES
A5014860684,W4411152176,WRITES
A5014860684,I4210131701,AFFILIATED_WITH
A5056839415,W4390717671,WRITES
A5120715242,W4417058714,WRITES
A5120715242,W7160251502,WRITES
A5120715242,W7166028472,WRITES
A5120715242,W7166029693,WRITES
A5120715242,W7166030371,WRITES
A5120715242,W7166095928,WRITES
A5120715242,I142208455,AFFILIATED_WITH
A5120715242,I4210116271,AFFILIATED_WITH
A5090824386,W3021181631,WRITES
A5090824386,I179193067,AFFILIATED_WITH
A5085044386,W3200004199,WRITES
A5085044386,W4381660791,WRITES
A5085044386,W3191079210,WRITES
A5085044386,W4401150801,WRITES
A5085044386,W3213278528,WRITES
A5085044386,W4401373324,WRITES
A5085044386,W2896394903,WRITES
A5085044386,W4289878592,WRITES
A5085044386,W4387116947,WRITES
A5085044386,W7134900106,WRITES
A5085044386,W4388657471,WRITES
A5085044386,W4410321139,WRITES
A5085044386,W4383111694,WRITES
A5085044386,W4293439820,WRITES
A5085044386,I4210123993,AFFILIATED_WITH
A5085044386,I109689652,AFFILIATED_WITH
A5085044386,I123565023,AFFILIATED_WITH
A5085044386,I23582244,AFFILIATED_WITH
LOCAL_A000423,W4408000429,WRITES
LOCAL_A000423,I79775147,AFFILIATED_WITH
A5029794080,W4398763277,WRITES
A5029794080,I170238339,AFFILIATED_WITH
A5001802727,W1902563258,WRITES
A5001802727,W1491100760,WRITES
A5001802727,I4210152602,AFFILIATED_WITH
A5123569809,W7125369332,WRITES
A5123569809,I47265099,AFFILIATED_WITH
A5114995951,W4408078682,WRITES
A5114995951,W4405012419,WRITES
A5114995951,I4210123993,AFFILIATED_WITH
A5135603184,W7160527559,WRITES
A5135603184,I4210123993,AFFILIATED_WITH
LOCAL_A000617,W4413501956,WRITES
LOCAL_A000617,W4412174766,WRITES
LOCAL_A000617,I170238339,AFFILIATED_WITH
LOCAL_A000321,W4285191318,WRITES
A5040535770,W4391445568,WRITES
A5040535770,W3210289654,WRITES
A5040535770,I4210123993,AFFILIATED_WITH
A5102642642,W4388001683,WRITES
A5102642642,I4210123993,AFFILIATED_WITH
A5016282504,W4411379455,WRITES
A5016282504,I189643551,AFFILIATED_WITH
A5109035078,W4378983058,WRITES
A5109035078,I4210123993,AFFILIATED_WITH
A5070636138,W3200554915,WRITES
A5070636138,I4210108426,AFFILIATED_WITH
A5070636138,I4210123993,AFFILIATED_WITH
A5106161395,W4401179614,WRITES
A5106161395,I4210123993,AFFILIATED_WITH
A5042837158,W7162859516,WRITES
A5042837158,W7162863543,WRITES
A5042837158,I4387155935,AFFILIATED_WITH
A5042837158,I47265099,AFFILIATED_WITH
A5114168431,W4399007353,WRITES
A5114168431,I2802508454,AFFILIATED_WITH
A5117346098,W4409858212,WRITES
A5117346098,I177733328,AFFILIATED_WITH
A5110573321,W3115873876,WRITES
A5110573321,W3108806183,WRITES
A5110573321,I123565023,AFFILIATED_WITH
A5104142688,W4384108323,WRITES
A5104142688,I70349855,AFFILIATED_WITH
A5045975445,W4327969100,WRITES
A5045975445,W3199138090,WRITES
A5045975445,I4210123993,AFFILIATED_WITH
A5112070802,W2015390581,WRITES
A5112070802,I4210162071,AFFILIATED_WITH
A5012087265,W4390547547,WRITES
A5012087265,I112536369,AFFILIATED_WITH
A5012087265,I4210096386,AFFILIATED_WITH
A5024457808,W4312259919,WRITES
A5024457808,I3133213403,AFFILIATED_WITH
A5019703024,W4405281261,WRITES
A5019703024,I4210131435,AFFILIATED_WITH
A5046255585,W4226229689,WRITES
A5046255585,I123565023,AFFILIATED_WITH
A5046255585,I13590829,AFFILIATED_WITH
A5046255585,I4210123993,AFFILIATED_WITH
LOCAL_A000542,W7125944245,WRITES
LOCAL_A000542,I4210123993,AFFILIATED_WITH
A5041861160,W3165257331,WRITES
A5041861160,W4390055640,WRITES
A5041861160,I4210123993,AFFILIATED_WITH
A5081347313,W4311088087,WRITES
A5081347313,I913481162,AFFILIATED_WITH
A5088508486,W2983803309,WRITES
A5031337674,W4393200312,WRITES
A5031337674,W4394767200,WRITES
A5031337674,I177136067,AFFILIATED_WITH
A5005289149,W3203312421,WRITES
A5005289149,I152815399,AFFILIATED_WITH
A5059732519,W4366607373,WRITES
A5059732519,I175548057,AFFILIATED_WITH
A5101975004,W4362492618,WRITES
A5101975004,W4367728083,WRITES
A5101975004,W4400933422,WRITES
A5101975004,W4366448654,WRITES
A5101975004,W4415163764,WRITES
A5101975004,I173009982,AFFILIATED_WITH
A5047790977,W4312205612,WRITES
A5047790977,I4210118335,AFFILIATED_WITH
A5102754824,W4388972587,WRITES
A5102754824,I33585257,AFFILIATED_WITH
A5102754824,I4210092213,AFFILIATED_WITH
A5039896793,W4290471674,WRITES
A5039896793,W4221098262,WRITES
A5039896793,W4281913321,WRITES
A5039896793,I38538140,AFFILIATED_WITH
A5010221839,W2883076324,WRITES
A5010221839,I4210111899,AFFILIATED_WITH
A5010221839,I4210123993,AFFILIATED_WITH
A5010221839,I4210140343,AFFILIATED_WITH
A5055337948,W3003316963,WRITES
A5055337948,I2801314757,AFFILIATED_WITH
A5055337948,I4210113384,AFFILIATED_WITH
A5055337948,I4210123993,AFFILIATED_WITH
A5023052681,W4294839230,WRITES
A5023052681,I152815399,AFFILIATED_WITH
A5074200091,W4402136902,WRITES
A5074200091,I220840466,AFFILIATED_WITH
A5074200091,I2801758192,AFFILIATED_WITH
A5074200091,I99908691,AFFILIATED_WITH
A5126824066,W7131416904,WRITES
A5126824066,I47519274,AFFILIATED_WITH
A5126021229,W7128925053,WRITES
A5126021229,I47519274,AFFILIATED_WITH
A5000259040,W4224230221,WRITES
A5000259040,W4291002892,WRITES
A5000259040,I143578492,AFFILIATED_WITH
A5119281887,W4413145178,WRITES
A5119281887,I4210123993,AFFILIATED_WITH
A5077520883,W3199129238,WRITES
A5077520883,W3201302514,WRITES
A5077520883,I4210123993,AFFILIATED_WITH
A5023847482,W1984435726,WRITES
A5023847482,I171589843,AFFILIATED_WITH
A5023847482,I4210123993,AFFILIATED_WITH
A5023847482,I4210138169,AFFILIATED_WITH
A5023847482,I4210164862,AFFILIATED_WITH
A5023847482,I98285908,AFFILIATED_WITH
A5083124889,W4386034709,WRITES
A5083124889,I162838928,AFFILIATED_WITH
A5083124889,I25846049,AFFILIATED_WITH
A5031315212,W4411306514,WRITES
A5031315212,W4384826006,WRITES
A5031315212,I205612303,AFFILIATED_WITH
A5031315212,I148366613,AFFILIATED_WITH
A5082418119,W3049614703,WRITES
A5082418119,I4210106257,AFFILIATED_WITH
A5057274224,W4402129400,WRITES
A5057274224,W4402992762,WRITES
A5057274224,I193365169,AFFILIATED_WITH
A5045478080,W4283723303,WRITES
A5045478080,I39534123,AFFILIATED_WITH
A5100443627,W4391342217,WRITES
A5100443627,I145808223,AFFILIATED_WITH
A5092372479,W4386292890,WRITES
A5092372479,I181727666,AFFILIATED_WITH
A5032288969,W4390598605,WRITES
A5082336411,W7161788978,WRITES
A5082336411,I228151691,AFFILIATED_WITH
A5111361533,W4403315124,WRITES
A5111361533,I4210123993,AFFILIATED_WITH
A5049138961,W4391342217,WRITES
A5049138961,I116631150,AFFILIATED_WITH
A5049138961,I40542001,AFFILIATED_WITH
A5049138961,I4210136447,AFFILIATED_WITH
A5129434995,W7137090518,WRITES
A5129434995,I118373667,AFFILIATED_WITH
A5063848301,W7152500130,WRITES
A5063848301,W4414229364,WRITES
A5063848301,I118373667,AFFILIATED_WITH
A5003130042,W4392232552,WRITES
A5003130042,I136761661,AFFILIATED_WITH
A5075420892,W4386170078,WRITES
A5075420892,I4210150479,AFFILIATED_WITH
A5061007639,W4394924177,WRITES
A5061007639,I136761661,AFFILIATED_WITH
LOCAL_A000177,W4293221027,WRITES
LOCAL_A000137,W4293221027,WRITES
LOCAL_A000272,W4312656552,WRITES
A5087870646,W4362581165,WRITES
A5087870646,I4210091658,AFFILIATED_WITH
A5087870646,I4210098535,AFFILIATED_WITH
A5087870646,I4210104666,AFFILIATED_WITH
A5087870646,I4210114363,AFFILIATED_WITH
A5087870646,I4210120668,AFFILIATED_WITH
A5087870646,I4210123993,AFFILIATED_WITH
A5087870646,I4210157340,AFFILIATED_WITH
A5087870646,I4210157790,AFFILIATED_WITH
LOCAL_A000155,W4293221027,WRITES
LOCAL_A000095,W4292787526,WRITES
LOCAL_A000095,W4205915709,WRITES
LOCAL_A000095,W4385725590,WRITES
LOCAL_A000095,W4383484815,WRITES
LOCAL_A000095,I4210123993,AFFILIATED_WITH
LOCAL_A000704,W4253353920,WRITES
LOCAL_A000125,W4293221027,WRITES
LOCAL_A000135,W4293221027,WRITES
LOCAL_A000167,W4293221027,WRITES
LOCAL_A000351,W4285191318,WRITES
A5050692751,W3168575142,WRITES
A5103150367,W4387846071,WRITES
A5103150367,W4393318354,WRITES
A5103150367,I4210125363,AFFILIATED_WITH
A5103150367,I223532165,AFFILIATED_WITH
A5051704996,W4376891951,WRITES
A5051704996,I70349855,AFFILIATED_WITH
A5024558444,W7162318469,WRITES
A5024558444,I1925986,AFFILIATED_WITH
A5113811229,W4415596303,WRITES
A5113811229,I4210095101,AFFILIATED_WITH
A5113811229,I5100685,AFFILIATED_WITH
A5109469192,W4389397671,WRITES
A5109469192,I4210123993,AFFILIATED_WITH
A5075983792,W4205912509,WRITES
A5075983792,I109689652,AFFILIATED_WITH
A5052168970,W4200131528,WRITES
A5052168970,W4307968637,WRITES
A5052168970,W4283390991,WRITES
A5052168970,W4395464345,WRITES
A5052168970,I70349855,AFFILIATED_WITH
LOCAL_A000067,W4393334210,WRITES
LOCAL_A000067,W4404032082,WRITES
LOCAL_A000067,W4405108720,WRITES
LOCAL_A000067,W3201357882,WRITES
LOCAL_A000067,W4403714892,WRITES
LOCAL_A000067,I4210123993,AFFILIATED_WITH
A5064437476,W3201553504,WRITES
A5064437476,W3200176280,WRITES
A5064437476,I4210123993,AFFILIATED_WITH
A5064437476,I123565023,AFFILIATED_WITH
A5064437476,I23582244,AFFILIATED_WITH
A5111250556,W4292787526,WRITES
A5111250556,W4404032082,WRITES
A5111250556,W4392346702,WRITES
A5111250556,W4403714892,WRITES
A5111250556,I49382586,AFFILIATED_WITH
A5111250556,I123565023,AFFILIATED_WITH
A5108681897,W7147213615,WRITES
A5108681897,I267427436,AFFILIATED_WITH
A5033393657,W3110171308,WRITES
A5033393657,I43895496,AFFILIATED_WITH
A5000164844,W4376891951,WRITES
A5000164844,I74801974,AFFILIATED_WITH
A5022579647,W2103748781,WRITES
A5022579647,I189158943,AFFILIATED_WITH
A5019688833,W3169005697,WRITES
A5019688833,I4210093468,AFFILIATED_WITH
A5019688833,I4210123993,AFFILIATED_WITH
LOCAL_A000665,W4295135458,WRITES
LOCAL_A000665,W4377861812,WRITES
LOCAL_A000665,I4210123993,AFFILIATED_WITH
A5066830587,W4413401695,WRITES
A5066830587,I4210115718,AFFILIATED_WITH
A5066830587,I4405263268,AFFILIATED_WITH
A5006955283,W4417268735,WRITES
A5006955283,I4210159515,AFFILIATED_WITH
A5054917454,W2383870758,WRITES
A5062050270,W2392238013,WRITES
A5062050270,I4210123993,AFFILIATED_WITH
A5074982789,W2379459235,WRITES
A5074982789,I4210123993,AFFILIATED_WITH
A5117078370,W4409269297,WRITES
A5117078370,I4210123993,AFFILIATED_WITH
A5082843977,W3199233539,WRITES
A5082843977,I277688954,AFFILIATED_WITH
A5082843977,I4390039377,AFFILIATED_WITH
A5084044708,W4310023520,WRITES
A5084044708,W4280510179,WRITES
A5084044708,I913630986,AFFILIATED_WITH
A5047030006,W4381855576,WRITES
A5047030006,I109689652,AFFILIATED_WITH
A5069928094,W4406356442,WRITES
A5069928094,W4400783551,WRITES
A5069928094,I118373667,AFFILIATED_WITH
A5085860696,W4394998479,WRITES
A5085860696,I66867065,AFFILIATED_WITH
A5043643766,W2677270484,WRITES
A5043643766,I4210088741,AFFILIATED_WITH
A5023403556,W4309737898,WRITES
A5023403556,I104941359,AFFILIATED_WITH
A5023403556,I139322472,AFFILIATED_WITH
A5023403556,I146367977,AFFILIATED_WITH
A5023403556,I91633459,AFFILIATED_WITH
A5019391401,W4411492197,WRITES
A5019391401,I2802508454,AFFILIATED_WITH
A5087580314,W4385948362,WRITES
A5056522373,W3013943119,WRITES
A5056522373,W3080524420,WRITES
A5056522373,I123565023,AFFILIATED_WITH
A5056522373,I228151691,AFFILIATED_WITH
A5056522373,I883909435,AFFILIATED_WITH
A5118694700,W4411777799,WRITES
A5118694700,I4210123993,AFFILIATED_WITH
A5084208478,W3153426027,WRITES
A5084208478,I4210123993,AFFILIATED_WITH
A5005919150,W4413910107,WRITES
A5005919150,I4210146471,AFFILIATED_WITH
A5005919150,I47807185,AFFILIATED_WITH
A5045258763,W4310266380,WRITES
A5045258763,W4291002892,WRITES
A5045258763,I4210123993,AFFILIATED_WITH
A5069853519,W3200070658,WRITES
A5069853519,W3200546409,WRITES
A5069853519,W3199626612,WRITES
A5069853519,W3200021621,WRITES
A5069853519,W3200607378,WRITES
A5069853519,W3200882281,WRITES
A5069853519,W3212113658,WRITES
A5069853519,W3213466285,WRITES
A5069853519,I4210117309,AFFILIATED_WITH
A5112961804,W4415649536,WRITES
A5112961804,I2802508454,AFFILIATED_WITH
A5112961804,I4210123993,AFFILIATED_WITH
A5062358076,W4392431566,WRITES
A5062358076,I3129492623,AFFILIATED_WITH
A5062358076,I3130697706,AFFILIATED_WITH
A5075250567,W4415747466,WRITES
A5075250567,W4397002070,WRITES
A5075250567,I132118926,AFFILIATED_WITH
A5080048400,W3107648739,WRITES
A5080048400,I3020192730,AFFILIATED_WITH
A5110577305,W2893392348,WRITES
A5110577305,I123565023,AFFILIATED_WITH
A5071493756,W4285266850,WRITES
A5071493756,W4313586752,WRITES
A5071493756,W3214362572,WRITES
A5071493756,I141445968,AFFILIATED_WITH
A5071493756,I32881790,AFFILIATED_WITH
A5058586048,W3094686556,WRITES
A5058586048,W3131228323,WRITES
A5058586048,I4210123993,AFFILIATED_WITH
A5058586048,I4210144126,AFFILIATED_WITH
A5058586048,I49382586,AFFILIATED_WITH
A5091850427,W3094652768,WRITES
A5091850427,I4210123993,AFFILIATED_WITH
A5102004284,W4379184192,WRITES
A5102004284,I4210123993,AFFILIATED_WITH
A5137576630,W7163065831,WRITES
A5137576630,I137265801,AFFILIATED_WITH
A5101994945,W4411523722,WRITES
A5101994945,I73685970,AFFILIATED_WITH
LOCAL_A000565,W7163065831,WRITES
LOCAL_A000565,I4210116271,AFFILIATED_WITH
A5109658764,W7143055600,WRITES
A5109658764,I4210123993,AFFILIATED_WITH
A5005897892,W4406143081,WRITES
A5005897892,I4210123993,AFFILIATED_WITH
A5054984885,W3214195485,WRITES
A5054984885,I4210123993,AFFILIATED_WITH
A5101775830,W4309765389,WRITES
A5101775830,I32597200,AFFILIATED_WITH
A5101775830,I4210093659,AFFILIATED_WITH
A5006965773,W3096589855,WRITES
A5006965773,W3046893219,WRITES
A5006965773,W3135801482,WRITES
A5006965773,W3049420009,WRITES
A5006965773,I4210123993,AFFILIATED_WITH
A5016269396,W3131024833,WRITES
A5016269396,I4210123993,AFFILIATED_WITH
A5051802781,W3131314037,WRITES
A5051802781,I4210123993,AFFILIATED_WITH
A5103520002,W4396664305,WRITES
A5103520002,I4210116271,AFFILIATED_WITH
A5134759489,W7157065387,WRITES
A5134759489,I4210123993,AFFILIATED_WITH
A5055240207,W4410916652,WRITES
A5055240207,I177233841,AFFILIATED_WITH
A5055240207,I3129492623,AFFILIATED_WITH
A5052254001,W4388138311,WRITES
A5052254001,I4210123993,AFFILIATED_WITH
A5076720627,W3200881703,WRITES
A5076720627,I4210123993,AFFILIATED_WITH
A5042452558,W4211174566,WRITES
A5042452558,W2180953235,WRITES
A5093981255,W4396875764,WRITES
A5093981255,I117965899,AFFILIATED_WITH
LOCAL_A000306,W4243275109,WRITES
A5053135691,W2920983499,WRITES
A5053135691,W2921306927,WRITES
A5053135691,W2921438491,WRITES
A5053135691,W2921899614,WRITES
A5053135691,W2922328822,WRITES
A5053135691,I4210123993,AFFILIATED_WITH
A5053135691,I1283280774,AFFILIATED_WITH
A5089709445,W2922114288,WRITES
A5089709445,W2921662358,WRITES
A5089709445,I4210123993,AFFILIATED_WITH
A5089709445,I1283280774,AFFILIATED_WITH
A5100383607,W2677270484,WRITES
A5100383607,I4210088741,AFFILIATED_WITH
A5100383607,I4210123993,AFFILIATED_WITH
A5100383604,W2566290954,WRITES
A5100383604,I4210123993,AFFILIATED_WITH
A5100383604,I55769427,AFFILIATED_WITH
A5124887268,W7127372804,WRITES
A5124887268,I4210123993,AFFILIATED_WITH
A5133822558,W7154646527,WRITES
A5133822558,I3129492623,AFFILIATED_WITH
A5100689692,W2920977915,WRITES
A5100689692,W2952065493,WRITES
A5100689692,I4210087915,AFFILIATED_WITH
A5100689692,I4210123993,AFFILIATED_WITH
A5101781623,W2383870758,WRITES
A5009432444,W2383136295,WRITES
A5030536732,W2350837785,WRITES
A5021059255,W4407561213,WRITES
A5021059255,I188815454,AFFILIATED_WITH
A5100546631,W2393331166,WRITES
A5098695042,W4401892575,WRITES
A5098695042,I184679254,AFFILIATED_WITH
A5098695042,I4210116098,AFFILIATED_WITH
A5024332433,W4401892575,WRITES
A5024332433,I98635879,AFFILIATED_WITH
A5074537027,W2172418087,WRITES
A5074537027,W2983803309,WRITES
A5074537027,I4210095799,AFFILIATED_WITH
A5012062329,W2785307350,WRITES
A5012062329,I169173203,AFFILIATED_WITH
A5012062329,I204730241,AFFILIATED_WITH
A5012062329,I4210087727,AFFILIATED_WITH
A5012062329,I4210091437,AFFILIATED_WITH
A5012062329,I4210101766,AFFILIATED_WITH
A5012062329,I4210102955,AFFILIATED_WITH
A5012062329,I4210123993,AFFILIATED_WITH
A5077878204,W2172418087,WRITES
A5077878204,W2983803309,WRITES
A5077878204,W2767566591,WRITES
A5077878204,W3093833112,WRITES
A5077878204,W2180953235,WRITES
A5077878204,I4210105596,AFFILIATED_WITH
A5085208410,W1966693592,WRITES
A5085208410,I4210123993,AFFILIATED_WITH
A5085208410,I4210156945,AFFILIATED_WITH
A5073614585,W4283327689,WRITES
A5073614585,I4210123993,AFFILIATED_WITH
A5012575818,W4394784089,WRITES
A5012575818,W4411134673,WRITES
A5012575818,I79775147,AFFILIATED_WITH
A5080190481,W4410442100,WRITES
A5080190481,W4290097413,WRITES
A5080190481,W4225117901,WRITES
A5080190481,W4365138459,WRITES
A5080190481,I123565023,AFFILIATED_WITH
A5080190481,I4210104442,AFFILIATED_WITH
A5012612250,W4281250804,WRITES
A5012612250,I109689652,AFFILIATED_WITH
LOCAL_A000062,W4389474151,WRITES
LOCAL_A000062,W7152690254,WRITES
LOCAL_A000062,I109689652,AFFILIATED_WITH
LOCAL_A000062,I3130313246,AFFILIATED_WITH
A5093464640,W4389562580,WRITES
A5093464640,I4210123993,AFFILIATED_WITH
A5117599545,W4410502019,WRITES
A5117599545,W4410502105,WRITES
A5063440476,W3167511430,WRITES
A5063440476,I4210144126,AFFILIATED_WITH
A5063440476,I49382586,AFFILIATED_WITH
A5056158177,W4321482630,WRITES
A5056158177,I47807185,AFFILIATED_WITH
A5056681282,W3005361225,WRITES
A5056681282,I4210148201,AFFILIATED_WITH
A5011268524,W4410506249,WRITES
A5011268524,I2802701112,AFFILIATED_WITH
A5075078838,W3193714983,WRITES
A5075078838,I4210123993,AFFILIATED_WITH
A5088435831,W4360620773,WRITES
A5088435831,I4210123993,AFFILIATED_WITH
A5020362824,W4283779811,WRITES
A5020362824,W4285272089,WRITES
A5020362824,W4386636570,WRITES
A5020362824,W4284993592,WRITES
A5020362824,W4295540513,WRITES
A5020362824,W4317434551,WRITES
A5020362824,W4311480621,WRITES
A5020362824,W4286434107,WRITES
A5020362824,W4362710830,WRITES
A5020362824,W4375939788,WRITES
A5020362824,W4381250021,WRITES
A5020362824,W7130515890,WRITES
A5020362824,W4213129965,WRITES
A5020362824,W4281553590,WRITES
A5020362824,I4210123993,AFFILIATED_WITH
A5020362824,I4391012539,AFFILIATED_WITH
A5020362824,I79775147,AFFILIATED_WITH
A5091398943,W3200248305,WRITES
A5091398943,I4210123993,AFFILIATED_WITH
A5059158135,W4282555645,WRITES
A5059158135,I181727666,AFFILIATED_WITH
A5064354848,W4392431566,WRITES
A5064354848,I55240360,AFFILIATED_WITH
A5124301476,W7126151423,WRITES
A5124301476,I3020192730,AFFILIATED_WITH
A5071928109,W4410502019,WRITES
A5071928109,W4410502105,WRITES
A5071928109,I94518387,AFFILIATED_WITH
A5099116976,W4399628261,WRITES
A5099116976,W4409644508,WRITES
A5099116976,I4387155935,AFFILIATED_WITH
A5099116976,I47265099,AFFILIATED_WITH
A5019098023,W4387083611,WRITES
A5019098023,I3129492623,AFFILIATED_WITH
A5040689665,W2991391102,WRITES
A5066381765,W4281744049,WRITES
A5117094630,W4409313923,WRITES
A5117094630,I79775147,AFFILIATED_WITH
A5071064677,W4387061466,WRITES
A5071064677,I4210148201,AFFILIATED_WITH
A5083861519,W3211913869,WRITES
A5083861519,W3139123503,WRITES
A5083861519,I4210123993,AFFILIATED_WITH
A5076098136,W3173813407,WRITES
A5076098136,W3182513543,WRITES
A5076098136,W3214278109,WRITES
A5076098136,W3135971520,WRITES
A5076098136,W3169452727,WRITES
A5076098136,W3182536591,WRITES
A5076098136,W3212916669,WRITES
A5076098136,W3135986232,WRITES
A5076098136,I4210123993,AFFILIATED_WITH
A5052953385,W3004515227,WRITES
A5009833099,W4225130455,WRITES
A5009833099,I4210101159,AFFILIATED_WITH
A5114060108,W4381546781,WRITES
A5114060108,I1289196864,AFFILIATED_WITH
A5114060108,I4210123993,AFFILIATED_WITH
A5124912806,W7127377801,WRITES
A5124912806,I4210123993,AFFILIATED_WITH
A5123952632,W7125821153,WRITES
A5123952632,I3020192730,AFFILIATED_WITH
A5009547395,W4396538106,WRITES
A5009547395,I4210104442,AFFILIATED_WITH
A5042273592,W4282926064,WRITES
A5042273592,I202539009,AFFILIATED_WITH
A5126087650,W7129078239,WRITES
A5126087650,I177733328,AFFILIATED_WITH
A5065210241,W3131314037,WRITES
A5065210241,I4210123993,AFFILIATED_WITH
A5070599449,W4400351743,WRITES
A5070599449,W4393945422,WRITES
A5071364715,W3182711012,WRITES
A5071364715,I4210123993,AFFILIATED_WITH
A5129696686,W7138309880,WRITES
A5129696686,I4210123993,AFFILIATED_WITH
A5040850954,W4413844613,WRITES
A5040850954,W4415653025,WRITES
A5040850954,I181727666,AFFILIATED_WITH
A5117757286,W4410852962,WRITES
A5117757286,I4210123993,AFFILIATED_WITH
A5090662722,W7162411051,WRITES
A5090662722,I169541294,AFFILIATED_WITH
A5075020324,W7129553087,WRITES
A5075020324,W4407997245,WRITES
A5075020324,I177733328,AFFILIATED_WITH
A5006299836,W1997956580,WRITES
A5137605807,W7163065831,WRITES
A5137605807,I4210115718,AFFILIATED_WITH
A5132746810,W7148529802,WRITES
A5132746810,W7162334731,WRITES
A5132746810,I4210134642,AFFILIATED_WITH
A5072476761,W3165426036,WRITES
A5072476761,I4210123993,AFFILIATED_WITH
A5138125595,W7163886815,WRITES
A5138125595,I4210134642,AFFILIATED_WITH
A5123185333,W7124434172,WRITES
A5123185333,I4210134642,AFFILIATED_WITH
A5063030612,W3200036129,WRITES
A5063030612,W4417319514,WRITES
A5063030612,I4210134642,AFFILIATED_WITH
A5133483751,W7154041191,WRITES
A5133483751,I4210134642,AFFILIATED_WITH
A5010835990,W4310653684,WRITES
A5010835990,I141445968,AFFILIATED_WITH
A5108738049,W4387061466,WRITES
A5108738049,I4210148201,AFFILIATED_WITH
A5116397599,W4407877818,WRITES
A5116397599,I202539009,AFFILIATED_WITH
A5053992934,W4285071776,WRITES
A5132943204,W7161842826,WRITES
A5132943204,I3129492623,AFFILIATED_WITH
A5093276916,W4388739730,WRITES
A5093276916,I4210115718,AFFILIATED_WITH
A5101189684,W4310023520,WRITES
A5101189684,I177733328,AFFILIATED_WITH
A5123242141,W7124505868,WRITES
A5123242141,I4210095101,AFFILIATED_WITH
A5071977845,W4399659214,WRITES
A5071977845,W4415596303,WRITES
A5071977845,I4210095101,AFFILIATED_WITH
A5071977845,I5100685,AFFILIATED_WITH
A5083954845,W4413910107,WRITES
A5083954845,W4380202673,WRITES
A5083954845,W4328128687,WRITES
A5083954845,I177233841,AFFILIATED_WITH
A5059510291,W4290471674,WRITES
A5059510291,W4200002544,WRITES
A5059510291,W4410974180,WRITES
A5059510291,W4416208916,WRITES
A5059510291,W3167511430,WRITES
A5059510291,W4220747986,WRITES
A5059510291,W4313408409,WRITES
A5059510291,W4281913321,WRITES
A5059510291,I4210123993,AFFILIATED_WITH
A5059510291,I158708052,AFFILIATED_WITH
A5059510291,I4210144126,AFFILIATED_WITH
A5059510291,I49382586,AFFILIATED_WITH
A5048509987,W4386919259,WRITES
A5079032924,W4224960906,WRITES
A5079032924,I123565023,AFFILIATED_WITH
A5079032924,I23582244,AFFILIATED_WITH
A5055876350,W4389425859,WRITES
A5055876350,W4391696950,WRITES
A5055876350,I109689652,AFFILIATED_WITH
A5039113161,W3215054809,WRITES
A5039113161,W4362576283,WRITES
A5039113161,W4391506647,WRITES
A5039113161,I141445968,AFFILIATED_WITH
A5039113161,I109689652,AFFILIATED_WITH
A5069810619,W4220926051,WRITES
A5069810619,W4283517724,WRITES
A5069810619,I3129215250,AFFILIATED_WITH
A5117543447,W4410369190,WRITES
A5124327425,W7126151423,WRITES
A5124327425,I4210116271,AFFILIATED_WITH
A5107919035,W4393010195,WRITES
A5107919035,I174101054,AFFILIATED_WITH
A5107588231,W7123341761,WRITES
A5107588231,I4210124651,AFFILIATED_WITH
A5092774130,W4386536502,WRITES
A5092774130,W4386560822,WRITES
A5092774130,I4210125847,AFFILIATED_WITH
A5016399927,W4298124764,WRITES
A5016399927,I3020192730,AFFILIATED_WITH
A5112701559,W4386077917,WRITES
A5112701559,I70349855,AFFILIATED_WITH
A5123927654,W7125778505,WRITES
A5123927654,I4210123993,AFFILIATED_WITH
A5046942020,W3110285783,WRITES
A5046942020,W4390397606,WRITES
A5046942020,W4283581586,WRITES
A5046942020,W4312073669,WRITES
A5046942020,W4414206818,WRITES
A5046942020,I4210123993,AFFILIATED_WITH
A5122391746,W7119532240,WRITES
A5122391746,I4210123993,AFFILIATED_WITH
A5002515116,W4241781093,WRITES
A5002515116,W4386526168,WRITES
A5002515116,W4386034709,WRITES
A5002515116,W3169005697,WRITES
A5002515116,I4210123993,AFFILIATED_WITH
A5002515116,I4210093468,AFFILIATED_WITH
A5066264424,W3118181881,WRITES
A5066264424,I4210123993,AFFILIATED_WITH
A5058364233,W4401973782,WRITES
A5058364233,W4412744172,WRITES
A5058364233,W4412907586,WRITES
A5058364233,W4281561494,WRITES
A5058364233,W4313332129,WRITES
A5058364233,W3200854850,WRITES
A5058364233,W3186760671,WRITES
A5058364233,W4224117736,WRITES
A5058364233,W4401708579,WRITES
A5058364233,I4210123993,AFFILIATED_WITH
A5010890291,W3202001992,WRITES
A5010890291,I4210123993,AFFILIATED_WITH
A5112650189,W7154494603,WRITES
A5112650189,I4210123993,AFFILIATED_WITH
A5057625755,W4382985010,WRITES
A5057625755,I4210123993,AFFILIATED_WITH
A5086009373,W3204989818,WRITES
A5086009373,W4234747297,WRITES
A5086009373,I4210123993,AFFILIATED_WITH
A5067373966,W4406881240,WRITES
A5067373966,I123565023,AFFILIATED_WITH
A5067117391,W4285071776,WRITES
A5067117391,W3208435212,WRITES
A5067117391,I4210123993,AFFILIATED_WITH
A5135981851,W7160940118,WRITES
A5135981851,I94518387,AFFILIATED_WITH
A5005894205,W3125339323,WRITES
A5005894205,I4210109591,AFFILIATED_WITH
A5004230431,W2124259739,WRITES
A5004230431,I4210123993,AFFILIATED_WITH
A5104293876,W4396628329,WRITES
A5104293876,I4210148201,AFFILIATED_WITH
A5078162843,W4409412339,WRITES
A5078162843,W4283013405,WRITES
A5078162843,W4387381105,WRITES
A5078162843,W4406734969,WRITES
A5078162843,W7164884701,WRITES
A5078162843,W4394747446,WRITES
A5078162843,I4210134642,AFFILIATED_WITH
A5078162843,I141445968,AFFILIATED_WITH
A5078162843,I4210098226,AFFILIATED_WITH
A5078162843,I23582244,AFFILIATED_WITH
A5103193588,W4396585527,WRITES
A5103193588,I2802701112,AFFILIATED_WITH
A5136992181,W7162452091,WRITES
A5136992181,I4210123993,AFFILIATED_WITH
LOCAL_A000460,W4416239940,WRITES
LOCAL_A000460,I4210101969,AFFILIATED_WITH
LOCAL_A000460,I4391012539,AFFILIATED_WITH
LOCAL_A000616,W4413501956,WRITES
LOCAL_A000616,I4210095101,AFFILIATED_WITH
LOCAL_A000616,I4210141768,AFFILIATED_WITH
A5123232411,W7124505868,WRITES
A5123232411,I4210095101,AFFILIATED_WITH
A5113047463,W4283780422,WRITES
A5113047463,W4313527793,WRITES
A5113047463,I4210123993,AFFILIATED_WITH
LOCAL_A000446,W4411777799,WRITES
LOCAL_A000446,I4210123993,AFFILIATED_WITH
LOCAL_A000729,W4411025224,WRITES
LOCAL_A000729,I1315456113,AFFILIATED_WITH
A5010210073,W4409008032,WRITES
A5010210073,I1315456113,AFFILIATED_WITH
A5017280670,W4411212850,WRITES
A5017280670,I70349855,AFFILIATED_WITH
A5017280670,I4210123993,AFFILIATED_WITH
A5073756344,W7152089371,WRITES
A5073756344,I4210123993,AFFILIATED_WITH
A5073756344,I70349855,AFFILIATED_WITH
A5137920385,W7163660649,WRITES
A5137920385,I4210123993,AFFILIATED_WITH
A5036684171,W3194522155,WRITES
A5036684171,I170238339,AFFILIATED_WITH
A5036684171,I202539009,AFFILIATED_WITH
A5036684171,I4210145579,AFFILIATED_WITH
A5029071674,W4318762606,WRITES
A5029071674,W3197526874,WRITES
A5029071674,W3163198494,WRITES
A5029071674,W4298124764,WRITES
A5029071674,W4317555814,WRITES
A5029071674,I3129492623,AFFILIATED_WITH
A5029071674,I3130697706,AFFILIATED_WITH
A5029071674,I5100685,AFFILIATED_WITH
A5071477512,W4281492481,WRITES
A5071477512,I70349855,AFFILIATED_WITH
A5006098346,W4309582248,WRITES
A5006098346,I4210123993,AFFILIATED_WITH
A5097712967,W4321184628,WRITES
A5111951056,W4386919259,WRITES
A5059821967,W4285191318,WRITES
A5059821967,I4387153637,AFFILIATED_WITH
A5059821967,I181727666,AFFILIATED_WITH
A5092892831,W4410853014,WRITES
A5092892831,W4407436069,WRITES
A5092892831,W4409606618,WRITES
A5092892831,W4402131998,WRITES
A5092892831,W4386819867,WRITES
A5092892831,I4210123993,AFFILIATED_WITH
A5092892831,I181727666,AFFILIATED_WITH
A5041489201,W4225130455,WRITES
A5041489201,I4210123993,AFFILIATED_WITH
A5035910808,W4388411191,WRITES
A5035910808,I91807558,AFFILIATED_WITH
LOCAL_A000315,W4283748022,WRITES
LOCAL_A000315,I202539009,AFFILIATED_WITH
A5057317030,W4315641599,WRITES
A5057317030,I3020192730,AFFILIATED_WITH
A5057317030,I39534123,AFFILIATED_WITH
A5000210296,W4412834641,WRITES
A5000210296,W7159983385,WRITES
A5000210296,I141445968,AFFILIATED_WITH
A5000210296,I4210123993,AFFILIATED_WITH
A5061433920,W3200132627,WRITES
A5061433920,I3133213403,AFFILIATED_WITH
A5113357766,W4402043000,WRITES
A5113357766,I4210123993,AFFILIATED_WITH
A5000602333,W4391448534,WRITES
A5000602333,I169333911,AFFILIATED_WITH
A5000602333,I40413290,AFFILIATED_WITH
LOCAL_A000322,W4285191318,WRITES
A5115601874,W4317434823,WRITES
A5075223103,W2370806927,WRITES
A5075223103,I4210123993,AFFILIATED_WITH
A5082133635,W4386478134,WRITES
A5082133635,I12079687,AFFILIATED_WITH
A5110201827,W2057397620,WRITES
A5088984994,W4390344721,WRITES
A5088984994,W4376127221,WRITES
A5088984994,W4292964871,WRITES
A5088984994,W4295123541,WRITES
A5088984994,W4362517101,WRITES
A5088984994,W4385235017,WRITES
A5088984994,I1313323035,AFFILIATED_WITH
A5010077597,W4403137041,WRITES
A5010077597,I70349855,AFFILIATED_WITH
A5002509297,W2374087094,WRITES
A5002509297,I4210123993,AFFILIATED_WITH
A5002509297,I24185976,AFFILIATED_WITH
A5108103361,W2351290865,WRITES
A5108103361,I4210123993,AFFILIATED_WITH
A5100361027,W4386292890,WRITES
A5100361027,I6469544,AFFILIATED_WITH
A5100361027,I80947539,AFFILIATED_WITH
A5101870783,W2361420054,WRITES
A5101870783,I4210123993,AFFILIATED_WITH
A5100425283,W2369550981,WRITES
A5100425283,I4210123993,AFFILIATED_WITH
A5103106651,W2389242205,WRITES
A5103106651,I4210123993,AFFILIATED_WITH
A5053354763,W4398617804,WRITES
A5053354763,I100286613,AFFILIATED_WITH
A5050404183,W4409898812,WRITES
A5050404183,I4210137722,AFFILIATED_WITH
A5092090247,W4390891339,WRITES
A5092090247,W4205912509,WRITES
A5092090247,I4210123993,AFFILIATED_WITH
A5092295668,W4285066667,WRITES
A5092295668,I4210123993,AFFILIATED_WITH
A5104115221,W4376127836,WRITES
A5104115221,W4386865921,WRITES
A5104115221,I47807185,AFFILIATED_WITH
A5071122568,W4388805496,WRITES
A5071122568,I1290523313,AFFILIATED_WITH
A5071122568,I202539009,AFFILIATED_WITH
A5101677513,W4293790322,WRITES
A5101677513,I177733328,AFFILIATED_WITH
A5121474607,W7117479710,WRITES
A5121474607,I4210146893,AFFILIATED_WITH
A5017509727,W3126587286,WRITES
A5017509727,I4210123993,AFFILIATED_WITH
A5076784188,W4387770997,WRITES
A5076784188,I94518387,AFFILIATED_WITH
LOCAL_A000646,W3049107245,WRITES
LOCAL_A000646,I4210123993,AFFILIATED_WITH
A5102530480,W4382885000,WRITES
A5102530480,I187855631,AFFILIATED_WITH
A5013750406,W3169186654,WRITES
A5013750406,I154864474,AFFILIATED_WITH
A5113864661,W7133975914,WRITES
A5113864661,I2802701112,AFFILIATED_WITH
A5047214901,W3202893602,WRITES
A5047214901,I4210095101,AFFILIATED_WITH
LOCAL_A000427,W4408000429,WRITES
LOCAL_A000427,I4210123993,AFFILIATED_WITH
A5044391214,W3199622387,WRITES
A5044391214,I4210097553,AFFILIATED_WITH
A5044391214,I4210122635,AFFILIATED_WITH
A5044391214,I4210130863,AFFILIATED_WITH
A5044391214,I4210137223,AFFILIATED_WITH
A5023875296,W4294839230,WRITES
A5023875296,I152815399,AFFILIATED_WITH
A5101940487,W2365569245,WRITES
A5101940487,I4210123993,AFFILIATED_WITH
A5000067885,W2385207352,WRITES
A5000067885,I4210123993,AFFILIATED_WITH
A5062581235,W2351126356,WRITES
A5062581235,W2369130993,WRITES
A5062581235,W2385808512,WRITES
A5062581235,I4210123993,AFFILIATED_WITH
A5101440733,W2367242519,WRITES
A5101440733,W2375650764,WRITES
A5101440733,I4210123993,AFFILIATED_WITH
A5100970994,W2359301999,WRITES
A5100970994,I4210123993,AFFILIATED_WITH
A5110361679,W4390344721,WRITES
A5110361679,I19820366,AFFILIATED_WITH
A5110361679,I4210092095,AFFILIATED_WITH
A5060576424,W4378983058,WRITES
A5060576424,I180670191,AFFILIATED_WITH
A5090904750,W2885929736,WRITES
A5090904750,I2610724,AFFILIATED_WITH
A5112293344,W2983803309,WRITES
A5085306572,W4292092699,WRITES
A5085306572,W4281867261,WRITES
A5085306572,W4293582204,WRITES
A5085306572,I121980950,AFFILIATED_WITH
A5101080410,W4405335093,WRITES
A5101080410,I13850615,AFFILIATED_WITH
A5101080410,I19820366,AFFILIATED_WITH
A5101080410,I4210145338,AFFILIATED_WITH
A5079163262,W2350837785,WRITES
A5055424683,W4410855018,WRITES
A5055424683,I98285908,AFFILIATED_WITH
A5069067099,W4392706626,WRITES
A5069067099,W4405957313,WRITES
A5069067099,I4210123993,AFFILIATED_WITH
A5069067099,I47265099,AFFILIATED_WITH
LOCAL_A000634,W4406804501,WRITES
LOCAL_A000634,I141445968,AFFILIATED_WITH
LOCAL_A000418,W4407060664,WRITES
LOCAL_A000418,I4210122802,AFFILIATED_WITH
A5000022585,W4412356220,WRITES
A5000022585,I4210104442,AFFILIATED_WITH
A5037307550,W2519522313,WRITES
A5037307550,I11935315,AFFILIATED_WITH
A5037307550,I19894307,AFFILIATED_WITH
A5037307550,I4210159287,AFFILIATED_WITH
LOCAL_A000292,W2997493078,WRITES
LOCAL_A000292,I11935315,AFFILIATED_WITH
LOCAL_A000292,I19894307,AFFILIATED_WITH
LOCAL_A000292,I4210159287,AFFILIATED_WITH
A5116777687,W4408797605,WRITES
A5116777687,I4210139842,AFFILIATED_WITH
A5131048753,W7143830774,WRITES
A5131048753,I4210123993,AFFILIATED_WITH
A5045269843,W4323338495,WRITES
A5045269843,I141445968,AFFILIATED_WITH
A5051920398,W4417421887,WRITES
A5051920398,I4210157535,AFFILIATED_WITH
A5051920398,I45129253,AFFILIATED_WITH
A5102013689,W4412184462,WRITES
A5102013689,W4411384542,WRITES
A5102013689,W4412977942,WRITES
A5102013689,W4415374457,WRITES
A5102013689,W4416770216,WRITES
A5102013689,I4210123993,AFFILIATED_WITH
A5102013689,I3020192730,AFFILIATED_WITH
A5054511774,W4416564054,WRITES
A5054511774,W7166054839,WRITES
A5054511774,I3020192730,AFFILIATED_WITH
A5054511774,I4210123993,AFFILIATED_WITH
A5003874380,W3008486894,WRITES
A5003874380,I4210096063,AFFILIATED_WITH
A5103840607,W4221098262,WRITES
A5103840607,I48076826,AFFILIATED_WITH
A5137032582,W7162419195,WRITES
A5019298056,W4407670121,WRITES
A5019298056,I4210144126,AFFILIATED_WITH
LOCAL_A000442,W4410512922,WRITES
LOCAL_A000442,I4210123993,AFFILIATED_WITH
A5113092365,W4390717671,WRITES
A5113092365,I4210123993,AFFILIATED_WITH
A5113092365,I70349855,AFFILIATED_WITH
A5112588341,W3094686556,WRITES
A5112588341,I4210123993,AFFILIATED_WITH
A5098911047,W4399084369,WRITES
A5098911047,I123565023,AFFILIATED_WITH
A5098911047,I47265099,AFFILIATED_WITH
A5076315053,W3129122531,WRITES
A5076315053,I4210141097,AFFILIATED_WITH
A5065973639,W4388658227,WRITES
A5065973639,I4210123993,AFFILIATED_WITH
A5112326314,W3109935767,WRITES
A5112326314,I125861091,AFFILIATED_WITH
A5028482510,W7128925053,WRITES
A5028482510,W7131416904,WRITES
A5028482510,I98298690,AFFILIATED_WITH
A5028482510,I4210091198,AFFILIATED_WITH
A5004839227,W4405281261,WRITES
A5004839227,I32597200,AFFILIATED_WITH
A5004839227,I4210145253,AFFILIATED_WITH
A5041603130,W4392600430,WRITES
A5041603130,W4321250367,WRITES
A5041603130,W4392709346,WRITES
A5041603130,W4409462844,WRITES
A5041603130,W4364375921,WRITES
A5041603130,I1332353952,AFFILIATED_WITH
A5041603130,I12912129,AFFILIATED_WITH
A5041603130,I137902535,AFFILIATED_WITH
A5041603130,I4210095895,AFFILIATED_WITH
A5041603130,I4210148235,AFFILIATED_WITH
A5135500547,W7160446495,WRITES
A5135500547,I3133213403,AFFILIATED_WITH
A5117610020,W7163654284,WRITES
A5117610020,I3133213403,AFFILIATED_WITH
A5117610020,I4210129200,AFFILIATED_WITH
A5117610020,I904090387,AFFILIATED_WITH
A5039791776,W1991783109,WRITES
A5039791776,I127859547,AFFILIATED_WITH
A5059489963,W7160186769,WRITES
A5059489963,I4210136482,AFFILIATED_WITH
A5121012343,W7116711994,WRITES
A5121012343,I4210136482,AFFILIATED_WITH
A5114377952,W2388391649,WRITES
A5114377952,I4210123993,AFFILIATED_WITH
A5104280858,W2393120572,WRITES
A5104280858,I4210123993,AFFILIATED_WITH
A5016122031,W4390368114,WRITES
A5016122031,W4379114914,WRITES
A5016122031,I151229976,AFFILIATED_WITH
A5100732442,W2921438491,WRITES
A5100732442,I135598925,AFFILIATED_WITH
A5100692135,W4308443963,WRITES
A5100692135,I87445476,AFFILIATED_WITH
A5100698220,W4412995744,WRITES
A5100698220,I4210131196,AFFILIATED_WITH
A5056350822,W3034501957,WRITES
A5056350822,I76835614,AFFILIATED_WITH
A5103184608,W4412161992,WRITES
A5103184608,I123565023,AFFILIATED_WITH
A5116441306,W4408000429,WRITES
A5116441306,I267427436,AFFILIATED_WITH
A5116441306,I47807185,AFFILIATED_WITH
A5068991338,W4415927132,WRITES
A5068991338,I4210100991,AFFILIATED_WITH
A5068991338,I4210120055,AFFILIATED_WITH
A5057330116,W3212450826,WRITES
A5057330116,I4210146893,AFFILIATED_WITH
A5078708416,W2973001791,WRITES
A5078708416,I4210123993,AFFILIATED_WITH
A5039042106,W4281920079,WRITES
A5039042106,I202539009,AFFILIATED_WITH
LOCAL_A000660,W4308998671,WRITES
LOCAL_A000660,I4210123993,AFFILIATED_WITH
A5050803572,W3199796492,WRITES
A5050803572,I4210123993,AFFILIATED_WITH
A5051565588,W4412189097,WRITES
A5055078097,W4411384542,WRITES
A5055078097,I182526193,AFFILIATED_WITH
A5103195189,W4388504134,WRITES
A5103195189,W4388208017,WRITES
A5103195189,I123565023,AFFILIATED_WITH
A5024408684,W3199422970,WRITES
A5024408684,I4210123993,AFFILIATED_WITH
A5036649104,W3135539754,WRITES
A5036649104,I4210117845,AFFILIATED_WITH
A5137464092,W7162859516,WRITES
A5137464092,W7162863543,WRITES
A5137464092,I4210123993,AFFILIATED_WITH
A5074751857,W4404117162,WRITES
A5074751857,I173911158,AFFILIATED_WITH
A5043763268,W4296081994,WRITES
A5043763268,I123565023,AFFILIATED_WITH
A5055510228,W4410810504,WRITES
A5055510228,I4210134642,AFFILIATED_WITH
A5073182215,W4410014433,WRITES
A5073182215,W4384300207,WRITES
A5073182215,I3020192730,AFFILIATED_WITH
A5086866654,W4412356220,WRITES
A5086866654,I4210104442,AFFILIATED_WITH
LOCAL_A000409,W4404419098,WRITES
LOCAL_A000409,I4210123993,AFFILIATED_WITH
A5103857970,W3199396396,WRITES
A5103857970,I4210123993,AFFILIATED_WITH
A5068935522,W3174338508,WRITES
A5068935522,W3168287854,WRITES
A5068935522,W4393089136,WRITES
A5068935522,I123565023,AFFILIATED_WITH
A5068935522,I47265099,AFFILIATED_WITH
A5062199270,W3213652096,WRITES
A5062199270,I4210123993,AFFILIATED_WITH
A5116777686,W4408797605,WRITES
A5116777686,I177233841,AFFILIATED_WITH
A5116777686,I67868205,AFFILIATED_WITH
A5019323166,W7117457649,WRITES
A5019323166,I123565023,AFFILIATED_WITH
A5002827253,W4414298067,WRITES
A5002827253,W4280493801,WRITES
A5002827253,W4293317947,WRITES
A5002827253,W4388504124,WRITES
A5002827253,W4403520191,WRITES
A5002827253,W4397009991,WRITES
A5002827253,W4410891208,WRITES
A5002827253,W7162411051,WRITES
A5002827253,W4285025417,WRITES
A5002827253,W4291123701,WRITES
A5002827253,W4393322250,WRITES
A5002827253,W4364320790,WRITES
A5002827253,I4210123993,AFFILIATED_WITH
A5002827253,I196051555,AFFILIATED_WITH
A5002827253,I4210131701,AFFILIATED_WITH
A5002827253,I99464096,AFFILIATED_WITH
A5002827253,I4210137358,AFFILIATED_WITH
A5002827253,I4210160393,AFFILIATED_WITH
A5081826415,W4410502019,WRITES
A5081826415,W4410502105,WRITES
A5081826415,I55133342,AFFILIATED_WITH
A5078122387,W4298124764,WRITES
A5078122387,I4210123993,AFFILIATED_WITH
A5091625480,W3204989818,WRITES
A5091625480,W4234747297,WRITES
A5091625480,I4210123993,AFFILIATED_WITH
A5036081937,W4410502019,WRITES
A5036081937,W4410502105,WRITES
A5111016928,W4385400337,WRITES
A5111016928,W4411045134,WRITES
A5111016928,I4210123993,AFFILIATED_WITH
A5053429667,W4415196659,WRITES
A5053429667,W4312032783,WRITES
A5053429667,I123565023,AFFILIATED_WITH
A5053429667,I4210123993,AFFILIATED_WITH
A5053429667,I47265099,AFFILIATED_WITH
A5058034466,W4404117162,WRITES
A5058034466,I177733328,AFFILIATED_WITH
A5101199251,W7125369332,WRITES
A5101199251,I123565023,AFFILIATED_WITH
A5101199251,I47265099,AFFILIATED_WITH
A5026143976,W4280639034,WRITES
A5026143976,I4210111957,AFFILIATED_WITH
A5026143976,I4391012539,AFFILIATED_WITH
LOCAL_A000625,W4405281261,WRITES
LOCAL_A000625,I4210090508,AFFILIATED_WITH
A5090518122,W2103748781,WRITES
A5090518122,I2803066834,AFFILIATED_WITH
A5044564966,W3186760671,WRITES
A5044564966,I3129553732,AFFILIATED_WITH
A5110369816,W1604170348,WRITES
A5110369816,I4210143324,AFFILIATED_WITH
A5092349333,W4382323091,WRITES
A5092349333,W4384026714,WRITES
A5092349333,W4385338636,WRITES
A5092349333,W4388544034,WRITES
A5092349333,I142208455,AFFILIATED_WITH
A5101945330,W2373075560,WRITES
A5101945330,I4210123993,AFFILIATED_WITH
A5099127041,W4399665885,WRITES
A5099127041,I4210123993,AFFILIATED_WITH
A5074819339,W3125339323,WRITES
A5074819339,I4210123993,AFFILIATED_WITH
A5089526105,W2917075874,WRITES
A5089526105,I4210123993,AFFILIATED_WITH
LOCAL_A000730,W4411025224,WRITES
LOCAL_A000730,I1315456113,AFFILIATED_WITH
A5087366501,W4387270971,WRITES
A5087366501,I4210115718,AFFILIATED_WITH
A5087366501,I4401726905,AFFILIATED_WITH
A5109383268,W3200248305,WRITES
A5109383268,I123565023,AFFILIATED_WITH
A5109383268,I47265099,AFFILIATED_WITH
A5016461160,W7127411886,WRITES
A5016461160,W4410536451,WRITES
A5016461160,W4406259285,WRITES
A5016461160,I109689652,AFFILIATED_WITH
A5009526572,W4220845100,WRITES
A5009526572,W4282049254,WRITES
A5009526572,W4313248409,WRITES
A5009526572,W4319597735,WRITES
A5009526572,I202539009,AFFILIATED_WITH
A5009526572,I4210123993,AFFILIATED_WITH
A5009526572,I4210150999,AFFILIATED_WITH
A5009526572,I3129629310,AFFILIATED_WITH
A5016844947,W3155716985,WRITES
A5014200305,W2917075874,WRITES
A5014200305,I4210144126,AFFILIATED_WITH
A5011862544,W4392237545,WRITES
A5011862544,I4210123993,AFFILIATED_WITH
A5001139341,W4292485446,WRITES
A5009326662,W4389648609,WRITES
A5009326662,I3129629310,AFFILIATED_WITH
A5136988705,W7162326146,WRITES
A5136988705,I4210123993,AFFILIATED_WITH
LOCAL_A000064,W3037301877,WRITES
LOCAL_A000064,I4210115718,AFFILIATED_WITH
LOCAL_A000064,I4210123993,AFFILIATED_WITH
A5080175796,W4321018829,WRITES
A5017294870,W3184444435,WRITES
A5017294870,I2802508454,AFFILIATED_WITH
A5118883091,W4417007013,WRITES
A5118883091,W7126022358,WRITES
A5118883091,W7126088191,WRITES
A5118883091,I4210167104,AFFILIATED_WITH
LOCAL_A000670,W4377862238,WRITES
LOCAL_A000670,I4210123993,AFFILIATED_WITH
A5015976746,W4318762606,WRITES
A5004005170,W3168655084,WRITES
A5004005170,I141445968,AFFILIATED_WITH
A5108502319,W1902563258,WRITES
A5108502319,W1491100760,WRITES
A5108502319,W1604170348,WRITES
A5108502319,W2075394754,WRITES
A5108502319,I4210123993,AFFILIATED_WITH
A5055726223,W4206556998,WRITES
A5023751804,W4226409382,WRITES
A5023751804,W3199183631,WRITES
A5023751804,I4210123993,AFFILIATED_WITH
A5124964039,W7127288345,WRITES
A5124964039,I4210123993,AFFILIATED_WITH
A5092800839,W4385852487,WRITES
A5092800839,I4210123993,AFFILIATED_WITH
A5112971315,W4385440069,WRITES
A5050043464,W4388805496,WRITES
A5050043464,I1290523313,AFFILIATED_WITH
A5054482402,W4414115402,WRITES
A5054482402,W4407065569,WRITES
A5054482402,I170238339,AFFILIATED_WITH
A5118272989,W4411371012,WRITES
A5118143934,W4411289136,WRITES
A5091597013,W4280646092,WRITES
A5091597013,I123565023,AFFILIATED_WITH
A5043243286,W4307544369,WRITES
A5051004413,W3199622387,WRITES
A5051004413,W4392872257,WRITES
A5051004413,W4404761741,WRITES
A5051004413,W4214693772,WRITES
A5051004413,W4414417404,WRITES
A5051004413,I4210123993,AFFILIATED_WITH
A5030334886,W4287219732,WRITES
A5030334886,I4210095101,AFFILIATED_WITH
A5028563714,W4318762606,WRITES
A5028563714,I3129492623,AFFILIATED_WITH
A5028563714,I4210095101,AFFILIATED_WITH
A5118143933,W4411289136,WRITES
A5087070774,W7135071235,WRITES
A5087070774,I4210123993,AFFILIATED_WITH
A5067640205,W4379184192,WRITES
A5067640205,W4401416164,WRITES
A5067640205,W4405424906,WRITES
A5067640205,I4210088961,AFFILIATED_WITH
A5102734020,W4399485661,WRITES
A5102734020,I4210123755,AFFILIATED_WITH
A5110569154,W4388208017,WRITES
A5110569154,I123565023,AFFILIATED_WITH
A5020833933,W4206556998,WRITES
A5020833933,W1997956580,WRITES
A5020833933,W4281786168,WRITES
A5020833933,W4381683241,WRITES
A5020833933,W4412161992,WRITES
A5020833933,W3159481389,WRITES
A5020833933,W4200521133,WRITES
A5020833933,W4391844119,WRITES
A5020833933,I70349855,AFFILIATED_WITH
A5024813208,W4387083611,WRITES
A5024813208,I4210095101,AFFILIATED_WITH
A5128704412,W7134947698,WRITES
A5128704412,I4210123993,AFFILIATED_WITH
A5030511837,W4405592947,WRITES
A5030511837,W4414170274,WRITES
A5030511837,I3129492623,AFFILIATED_WITH
A5112918103,W4386536502,WRITES
A5112918103,W4386560822,WRITES
A5112918103,I4210125847,AFFILIATED_WITH
A5112918103,I4210123993,AFFILIATED_WITH
A5053219066,W4417088395,WRITES
A5053219066,I4210095101,AFFILIATED_WITH
A5063678665,W4322501313,WRITES
A5063678665,I4210123993,AFFILIATED_WITH
A5016501250,W4385891544,WRITES
A5016501250,I4210148201,AFFILIATED_WITH
A5049764226,W4395449962,WRITES
A5049764226,W4410853424,WRITES
A5049764226,I160993911,AFFILIATED_WITH
A5049764226,I185523456,AFFILIATED_WITH
A5049764226,I4210123993,AFFILIATED_WITH
A5132713198,W7147295963,WRITES
A5132713198,I4210123993,AFFILIATED_WITH
A5117428844,W4410070026,WRITES
A5086812774,W4406489951,WRITES
A5086812774,W4318819594,WRITES
A5086812774,W4411159297,WRITES
A5086812774,W4322746639,WRITES
A5086812774,W4388051817,WRITES
A5086812774,W4412866347,WRITES
A5086812774,I4210115718,AFFILIATED_WITH
A5086812774,I3020192730,AFFILIATED_WITH
A5050425757,W3013943119,WRITES
A5050425757,W3094440337,WRITES
A5050425757,W3121710976,WRITES
A5050425757,W3030321203,WRITES
A5050425757,I4210095101,AFFILIATED_WITH
A5078092289,W4411037455,WRITES
A5078092289,W4390830216,WRITES
A5078092289,I123565023,AFFILIATED_WITH
A5078092289,I23582244,AFFILIATED_WITH
A5003502568,W4206556998,WRITES
A5036824452,W4409412339,WRITES
A5036824452,W4410856514,WRITES
A5036824452,W4417088395,WRITES
A5036824452,W4408605524,WRITES
A5036824452,W4387116987,WRITES
A5036824452,W4398243746,WRITES
A5036824452,I4210123993,AFFILIATED_WITH
A5087917590,W3041450853,WRITES
A5087917590,I4210123993,AFFILIATED_WITH
A5080877722,W4410304808,WRITES
A5080877722,I123565023,AFFILIATED_WITH
A5080877722,I47265099,AFFILIATED_WITH
A5039312494,W4318762606,WRITES
A5039312494,W3197526874,WRITES
A5039312494,I3129492623,AFFILIATED_WITH
A5039312494,I4210095101,AFFILIATED_WITH
A5083079358,W4387846071,WRITES
A5083079358,W4393318354,WRITES
A5083079358,I4210123993,AFFILIATED_WITH
A5040349893,W4401475444,WRITES
A5040349893,W7166003581,WRITES
A5040349893,W4402962879,WRITES
A5040349893,W4396989760,WRITES
A5040349893,I1315456113,AFFILIATED_WITH
A5129617498,W7136207794,WRITES
A5129617498,I4210126318,AFFILIATED_WITH
A5068914974,W2922328822,WRITES
A5068914974,I4210143899,AFFILIATED_WITH
A5024924822,W4321159612,WRITES
A5024924822,W4321251685,WRITES
A5024924822,W4380417077,WRITES
A5024924822,W4380886044,WRITES
A5024924822,I4210123993,AFFILIATED_WITH
A5024924822,I4210116271,AFFILIATED_WITH
A5063801562,W4380538570,WRITES
A5063801562,W4410512910,WRITES
A5063801562,W4283390991,WRITES
A5063801562,W4377047193,WRITES
A5063801562,W4395464345,WRITES
A5063801562,I4210123993,AFFILIATED_WITH
A5104942827,W4400889849,WRITES
A5104942827,I4210123993,AFFILIATED_WITH
A5100015837,W4407159495,WRITES
A5100015837,I4210123993,AFFILIATED_WITH
A5134498492,W7155517813,WRITES
A5134498492,I4210123993,AFFILIATED_WITH
LOCAL_A000183,W4293221027,WRITES
LOCAL_A000109,W4293221027,WRITES
LOCAL_A000197,W4293221027,WRITES
LOCAL_A000319,W4285191318,WRITES
A5101353051,W4396875764,WRITES
A5101353051,I149581226,AFFILIATED_WITH
LOCAL_A000264,W4312656552,WRITES
LOCAL_A000154,W4293221027,WRITES
LOCAL_A000181,W4293221027,WRITES
LOCAL_A000687,W4253353920,WRITES
LOCAL_A000254,W4312656552,WRITES
LOCAL_A000143,W4293221027,WRITES
A5111497739,W4412907586,WRITES
A5111497739,I4210123993,AFFILIATED_WITH
LOCAL_A000182,W4293221027,WRITES
LOCAL_A000152,W4293221027,WRITES
LOCAL_A000270,W4312656552,WRITES
LOCAL_A000123,W4293221027,WRITES
LOCAL_A000328,W4285191318,WRITES
LOCAL_A000651,W3139407296,WRITES
LOCAL_A000651,I70349855,AFFILIATED_WITH
LOCAL_A000184,W4293221027,WRITES
LOCAL_A000352,W4285191318,WRITES
LOCAL_A000701,W4253353920,WRITES
LOCAL_A000350,W4285191318,WRITES
LOCAL_A000363,W4285191318,WRITES
A5061134783,W7162318469,WRITES
A5061134783,I207123951,AFFILIATED_WITH
A5063960876,W7162859516,WRITES
A5063960876,W7162863543,WRITES
A5063960876,I32597200,AFFILIATED_WITH
A5129646369,W7162318469,WRITES
A5129646369,I223532165,AFFILIATED_WITH
A5109776893,W4378448636,WRITES
A5109776893,I4210124230,AFFILIATED_WITH
A5030005142,W4393318354,WRITES
A5030005142,I219193219,AFFILIATED_WITH
A5129722229,W7137867611,WRITES
A5129722229,W7138450076,WRITES
A5129722229,I4210123993,AFFILIATED_WITH
A5036072460,W4407561213,WRITES
A5036072460,I111199411,AFFILIATED_WITH
A5033343758,W4225812594,WRITES
A5033343758,I4210139160,AFFILIATED_WITH
LOCAL_A000643,W2075394754,WRITES
A5033819945,W7162318469,WRITES
A5033819945,I74801974,AFFILIATED_WITH
A5086419990,W4376891951,WRITES
A5086419990,I848706,AFFILIATED_WITH
A5129771426,W7162318469,WRITES
A5129771426,I4210102177,AFFILIATED_WITH
A5136945458,W7162318469,WRITES
A5136945458,I137975476,AFFILIATED_WITH
A5136985834,W7162318469,WRITES
A5136985834,I4210102177,AFFILIATED_WITH
A5017672291,W4410320989,WRITES
A5017672291,I291386647,AFFILIATED_WITH
A5136962121,W7162318469,WRITES
A5136962121,I80849659,AFFILIATED_WITH
A5107942006,W4399490801,WRITES
A5107942006,I114017466,AFFILIATED_WITH
A5107942006,I138564716,AFFILIATED_WITH
A5129723091,W7162318469,WRITES
A5129723091,I189513530,AFFILIATED_WITH
A5113033300,W3201477092,WRITES
A5113033300,W3201355987,WRITES
A5113033300,I47807185,AFFILIATED_WITH
A5136936495,W7162318469,WRITES
A5136936495,I74801974,AFFILIATED_WITH
A5073331310,W4387326361,WRITES
A5073331310,I126406834,AFFILIATED_WITH
A5073331310,I77443782,AFFILIATED_WITH
A5136948813,W7162318469,WRITES
A5136948813,I223532165,AFFILIATED_WITH
A5056388805,W7162318469,WRITES
A5056388805,I34250744,AFFILIATED_WITH
A5035021719,W4376891951,WRITES
A5035021719,I4210104335,AFFILIATED_WITH
A5035021719,I848706,AFFILIATED_WITH
A5136928618,W7162318469,WRITES
A5136928618,I19880235,AFFILIATED_WITH
A5136928618,I4210102177,AFFILIATED_WITH
A5110845742,W4408028742,WRITES
A5110845742,I4210123993,AFFILIATED_WITH
A5079813953,W4287640994,WRITES
A5079813953,I4210123993,AFFILIATED_WITH
A5077330100,W4399490801,WRITES
A5077330100,I4576418,AFFILIATED_WITH
A5084547760,W1575253570,WRITES
A5084547760,I913481162,AFFILIATED_WITH
A5054964486,W4221099258,WRITES
A5054964486,W4200618519,WRITES
A5054964486,W4214758965,WRITES
A5054964486,W4286929179,WRITES
A5054964486,W4376638002,WRITES
A5054964486,W4393746121,WRITES
A5054964486,W4393804002,WRITES
A5054964486,I19880235,AFFILIATED_WITH
A5054964486,I4210119841,AFFILIATED_WITH
A5054964486,I4210150146,AFFILIATED_WITH
A5001562845,W4292964871,WRITES
A5001562845,W4295123541,WRITES
A5001562845,W4385235017,WRITES
A5001562845,I177733328,AFFILIATED_WITH
A5092809842,W4386059449,WRITES
A5092809842,I4210123993,AFFILIATED_WITH
A5057714841,W2803488416,WRITES
A5057714841,W2889093901,WRITES
A5057714841,W3130719811,WRITES
A5057714841,I4210123993,AFFILIATED_WITH
A5047015242,W2978395531,WRITES
A5047015242,I4210123993,AFFILIATED_WITH
A5015097286,W2357006790,WRITES
A5015097286,I4210123993,AFFILIATED_WITH
A5025936190,W2983803309,WRITES
A5025936190,W4211174566,WRITES
A5025936190,W2767566591,WRITES
A5038741719,W4380086388,WRITES
A5038741719,I47164929,AFFILIATED_WITH
A5101739118,W4385430763,WRITES
A5101739118,I4210101034,AFFILIATED_WITH
A5101739118,I74796645,AFFILIATED_WITH
A5017992365,W7118452653,WRITES
A5017992365,I4210103010,AFFILIATED_WITH
A5017992365,I72227227,AFFILIATED_WITH
A5043012596,W3090257619,WRITES
A5043012596,I2802335433,AFFILIATED_WITH
A5038668071,W4280596026,WRITES
A5038668071,W4282942155,WRITES
A5038668071,W4210483046,WRITES
A5038668071,W4220945563,WRITES
A5038668071,W4281722354,WRITES
A5038668071,W4225812594,WRITES
A5038668071,W4221131148,WRITES
A5038668071,W4309765389,WRITES
A5038668071,I4210123993,AFFILIATED_WITH
A5038668071,I32597200,AFFILIATED_WITH
A5038668071,I2801227569,AFFILIATED_WITH
A5008596384,W4415696216,WRITES
A5008596384,I130291710,AFFILIATED_WITH
A5008596384,I4210123993,AFFILIATED_WITH
A5102449057,W4391854472,WRITES
A5102449057,I46080048,AFFILIATED_WITH
A5085674671,W4284963908,WRITES
A5085674671,I33849332,AFFILIATED_WITH
A5133317571,W7153004412,WRITES
A5133317571,I184531372,AFFILIATED_WITH
A5090037543,W4313408409,WRITES
A5090037543,I130309236,AFFILIATED_WITH
A5090037543,I80693520,AFFILIATED_WITH
A5097051672,W3146827522,WRITES
A5097051672,I4210123993,AFFILIATED_WITH
LOCAL_A000082,W4404755595,WRITES
LOCAL_A000082,I2802852271,AFFILIATED_WITH
LOCAL_A000082,I51158804,AFFILIATED_WITH
A5124364946,W7126182670,WRITES
A5124364946,I4210115718,AFFILIATED_WITH
A5135945475,W7160949195,WRITES
A5135945475,I123565023,AFFILIATED_WITH
A5106932605,W4402131998,WRITES
A5106932605,I181727666,AFFILIATED_WITH
A5058516893,W7136346916,WRITES
A5058516893,I47265099,AFFILIATED_WITH
LOCAL_A000381,W4376566290,WRITES
LOCAL_A000381,I70349855,AFFILIATED_WITH
A5053761995,W7119595644,WRITES
A5053761995,W4400259404,WRITES
A5053761995,I181727666,AFFILIATED_WITH
A5048385480,W3087384557,WRITES
A5048385480,W4415714390,WRITES
A5048385480,W7142890397,WRITES
A5048385480,W3167996336,WRITES
A5048385480,W4386031782,WRITES
A5048385480,I4210123993,AFFILIATED_WITH
A5061704682,W3199422970,WRITES
A5061704682,I4210123993,AFFILIATED_WITH
A5113015228,W4387315342,WRITES
A5113015228,I4210123993,AFFILIATED_WITH
A5050040097,W3097575064,WRITES
A5050040097,I187855631,AFFILIATED_WITH
LOCAL_A000399,W4391826672,WRITES
LOCAL_A000399,I4210123993,AFFILIATED_WITH
A5061056422,W4410512922,WRITES
A5061056422,W4403488549,WRITES
A5061056422,W4226253103,WRITES
A5061056422,I4210123993,AFFILIATED_WITH
LOCAL_A000406,W4400420277,WRITES
LOCAL_A000406,I4210123993,AFFILIATED_WITH
A5090773160,W4403344039,WRITES
A5090773160,I126231945,AFFILIATED_WITH
LOCAL_A000411,W4404837890,WRITES
LOCAL_A000411,I4210123993,AFFILIATED_WITH
A5077930392,W4387071130,WRITES
A5077930392,W4403071246,WRITES
A5077930392,I4210123993,AFFILIATED_WITH
A5008510437,W4381683241,WRITES
A5008510437,W4412161992,WRITES
A5008510437,I70349855,AFFILIATED_WITH
A5086169122,W3150355272,WRITES
A5086169122,I4210123993,AFFILIATED_WITH
A5071521088,W4395464345,WRITES
A5071521088,I70349855,AFFILIATED_WITH
A5096680269,W4396664305,WRITES
A5096680269,I4210123993,AFFILIATED_WITH
A5122635273,W7119692187,WRITES
A5122635273,I4210123993,AFFILIATED_WITH
A5006458816,W4280510179,WRITES
A5006458816,I913630986,AFFILIATED_WITH
A5098817519,W4398789713,WRITES
A5098817519,I4391012539,AFFILIATED_WITH
A5046047434,W3199547620,WRITES
A5046047434,I11983389,AFFILIATED_WITH
A5130918484,W7154467160,WRITES
A5130918484,I202539009,AFFILIATED_WITH
A5006405976,W3159534123,WRITES
A5006405976,I4210116271,AFFILIATED_WITH
A5072396416,W4284963908,WRITES
A5072396416,I131868736,AFFILIATED_WITH
A5041315606,W2920977915,WRITES
A5041315606,I4210087915,AFFILIATED_WITH
A5062032042,W4320922100,WRITES
A5062032042,I185163786,AFFILIATED_WITH
A5063478996,W3206327856,WRITES
A5063478996,W4232993015,WRITES
A5063478996,I141445968,AFFILIATED_WITH
A5083435065,W4295012310,WRITES
A5083435065,W4304693807,WRITES
A5083435065,I141445968,AFFILIATED_WITH
A5016811667,W4385430763,WRITES
A5016811667,I4210101034,AFFILIATED_WITH
A5016811667,I74796645,AFFILIATED_WITH
A5022642033,W4391777722,WRITES
A5022642033,I2802508454,AFFILIATED_WITH
A5101726934,W3171219399,WRITES
A5101726934,I3130697706,AFFILIATED_WITH
A5101726934,I4388891809,AFFILIATED_WITH
A5004568971,W3213381090,WRITES
A5004568971,W3214253959,WRITES
A5004568971,I29199639,AFFILIATED_WITH
A5001939335,W4291002892,WRITES
A5001939335,I12450925,AFFILIATED_WITH
A5104179689,W4409968481,WRITES
A5104179689,I177733328,AFFILIATED_WITH
A5104179689,I4387155212,AFFILIATED_WITH
A5026427058,W4412161992,WRITES
A5026427058,I23582244,AFFILIATED_WITH
A5091576742,W4406848700,WRITES
A5091576742,W4221088381,WRITES
A5091576742,W4220938728,WRITES
A5091576742,W4406828385,WRITES
A5091576742,W4317513554,WRITES
A5091576742,W4362684874,WRITES
A5091576742,I4210123993,AFFILIATED_WITH
A5033642366,W4414500923,WRITES
A5033642366,I4210093468,AFFILIATED_WITH
A5089967345,W4200131528,WRITES
A5089967345,W4307968637,WRITES
A5089967345,I2613432,AFFILIATED_WITH
A5077980145,W4407757245,WRITES
A5077980145,W4387026621,WRITES
A5077980145,I155028946,AFFILIATED_WITH
A5021153739,W4411163057,WRITES
A5021153739,I155028946,AFFILIATED_WITH
A5034249017,W4295678942,WRITES
A5034249017,I28022161,AFFILIATED_WITH
A5065084903,W2734557450,WRITES
A5065084903,I158438070,AFFILIATED_WITH
A5065084903,I4210123993,AFFILIATED_WITH
LOCAL_A000539,W4404051530,WRITES
LOCAL_A000539,I4210116268,AFFILIATED_WITH
A5101588922,W3045718937,WRITES
A5101588922,I159885104,AFFILIATED_WITH
A5101588922,I4210117271,AFFILIATED_WITH
A5047251015,W2997493078,WRITES
A5047251015,W2519522313,WRITES
A5047251015,W2676123895,WRITES
A5047251015,W2936657119,WRITES
A5047251015,W2626032508,WRITES
A5047251015,I11935315,AFFILIATED_WITH
A5047251015,I19894307,AFFILIATED_WITH
A5047251015,I4210159287,AFFILIATED_WITH
A5047251015,I1294671590,AFFILIATED_WITH
A5011083260,W7118452653,WRITES
A5011083260,I1296812847,AFFILIATED_WITH
A5011083260,I4210124077,AFFILIATED_WITH
A5053686396,W4394989468,WRITES
A5053686396,I4210100252,AFFILIATED_WITH
A5113863931,W2922328822,WRITES
A5113863931,I1283280774,AFFILIATED_WITH
A5121050176,W7160186769,WRITES
A5121050176,I80849659,AFFILIATED_WITH
A5120968951,W7116711994,WRITES
A5120968951,I80849659,AFFILIATED_WITH
A5066407131,W3082965775,WRITES
A5066407131,I182627622,AFFILIATED_WITH
A5066407131,I4210123993,AFFILIATED_WITH
A5088536141,W3000922636,WRITES
A5088536141,I177877127,AFFILIATED_WITH
A5039969130,W4391612257,WRITES
A5039969130,W4391474950,WRITES
A5039969130,W4392795430,WRITES
A5039969130,I169333911,AFFILIATED_WITH
A5039969130,I28022161,AFFILIATED_WITH
A5089278605,W3131552615,WRITES
A5089278605,I4210123993,AFFILIATED_WITH
A5044856217,W2169308829,WRITES
A5004179658,W7118452653,WRITES
A5004179658,I72227227,AFFILIATED_WITH
A5060302514,W4393190121,WRITES
A5060302514,I202539009,AFFILIATED_WITH
A5037481542,W4409606618,WRITES
A5037481542,I183638586,AFFILIATED_WITH
A5055505215,W2922328822,WRITES
A5055505215,I110200422,AFFILIATED_WITH
A5081246759,W4387958850,WRITES
A5081246759,I96673099,AFFILIATED_WITH
A5071898408,W2983803309,WRITES
A5048472994,W4283772388,WRITES
A5048472994,I182000528,AFFILIATED_WITH
A5048472994,I4210165529,AFFILIATED_WITH
A5048472994,I931278978,AFFILIATED_WITH
A5007693704,W4281920079,WRITES
A5007693704,W4303045635,WRITES
A5007693704,I99682543,AFFILIATED_WITH
A5064898960,W2979105539,WRITES
A5064898960,W2556584035,WRITES
A5064898960,W2592738442,WRITES
A5064898960,I4210123993,AFFILIATED_WITH
A5064898960,I8087733,AFFILIATED_WITH
A5064898960,I4210125796,AFFILIATED_WITH
A5052527227,W4409606618,WRITES
A5052527227,I35462925,AFFILIATED_WITH
A5111200579,W4387326361,WRITES
A5111200579,I302256491,AFFILIATED_WITH
A5021698878,W4387770997,WRITES
A5021698878,I32597200,AFFILIATED_WITH
A5021698878,I4210144364,AFFILIATED_WITH
A5021698878,I74801974,AFFILIATED_WITH
A5137964415,W7163654284,WRITES
A5137964415,I3133213403,AFFILIATED_WITH
A5034254599,W2920983499,WRITES
A5034254599,W2922328822,WRITES
A5110345358,W2883076324,WRITES
A5110345358,I4210111899,AFFILIATED_WITH
A5110345358,I4210123993,AFFILIATED_WITH
A5051445017,W4401892575,WRITES
A5051445017,I47726972,AFFILIATED_WITH
A5069022584,W2997493078,WRITES
A5069022584,W2519522313,WRITES
A5069022584,W2676123895,WRITES
A5069022584,W2936657119,WRITES
A5069022584,I11935315,AFFILIATED_WITH
A5069022584,I19894307,AFFILIATED_WITH
A5069022584,I4210159287,AFFILIATED_WITH
A5069022584,I1294671590,AFFILIATED_WITH
A5099120825,W4311970573,WRITES
A5099120825,I165737746,AFFILIATED_WITH
A5000049016,W2238461177,WRITES
A5000049016,I4210123993,AFFILIATED_WITH
A5005695272,W2754689785,WRITES
A5005695272,I4210123993,AFFILIATED_WITH
LOCAL_A000526,W7114984711,WRITES
LOCAL_A000526,W7115014505,WRITES
LOCAL_A000526,I142208455,AFFILIATED_WITH
A5040423202,W2958510524,WRITES
A5037640754,W2983803309,WRITES
A5037640754,W2767566591,WRITES
A5037640754,W3093833112,WRITES
A5109354723,W4211174566,WRITES
A5109354723,W2767566591,WRITES
A5109354723,W2180953235,WRITES
A5053823405,W3171997405,WRITES
A5053823405,W3207585979,WRITES
A5053823405,I6406202,AFFILIATED_WITH
A5053823405,I3132158071,AFFILIATED_WITH
A5103531940,W4406024089,WRITES
A5103531940,I150468666,AFFILIATED_WITH
A5103531940,I4210123993,AFFILIATED_WITH
A5103531940,I4210158018,AFFILIATED_WITH
A5059108095,W4312205612,WRITES
A5059108095,I4210118335,AFFILIATED_WITH
A5083021064,W1502995782,WRITES
A5083021064,I1340206300,AFFILIATED_WITH
A5083021064,I25390106,AFFILIATED_WITH
A5083021064,I2801607516,AFFILIATED_WITH
A5083021064,I4210087759,AFFILIATED_WITH
A5083021064,I4210123993,AFFILIATED_WITH
A5083021064,I4210146410,AFFILIATED_WITH
A5078250747,W1984435726,WRITES
A5078250747,I4210138169,AFFILIATED_WITH
A5078250747,I75717288,AFFILIATED_WITH
A5078250747,I98285908,AFFILIATED_WITH
A5069867157,W1984435726,WRITES
A5069867157,I163361683,AFFILIATED_WITH
A5069867157,I4210088637,AFFILIATED_WITH
A5069867157,I98285908,AFFILIATED_WITH
A5079116380,W4392281991,WRITES
A5079116380,I60134161,AFFILIATED_WITH
A5112177412,W4366448654,WRITES
A5112177412,I173009982,AFFILIATED_WITH
A5064861833,W2920983499,WRITES
A5064861833,W2922114288,WRITES
A5064861833,W2921306927,WRITES
A5064861833,W2921438491,WRITES
A5064861833,W2921662358,WRITES
A5064861833,W2921899614,WRITES
A5064861833,W2922328822,WRITES
A5064861833,I1283280774,AFFILIATED_WITH
A5064861833,I4210143899,AFFILIATED_WITH
A5034073288,W2921438491,WRITES
A5034073288,I135598925,AFFILIATED_WITH
A5034073288,I4210161116,AFFILIATED_WITH
A5038772426,W3199622387,WRITES
A5038772426,I4210097553,AFFILIATED_WITH
A5038772426,I4210122635,AFFILIATED_WITH
A5038772426,I4210130863,AFFILIATED_WITH
A5038772426,I4210137223,AFFILIATED_WITH
A5062199751,W4389485812,WRITES
A5062199751,I928334797,AFFILIATED_WITH
A5048556948,W4317382500,WRITES
A5048556948,W4288690019,WRITES
A5048556948,W4283766228,WRITES
A5048556948,W4361214286,WRITES
A5048556948,W4310339445,WRITES
A5048556948,W4389200921,WRITES
A5048556948,W4387519102,WRITES
A5048556948,W4307991005,WRITES
A5048556948,I124601658,AFFILIATED_WITH
A5048556948,I123565023,AFFILIATED_WITH
A5048556948,I170238339,AFFILIATED_WITH
A5048556948,I93860229,AFFILIATED_WITH
A5048556948,I4210119991,AFFILIATED_WITH
A5048556948,I4403928193,AFFILIATED_WITH
A5048556948,I160013858,AFFILIATED_WITH
A5072269422,W4315628232,WRITES
A5072269422,W4281285699,WRITES
A5072269422,W4378226923,WRITES
A5072269422,W4383814612,WRITES
A5072269422,I143578492,AFFILIATED_WITH
A5072269422,I43369023,AFFILIATED_WITH
A5120691163,W4417058714,WRITES
A5120691163,I142208455,AFFILIATED_WITH
A5017851662,W4414298067,WRITES
A5017851662,W4406558522,WRITES
A5017851662,W7162411051,WRITES
A5017851662,W4396694066,WRITES
A5017851662,I4210086947,AFFILIATED_WITH
A5017851662,I99542240,AFFILIATED_WITH
A5038719267,W2677270484,WRITES
A5038719267,I87216513,AFFILIATED_WITH
A5066757164,W2983803309,WRITES
A5089952804,W4289102291,WRITES
A5089952804,I85461943,AFFILIATED_WITH
A5014429224,W3216706421,WRITES
A5014429224,I4210123993,AFFILIATED_WITH
A5021556130,W2936657119,WRITES
A5021556130,I11935315,AFFILIATED_WITH
A5021556130,I1294671590,AFFILIATED_WITH
A5021556130,I4210159287,AFFILIATED_WITH
A5081805441,W2983803309,WRITES
A5022072785,W2566290954,WRITES
A5022072785,I55769427,AFFILIATED_WITH
A5065970712,W4392600430,WRITES
A5065970712,W4321250367,WRITES
A5065970712,W4392709346,WRITES
A5065970712,W4364375921,WRITES
A5065970712,I1332353952,AFFILIATED_WITH
A5073839152,W2555561595,WRITES
A5073839152,I4210123993,AFFILIATED_WITH
A5073839152,I4210125796,AFFILIATED_WITH
A5057183308,W2496171072,WRITES
A5057183308,I2802768257,AFFILIATED_WITH
A5057183308,I4210120009,AFFILIATED_WITH
A5057183308,I4210123993,AFFILIATED_WITH
A5028212671,W4360620764,WRITES
A5028212671,I79775147,AFFILIATED_WITH
A5015667422,W1975716766,WRITES
A5015667422,I118564535,AFFILIATED_WITH
A5015667422,I4210123993,AFFILIATED_WITH
A5015667422,I4210148311,AFFILIATED_WITH
A5015667422,I87101506,AFFILIATED_WITH
A5081876084,W4402131998,WRITES
A5081876084,I123338534,AFFILIATED_WITH
A5111317906,W4402307212,WRITES
A5111317906,I130442723,AFFILIATED_WITH
A5111317906,I4210117728,AFFILIATED_WITH
LOCAL_A000416,W4406110549,WRITES
LOCAL_A000416,I130442723,AFFILIATED_WITH
A5091975690,W4377047193,WRITES
A5069753355,W2920983499,WRITES
A5069753355,W2921438491,WRITES
A5069753355,I75717288,AFFILIATED_WITH
A5069753355,I1283280774,AFFILIATED_WITH
A5014407605,W4312329452,WRITES
A5014407605,I3133213403,AFFILIATED_WITH
A5007722052,W2172418087,WRITES
A5032368950,W4388757718,WRITES
A5032368950,I115715567,AFFILIATED_WITH
A5102015735,W4283772388,WRITES
A5102015735,I4210088963,AFFILIATED_WITH
A5102015735,I4210165529,AFFILIATED_WITH
A5102015735,I931278978,AFFILIATED_WITH
A5024748232,W4413118057,WRITES
A5024748232,I139398662,AFFILIATED_WITH
A5130155980,W7139092179,WRITES
A5130155980,I139398662,AFFILIATED_WITH
A5129852678,W7139092179,WRITES
A5126611252,W7131109455,WRITES
A5126611252,I4210143550,AFFILIATED_WITH
A5048707344,W4295678942,WRITES
A5048707344,I139398662,AFFILIATED_WITH
A5012013451,W4309873978,WRITES
A5012013451,I205746353,AFFILIATED_WITH
A5129952168,W7139092179,WRITES
A5129952168,I46080048,AFFILIATED_WITH
A5100623456,W4295678942,WRITES
A5100623456,W4383889516,WRITES
A5100623456,W4309873978,WRITES
A5100623456,W4391854472,WRITES
A5100623456,W4413118057,WRITES
A5100623456,W4387212021,WRITES
A5100623456,W4376873270,WRITES
A5100623456,I46080048,AFFILIATED_WITH
A5072567250,W4387212021,WRITES
A5072567250,I46080048,AFFILIATED_WITH
A5101974080,W7131109455,WRITES
A5101974080,W4410257773,WRITES
A5101974080,I4210090971,AFFILIATED_WITH
A5011087520,W4383889516,WRITES
A5011087520,I46080048,AFFILIATED_WITH
A5129896200,W7139092179,WRITES
A5101572022,W4376873270,WRITES
A5101572022,I4210144275,AFFILIATED_WITH
A5011324375,W4410257773,WRITES
A5011324375,I4210090971,AFFILIATED_WITH
A5085893079,W4295678942,WRITES
A5085893079,W7139092179,WRITES
A5085893079,W4309873978,WRITES
A5085893079,W4387212021,WRITES
A5091227553,W4283327689,WRITES
A5091227553,I4210123993,AFFILIATED_WITH
A5061370494,W4292749626,WRITES
A5061370494,I140172145,AFFILIATED_WITH
A5061370494,I15780179,AFFILIATED_WITH
A5061370494,I2800139702,AFFILIATED_WITH
A5061370494,I29236304,AFFILIATED_WITH
A5061370494,I4210091794,AFFILIATED_WITH
A5061370494,I4210096674,AFFILIATED_WITH
A5061370494,I4210115349,AFFILIATED_WITH
A5061370494,I4210117499,AFFILIATED_WITH
A5061370494,I4210123993,AFFILIATED_WITH
A5061370494,I4210131376,AFFILIATED_WITH
A5061370494,I4210146710,AFFILIATED_WITH
A5061370494,I4210146725,AFFILIATED_WITH
A5061370494,I4210150166,AFFILIATED_WITH
A5061370494,I4210154614,AFFILIATED_WITH
A5061370494,I4210159109,AFFILIATED_WITH
A5061370494,I4210164083,AFFILIATED_WITH
A5018056862,W4318476690,WRITES
A5018056862,I170013655,AFFILIATED_WITH
A5019298120,W4318476690,WRITES
A5019298120,W4379468618,WRITES
A5019298120,I112536369,AFFILIATED_WITH
A5008300007,W4319794083,WRITES
A5008300007,I56590836,AFFILIATED_WITH
A5060527763,W4288457039,WRITES
A5060527763,I101407740,AFFILIATED_WITH
A5060339388,W4392734781,WRITES
A5060339388,I151229976,AFFILIATED_WITH
A5044033680,W4408099539,WRITES
A5044033680,W4416440837,WRITES
A5044033680,W7160982211,WRITES
A5044033680,W7162127376,WRITES
A5044033680,W4406739004,WRITES
A5044033680,I204442077,AFFILIATED_WITH
A5044033680,I205274468,AFFILIATED_WITH
A5044033680,I4210123993,AFFILIATED_WITH
A5044033680,I2799725268,AFFILIATED_WITH
A5044033680,I28407311,AFFILIATED_WITH
A5045175158,W1902563258,WRITES
A5045175158,W1491100760,WRITES
A5045175158,W1604170348,WRITES
A5045175158,W2116401724,WRITES
A5045175158,I4210152550,AFFILIATED_WITH
A5045175158,I18960004,AFFILIATED_WITH
LOCAL_A000026,W7115881942,WRITES
LOCAL_A000026,W7115905231,WRITES
LOCAL_A000026,W7138834802,WRITES
LOCAL_A000026,I152743029,AFFILIATED_WITH
LOCAL_A000026,I2802587341,AFFILIATED_WITH
A5053533713,W4400933422,WRITES
A5053533713,W4415163764,WRITES
A5053533713,I173009982,AFFILIATED_WITH
A5077289428,W4394568521,WRITES
A5077289428,I4210104335,AFFILIATED_WITH
A5077289428,I848706,AFFILIATED_WITH
A5078382134,W4416386813,WRITES
A5078382134,W7160032096,WRITES
A5078382134,W7160136628,WRITES
A5078382134,W4405256347,WRITES
A5078382134,I152743029,AFFILIATED_WITH
A5078382134,I2802587341,AFFILIATED_WITH
A5028976017,W4317208165,WRITES
A5028976017,I153512688,AFFILIATED_WITH
A5067800126,W4392600430,WRITES
A5067800126,W4321250367,WRITES
A5067800126,W4392709346,WRITES
A5067800126,W4409462844,WRITES
A5067800126,W4364375921,WRITES
A5067800126,I1332353952,AFFILIATED_WITH
A5067800126,I4210148235,AFFILIATED_WITH
A5054960739,W4401892575,WRITES
A5054960739,I47818738,AFFILIATED_WITH
A5054960739,I91045830,AFFILIATED_WITH
A5019108633,W4411469856,WRITES
A5019108633,I2802508454,AFFILIATED_WITH
A5101359005,W4313260174,WRITES
A5101359005,I3124059619,AFFILIATED_WITH
A5034684238,W2767566591,WRITES
A5034684238,I4210131859,AFFILIATED_WITH
A5016409419,W2921306927,WRITES
A5049779869,W4376643991,WRITES
A5049779869,I4210141639,AFFILIATED_WITH
A5049779869,I62318514,AFFILIATED_WITH
A5100617659,W4409898812,WRITES
A5100617659,I4210137722,AFFILIATED_WITH
A5100617659,I47519274,AFFILIATED_WITH
A5084339206,W4402131998,WRITES
A5084339206,I2802304065,AFFILIATED_WITH
A5046825896,W2172418087,WRITES
A5019495317,W3131552615,WRITES
A5019495317,I4210119759,AFFILIATED_WITH
A5052145396,W2172418087,WRITES
A5052145396,W2983803309,WRITES
A5005077971,W2767566591,WRITES
A5005077971,W2180953235,WRITES
A5007649355,W4230184352,WRITES
A5073649293,W4401892575,WRITES
A5073649293,I154136665,AFFILIATED_WITH
A5042434513,W4404117162,WRITES
A5042434513,I52357470,AFFILIATED_WITH
A5108757199,W2172418087,WRITES
A5108757199,W2983803309,WRITES
A5045616383,W4283327689,WRITES
A5045616383,I4210123993,AFFILIATED_WITH
A5126349317,W7130418290,WRITES
A5126349317,I126406834,AFFILIATED_WITH
A5126349317,I130294970,AFFILIATED_WITH
A5088692992,W4308731653,WRITES
A5088692992,W4317382500,WRITES
A5088692992,W4288690019,WRITES
A5088692992,W4283766228,WRITES
A5088692992,W4361214286,WRITES
A5088692992,W4310339445,WRITES
A5088692992,W4389200921,WRITES
A5088692992,W4387519102,WRITES
A5088692992,W3207226598,WRITES
A5088692992,W4307991005,WRITES
A5088692992,I124601658,AFFILIATED_WITH
A5088692992,I4403928193,AFFILIATED_WITH
A5088692992,I93860229,AFFILIATED_WITH
A5088692992,I123565023,AFFILIATED_WITH
A5088692992,I170238339,AFFILIATED_WITH
A5088692992,I4210119991,AFFILIATED_WITH
A5088692992,I160013858,AFFILIATED_WITH
A5047445885,W2103748781,WRITES
A5047445885,I189158943,AFFILIATED_WITH
A5002775135,W4378983058,WRITES
A5002775135,I180670191,AFFILIATED_WITH
A5071253475,W3199842824,WRITES
A5071253475,I4210133559,AFFILIATED_WITH
A5023207047,W4211174566,WRITES
A5023207047,W3093833112,WRITES
A5026745688,W4401892575,WRITES
A5026745688,I199440890,AFFILIATED_WITH
A5026745688,I4210116098,AFFILIATED_WITH
A5026745688,I60342839,AFFILIATED_WITH
A5026745688,I95457486,AFFILIATED_WITH
A5135158832,W7160186769,WRITES
A5135158832,I4210136482,AFFILIATED_WITH
A5091046899,W4406110549,WRITES
A5091046899,I2801049591,AFFILIATED_WITH
A5044825873,W7116711994,WRITES
A5044825873,I4210136482,AFFILIATED_WITH
A5072701601,W4411344196,WRITES
A5072701601,W4386925533,WRITES
A5072701601,W4391645226,WRITES
A5072701601,W4414704940,WRITES
A5072701601,W4404993468,WRITES
A5072701601,W4411493130,WRITES
A5072701601,I170726198,AFFILIATED_WITH
A5043525540,W4206770842,WRITES
A5043525540,I3133086891,AFFILIATED_WITH
A5043525540,I32021983,AFFILIATED_WITH
A5043525540,I4210139239,AFFILIATED_WITH
A5052291165,W2997493078,WRITES
A5052291165,W2519522313,WRITES
A5052291165,W2676123895,WRITES
A5052291165,W2936657119,WRITES
A5052291165,W2626032508,WRITES
A5052291165,I11935315,AFFILIATED_WITH
A5052291165,I19894307,AFFILIATED_WITH
A5052291165,I4210159287,AFFILIATED_WITH
A5052291165,I1294671590,AFFILIATED_WITH
A5087105083,W4404051530,WRITES
A5087105083,I4210116268,AFFILIATED_WITH
A5039111818,W7135509405,WRITES
A5039111818,I4210123993,AFFILIATED_WITH
A5117799111,W4412995744,WRITES
A5117799111,I4210131196,AFFILIATED_WITH
A5117799111,I52357470,AFFILIATED_WITH
A5100383157,W4394568521,WRITES
A5100383157,I123900574,AFFILIATED_WITH
A5000392422,W2368006522,WRITES
A5000392422,I4210123993,AFFILIATED_WITH
A5101727536,W2379740815,WRITES
A5101727536,I4210123993,AFFILIATED_WITH
A5109582787,W4414708112,WRITES
A5109582787,W4409898812,WRITES
A5109582787,I114150738,AFFILIATED_WITH
A5109582787,I4210165704,AFFILIATED_WITH
A5068826746,W3128289046,WRITES
A5068826746,I4387154394,AFFILIATED_WITH
A5049942941,W3126625127,WRITES
A5049942941,I90090648,AFFILIATED_WITH
A5022132012,W4319297517,WRITES
A5022132012,I194450716,AFFILIATED_WITH
A5040018532,W4388411191,WRITES
A5040018532,W4389046658,WRITES
A5040018532,I91807558,AFFILIATED_WITH
A5060777701,W2983803309,WRITES
A5112206530,W4214758965,WRITES
A5112206530,W4393746121,WRITES
A5112206530,W4393804002,WRITES
A5112206530,I20942203,AFFILIATED_WITH
A5047754943,W4394784474,WRITES
A5047754943,W4382937971,WRITES
A5047754943,W4381716148,WRITES
A5047754943,I4210123993,AFFILIATED_WITH
A5070681699,W4379378793,WRITES
A5070681699,W4313592324,WRITES
A5070681699,W4398142941,WRITES
A5070681699,W4214599195,WRITES
A5070681699,W4284961454,WRITES
A5070681699,W4408787427,WRITES
A5070681699,I4210123993,AFFILIATED_WITH
A5121050124,W7116876344,WRITES
A5121050124,W7117874750,WRITES
A5121050124,W7135034164,WRITES
A5121050124,W7140412201,WRITES
A5121050124,I4210123993,AFFILIATED_WITH
A5118908313,W4412189097,WRITES
A5118908313,I4210123993,AFFILIATED_WITH
A5125541114,W7128533831,WRITES
A5050404323,W7125619734,WRITES
A5050404323,I60158472,AFFILIATED_WITH
A5012274597,W4410502019,WRITES
A5012274597,W4410502105,WRITES
A5012274597,I8775707,AFFILIATED_WITH
A5040172783,W4404755595,WRITES
A5040172783,I2802852271,AFFILIATED_WITH
A5040172783,I51158804,AFFILIATED_WITH
A5040172783,I135822937,AFFILIATED_WITH
A5044936759,W4413730202,WRITES
A5044936759,I4210123993,AFFILIATED_WITH
A5101325666,W4391612257,WRITES
A5101325666,I3129492623,AFFILIATED_WITH
A5101325666,I4388891809,AFFILIATED_WITH
LOCAL_A000653,W3206970384,WRITES
LOCAL_A000653,I4210096063,AFFILIATED_WITH
A5041542952,W3200554915,WRITES
A5041542952,I4210108426,AFFILIATED_WITH
A5081382082,W4229439478,WRITES
A5081382082,I4210123993,AFFILIATED_WITH
A5107042390,W7127955044,WRITES
A5107042390,I4210123993,AFFILIATED_WITH
A5079379433,W4392431566,WRITES
A5079379433,I12832649,AFFILIATED_WITH
A5100715903,W3135801482,WRITES
A5100715903,W3131228323,WRITES
A5100715903,I4210123993,AFFILIATED_WITH
A5078505911,W4387061466,WRITES
A5078505911,I4210123993,AFFILIATED_WITH
A5042141088,W4317106108,WRITES
A5042141088,W4386919259,WRITES
A5042141088,W4401050456,WRITES
A5042141088,W4411852273,WRITES
A5042141088,W4313148375,WRITES
A5042141088,W4384916536,WRITES
A5042141088,W4386851484,WRITES
A5042141088,W4386939450,WRITES
A5042141088,W4387028138,WRITES
A5042141088,W4396619621,WRITES
A5042141088,W4396628329,WRITES
A5042141088,W4402557116,WRITES
A5042141088,W4416426658,WRITES
A5042141088,W4416777431,WRITES
A5042141088,W4417058714,WRITES
A5042141088,W4361215744,WRITES
A5042141088,W4360620773,WRITES
A5042141088,W4313326743,WRITES
A5042141088,W7166028472,WRITES
A5042141088,W7166029693,WRITES
A5042141088,W7166030371,WRITES
A5042141088,W7166095928,WRITES
A5042141088,W4382323091,WRITES
A5042141088,W4366309491,WRITES
A5042141088,W4366090948,WRITES
A5042141088,W4225156173,WRITES
A5042141088,W4384026714,WRITES
A5042141088,W4385338636,WRITES
A5042141088,W4407064793,WRITES
A5042141088,W4399057462,WRITES
A5042141088,W4401198054,WRITES
A5042141088,W4388544034,WRITES
A5042141088,W4315781818,WRITES
A5042141088,W4384928263,WRITES
A5042141088,W4394744640,WRITES
A5042141088,W4394804920,WRITES
A5042141088,W4411711385,WRITES
A5042141088,I4210123993,AFFILIATED_WITH
A5042141088,I4210148201,AFFILIATED_WITH
A5042141088,I142208455,AFFILIATED_WITH
LOCAL_A000631,W7106298988,WRITES
LOCAL_A000631,I4210123993,AFFILIATED_WITH
A5136593842,W7161844670,WRITES
A5136593842,I4210123993,AFFILIATED_WITH
A5126923270,W7131672289,WRITES
A5126923270,I4210123993,AFFILIATED_WITH
A5130078012,W7138961853,WRITES
A5130078012,I4210123993,AFFILIATED_WITH
A5135380258,W7160251502,WRITES
A5135380258,I4210123993,AFFILIATED_WITH
A5107943446,W4388001683,WRITES
A5107943446,I4210123993,AFFILIATED_WITH
A5121813198,W7117993812,WRITES
A5121813198,I4210123993,AFFILIATED_WITH
A5101955675,W4404087784,WRITES
A5101955675,W7163742943,WRITES
A5101955675,I4210123993,AFFILIATED_WITH
A5005258745,W4403691949,WRITES
A5005258745,I4210123993,AFFILIATED_WITH
LOCAL_A000295,W3134302764,WRITES
LOCAL_A000295,I4210123993,AFFILIATED_WITH
A5040962133,W4225156173,WRITES
A5040962133,I4210123993,AFFILIATED_WITH
A5085620432,W3129870341,WRITES
A5085620432,I4210123993,AFFILIATED_WITH
LOCAL_A000622,W4410536451,WRITES
LOCAL_A000622,I109689652,AFFILIATED_WITH
A5112740426,W3173975414,WRITES
A5112740426,I123565023,AFFILIATED_WITH
A5138020603,W7163735877,WRITES
A5138020603,I4210123993,AFFILIATED_WITH
A5103560974,W4412189097,WRITES
A5059748553,W3212346744,WRITES
A5059748553,W4283741100,WRITES
A5059748553,I4210123993,AFFILIATED_WITH
LOCAL_A000218,W3199924602,WRITES
LOCAL_A000218,I4210123993,AFFILIATED_WITH
A5065859187,W4405934536,WRITES
A5065859187,W4406403584,WRITES
A5065859187,I4210148201,AFFILIATED_WITH
LOCAL_A000085,W4407261142,WRITES
LOCAL_A000085,I67868205,AFFILIATED_WITH
A5002160190,W4404117162,WRITES
A5002160190,I177733328,AFFILIATED_WITH
A5048753083,W3008389910,WRITES
A5048753083,W3206327856,WRITES
A5048753083,W4232993015,WRITES
A5048753083,I3129492623,AFFILIATED_WITH
A5089369458,W7164944821,WRITES
A5089369458,I4210122257,AFFILIATED_WITH
A5122423602,W7119881577,WRITES
A5122423602,I70349855,AFFILIATED_WITH
A5016925074,W4292688232,WRITES
A5016925074,I141445968,AFFILIATED_WITH
LOCAL_A000397,W4391445568,WRITES
LOCAL_A000397,I4210115718,AFFILIATED_WITH
A5097335407,W7125944245,WRITES
A5097335407,I4210123993,AFFILIATED_WITH
A5120946312,W7116340925,WRITES
A5120946312,I4210142044,AFFILIATED_WITH
A5039561939,W4391926108,WRITES
A5039561939,I120089902,AFFILIATED_WITH
A5065225644,W4391844119,WRITES
A5065225644,I70349855,AFFILIATED_WITH
A5055671335,W4399493353,WRITES
A5055671335,I94518387,AFFILIATED_WITH
A5101479540,W4235795462,WRITES
A5101479540,W4293169070,WRITES
A5101479540,W4200495764,WRITES
A5101479540,W4406828371,WRITES
A5101479540,I4210123993,AFFILIATED_WITH
A5042970296,W4327517834,WRITES
A5042970296,W4317383016,WRITES
A5042970296,I141445968,AFFILIATED_WITH
A5042970296,I4210123993,AFFILIATED_WITH
A5042970296,I4387155935,AFFILIATED_WITH
A5042970296,I47265099,AFFILIATED_WITH
LOCAL_A000412,W4405135580,WRITES
LOCAL_A000412,I4210131701,AFFILIATED_WITH
LOCAL_A000389,W4381683241,WRITES
LOCAL_A000389,W3159481389,WRITES
LOCAL_A000389,W4391844119,WRITES
LOCAL_A000389,I4210123993,AFFILIATED_WITH
LOCAL_A000389,I70349855,AFFILIATED_WITH
A5101662082,W4412161992,WRITES
A5101662082,I4210123993,AFFILIATED_WITH
A5138204528,W7164045742,WRITES
A5138204528,I4210123993,AFFILIATED_WITH
A5062616301,W4399494815,WRITES
A5062616301,I177233841,AFFILIATED_WITH
A5062616301,I4210123993,AFFILIATED_WITH
A5003396849,W4414298067,WRITES
A5003396849,W4415557159,WRITES
A5003396849,W4280493801,WRITES
A5003396849,W4293317947,WRITES
A5003396849,W4377002350,WRITES
A5003396849,W4388504124,WRITES
A5003396849,W4403520191,WRITES
A5003396849,W4403897111,WRITES
A5003396849,W4406558522,WRITES
A5003396849,W4386846486,WRITES
A5003396849,W4397009991,WRITES
A5003396849,W4400346316,WRITES
A5003396849,W4410891208,WRITES
A5003396849,W4413106375,WRITES
A5003396849,W4285025417,WRITES
A5003396849,W4310675866,WRITES
A5003396849,W4396694066,WRITES
A5003396849,W4400422349,WRITES
A5003396849,W4403638785,WRITES
A5003396849,W4408050037,WRITES
A5003396849,W4399072242,WRITES
A5003396849,W4413400898,WRITES
A5003396849,W4400826303,WRITES
A5003396849,W4414023921,WRITES
A5003396849,W4398164532,WRITES
A5003396849,W4400892685,WRITES
A5003396849,W4412835397,WRITES
A5003396849,W4405989709,WRITES
A5003396849,W4411152176,WRITES
A5003396849,W4387082937,WRITES
A5003396849,W4388465055,WRITES
A5003396849,W4291123701,WRITES
A5003396849,W4393322250,WRITES
A5003396849,W4364320790,WRITES
A5003396849,W4387788657,WRITES
A5003396849,W4411096246,WRITES
A5003396849,W4399493353,WRITES
A5003396849,W4402341077,WRITES
A5003396849,I4210142044,AFFILIATED_WITH
A5003396849,I4210123993,AFFILIATED_WITH
A5003396849,I4210131701,AFFILIATED_WITH
A5003396849,I196051555,AFFILIATED_WITH
A5003396849,I99464096,AFFILIATED_WITH
A5003396849,I23582244,AFFILIATED_WITH
A5003396849,I4210136724,AFFILIATED_WITH
A5125402023,W7128391453,WRITES
A5125402023,I4210142044,AFFILIATED_WITH
A5136998865,W7162411051,WRITES
A5136998865,I4210123993,AFFILIATED_WITH
A5136998865,I4210136724,AFFILIATED_WITH
A5127824099,W7133226126,WRITES
A5127824099,I4210142044,AFFILIATED_WITH
A5125177715,W7127959413,WRITES
A5125177715,I4210142044,AFFILIATED_WITH
A5107334594,W4400889849,WRITES
A5107334594,W4407159495,WRITES
A5107334594,W7155517813,WRITES
A5107334594,I4210123993,AFFILIATED_WITH
A5101888078,W4400832621,WRITES
A5101888078,I202539009,AFFILIATED_WITH
A5127869048,W7163582689,WRITES
A5127869048,I18550681,AFFILIATED_WITH
A5047638529,W4410916652,WRITES
A5047638529,I3129492623,AFFILIATED_WITH
A5047638529,I4210148897,AFFILIATED_WITH
A5106977164,W4409038887,WRITES
A5106977164,I4210123993,AFFILIATED_WITH
A5015953024,W3203312421,WRITES
A5015953024,W3088810769,WRITES
A5015953024,W3090567294,WRITES
A5015953024,W3148383904,WRITES
A5015953024,W3205098776,WRITES
A5015953024,W4390457208,WRITES
A5015953024,W4294839230,WRITES
A5015953024,W3096351903,WRITES
A5015953024,I141445968,AFFILIATED_WITH
A5135708090,W7160652072,WRITES
A5135708090,I4210123993,AFFILIATED_WITH
A5068820312,W7163582689,WRITES
A5068820312,I4210123993,AFFILIATED_WITH
A5123209213,W7124434172,WRITES
A5123209213,I177733328,AFFILIATED_WITH
A5122877860,W7123357215,WRITES
A5122877860,I177733328,AFFILIATED_WITH
A5015269024,W4412569248,WRITES
A5015269024,W4416734647,WRITES
A5015269024,W4416900077,WRITES
A5015269024,W4417319514,WRITES
A5015269024,W7131786424,WRITES
A5015269024,W4412843188,WRITES
A5015269024,W4403638785,WRITES
A5015269024,W4413400898,WRITES
A5015269024,W4411037455,WRITES
A5015269024,W4414023921,WRITES
A5015269024,W4400892685,WRITES
A5015269024,W4402341077,WRITES
A5015269024,I177733328,AFFILIATED_WITH
A5109033530,W4286929179,WRITES
A5109033530,I4210119841,AFFILIATED_WITH
A5109033530,I70349855,AFFILIATED_WITH
A5052434957,W4385213631,WRITES
A5116144841,W4407130410,WRITES
A5116144841,I142208455,AFFILIATED_WITH
A5124393123,W7126182670,WRITES
A5124393123,I64519617,AFFILIATED_WITH
A5034087931,W4381988114,WRITES
A5034087931,I94518387,AFFILIATED_WITH
A5036830029,W4296598416,WRITES
A5036830029,I3132567084,AFFILIATED_WITH
A5107899843,W7118869195,WRITES
A5107899843,I4210124651,AFFILIATED_WITH
A5101541497,W3040505135,WRITES
A5101541497,I12450925,AFFILIATED_WITH
LOCAL_A000084,W4407261142,WRITES
LOCAL_A000084,W4406874864,WRITES
LOCAL_A000084,W4405417000,WRITES
LOCAL_A000084,I67868205,AFFILIATED_WITH
LOCAL_A000084,I177233841,AFFILIATED_WITH
A5102772323,W4404245825,WRITES
A5102772323,I67868205,AFFILIATED_WITH
A5080025175,W4417297452,WRITES
A5080025175,I70349855,AFFILIATED_WITH
A5007017513,W4389397671,WRITES
A5007017513,W4400010516,WRITES
A5007017513,I4210123993,AFFILIATED_WITH
LOCAL_A000520,W7114984711,WRITES
LOCAL_A000520,W7115014505,WRITES
LOCAL_A000520,I142208455,AFFILIATED_WITH
LOCAL_A000520,I4210123993,AFFILIATED_WITH
LOCAL_A000707,W4391777722,WRITES
LOCAL_A000707,I4210115343,AFFILIATED_WITH
A5048155073,W4214738594,WRITES
A5048155073,I4210151045,AFFILIATED_WITH
A5112681572,W3196785563,WRITES
A5112681572,W4296598416,WRITES
A5112681572,W4308970419,WRITES
A5112681572,I4210123993,AFFILIATED_WITH
A5112681572,I4210125903,AFFILIATED_WITH
A5109724358,W4391777722,WRITES
A5109724358,W4399007353,WRITES
A5109724358,I4210115343,AFFILIATED_WITH
A5123940368,W7125821153,WRITES
A5123940368,I79775147,AFFILIATED_WITH
A5101205933,W4378084553,WRITES
A5101205933,I170238339,AFFILIATED_WITH
A5101205933,I29199639,AFFILIATED_WITH
A5024654850,W3195977773,WRITES
A5024654850,W3089377971,WRITES
A5024654850,W3089696556,WRITES
A5024654850,W3021273088,WRITES
A5024654850,W3164075327,WRITES
A5024654850,W4380083807,WRITES
A5024654850,W4410810484,WRITES
A5024654850,W3034897084,WRITES
A5024654850,W3118494691,WRITES
A5024654850,W4206403931,WRITES
A5024654850,W4404952803,WRITES
A5024654850,W4410124353,WRITES
A5024654850,W3013846497,WRITES
A5024654850,I4210123993,AFFILIATED_WITH
A5128730894,W7140101445,WRITES
A5128730894,I2802508454,AFFILIATED_WITH
A5036924759,W3200200655,WRITES
A5036924759,I4210123993,AFFILIATED_WITH
A5025155792,W3213396050,WRITES
A5025155792,I4210138918,AFFILIATED_WITH
A5050610976,W4379058433,WRITES
A5050610976,I4387155935,AFFILIATED_WITH
A5050610976,I47265099,AFFILIATED_WITH
A5024027185,W3138092914,WRITES
A5024027185,W3201649873,WRITES
A5024027185,W3212008025,WRITES
A5024027185,W3136825017,WRITES
A5024027185,W3199544892,WRITES
A5024027185,W3199887413,WRITES
A5024027185,W3200418864,WRITES
A5024027185,W3212358114,WRITES
A5024027185,W3214427605,WRITES
A5024027185,I4210123993,AFFILIATED_WITH
A5047566421,W2339729704,WRITES
A5047566421,I170238339,AFFILIATED_WITH
A5047566421,I70349855,AFFILIATED_WITH
A5050055502,W4417297452,WRITES
A5050055502,W4403137041,WRITES
A5050055502,I70349855,AFFILIATED_WITH
A5061584198,W4417297452,WRITES
A5061584198,I70349855,AFFILIATED_WITH
LOCAL_A000445,W4411689146,WRITES
LOCAL_A000445,I4210123993,AFFILIATED_WITH
A5015461915,W4414229364,WRITES
A5015461915,I142401562,AFFILIATED_WITH
A5008728596,W4407742590,WRITES
A5032091221,W4399490801,WRITES
A5032091221,W4408185919,WRITES
A5032091221,I79775147,AFFILIATED_WITH
A5102793218,W3089696556,WRITES
A5102793218,I170238339,AFFILIATED_WITH
A5070726803,W4378084553,WRITES
A5070726803,W4320727717,WRITES
A5070726803,W4384818111,WRITES
A5070726803,W4380738569,WRITES
A5070726803,W4400350350,WRITES
A5070726803,W4386854305,WRITES
A5070726803,I170238339,AFFILIATED_WITH
A5070726803,I29199639,AFFILIATED_WITH
A5070726803,I4210123993,AFFILIATED_WITH
A5059615758,W4384818111,WRITES
A5059615758,W4380738569,WRITES
A5059615758,W4386854305,WRITES
A5059615758,I4210093659,AFFILIATED_WITH
A5086143812,W4224003837,WRITES
A5086143812,W4281558467,WRITES
A5086143812,W4408200799,WRITES
A5086143812,W4410810274,WRITES
A5086143812,W3175834700,WRITES
A5086143812,W4311364086,WRITES
A5086143812,W3096149152,WRITES
A5086143812,I202539009,AFFILIATED_WITH
A5086143812,I120089902,AFFILIATED_WITH
A5037139048,W7163886815,WRITES
A5037139048,W7124434172,WRITES
A5037139048,W7154041191,WRITES
A5037139048,I110617504,AFFILIATED_WITH
A5037139048,I91951123,AFFILIATED_WITH
A5045269587,W4380265524,WRITES
A5045269587,I4210123993,AFFILIATED_WITH
A5100394494,W4411626447,WRITES
A5100394494,I67900169,AFFILIATED_WITH
A5028577107,W4221131148,WRITES
A5028577107,I205984670,AFFILIATED_WITH
A5072201492,W3194887689,WRITES
A5072201492,W4206228720,WRITES
A5072201492,W2964862300,WRITES
A5072201492,W2888586085,WRITES
A5072201492,W3108106393,WRITES
A5072201492,W4207051394,WRITES
A5072201492,W4291178975,WRITES
A5072201492,W2965644806,WRITES
A5072201492,W4283748022,WRITES
A5072201492,W4386547305,WRITES
A5072201492,W4285266850,WRITES
A5072201492,W4313396687,WRITES
A5072201492,W4396680807,WRITES
A5072201492,W3203242018,WRITES
A5072201492,W3172560453,WRITES
A5072201492,W4294982649,WRITES
A5072201492,W3206545182,WRITES
A5072201492,W4379382643,WRITES
A5072201492,W4313586752,WRITES
A5072201492,W3195104377,WRITES
A5072201492,W4387757625,WRITES
A5072201492,W3196164652,WRITES
A5072201492,W3214362572,WRITES
A5072201492,W3096351903,WRITES
A5072201492,W3096149152,WRITES
A5072201492,W7137090518,WRITES
A5072201492,I142208455,AFFILIATED_WITH
A5091523962,W4304128614,WRITES
A5091523962,I139322472,AFFILIATED_WITH
A5060162053,W4385413477,WRITES
A5060162053,W4394617350,WRITES
A5060162053,W4402124965,WRITES
A5060162053,W4394595654,WRITES
A5060162053,I63135867,AFFILIATED_WITH
A5112893838,W4319297517,WRITES
A5112893838,I63135867,AFFILIATED_WITH
A5045513289,W4396898790,WRITES
A5045513289,I82952536,AFFILIATED_WITH
A5100645455,W4284963908,WRITES
A5100645455,I82952536,AFFILIATED_WITH
A5100645455,I882248123,AFFILIATED_WITH
A5057217204,W4309737898,WRITES
A5057217204,I182000528,AFFILIATED_WITH
A5057217204,I192398990,AFFILIATED_WITH
A5057217204,I4400009028,AFFILIATED_WITH
A5057217204,I56306041,AFFILIATED_WITH
A5061973812,W3131063929,WRITES
A5061973812,I72539421,AFFILIATED_WITH
A5061973812,I76835614,AFFILIATED_WITH
A5068268080,W4206770842,WRITES
A5068268080,W7153004412,WRITES
A5068268080,W4385588402,WRITES
A5068268080,W4319794083,WRITES
A5068268080,W4313568168,WRITES
A5068268080,W4385588222,WRITES
A5068268080,W4283790096,WRITES
A5068268080,I4210123993,AFFILIATED_WITH
A5068268080,I4210131701,AFFILIATED_WITH
A5009533013,W4396898790,WRITES
A5009533013,I88017793,AFFILIATED_WITH
A5009533013,I142608572,AFFILIATED_WITH
A5019242451,W4412728291,WRITES
A5019242451,I189575948,AFFILIATED_WITH
A5081105220,W4313408409,WRITES
A5081105220,I215927,AFFILIATED_WITH
A5067485345,W4410257773,WRITES
A5067485345,I132735039,AFFILIATED_WITH
A5104001656,W4383889516,WRITES
A5104001656,W4387212021,WRITES
A5104001656,I46080048,AFFILIATED_WITH
A5024312801,W4402696133,WRITES
A5024312801,W4407615544,WRITES
A5024312801,W4412455529,WRITES
A5024312801,I196355604,AFFILIATED_WITH
A5024312801,I30849647,AFFILIATED_WITH
A5085914326,W4322743240,WRITES
A5085914326,I86958956,AFFILIATED_WITH
A5034938372,W4396875764,WRITES
A5034938372,I117965899,AFFILIATED_WITH
A5067624332,W4309737898,WRITES
A5067624332,I135237710,AFFILIATED_WITH
A5010532815,W4320917642,WRITES
A5010532815,I137407579,AFFILIATED_WITH
A5010532815,I4210164694,AFFILIATED_WITH
A5088345418,W3200896269,WRITES
A5088345418,W4310266380,WRITES
A5088345418,I141059654,AFFILIATED_WITH
A5088345418,I4388891800,AFFILIATED_WITH
A5109514994,W4286008072,WRITES
A5109514994,I4210124230,AFFILIATED_WITH
A5074219943,W4408185919,WRITES
A5074219943,I204778367,AFFILIATED_WITH
A5041057723,W4212864265,WRITES
A5041057723,W3203312421,WRITES
A5041057723,W3199087809,WRITES
A5041057723,W3155045737,WRITES
A5041057723,W4294839230,WRITES
A5041057723,I152815399,AFFILIATED_WITH
A5033684516,W4391854472,WRITES
A5033684516,I55240360,AFFILIATED_WITH
A5063236562,W4401467334,WRITES
A5023462796,W4412488217,WRITES
A5023462796,I3129984471,AFFILIATED_WITH
A5023462796,I85461943,AFFILIATED_WITH
A5035648668,W4313465680,WRITES
A5035648668,I119025939,AFFILIATED_WITH
A5014472521,W7163067228,WRITES
A5014472521,I38538140,AFFILIATED_WITH
A5074474395,W2983803309,WRITES
A5074474395,I4210157079,AFFILIATED_WITH
A5117323253,W4409823968,WRITES
A5117323253,I2608206482,AFFILIATED_WITH
A5071407430,W2561235885,WRITES
A5071407430,I2800593602,AFFILIATED_WITH
A5071407430,I38686511,AFFILIATED_WITH
A5071407430,I4210123993,AFFILIATED_WITH
A5020053167,W4417007013,WRITES
A5020053167,W7126022358,WRITES
A5020053167,W7126088191,WRITES
A5020053167,I161371597,AFFILIATED_WITH
A5035316905,W7118452653,WRITES
A5035316905,I4210102512,AFFILIATED_WITH
LOCAL_A000485,W7108322544,WRITES
LOCAL_A000485,W7108328204,WRITES
LOCAL_A000485,I4210102512,AFFILIATED_WITH
A5054723226,W7159983385,WRITES
A5054723226,I86677382,AFFILIATED_WITH
A5029649717,W2149994558,WRITES
A5018757905,W4415163764,WRITES
A5018757905,I173009982,AFFILIATED_WITH
A5104084941,W2166834409,WRITES
A5064103828,W4312205612,WRITES
A5064103828,I4210118335,AFFILIATED_WITH
A5102896013,W4312205612,WRITES
A5102896013,I4210118335,AFFILIATED_WITH
A5006178080,W4413618970,WRITES
A5006178080,I28777354,AFFILIATED_WITH
A5085509570,W4288082210,WRITES
A5085509570,W4285275020,WRITES
A5085509570,I168635309,AFFILIATED_WITH
A5085509570,I2801954088,AFFILIATED_WITH
A5085509570,I4210152146,AFFILIATED_WITH
A5085509570,I141445968,AFFILIATED_WITH
A5068882573,W4311364086,WRITES
A5068882573,I106969075,AFFILIATED_WITH
A5066814201,W4225812594,WRITES
A5066814201,I3124969661,AFFILIATED_WITH
A5081530810,W4288457039,WRITES
A5081530810,I59272784,AFFILIATED_WITH
A5059897834,W4415093469,WRITES
A5059897834,I82571370,AFFILIATED_WITH
A5112827539,W4253353920,WRITES
A5112827539,I4210148897,AFFILIATED_WITH
A5112827539,I71270174,AFFILIATED_WITH
A5112827539,I63525965,AFFILIATED_WITH
A5110152999,W4409554317,WRITES
A5110152999,I28022161,AFFILIATED_WITH
A5065836015,W7160446495,WRITES
A5065836015,W7163654284,WRITES
A5065836015,I2799392579,AFFILIATED_WITH
A5065836015,I4392738060,AFFILIATED_WITH
A5065836015,I4210129200,AFFILIATED_WITH
A5065836015,I904090387,AFFILIATED_WITH
A5030164268,W4406548207,WRITES
A5030164268,I8961855,AFFILIATED_WITH
LOCAL_A000510,W7108322544,WRITES
LOCAL_A000510,W7108328204,WRITES
LOCAL_A000510,I4210125530,AFFILIATED_WITH
A5045312477,W4412728291,WRITES
A5045312477,W4390279411,WRITES
A5045312477,I4210162839,AFFILIATED_WITH
A5036595306,W7163867813,WRITES
A5036595306,I4210162839,AFFILIATED_WITH
A5028272884,W4401225747,WRITES
A5028272884,W4317434823,WRITES
A5028272884,I4210140379,AFFILIATED_WITH
A5028272884,I3124059619,AFFILIATED_WITH
A5060053093,W4322628962,WRITES
A5060053093,I174731842,AFFILIATED_WITH
A5039756985,W3167511430,WRITES
A5039756985,I158708052,AFFILIATED_WITH
A5039756985,I98301867,AFFILIATED_WITH
A5015670985,W3200738788,WRITES
A5015670985,I4210097553,AFFILIATED_WITH
A5015670985,I4210122635,AFFILIATED_WITH
A5015670985,I4210130863,AFFILIATED_WITH
A5015670985,I4210137223,AFFILIATED_WITH
A5074050779,W4413618970,WRITES
A5074050779,I118347636,AFFILIATED_WITH
A5085127149,W4412488217,WRITES
A5085127149,I134359838,AFFILIATED_WITH
A5085127149,I4391767729,AFFILIATED_WITH
A5116462496,W4408053749,WRITES
A5116462496,I4210123993,AFFILIATED_WITH
A5036024169,W4320917642,WRITES
A5036024169,I4575257,AFFILIATED_WITH
A5014271929,W4319791725,WRITES
A5014271929,I203899302,AFFILIATED_WITH
A5042960304,W4313260174,WRITES
A5042960304,I3124059619,AFFILIATED_WITH
A5024449095,W4280639034,WRITES
A5024449095,W4315628232,WRITES
A5024449095,W4385755928,WRITES
A5024449095,W4283780422,WRITES
A5024449095,W4280534488,WRITES
A5024449095,W4387842287,WRITES
A5024449095,I4210143550,AFFILIATED_WITH
A5024449095,I80947539,AFFILIATED_WITH
A5013475006,W4313558926,WRITES
A5013475006,I180437899,AFFILIATED_WITH
A5040248665,W4411626447,WRITES
A5040248665,I28777354,AFFILIATED_WITH
A5123993505,W7125821153,WRITES
A5123993505,I4210133503,AFFILIATED_WITH
A5010730262,W4281561494,WRITES
A5010730262,I142608572,AFFILIATED_WITH
LOCAL_A000516,W7108322544,WRITES
LOCAL_A000516,W7108328204,WRITES
LOCAL_A000516,I45129253,AFFILIATED_WITH
A5107918911,W4391854472,WRITES
A5107918911,I28022161,AFFILIATED_WITH
A5008780017,W3194887689,WRITES
A5008780017,W4281558467,WRITES
A5008780017,W3212618266,WRITES
A5008780017,W3212946760,WRITES
A5008780017,W4286493883,WRITES
A5008780017,W4295932126,WRITES
A5008780017,W3207721761,WRITES
A5008780017,W4220910670,WRITES
A5008780017,I153455119,AFFILIATED_WITH
A5008780017,I151727225,AFFILIATED_WITH
A5008780017,I143578492,AFFILIATED_WITH
A5117182966,W4409518500,WRITES
A5117182966,I2608206482,AFFILIATED_WITH
A5076286685,W4415927132,WRITES
A5076286685,I142631665,AFFILIATED_WITH
A5076286685,I197681013,AFFILIATED_WITH
A5076286685,I4210126119,AFFILIATED_WITH
A5050096200,W4286432941,WRITES
A5050096200,W4286432932,WRITES
A5050096200,W4286432936,WRITES
A5050096200,W4294187926,WRITES
A5050096200,W4294187927,WRITES
A5050096200,I202539009,AFFILIATED_WITH
A5000170087,W4292367284,WRITES
A5000170087,I202539009,AFFILIATED_WITH
A5058668108,W4408960506,WRITES
A5058668108,W4401433803,WRITES
A5058668108,I4210123993,AFFILIATED_WITH
A5092900286,W4386851484,WRITES
LOCAL_A000555,W7133226126,WRITES
LOCAL_A000555,I123565023,AFFILIATED_WITH
LOCAL_A000555,I47265099,AFFILIATED_WITH
A5080476765,W4414298067,WRITES
A5080476765,W4388504124,WRITES
A5080476765,W4403897111,WRITES
A5080476765,W4413106375,WRITES
A5080476765,W4400422349,WRITES
A5080476765,W4408050037,WRITES
A5080476765,W4403691949,WRITES
A5080476765,W4400826303,WRITES
A5080476765,W4405989709,WRITES
A5080476765,W4411096246,WRITES
A5080476765,I123565023,AFFILIATED_WITH
A5080476765,I47265099,AFFILIATED_WITH
A5080476765,I4210104442,AFFILIATED_WITH
A5123217918,W7124450611,WRITES
A5123217918,I123565023,AFFILIATED_WITH
A5123217918,I23582244,AFFILIATED_WITH
A5003970144,W3136506403,WRITES
A5003970144,I4210123993,AFFILIATED_WITH
A5026900647,W3208505995,WRITES
A5026900647,I4210111957,AFFILIATED_WITH
A5120448212,W7128391453,WRITES
A5120448212,I4210137425,AFFILIATED_WITH
A5078263828,W3205232137,WRITES
A5078263828,I123565023,AFFILIATED_WITH
A5078263828,I23582244,AFFILIATED_WITH
A5118648875,W4411689146,WRITES
A5118648875,I267427436,AFFILIATED_WITH
A5084718407,W4365790216,WRITES
A5084718407,I3132999081,AFFILIATED_WITH
A5076032909,W2983803309,WRITES
A5076032909,W3093833112,WRITES
A5076032909,I4210147407,AFFILIATED_WITH
A5016661114,W4394998479,WRITES
A5016661114,I138622004,AFFILIATED_WITH
A5101974200,W4408446899,WRITES
A5101974200,I177733328,AFFILIATED_WITH
A5101974200,I4387155212,AFFILIATED_WITH
A5121620694,W7165570983,WRITES
A5121620694,I2802508454,AFFILIATED_WITH
A5093538491,W4392346702,WRITES
A5093538491,I49382586,AFFILIATED_WITH
LOCAL_A000679,W4253353920,WRITES
LOCAL_A000266,W4312656552,WRITES
A5125097696,W7136207794,WRITES
A5125097696,I2802849423,AFFILIATED_WITH
LOCAL_A000348,W4285191318,WRITES
LOCAL_A000368,W4285191318,WRITES
LOCAL_A000200,W4293221027,WRITES
LOCAL_A000703,W4253353920,WRITES
LOCAL_A000260,W4312656552,WRITES
LOCAL_A000360,W4285191318,WRITES
LOCAL_A000359,W4285191318,WRITES
A5080989266,W3138728005,WRITES
A5080989266,I4210123993,AFFILIATED_WITH
LOCAL_A000681,W4253353920,WRITES
A5133110342,W7151601401,WRITES
A5133110342,I4210123993,AFFILIATED_WITH
A5022877453,W4381833251,WRITES
A5029402778,W4399490801,WRITES
A5029402778,I8692664,AFFILIATED_WITH
A5036952833,W4410855018,WRITES
A5036952833,I4210134642,AFFILIATED_WITH
A5025220393,W4213035113,WRITES
A5025220393,I4210123993,AFFILIATED_WITH
A5136943832,W7162318469,WRITES
A5136943832,I3130643134,AFFILIATED_WITH
A5106982387,W4402190902,WRITES
A5106982387,I4210123993,AFFILIATED_WITH
A5056170160,W7118869195,WRITES
A5056170160,I4210124651,AFFILIATED_WITH
A5107976280,W4404032082,WRITES
A5107976280,W4405108720,WRITES
A5107976280,W4403714892,WRITES
A5107976280,I4210123993,AFFILIATED_WITH
A5107947365,W4393334210,WRITES
A5107947365,W4292787526,WRITES
A5107947365,W4392346702,WRITES
A5107947365,I4210123993,AFFILIATED_WITH
A5107947365,I177733328,AFFILIATED_WITH
A5071255604,W4383484815,WRITES
A5071255604,I4210095523,AFFILIATED_WITH
A5136911368,W7162318469,WRITES
A5136911368,I41802502,AFFILIATED_WITH
A5086241692,W4376891951,WRITES
A5086241692,I201537933,AFFILIATED_WITH
A5086241692,I4210162022,AFFILIATED_WITH
A5136910116,W7162318469,WRITES
A5136910116,I1925986,AFFILIATED_WITH
A5136910116,I4210123993,AFFILIATED_WITH
A5054983995,W4389617125,WRITES
A5054983995,W4395449962,WRITES
A5054983995,I185523456,AFFILIATED_WITH
A5107841618,W7162318469,WRITES
A5107841618,I74801974,AFFILIATED_WITH
A5040929731,W4389617125,WRITES
A5040929731,I165932596,AFFILIATED_WITH
A5091726191,W4407763579,WRITES
A5091726191,I4210095101,AFFILIATED_WITH
A5136914265,W7162318469,WRITES
A5136914265,I74801974,AFFILIATED_WITH
A5136896145,W7162318469,WRITES
A5136896145,I74801974,AFFILIATED_WITH
A5111348471,W4283390991,WRITES
A5111348471,I170238339,AFFILIATED_WITH
A5111348471,I4210115718,AFFILIATED_WITH
A5111348471,I4210159515,AFFILIATED_WITH
A5034987468,W4409377644,WRITES
A5108531741,W3201553504,WRITES
A5108531741,I177733328,AFFILIATED_WITH
A5112633397,W4406489951,WRITES
A5112633397,I4210115718,AFFILIATED_WITH
LOCAL_A000531,W4406489951,WRITES
LOCAL_A000531,I4210115718,AFFILIATED_WITH
LOCAL_A000591,W4403302339,WRITES
LOCAL_A000591,I170238339,AFFILIATED_WITH
LOCAL_A000537,W4283390991,WRITES
LOCAL_A000537,I170238339,AFFILIATED_WITH
LOCAL_A000537,I4210115718,AFFILIATED_WITH
LOCAL_A000537,I4210159515,AFFILIATED_WITH
A5001100117,W3168535772,WRITES
A5001100117,I4210123993,AFFILIATED_WITH
A5001100117,I4210141768,AFFILIATED_WITH
A5001100117,I848706,AFFILIATED_WITH
A5112560699,W3081948563,WRITES
A5112560699,I4210123993,AFFILIATED_WITH
A5110918074,W4403302339,WRITES
A5110918074,I3129492623,AFFILIATED_WITH
A5011004624,W4385496343,WRITES
A5011004624,I4210137358,AFFILIATED_WITH
LOCAL_A000590,W4403302339,WRITES
LOCAL_A000590,I4210115718,AFFILIATED_WITH
A5071460878,W4200131528,WRITES
A5071460878,W4307968637,WRITES
A5071460878,I170238339,AFFILIATED_WITH
A5027082692,W4376127221,WRITES
A5027082692,I4210123755,AFFILIATED_WITH
A5109666631,W4399348657,WRITES
LOCAL_A000302,W4214758965,WRITES
LOCAL_A000302,I4210101969,AFFILIATED_WITH
LOCAL_A000302,I4391012539,AFFILIATED_WITH
LOCAL_A000304,W4226229689,WRITES
LOCAL_A000304,I123565023,AFFILIATED_WITH
LOCAL_A000304,I13590829,AFFILIATED_WITH
LOCAL_A000304,I4210123993,AFFILIATED_WITH
A5002233566,W4226071606,WRITES
A5002233566,I123565023,AFFILIATED_WITH
A5002233566,I182526193,AFFILIATED_WITH
A5002233566,I23582244,AFFILIATED_WITH
A5064483608,W4284993592,WRITES
A5064483608,I208356959,AFFILIATED_WITH
A5043301027,W4385440069,WRITES
A5013417975,W4390344721,WRITES
A5013417975,I70349855,AFFILIATED_WITH
A5048741163,W4221099258,WRITES
A5048741163,W4200618519,WRITES
A5048741163,I19880235,AFFILIATED_WITH
A5077974169,W4229530795,WRITES
A5077974169,W4232741222,WRITES
A5077974169,W4243499502,WRITES
A5077974169,W4256537277,WRITES
A5077974169,I4210123993,AFFILIATED_WITH
A5089075317,W4232243370,WRITES
A5089075317,W4256296284,WRITES
A5089075317,I4210123993,AFFILIATED_WITH
LOCAL_A000606,W4388208017,WRITES
LOCAL_A000606,I123565023,AFFILIATED_WITH
A5101640847,W3125825717,WRITES
A5101640847,I123565023,AFFILIATED_WITH
A5101640847,I228151691,AFFILIATED_WITH
A5101640847,I4210123993,AFFILIATED_WITH
A5100461427,W2368521880,WRITES
A5034514715,W4283723303,WRITES
A5034514715,I3129754710,AFFILIATED_WITH
A5056304959,W4393190121,WRITES
A5056304959,I126477371,AFFILIATED_WITH
A5023894442,W4392286337,WRITES
A5023894442,I98358874,AFFILIATED_WITH
A5071788034,W4388998466,WRITES
A5071788034,I4210146027,AFFILIATED_WITH
A5036952576,W4313260174,WRITES
A5036952576,I4210140379,AFFILIATED_WITH
A5036952576,I4210165038,AFFILIATED_WITH
A5004625284,W4401337581,WRITES
A5004625284,I106778892,AFFILIATED_WITH
A5044034763,W4401892575,WRITES
A5044034763,I98635879,AFFILIATED_WITH
A5027956814,W3041914111,WRITES
A5027956814,I60837268,AFFILIATED_WITH
A5051831286,W4403889363,WRITES
A5051831286,I2802508454,AFFILIATED_WITH
A5112763625,W7161289029,WRITES
A5112763625,W4405231722,WRITES
A5112763625,I4210123993,AFFILIATED_WITH
A5103518993,W4320727717,WRITES
A5103518993,I131359167,AFFILIATED_WITH
A5001863172,W7162805338,WRITES
A5001863172,I1315456113,AFFILIATED_WITH
A5079609169,W4416386813,WRITES
A5079609169,I3020192730,AFFILIATED_WITH
LOCAL_A000453,W4414218848,WRITES
LOCAL_A000453,I4210096063,AFFILIATED_WITH
A5073205104,W4388086462,WRITES
A5073205104,W3028502042,WRITES
A5073205104,W4400855508,WRITES
A5073205104,W4296081994,WRITES
A5073205104,I4210123993,AFFILIATED_WITH
A5040857467,W3212303430,WRITES
A5040857467,I141445968,AFFILIATED_WITH
A5061799227,W4318984786,WRITES
A5061799227,I123565023,AFFILIATED_WITH
A5061799227,I47265099,AFFILIATED_WITH
A5020793898,W4409606894,WRITES
A5020793898,W4321597735,WRITES
A5020793898,I4210095101,AFFILIATED_WITH
A5012114425,W4280508442,WRITES
A5012114425,W4312656552,WRITES
A5012114425,W3165013452,WRITES
A5012114425,I4210123993,AFFILIATED_WITH
A5067253160,W3089377971,WRITES
A5067253160,I182526193,AFFILIATED_WITH
A5112470311,W4321782111,WRITES
A5112470311,I4387155935,AFFILIATED_WITH
A5112470311,I47265099,AFFILIATED_WITH
A5101906855,W4292688232,WRITES
A5101906855,W4386601257,WRITES
A5101906855,I148751991,AFFILIATED_WITH
A5012833011,W4405992004,WRITES
A5030774861,W1986229552,WRITES
A5030774861,I4210123993,AFFILIATED_WITH
A5010772869,W4292749626,WRITES
A5010772869,I140172145,AFFILIATED_WITH
A5010772869,I15780179,AFFILIATED_WITH
A5010772869,I2800139702,AFFILIATED_WITH
A5010772869,I29236304,AFFILIATED_WITH
A5010772869,I4210091794,AFFILIATED_WITH
A5010772869,I4210096674,AFFILIATED_WITH
A5010772869,I4210115349,AFFILIATED_WITH
A5010772869,I4210117499,AFFILIATED_WITH
A5010772869,I4210123993,AFFILIATED_WITH
A5010772869,I4210131376,AFFILIATED_WITH
A5010772869,I4210146710,AFFILIATED_WITH
A5010772869,I4210146725,AFFILIATED_WITH
A5010772869,I4210150166,AFFILIATED_WITH
A5010772869,I4210154614,AFFILIATED_WITH
A5010772869,I4210159109,AFFILIATED_WITH
A5010772869,I4210164083,AFFILIATED_WITH
A5126791070,W7131416904,WRITES
A5126791070,I4210137722,AFFILIATED_WITH
A5122288736,W7123341761,WRITES
A5122288736,I4210124651,AFFILIATED_WITH
A5015193720,W4294368224,WRITES
A5015193720,I4210123993,AFFILIATED_WITH
A5007065483,W4401337581,WRITES
A5007065483,I177877127,AFFILIATED_WITH
A5024526613,W2767566591,WRITES
A5024526613,I26725883,AFFILIATED_WITH
A5024526613,I4210093012,AFFILIATED_WITH
A5045109374,W4406018358,WRITES
A5045109374,W4397008973,WRITES
A5045109374,I27429435,AFFILIATED_WITH
A5048243071,W7116340925,WRITES
A5048243071,W4408050037,WRITES
A5048243071,I154348853,AFFILIATED_WITH
A5101481517,W4391354445,WRITES
A5101481517,W4415696216,WRITES
A5101481517,I132359460,AFFILIATED_WITH
A5074567656,W4397002070,WRITES
A5074567656,I102516824,AFFILIATED_WITH
A5074567656,I4210112165,AFFILIATED_WITH
A5075910447,W2983803309,WRITES
A5075910447,I4210159988,AFFILIATED_WITH
A5081445314,W7161388772,WRITES
A5081445314,W7161414526,WRITES
A5081445314,I173268674,AFFILIATED_WITH
A5108190409,W2983803309,WRITES
A5108190409,I4210118850,AFFILIATED_WITH
A5102764900,W2922114288,WRITES
A5102764900,W2921662358,WRITES
A5102764900,I136199984,AFFILIATED_WITH
A5078012911,W4408868085,WRITES
A5078012911,W4406864044,WRITES
A5078012911,W4410630703,WRITES
A5078012911,W4409117302,WRITES
A5078012911,I198105771,AFFILIATED_WITH
A5107908640,W4392188359,WRITES
A5107908640,I48076826,AFFILIATED_WITH
A5033056152,W4409916877,WRITES
A5033056152,W4403936788,WRITES
A5033056152,I196829312,AFFILIATED_WITH
A5126282675,W7130349534,WRITES
A5126282675,I875944469,AFFILIATED_WITH
A5116037833,W7165114816,WRITES
A5116037833,I4210141757,AFFILIATED_WITH
A5034421354,W4387026621,WRITES
A5034421354,W4411163057,WRITES
A5034421354,I155028946,AFFILIATED_WITH
A5121950089,W7118163415,WRITES
A5121950089,W7139037461,WRITES
A5121950089,W7140080270,WRITES
A5121950089,W7150069323,WRITES
A5121950089,W7155558618,WRITES
A5121950089,W7160032096,WRITES
A5121950089,W7160136628,WRITES
A5121950089,I106841677,AFFILIATED_WITH
A5121950089,I152743029,AFFILIATED_WITH
A5121950089,I47519274,AFFILIATED_WITH
LOCAL_A000022,W7115881942,WRITES
LOCAL_A000022,W7115905231,WRITES
LOCAL_A000022,I106841677,AFFILIATED_WITH
LOCAL_A000022,I47519274,AFFILIATED_WITH
A5075279250,W4415093469,WRITES
A5075279250,I886702836,AFFILIATED_WITH
A5099594565,W4400100979,WRITES
A5099594565,I43895496,AFFILIATED_WITH
A5074534697,W4320917642,WRITES
A5074534697,I4210114709,AFFILIATED_WITH
A5074534697,I4210131959,AFFILIATED_WITH
A5085179438,W4405281261,WRITES
A5085179438,I4210099919,AFFILIATED_WITH
A5068022071,W2958510524,WRITES
A5068022071,I4210107217,AFFILIATED_WITH
A5039382955,W4396898790,WRITES
A5039382955,I106778892,AFFILIATED_WITH
A5088868434,W2883076324,WRITES
A5088868434,I4210111899,AFFILIATED_WITH
A5088868434,I4210123993,AFFILIATED_WITH
A5027981134,W4297982378,WRITES
A5027981134,W4296564751,WRITES
A5027981134,W4414494430,WRITES
A5027981134,I141445968,AFFILIATED_WITH
A5027981134,I181727666,AFFILIATED_WITH
A5027981134,I4210096386,AFFILIATED_WITH
A5027981134,I4210095603,AFFILIATED_WITH
A5037702503,W3097575064,WRITES
A5037702503,I187855631,AFFILIATED_WITH
A5012120874,W4308998671,WRITES
A5012120874,I123565023,AFFILIATED_WITH
A5067924169,W3212450826,WRITES
A5067924169,I123565023,AFFILIATED_WITH
A5067924169,I47265099,AFFILIATED_WITH
A5023945815,W4417423760,WRITES
A5023945815,I4210095101,AFFILIATED_WITH
A5035799063,W3135801482,WRITES
A5035799063,I4210144126,AFFILIATED_WITH
A5114329407,W4403557575,WRITES
A5114329407,I141445968,AFFILIATED_WITH
A5098960318,W4399215112,WRITES
A5098960318,I141445968,AFFILIATED_WITH
A5082290380,W3094686556,WRITES
A5082290380,I4210123993,AFFILIATED_WITH
A5082290380,I4210144126,AFFILIATED_WITH
A5082290380,I49382586,AFFILIATED_WITH
LOCAL_A000414,W4405992004,WRITES
A5028487735,W7153243958,WRITES
A5028487735,I189643551,AFFILIATED_WITH
LOCAL_A000410,W4404837890,WRITES
LOCAL_A000410,I4210123993,AFFILIATED_WITH
A5023725893,W3213801758,WRITES
A5023725893,I4210123993,AFFILIATED_WITH
A5136161517,W7161111376,WRITES
A5136161517,W7162426908,WRITES
A5136161517,I4210123993,AFFILIATED_WITH
A5067110618,W3201015711,WRITES
A5067110618,W4412834641,WRITES
A5067110618,W7127417295,WRITES
A5067110618,W7142477247,WRITES
A5067110618,W7147213615,WRITES
A5067110618,W4410593844,WRITES
A5067110618,W4404522458,WRITES
A5067110618,W4414426377,WRITES
A5067110618,W4412631044,WRITES
A5067110618,W7125619734,WRITES
A5067110618,I4210123993,AFFILIATED_WITH
A5022413759,W4366588309,WRITES
A5022413759,I123565023,AFFILIATED_WITH
A5022413759,I47265099,AFFILIATED_WITH
A5059209425,W4296081994,WRITES
A5059209425,I2802508454,AFFILIATED_WITH
A5059209425,I2802701112,AFFILIATED_WITH
A5101267559,W4408000429,WRITES
A5101267559,I267427436,AFFILIATED_WITH
A5101267559,I47807185,AFFILIATED_WITH
A5101292188,W4403342469,WRITES
A5101292188,W4393941056,WRITES
A5101292188,I119806805,AFFILIATED_WITH
A5076831599,W2901855654,WRITES
A5076831599,I23582244,AFFILIATED_WITH
A5106649352,W4415927132,WRITES
A5106649352,I2802508454,AFFILIATED_WITH
A5020203529,W4412631044,WRITES
A5020203529,I3020192730,AFFILIATED_WITH
A5128329689,W7134186300,WRITES
A5128329689,I4210134642,AFFILIATED_WITH
A5125090196,W7127632959,WRITES
A5125090196,I177733328,AFFILIATED_WITH
A5123720576,W7125485054,WRITES
A5136968872,W7162303146,WRITES
A5063002763,W4400127655,WRITES
A5063002763,I79775147,AFFILIATED_WITH
A5103170579,W4399763896,WRITES
A5103170579,I158552681,AFFILIATED_WITH
A5100596949,W4404117162,WRITES
A5100596949,I177733328,AFFILIATED_WITH
A5050246251,W4417284240,WRITES
A5050246251,I206093572,AFFILIATED_WITH
LOCAL_A000592,W4292367284,WRITES
LOCAL_A000592,W4321782111,WRITES
LOCAL_A000592,I4210123993,AFFILIATED_WITH
LOCAL_A000059,W2995545104,WRITES
LOCAL_A000059,I94518387,AFFILIATED_WITH
A5087208424,W3211845002,WRITES
A5087208424,I4210123993,AFFILIATED_WITH
A5038225521,W3199970305,WRITES
A5038225521,W3136506403,WRITES
A5038225521,I4210123993,AFFILIATED_WITH
A5039582436,W3126654748,WRITES
A5039582436,I4210159515,AFFILIATED_WITH
A5106802150,W4401948602,WRITES
A5106802150,I123565023,AFFILIATED_WITH
A5106802150,I4210093468,AFFILIATED_WITH
A5076303094,W7127316044,WRITES
A5076303094,W7127352289,WRITES
A5076303094,W7127372804,WRITES
A5076303094,W7127377801,WRITES
A5076303094,W7127423013,WRITES
A5076303094,W7127432421,WRITES
A5076303094,W7152500130,WRITES
A5076303094,W4414229364,WRITES
A5076303094,W4407638824,WRITES
A5076303094,W7137090518,WRITES
A5076303094,I4210123993,AFFILIATED_WITH
A5076303094,I118373667,AFFILIATED_WITH
A5013224610,W3104851081,WRITES
A5013224610,W3101266795,WRITES
A5013224610,W3103923053,WRITES
A5013224610,W3102849408,WRITES
A5013224610,W3200644041,WRITES
A5013224610,W3211878896,WRITES
A5013224610,I4210123993,AFFILIATED_WITH
A5089656800,W3185593370,WRITES
A5089656800,I67868205,AFFILIATED_WITH
A5026614237,W3133848566,WRITES
A5026614237,W4205601378,WRITES
A5026614237,W4390755420,WRITES
A5026614237,I4210123993,AFFILIATED_WITH
A5026614237,I2722730,AFFILIATED_WITH
A5081961625,W4378904270,WRITES
A5081961625,I2801941164,AFFILIATED_WITH
A5109782608,W4402557116,WRITES
A5027768275,W4288468332,WRITES
A5027768275,W4283370032,WRITES
A5027768275,W3089172231,WRITES
A5027768275,W3093483399,WRITES
A5027768275,W4225646906,WRITES
A5027768275,I4210123993,AFFILIATED_WITH
A5027768275,I1341015664,AFFILIATED_WITH
A5033679750,W3134816599,WRITES
A5120172106,W4415655487,WRITES
A5120172106,I70349855,AFFILIATED_WITH
LOCAL_A000567,W4406881240,WRITES
LOCAL_A000567,I70349855,AFFILIATED_WITH
A5088337340,W4410908416,WRITES
A5088337340,I4210123993,AFFILIATED_WITH
LOCAL_A000551,W7128404636,WRITES
LOCAL_A000551,I4210123993,AFFILIATED_WITH
A5026229677,W4361856004,WRITES
A5026229677,W4381855576,WRITES
A5026229677,W4413194450,WRITES
A5026229677,W4322489023,WRITES
A5026229677,I4210123993,AFFILIATED_WITH
A5108592072,W4402490333,WRITES
A5108592072,I4387155935,AFFILIATED_WITH
A5108592072,I47265099,AFFILIATED_WITH
A5116571599,W7162805338,WRITES
A5116571599,I1315456113,AFFILIATED_WITH
A5087370518,W4221017466,WRITES
A5087370518,I4210095603,AFFILIATED_WITH
A5087370518,I4210150999,AFFILIATED_WITH
A5087370518,I4400600977,AFFILIATED_WITH
A5122306876,W7153243958,WRITES
A5122306876,I3020192730,AFFILIATED_WITH
A5104075392,W4385265498,WRITES
A5104075392,I4210162957,AFFILIATED_WITH
A5101529135,W4407877818,WRITES
A5101529135,W4408117529,WRITES
A5101529135,I4210123993,AFFILIATED_WITH
A5107937189,W7161066054,WRITES
A5107937189,I4210123993,AFFILIATED_WITH
LOCAL_A000640,W4415054792,WRITES
A5068385014,W4319953710,WRITES
A5068385014,I123565023,AFFILIATED_WITH
A5068385014,I141445968,AFFILIATED_WITH
A5085841822,W3107648739,WRITES
A5085841822,I47265099,AFFILIATED_WITH
A5085841822,I3020192730,AFFILIATED_WITH
A5082000443,W4409968481,WRITES
A5082000443,I177733328,AFFILIATED_WITH
LOCAL_A000374,W4286929179,WRITES
LOCAL_A000374,I4210108666,AFFILIATED_WITH
LOCAL_A000374,I4210123755,AFFILIATED_WITH
LOCAL_A000005,W4415494710,WRITES
LOCAL_A000005,I70349855,AFFILIATED_WITH
A5018713405,W4410855018,WRITES
A5018713405,I74899385,AFFILIATED_WITH
A5036083952,W3213351247,WRITES
A5036083952,W3199357865,WRITES
A5036083952,I202539009,AFFILIATED_WITH
A5025726068,W7126151423,WRITES
A5025726068,W4409313923,WRITES
A5025726068,W4399593830,WRITES
A5025726068,I3020192730,AFFILIATED_WITH
A5083452888,W3201040525,WRITES
A5101644358,W4409916877,WRITES
A5101644358,W3200334949,WRITES
A5101644358,W3200660415,WRITES
A5101644358,W4403936788,WRITES
A5101644358,I196829312,AFFILIATED_WITH
A5101644358,I4210123993,AFFILIATED_WITH
A5125404860,W7128391453,WRITES
A5125404860,I4210137425,AFFILIATED_WITH
A5139102677,W7165570983,WRITES
A5139102677,I2802508454,AFFILIATED_WITH
A5104351126,W7166138059,WRITES
A5104351126,I170238339,AFFILIATED_WITH
A5113932182,W4415675047,WRITES
A5113932182,I3130313246,AFFILIATED_WITH
A5113932182,I4210148201,AFFILIATED_WITH
A5092136044,W4380203105,WRITES
A5092136044,I4210123993,AFFILIATED_WITH
A5092900285,W4386851484,WRITES
A5035740729,W4224262552,WRITES
A5035740729,W3208830123,WRITES
A5035740729,W3094847424,WRITES
A5035740729,W4206104263,WRITES
A5035740729,W4402693339,WRITES
A5035740729,W2994822816,WRITES
A5035740729,W3047660184,WRITES
A5035740729,I4210123993,AFFILIATED_WITH
A5035740729,I4210116271,AFFILIATED_WITH
A5081127782,W4291392888,WRITES
A5081127782,I141445968,AFFILIATED_WITH
A5081127782,I4210123993,AFFILIATED_WITH
A5065688594,W4404007090,WRITES
A5065688594,W4410885136,WRITES
A5065688594,W4407918048,WRITES
A5065688594,I202539009,AFFILIATED_WITH
A5065688594,I4387155935,AFFILIATED_WITH
A5065688594,I47265099,AFFILIATED_WITH
A5045025427,W4402448177,WRITES
A5045025427,I4210123993,AFFILIATED_WITH
A5113341526,W4398250626,WRITES
A5113341526,I177733328,AFFILIATED_WITH
A5113341526,I4387155212,AFFILIATED_WITH
A5065522973,W4403377680,WRITES
A5065522973,W4291001490,WRITES
A5065522973,I4210123993,AFFILIATED_WITH
A5089615125,W7142477247,WRITES
A5089615125,I74801974,AFFILIATED_WITH
A5089615125,I880766802,AFFILIATED_WITH
A5070368948,W4392591182,WRITES
A5070368948,I4210123993,AFFILIATED_WITH
A5112322690,W4415950711,WRITES
A5112322690,I8775707,AFFILIATED_WITH
A5019250403,W3137746435,WRITES
A5019250403,W4286203355,WRITES
A5019250403,I123565023,AFFILIATED_WITH
A5019250403,I23582244,AFFILIATED_WITH
A5019250403,I4210123993,AFFILIATED_WITH
A5080870118,W3199646977,WRITES
A5080870118,W3125825717,WRITES
A5080870118,I123565023,AFFILIATED_WITH
A5080870118,I228151691,AFFILIATED_WITH
A5133178690,W7151754142,WRITES
A5133178690,I4210104442,AFFILIATED_WITH
A5133178690,I4210138427,AFFILIATED_WITH
A5092395055,W4387938158,WRITES
A5092395055,I172901346,AFFILIATED_WITH
A5092395055,I4210123993,AFFILIATED_WITH
LOCAL_A000547,W7126151423,WRITES
LOCAL_A000547,I70349855,AFFILIATED_WITH
LOCAL_A000386,W4381250021,WRITES
LOCAL_A000386,I4210123993,AFFILIATED_WITH
LOCAL_A000386,I4391012539,AFFILIATED_WITH
LOCAL_A000386,I79775147,AFFILIATED_WITH
A5054780283,W4307544369,WRITES
A5054780283,I4210123993,AFFILIATED_WITH
A5101590240,W4416954067,WRITES
A5101590240,I4210123993,AFFILIATED_WITH
A5103002149,W4220909584,WRITES
A5103002149,I177733328,AFFILIATED_WITH
A5103002149,I4387155212,AFFILIATED_WITH
A5054805148,W3162355841,WRITES
A5054805148,I202539009,AFFILIATED_WITH
A5038942051,W4403344039,WRITES
A5038942051,I126231945,AFFILIATED_WITH
A5089700327,W4414708112,WRITES
A5089700327,W4402689909,WRITES
A5089700327,W4402229499,WRITES
A5089700327,I47519274,AFFILIATED_WITH
A5089700327,I4210145660,AFFILIATED_WITH
A5089700327,I58716616,AFFILIATED_WITH
A5089700327,I88761825,AFFILIATED_WITH
A5116034918,W4408078602,WRITES
A5116034918,W4406828764,WRITES
A5116034918,I4210123993,AFFILIATED_WITH
A5009671191,W4387877661,WRITES
A5009671191,I141445968,AFFILIATED_WITH
LOCAL_A000628,W4408938301,WRITES
A5138069038,W7163752815,WRITES
A5138069038,I4210123993,AFFILIATED_WITH
A5043987756,W7117660946,WRITES
A5043987756,I151746483,AFFILIATED_WITH
A5107608257,W4402693298,WRITES
A5107608257,I4210123993,AFFILIATED_WITH
A5060158506,W4411395085,WRITES
A5060158506,W4408185919,WRITES
A5060158506,I4210126287,AFFILIATED_WITH
A5090060128,W4390598605,WRITES
A5042094599,W3199357865,WRITES
A5042094599,I202539009,AFFILIATED_WITH
A5109606945,W4377002350,WRITES
A5109606945,I4210137358,AFFILIATED_WITH
A5101279534,W4389738902,WRITES
A5101279534,I4210123993,AFFILIATED_WITH
A5117424208,W4410061006,WRITES
A5117424208,I4210123993,AFFILIATED_WITH
A5103269673,W4393092395,WRITES
A5103269673,I181727666,AFFILIATED_WITH
A5103269673,I4387153637,AFFILIATED_WITH
A5106610329,W4401708579,WRITES
A5106610329,I4210123993,AFFILIATED_WITH
A5102958072,W4416734647,WRITES
A5102958072,W4412843188,WRITES
A5102958072,I91807558,AFFILIATED_WITH
A5056220381,W4392590475,WRITES
A5056220381,I181727666,AFFILIATED_WITH
A5056220381,I4387153637,AFFILIATED_WITH
A5052548763,W3200200655,WRITES
A5052548763,I4210123993,AFFILIATED_WITH
A5033928651,W4415714390,WRITES
A5033928651,I4210123993,AFFILIATED_WITH
A5101369867,W4389648609,WRITES
A5101369867,W4399215112,WRITES
A5101369867,I141445968,AFFILIATED_WITH
A5077326623,W4308342042,WRITES
A5077326623,I181727666,AFFILIATED_WITH
LOCAL_A000053,W4286470537,WRITES
LOCAL_A000053,I79775147,AFFILIATED_WITH
A5109863810,W4415470074,WRITES
A5109863810,I3020192730,AFFILIATED_WITH
A5021228869,W4390598605,WRITES
A5027646035,W7118163415,WRITES
A5027646035,W7133243872,WRITES
A5027646035,W7138163378,WRITES
A5027646035,W7138834802,WRITES
A5027646035,W7139037461,WRITES
A5027646035,W7160032096,WRITES
A5027646035,W7160136628,WRITES
A5027646035,W4402689909,WRITES
A5027646035,W4416088264,WRITES
A5027646035,I2613432,AFFILIATED_WITH
A5027646035,I867280407,AFFILIATED_WITH
LOCAL_A000041,W7115905231,WRITES
LOCAL_A000041,I2613432,AFFILIATED_WITH
A5051552397,W7162805338,WRITES
A5051552397,I257903683,AFFILIATED_WITH
LOCAL_A000672,W4365138459,WRITES
LOCAL_A000672,I4210123993,AFFILIATED_WITH
LOCAL_A000672,I79775147,AFFILIATED_WITH
A5111275451,W4317914312,WRITES
A5111275451,W4398250626,WRITES
A5111275451,W7159099806,WRITES
A5111275451,W4408446899,WRITES
A5111275451,W4409968481,WRITES
A5111275451,I177733328,AFFILIATED_WITH
A5111275451,I4387155212,AFFILIATED_WITH
A5036249628,W4205883349,WRITES
A5036249628,W4402414367,WRITES
A5036249628,I4210093468,AFFILIATED_WITH
A5078079634,W3213381090,WRITES
A5078079634,I4210111957,AFFILIATED_WITH
A5078079634,I4391012539,AFFILIATED_WITH
A5072861318,W4308731653,WRITES
A5072861318,W4317382500,WRITES
A5072861318,W4288690019,WRITES
A5072861318,W4283766228,WRITES
A5072861318,W3045718937,WRITES
A5072861318,W2893392348,WRITES
A5072861318,W4361214286,WRITES
A5072861318,W4310339445,WRITES
A5072861318,W4389200921,WRITES
A5072861318,W4387519102,WRITES
A5072861318,W3207226598,WRITES
A5072861318,W4307991005,WRITES
A5072861318,I4210123993,AFFILIATED_WITH
A5072861318,I123565023,AFFILIATED_WITH
A5072861318,I170238339,AFFILIATED_WITH
A5072861318,I4210119991,AFFILIATED_WITH
A5072861318,I93860229,AFFILIATED_WITH
A5072861318,I159885104,AFFILIATED_WITH
A5072861318,I4210117271,AFFILIATED_WITH
A5044305514,W2964862300,WRITES
A5044305514,W2888586085,WRITES
A5044305514,W4207051394,WRITES
A5044305514,W2965644806,WRITES
A5044305514,W3195104377,WRITES
A5044305514,W3096149152,WRITES
A5044305514,I142208455,AFFILIATED_WITH
A5044305514,I47807185,AFFILIATED_WITH
A5044305514,I141445968,AFFILIATED_WITH
A5044305514,I4210123993,AFFILIATED_WITH
A5104158761,W4386034709,WRITES
A5104158761,I123565023,AFFILIATED_WITH
A5104158761,I47265099,AFFILIATED_WITH
A5130341667,W7140101445,WRITES
A5130341667,I141445968,AFFILIATED_WITH
A5101315003,W4391777722,WRITES
A5101315003,W4399007353,WRITES
A5101315003,I4210123993,AFFILIATED_WITH
A5058465231,W4399084369,WRITES
A5058465231,W4408722193,WRITES
A5058465231,I4210123993,AFFILIATED_WITH
A5127062529,W7161111376,WRITES
A5127062529,I4210142044,AFFILIATED_WITH
A5036761658,W4406608287,WRITES
A5036761658,W4385987955,WRITES
A5036761658,I45756140,AFFILIATED_WITH
A5034342997,W4412834641,WRITES
A5034342997,I170238339,AFFILIATED_WITH
A5002965978,W3134348723,WRITES
A5031177860,W3158335115,WRITES
A5031177860,W3115873876,WRITES
A5031177860,W4214738594,WRITES
A5031177860,W4291184494,WRITES
A5031177860,W3183299895,WRITES
A5031177860,W4318831528,WRITES
A5031177860,W3108801041,WRITES
A5031177860,W4281728060,WRITES
A5031177860,W4283383303,WRITES
A5031177860,W3039627223,WRITES
A5031177860,W4291392888,WRITES
A5031177860,W3108806183,WRITES
A5031177860,W4376566290,WRITES
A5031177860,W3041914111,WRITES
A5031177860,W3021181631,WRITES
A5031177860,W4281388431,WRITES
A5031177860,W3100063371,WRITES
A5031177860,W4405312399,WRITES
A5031177860,I4387155935,AFFILIATED_WITH
A5031177860,I47265099,AFFILIATED_WITH
A5031177860,I141445968,AFFILIATED_WITH
A5031177860,I4210104442,AFFILIATED_WITH
A5031177860,I4210123993,AFFILIATED_WITH
A5064050048,W4414786344,WRITES
A5064050048,W4313907308,WRITES
A5064050048,W4404595456,WRITES
A5064050048,I4210104442,AFFILIATED_WITH
A5064050048,I4210138427,AFFILIATED_WITH
A5042275039,W3115873876,WRITES
A5042275039,I123565023,AFFILIATED_WITH
A5042275039,I4210134642,AFFILIATED_WITH
A5049478123,W4296629887,WRITES
A5049478123,W4291148458,WRITES
A5049478123,I177733328,AFFILIATED_WITH
A5093585054,W4404087784,WRITES
A5093585054,I1315456113,AFFILIATED_WITH
A5124273116,W7126031294,WRITES
A5124273116,I4210123993,AFFILIATED_WITH
A5086230780,W4327890556,WRITES
A5086230780,W4327890777,WRITES
A5086230780,I3132362326,AFFILIATED_WITH
A5135945670,W7160949195,WRITES
A5135945670,I123565023,AFFILIATED_WITH
A5113850859,W2901855654,WRITES
A5113850859,I4210101969,AFFILIATED_WITH
A5025937752,W4281716388,WRITES
A5025937752,W3035678663,WRITES
A5025937752,I3129492623,AFFILIATED_WITH
LOCAL_A000624,W4414023921,WRITES
LOCAL_A000624,I177733328,AFFILIATED_WITH
A5124933293,W7127377801,WRITES
A5124933293,I4210123993,AFFILIATED_WITH
A5007251700,W7125821153,WRITES
A5007251700,I4210139842,AFFILIATED_WITH
A5113318434,W4401270311,WRITES
A5113318434,I177733328,AFFILIATED_WITH
A5021110208,W3092615877,WRITES
A5021110208,I142904861,AFFILIATED_WITH
A5089793687,W4414271358,WRITES
A5089793687,W4412404272,WRITES
A5089793687,W4416367685,WRITES
A5089793687,W4411867038,WRITES
A5089793687,I4210124651,AFFILIATED_WITH
LOCAL_A000206,W4401050456,WRITES
LOCAL_A000206,I4210123993,AFFILIATED_WITH
A5017922376,W4315641599,WRITES
A5017922376,I3020192730,AFFILIATED_WITH
LOCAL_A000074,W4400220421,WRITES
LOCAL_A000074,W4401257954,WRITES
LOCAL_A000074,I4210095101,AFFILIATED_WITH
A5136412233,W7161558438,WRITES
A5136412233,I170238339,AFFILIATED_WITH
A5009564069,W3126654748,WRITES
A5009564069,I4210123993,AFFILIATED_WITH
A5034086695,W4409606894,WRITES
A5034086695,I4210111957,AFFILIATED_WITH
A5108912822,W7138309880,WRITES
A5108912822,I4210123993,AFFILIATED_WITH
A5052811415,W3184444435,WRITES
A5052811415,I2802508454,AFFILIATED_WITH
A5108864193,W4386819867,WRITES
A5108864193,I4210123993,AFFILIATED_WITH
A5091133342,W4414022061,WRITES
A5091133342,W7148529802,WRITES
A5091133342,W7162334731,WRITES
A5091133342,W4407763579,WRITES
A5091133342,W4403114063,WRITES
A5091133342,I170238339,AFFILIATED_WITH
A5059158387,W4386691791,WRITES
A5059158387,W4389323198,WRITES
A5059158387,W4390883126,WRITES
A5059158387,I47265099,AFFILIATED_WITH
A5059158387,I123565023,AFFILIATED_WITH
A5059158387,I4210148201,AFFILIATED_WITH
A5041778801,W2917075874,WRITES
A5041778801,I4210095101,AFFILIATED_WITH
A5000459728,W4416174863,WRITES
A5000459728,W4411159297,WRITES
A5000459728,W4388051817,WRITES
A5000459728,I4210101969,AFFILIATED_WITH
A5083864523,W4389310208,WRITES
A5103588120,W4389310208,WRITES
A5053009670,W7118181553,WRITES
A5053009670,I181727666,AFFILIATED_WITH
A5136227825,W7161307330,WRITES
A5136227825,I4210123993,AFFILIATED_WITH
A5100037796,W4400389534,WRITES
A5100037796,I4210123993,AFFILIATED_WITH
LOCAL_A000373,W4286432944,WRITES
LOCAL_A000373,I141445968,AFFILIATED_WITH
A5111340704,W4411867038,WRITES
A5111340704,I4210124651,AFFILIATED_WITH
A5107377625,W4411867038,WRITES
A5107377625,I4210124651,AFFILIATED_WITH
A5108640854,W4381546781,WRITES
A5108640854,I67868205,AFFILIATED_WITH
LOCAL_A000573,W4413004400,WRITES
LOCAL_A000573,I4210123993,AFFILIATED_WITH
A5124256204,W7126031294,WRITES
A5124256204,I4210123993,AFFILIATED_WITH
A5017596097,W4285272089,WRITES
A5017596097,W4311480621,WRITES
A5017596097,W4321018829,WRITES
A5017596097,W4226057806,WRITES
A5017596097,W4281553590,WRITES
A5017596097,I202539009,AFFILIATED_WITH
A5039705052,W4409008032,WRITES
A5039705052,I4210123993,AFFILIATED_WITH
A5089058918,W4402013946,WRITES
A5089058918,I123565023,AFFILIATED_WITH
A5024404261,W3148383904,WRITES
A5024404261,I141445968,AFFILIATED_WITH
A5013383889,W4404167614,WRITES
A5013383889,W4414595727,WRITES
A5013383889,W4416462147,WRITES
A5013383889,I170238339,AFFILIATED_WITH
A5013383889,I4210123993,AFFILIATED_WITH
A5041050732,W3126654748,WRITES
A5041050732,I4210109591,AFFILIATED_WITH
A5042961006,W3205232137,WRITES
A5042961006,I4210148201,AFFILIATED_WITH
LOCAL_A000599,W4389046658,WRITES
LOCAL_A000599,I4210123993,AFFILIATED_WITH
LOCAL_A000599,I4210131701,AFFILIATED_WITH
A5079947544,W3139279360,WRITES
A5079947544,W3177030083,WRITES
A5079947544,W3111124944,WRITES
A5079947544,W3194799677,WRITES
A5079947544,W3110171308,WRITES
A5079947544,W4292430115,WRITES
A5079947544,W3217534349,WRITES
A5079947544,I4210123993,AFFILIATED_WITH
A5035362471,W1997956580,WRITES
A5035362471,I4210123993,AFFILIATED_WITH
A5043004126,W4410853014,WRITES
A5043004126,I4210123993,AFFILIATED_WITH
A5075415764,W7136710832,WRITES
A5075415764,I4210123993,AFFILIATED_WITH
A5102070282,W1902563258,WRITES
A5102070282,W1491100760,WRITES
A5102070282,I4210095633,AFFILIATED_WITH
A5102070282,I4210152602,AFFILIATED_WITH
A5011297917,W4283013405,WRITES
A5011297917,W4308601566,WRITES
A5011297917,W4387381105,WRITES
A5011297917,W4396538106,WRITES
A5011297917,W4404167614,WRITES
A5011297917,W4406734969,WRITES
A5011297917,W4414595727,WRITES
A5011297917,W7162442689,WRITES
A5011297917,W7164884701,WRITES
A5011297917,W4416462147,WRITES
A5011297917,W4394747446,WRITES
A5011297917,I4210123993,AFFILIATED_WITH
A5133515580,W7154041191,WRITES
A5133515580,I177733328,AFFILIATED_WITH
A5120569387,W7124434172,WRITES
A5120569387,I177733328,AFFILIATED_WITH
A5037328649,W4398179436,WRITES
A5037328649,W4401270311,WRITES
A5037328649,I177733328,AFFILIATED_WITH
A5138152850,W7163886815,WRITES
A5138152850,I177733328,AFFILIATED_WITH
A5011741622,W4403576550,WRITES
A5011741622,I4210123993,AFFILIATED_WITH
A5128356792,W7134190072,WRITES
A5128356792,I170238339,AFFILIATED_WITH
LOCAL_A000475,W7105702010,WRITES
LOCAL_A000475,I4210123993,AFFILIATED_WITH
A5039831806,W4296591880,WRITES
A5039831806,W7162452091,WRITES
A5039831806,I4210123993,AFFILIATED_WITH
A5117543446,W4410369190,WRITES
A5052605854,W4414500923,WRITES
A5052605854,W4409606894,WRITES
A5052605854,W4403286789,WRITES
A5052605854,W4409968850,WRITES
A5052605854,W4321597735,WRITES
A5052605854,W4321781934,WRITES
A5052605854,W4394956844,WRITES
A5052605854,W4396870521,WRITES
A5052605854,I4210123993,AFFILIATED_WITH
A5036377736,W4389615139,WRITES
A5036377736,W4310653684,WRITES
A5036377736,W4290097413,WRITES
A5036377736,W4308973105,WRITES
A5036377736,W4225117901,WRITES
A5036377736,W4394784089,WRITES
A5036377736,W4411134673,WRITES
A5036377736,I79775147,AFFILIATED_WITH
A5036377736,I4210148201,AFFILIATED_WITH
A5078128767,W4416239940,WRITES
A5078128767,I4210101969,AFFILIATED_WITH
A5078128767,I4391012539,AFFILIATED_WITH
A5068081123,W4409008032,WRITES
A5068081123,I123565023,AFFILIATED_WITH
A5007945291,W4285728680,WRITES
A5007945291,W3004515227,WRITES
A5007945291,I4210123993,AFFILIATED_WITH
A5111310324,W4409293757,WRITES
A5111310324,I4210123993,AFFILIATED_WITH
A5066574572,W3200127562,WRITES
A5066574572,I47265099,AFFILIATED_WITH
A5007637251,W4401050456,WRITES
A5007637251,W4206307193,WRITES
A5007637251,W4226149286,WRITES
A5007637251,W4226292747,WRITES
A5007637251,I4210123993,AFFILIATED_WITH
LOCAL_A000594,W4403638785,WRITES
LOCAL_A000594,W4413400898,WRITES
LOCAL_A000594,I177733328,AFFILIATED_WITH
A5023652148,W4226071606,WRITES
A5023652148,W4410442100,WRITES
A5023652148,W4410512922,WRITES
A5023652148,W4213129965,WRITES
A5023652148,I3129629310,AFFILIATED_WITH
A5023652148,I4210123993,AFFILIATED_WITH
A5135913429,W7160940118,WRITES
A5135913429,I94518387,AFFILIATED_WITH
A5113308037,W4401050456,WRITES
A5113308037,I4210123993,AFFILIATED_WITH
A5015551812,W4212931299,WRITES
A5015551812,W4200142760,WRITES
A5015551812,W4205413676,WRITES
A5015551812,W4282555645,WRITES
A5015551812,I4210116271,AFFILIATED_WITH
A5015551812,I177233841,AFFILIATED_WITH
A5100637269,W3212564068,WRITES
A5100637269,I4210095101,AFFILIATED_WITH
LOCAL_A000473,W7104585896,WRITES
LOCAL_A000473,I123565023,AFFILIATED_WITH
LOCAL_A000473,I47265099,AFFILIATED_WITH
A5028059172,W4317555814,WRITES
LOCAL_A000553,W7131109455,WRITES
LOCAL_A000553,W4410257773,WRITES
LOCAL_A000553,I4210123993,AFFILIATED_WITH
A5102484757,W3201611349,WRITES
A5102484757,I4210101969,AFFILIATED_WITH
A5102484757,I4391012539,AFFILIATED_WITH
A5072707677,W3108106393,WRITES
A5072707677,I47807185,AFFILIATED_WITH
A5076108578,W7135040571,WRITES
A5076108578,W4410320989,WRITES
A5076108578,I70349855,AFFILIATED_WITH
LOCAL_A000620,W4403764556,WRITES
LOCAL_A000620,I123565023,AFFILIATED_WITH
A5116777688,W4408797605,WRITES
A5116777688,I177233841,AFFILIATED_WITH
A5116777688,I67868205,AFFILIATED_WITH
A5135683200,W7160652072,WRITES
A5076831357,W4389323198,WRITES
A5076831357,W4323649772,WRITES
A5076831357,W4389580973,WRITES
A5076831357,W4398212550,WRITES
A5076831357,W4398789713,WRITES
A5076831357,W4410442100,WRITES
A5076831357,W4213129965,WRITES
A5076831357,W4319603294,WRITES
A5076831357,W4312690352,WRITES
A5076831357,W4389674456,WRITES
A5076831357,W4410304808,WRITES
A5076831357,I141445968,AFFILIATED_WITH
A5076831357,I123565023,AFFILIATED_WITH
A5076831357,I23582244,AFFILIATED_WITH
A5084615254,W4212864265,WRITES
A5084615254,W3155045737,WRITES
A5084615254,I141445968,AFFILIATED_WITH
A5007383712,W3214136215,WRITES
A5007383712,I4210160086,AFFILIATED_WITH
A5057088209,W4399493353,WRITES
A5057088209,I47807185,AFFILIATED_WITH
LOCAL_A000559,W7136346916,WRITES
LOCAL_A000559,I202539009,AFFILIATED_WITH
A5136197888,W7161307330,WRITES
A5136197888,I4210123993,AFFILIATED_WITH
A5103146667,W4290719035,WRITES
A5103146667,I170238339,AFFILIATED_WITH
A5046033495,W4285819868,WRITES
A5046033495,W4226406074,WRITES
A5046033495,W4205707270,WRITES
A5046033495,W4360586542,WRITES
A5046033495,W4362710702,WRITES
A5046033495,W4323341266,WRITES
A5046033495,W4327890777,WRITES
A5046033495,W4392810746,WRITES
A5046033495,W4398789713,WRITES
A5046033495,W4292649377,WRITES
A5046033495,W4313203982,WRITES
A5046033495,W4226057806,WRITES
A5046033495,W4386252435,WRITES
A5046033495,W4309460231,WRITES
A5046033495,W4319603294,WRITES
A5046033495,W3205272172,WRITES
A5046033495,W4312690352,WRITES
A5046033495,W4389674456,WRITES
A5046033495,W4391608160,WRITES
A5046033495,I4210123993,AFFILIATED_WITH
A5046033495,I188760350,AFFILIATED_WITH
A5046033495,I4391012539,AFFILIATED_WITH
A5046033495,I82497590,AFFILIATED_WITH
A5046033495,I141445968,AFFILIATED_WITH
A5046033495,I4210096386,AFFILIATED_WITH
A5100637272,W4286470537,WRITES
A5100637272,W7129778683,WRITES
A5100637272,I4210123993,AFFILIATED_WITH
A5100637272,I3129629310,AFFILIATED_WITH
A5112575468,W3094440337,WRITES
A5112575468,I4210123993,AFFILIATED_WITH
A5064027518,W4396585527,WRITES
A5064027518,I2802701112,AFFILIATED_WITH
A5067800187,W4281786168,WRITES
A5067800187,I4389425394,AFFILIATED_WITH
A5057592175,W4409008032,WRITES
A5057592175,I1315456113,AFFILIATED_WITH
A5094282889,W4393336473,WRITES
A5094282889,W4399465791,WRITES
A5094282889,W4403843479,WRITES
A5094282889,I4210123993,AFFILIATED_WITH
A5063957902,W4360620773,WRITES
A5063957902,I4210123993,AFFILIATED_WITH
A5014446590,W4283735051,WRITES
A5014446590,W3194799677,WRITES
A5014446590,W3110171308,WRITES
A5014446590,W4292430115,WRITES
A5014446590,W3217534349,WRITES
A5014446590,I848706,AFFILIATED_WITH
A5086418672,W3204420088,WRITES
A5042648484,W4315641599,WRITES
A5042648484,I3020192730,AFFILIATED_WITH
A5088701092,W4300669402,WRITES
A5088701092,W4296713969,WRITES
A5088701092,W4294187923,WRITES
A5088701092,W4294187927,WRITES
A5088701092,W4294187944,WRITES
A5088701092,W4294867768,WRITES
A5088701092,W4296709077,WRITES
A5088701092,W4296712376,WRITES
A5088701092,W4296713779,WRITES
A5088701092,I3020192730,AFFILIATED_WITH
A5000226189,W4403302339,WRITES
A5000226189,I4210154685,AFFILIATED_WITH
A5000226189,I4387156139,AFFILIATED_WITH
LOCAL_A000637,W4410320989,WRITES
LOCAL_A000637,I4210123993,AFFILIATED_WITH
A5000752224,W4400351743,WRITES
A5000752224,W4393945422,WRITES
A5000752224,I182526193,AFFILIATED_WITH
A5021331415,W3212564068,WRITES
A5021331415,I4210136099,AFFILIATED_WITH
A5054399289,W3191079210,WRITES
A5054399289,W2896394903,WRITES
A5042559130,W4323269635,WRITES
A5042559130,W4390883270,WRITES
A5042559130,W4390890223,WRITES
A5042559130,I4210123993,AFFILIATED_WITH
A5067502210,W4401333651,WRITES
A5067502210,I4210123993,AFFILIATED_WITH
A5124953506,W7127377801,WRITES
A5124953506,I4210123993,AFFILIATED_WITH
LOCAL_A000092,W4392707062,WRITES
LOCAL_A000092,I202539009,AFFILIATED_WITH
A5136377972,W7161536198,WRITES
A5136377972,W7161583557,WRITES
A5136377972,I4210123993,AFFILIATED_WITH
A5015668847,W3094847424,WRITES
A5015668847,W2994822816,WRITES
A5015668847,I4210134642,AFFILIATED_WITH
A5136203748,W7161307330,WRITES
A5136203748,W7162215912,WRITES
A5136203748,I4210123993,AFFILIATED_WITH
A5051185903,W4403137041,WRITES
A5051185903,I70349855,AFFILIATED_WITH
A5021501825,W4319596802,WRITES
A5021501825,W4398763277,WRITES
A5021501825,W4367022856,WRITES
A5021501825,W4403302723,WRITES
A5021501825,W4403867823,WRITES
A5021501825,W4415350151,WRITES
A5021501825,W4283838068,WRITES
A5021501825,W4321482630,WRITES
A5021501825,W7124505868,WRITES
A5021501825,W7130418290,WRITES
A5021501825,W7160374639,WRITES
A5021501825,W7161842826,WRITES
A5021501825,W4404920262,WRITES
A5021501825,W4391876512,WRITES
A5021501825,W4392286337,WRITES
A5021501825,W4378448636,WRITES
A5021501825,W4400558697,WRITES
A5021501825,W4377002490,WRITES
A5021501825,W4402796579,WRITES
A5021501825,W4308183904,WRITES
A5021501825,W4399659214,WRITES
A5021501825,W4413501956,WRITES
A5021501825,W4404826466,WRITES
A5021501825,W4415596303,WRITES
A5021501825,W4310299078,WRITES
A5021501825,W4402723512,WRITES
A5021501825,W4405932039,WRITES
A5021501825,W4313592827,WRITES
A5021501825,W4407223794,WRITES
A5021501825,W4386365428,WRITES
A5021501825,I170238339,AFFILIATED_WITH
A5021501825,I4210160086,AFFILIATED_WITH
A5021501825,I3129492623,AFFILIATED_WITH
A5021501825,I3130697706,AFFILIATED_WITH
A5021501825,I4210124651,AFFILIATED_WITH
A5021501825,I4210148861,AFFILIATED_WITH
A5084022579,W3139279360,WRITES
A5013667478,W3148383904,WRITES
A5013667478,I141445968,AFFILIATED_WITH
A5109467550,W4297177519,WRITES
A5109467550,W4311184438,WRITES
A5109467550,I4210157573,AFFILIATED_WITH
A5104026243,W4386387092,WRITES
A5104026243,W4200572625,WRITES
A5104026243,I4210123993,AFFILIATED_WITH
A5104881614,W4400867540,WRITES
A5104881614,I2800979047,AFFILIATED_WITH
A5104881614,I4210123993,AFFILIATED_WITH
A5122646940,W7119692187,WRITES
A5122646940,I4210123993,AFFILIATED_WITH
A5104855964,W7134116251,WRITES
A5104855964,W7161307330,WRITES
A5104855964,W7162215912,WRITES
A5104855964,W4400867540,WRITES
A5104855964,I4210123993,AFFILIATED_WITH
A5012907404,W4298124764,WRITES
A5012907404,I4210123993,AFFILIATED_WITH
A5074378322,W4280493801,WRITES
A5074378322,I4210137358,AFFILIATED_WITH
A5106257856,W4401275036,WRITES
A5106257856,I141445968,AFFILIATED_WITH
A5101690410,W3146827522,WRITES
A5101690410,W4401948907,WRITES
A5101690410,I3129629310,AFFILIATED_WITH
A5101690410,I4210123993,AFFILIATED_WITH
A5101690410,I47265099,AFFILIATED_WITH
A5107446421,W4401948602,WRITES
A5107446421,I123565023,AFFILIATED_WITH
A5107446421,I4210093468,AFFILIATED_WITH
A5117757563,W4410853430,WRITES
A5117757563,I4210096063,AFFILIATED_WITH
A5072983548,W4383875588,WRITES
A5072983548,I4210123993,AFFILIATED_WITH
A5072983548,I4210125903,AFFILIATED_WITH
A5051420985,W4402129400,WRITES
A5051420985,W4402992762,WRITES
A5051420985,I193365169,AFFILIATED_WITH
A5051420985,I4210123993,AFFILIATED_WITH
A5116552325,W4408232874,WRITES
A5116552325,I4210123993,AFFILIATED_WITH
A5000043086,W3214136215,WRITES
A5000043086,I4210088746,AFFILIATED_WITH
A5055683391,W4415494710,WRITES
A5055683391,I70349855,AFFILIATED_WITH
A5092800840,W4385852487,WRITES
A5092800840,I4210123993,AFFILIATED_WITH
A5063308163,W4398763277,WRITES
A5063308163,W4377002490,WRITES
A5063308163,I4210095101,AFFILIATED_WITH
A5096293397,W4396619621,WRITES
A5124906508,W7127316044,WRITES
A5124906508,I4210123993,AFFILIATED_WITH
A5035112064,W4228997162,WRITES
A5035112064,I104338594,AFFILIATED_WITH
LOCAL_A000733,W4411492197,WRITES
LOCAL_A000733,I2802508454,AFFILIATED_WITH
A5003055047,W7117479710,WRITES
A5003055047,I4210111957,AFFILIATED_WITH
LOCAL_A000533,W4282555645,WRITES
LOCAL_A000533,I177233841,AFFILIATED_WITH
A5056058108,W4315641599,WRITES
A5056058108,I3020192730,AFFILIATED_WITH
A5056041188,W4315641599,WRITES
A5056041188,I3020192730,AFFILIATED_WITH
LOCAL_A000645,W3185593370,WRITES
LOCAL_A000645,I4210098226,AFFILIATED_WITH
LOCAL_A000645,I70349855,AFFILIATED_WITH
A5033264739,W3199301772,WRITES
A5033264739,I141445968,AFFILIATED_WITH
A5035311348,W3092615877,WRITES
A5035311348,I4210123993,AFFILIATED_WITH
LOCAL_A000632,W7106298988,WRITES
LOCAL_A000632,I4210123993,AFFILIATED_WITH
A5102384455,W3199786832,WRITES
A5102384455,W3199235329,WRITES
A5102384455,W4416426658,WRITES
A5102384455,W4416777431,WRITES
A5102384455,W4417115218,WRITES
A5102384455,W7138961853,WRITES
A5102384455,W7161844670,WRITES
A5102384455,W4377862238,WRITES
A5102384455,I4210123993,AFFILIATED_WITH
A5104314850,W4399084369,WRITES
A5104314850,I4210123993,AFFILIATED_WITH
A5111282879,W4401385427,WRITES
A5135925100,W7160940118,WRITES
A5135925100,I4210126982,AFFILIATED_WITH
LOCAL_A000009,W4416407004,WRITES
LOCAL_A000009,I4210148201,AFFILIATED_WITH
LOCAL_A000009,I47265099,AFFILIATED_WITH
A5055532716,W4412834641,WRITES
A5055532716,I267427436,AFFILIATED_WITH
LOCAL_A000077,W4400220421,WRITES
LOCAL_A000077,W4401257954,WRITES
LOCAL_A000077,I4210095101,AFFILIATED_WITH
A5082803859,W4403302723,WRITES
A5082803859,W4404920262,WRITES
A5082803859,W4400558697,WRITES
A5082803859,W4413501956,WRITES
A5082803859,W4405932039,WRITES
A5082803859,W4407223794,WRITES
A5082803859,I170238339,AFFILIATED_WITH
A5060864160,W4282926064,WRITES
A5060864160,I202539009,AFFILIATED_WITH
LOCAL_A000068,W4400220421,WRITES
LOCAL_A000068,W4401257954,WRITES
LOCAL_A000068,I4210095101,AFFILIATED_WITH
A5077608549,W4310023520,WRITES
A5077608549,W4280510179,WRITES
A5077608549,I913630986,AFFILIATED_WITH
LOCAL_A000586,W4315641599,WRITES
LOCAL_A000586,I4210148201,AFFILIATED_WITH
A5124913994,W7127316044,WRITES
A5124913994,W7127372804,WRITES
A5124913994,W7127377801,WRITES
A5124913994,W7127423013,WRITES
A5124913994,I4210123993,AFFILIATED_WITH
A5065666743,W3148383904,WRITES
A5065666743,I141445968,AFFILIATED_WITH
A5104270940,W7134116251,WRITES
A5104270940,W4393951616,WRITES
A5104270940,I4210123993,AFFILIATED_WITH
A5104270940,I4210137731,AFFILIATED_WITH
A5007907047,W4283384300,WRITES
A5007907047,I4210123993,AFFILIATED_WITH
A5061957366,W3194974541,WRITES
A5061957366,I4210123993,AFFILIATED_WITH
A5083662095,W3165426036,WRITES
A5083662095,I4210123993,AFFILIATED_WITH
A5048757265,W3200731815,WRITES
A5048757265,I4210123993,AFFILIATED_WITH
A5109472612,W4402341077,WRITES
A5109472612,I913630986,AFFILIATED_WITH
A5017259848,W4415557159,WRITES
A5017259848,W4310675866,WRITES
A5017259848,W4400892685,WRITES
A5017259848,W4412835397,WRITES
A5017259848,W4388465055,WRITES
A5017259848,W4291123701,WRITES
A5017259848,I177733328,AFFILIATED_WITH
A5017259848,I913630986,AFFILIATED_WITH
A5139202772,W7165623399,WRITES
A5139202772,I4210123993,AFFILIATED_WITH
A5124436291,W7126151423,WRITES
A5124436291,I4210116271,AFFILIATED_WITH
A5037558820,W4392707062,WRITES
A5037558820,I4210120055,AFFILIATED_WITH
A5070927179,W4385852487,WRITES
A5070927179,I4210123993,AFFILIATED_WITH
A5125156133,W7127955044,WRITES
A5125156133,I123565023,AFFILIATED_WITH
A5125156133,I23582244,AFFILIATED_WITH
A5125156133,I4210086020,AFFILIATED_WITH
A5122895977,W7133833955,WRITES
A5122895977,W7123357215,WRITES
A5122895977,I4210134642,AFFILIATED_WITH
A5101868998,W4200618519,WRITES
A5101868998,I4210139842,AFFILIATED_WITH
LOCAL_A000046,W7129373484,WRITES
LOCAL_A000046,I4210134642,AFFILIATED_WITH
A5117907413,W4411134673,WRITES
A5117907413,I4210123993,AFFILIATED_WITH
A5107881229,W4365138459,WRITES
A5107881229,W4394784089,WRITES
A5107881229,I4210123993,AFFILIATED_WITH
A5125946113,W7129553087,WRITES
A5125946113,I177733328,AFFILIATED_WITH
A5046846003,W3013943119,WRITES
A5046846003,W3215851103,WRITES
A5046846003,W4404419098,WRITES
A5046846003,W3030321203,WRITES
A5046846003,I2802508454,AFFILIATED_WITH
A5109158453,W3015003805,WRITES
A5109158453,I2802443542,AFFILIATED_WITH
A5101710140,W4410304808,WRITES
A5101710140,I123565023,AFFILIATED_WITH
A5101710140,I47265099,AFFILIATED_WITH
A5113862126,W2917075874,WRITES
A5113862126,I4210144126,AFFILIATED_WITH
A5137570767,W7163067228,WRITES
A5137570767,I4210126982,AFFILIATED_WITH
A5128349832,W7134190072,WRITES
A5128349832,I123565023,AFFILIATED_WITH
A5128349832,I177233841,AFFILIATED_WITH
A5128349832,I257903683,AFFILIATED_WITH
A5094396568,W4253353920,WRITES
A5094396568,I71270174,AFFILIATED_WITH
A5094396568,I4210148897,AFFILIATED_WITH
A5094396568,I63525965,AFFILIATED_WITH
A5072077918,W3013943119,WRITES
A5072077918,W3040505135,WRITES
A5072077918,W3215851103,WRITES
A5072077918,W3094440337,WRITES
A5072077918,W3036995321,WRITES
A5072077918,W3121710976,WRITES
A5072077918,W3030321203,WRITES
A5072077918,W3080524420,WRITES
A5072077918,W3171219399,WRITES
A5072077918,I4210095101,AFFILIATED_WITH
A5072077918,I12450925,AFFILIATED_WITH
A5072077918,I2802508454,AFFILIATED_WITH
A5072077918,I110357561,AFFILIATED_WITH
A5108286478,W4388769279,WRITES
A5108286478,I141445968,AFFILIATED_WITH
A5066684419,W4400892685,WRITES
A5066684419,W4402341077,WRITES
A5066684419,I177733328,AFFILIATED_WITH
A5122907744,W7123341761,WRITES
A5122907744,I4210124651,AFFILIATED_WITH
A5070562619,W3041024626,WRITES
A5070562619,I4210123993,AFFILIATED_WITH
A5070562619,I4210131056,AFFILIATED_WITH
A5070562619,I4210134642,AFFILIATED_WITH
A5069800548,W4388411191,WRITES
A5069800548,I4210124651,AFFILIATED_WITH
A5135930978,W7160940118,WRITES
A5135930978,I94518387,AFFILIATED_WITH
A5101740969,W4410321139,WRITES
A5022294297,W4406489951,WRITES
A5022294297,I4210115718,AFFILIATED_WITH
A5011444388,W3129119852,WRITES
A5011444388,I4210123993,AFFILIATED_WITH
LOCAL_A000566,W4409644508,WRITES
LOCAL_A000566,W4414447663,WRITES
LOCAL_A000566,I4210138918,AFFILIATED_WITH
A5033765445,W3164428607,WRITES
A5033765445,W4411160005,WRITES
A5033765445,I4210123993,AFFILIATED_WITH
A5110798012,W4399485661,WRITES
A5110798012,I4210123755,AFFILIATED_WITH
A5053330063,W4281744049,WRITES
A5111288522,W4401525995,WRITES
A5111288522,I4210124651,AFFILIATED_WITH
A5019911546,W3202001992,WRITES
A5019911546,I4210123993,AFFILIATED_WITH
A5033896757,W3204989818,WRITES
A5033896757,W4234747297,WRITES
A5033896757,I4210123993,AFFILIATED_WITH
A5101990554,W4200521133,WRITES
A5101990554,I70349855,AFFILIATED_WITH
A5044871381,W4298004743,WRITES
A5044871381,I196699116,AFFILIATED_WITH
A5044871381,I4210093468,AFFILIATED_WITH
A5053119189,W4283723790,WRITES
A5053119189,W4224965222,WRITES
A5053119189,W4223557254,WRITES
A5053119189,W4226149286,WRITES
A5053119189,W4226292747,WRITES
A5053119189,I177733328,AFFILIATED_WITH
A5053119189,I4210123993,AFFILIATED_WITH
A5101761853,W4206307193,WRITES
A5101761853,I4210123993,AFFILIATED_WITH
A5016164354,W4360620773,WRITES
A5006331869,W2994822816,WRITES
A5030423329,W4390830216,WRITES
A5030423329,I123565023,AFFILIATED_WITH
A5030423329,I202539009,AFFILIATED_WITH
A5030423329,I23582244,AFFILIATED_WITH
A5112860829,W4322628962,WRITES
A5112860829,I4210123993,AFFILIATED_WITH
A5085078871,W4388572911,WRITES
A5085078871,W4414023483,WRITES
A5085078871,I70349855,AFFILIATED_WITH
A5112505328,W3005516765,WRITES
A5112505328,I4210159515,AFFILIATED_WITH
LOCAL_A000638,W4410320989,WRITES
LOCAL_A000638,I70349855,AFFILIATED_WITH
A5072778651,W4389046658,WRITES
A5072778651,I109689652,AFFILIATED_WITH
A5063300125,W4403302339,WRITES
A5063300125,I4210154685,AFFILIATED_WITH
A5063300125,I4387156139,AFFILIATED_WITH
A5021691466,W7138309880,WRITES
A5021691466,I4210123993,AFFILIATED_WITH
A5108814981,W4285322721,WRITES
A5108814981,I3020192730,AFFILIATED_WITH
A5072224443,W2035542467,WRITES
A5072224443,W4283765845,WRITES
A5072224443,W1575253570,WRITES
A5072224443,W4311137246,WRITES
A5072224443,I4210150999,AFFILIATED_WITH
A5072224443,I4400600977,AFFILIATED_WITH
A5072224443,I4210123993,AFFILIATED_WITH
A5130026653,W7138961853,WRITES
A5130026653,I141445968,AFFILIATED_WITH
A5136539897,W7161844670,WRITES
A5136539897,I141445968,AFFILIATED_WITH
LOCAL_A000629,W7106298988,WRITES
LOCAL_A000629,I141445968,AFFILIATED_WITH
A5083456347,W7119357954,WRITES
A5083456347,I4210123993,AFFILIATED_WITH
LOCAL_A000006,W4415649536,WRITES
LOCAL_A000006,I4210109089,AFFILIATED_WITH
A5043362152,W4323269635,WRITES
A5043362152,I4210096295,AFFILIATED_WITH
A5134246626,W7155200584,WRITES
A5134246626,I4210123993,AFFILIATED_WITH
A5016059020,W4415383964,WRITES
A5016059020,W4318762606,WRITES
A5016059020,W3197526874,WRITES
A5016059020,W7161594234,WRITES
A5016059020,W3163198494,WRITES
A5016059020,W3214136215,WRITES
A5016059020,W4298124764,WRITES
A5016059020,W4317555814,WRITES
A5016059020,W4384108323,WRITES
A5016059020,W3185593370,WRITES
A5016059020,W3212564068,WRITES
A5016059020,W4403137041,WRITES
A5016059020,I4210123993,AFFILIATED_WITH
A5016059020,I4210101284,AFFILIATED_WITH
A5129409195,W7136346916,WRITES
A5129409195,I4210123993,AFFILIATED_WITH
LOCAL_A000571,W4402962879,WRITES
LOCAL_A000571,I4210155448,AFFILIATED_WITH
A5026319239,W4283735051,WRITES
A5026319239,W3177030083,WRITES
A5026319239,W3168535772,WRITES
A5026319239,I4210123993,AFFILIATED_WITH
A5026319239,I4210141768,AFFILIATED_WITH
A5026319239,I848706,AFFILIATED_WITH
A5006515236,W4200521133,WRITES
A5006515236,I4210104442,AFFILIATED_WITH
A5130149376,W7138924495,WRITES
A5130149376,I177733328,AFFILIATED_WITH
A5057481424,W4200521133,WRITES
A5057481424,I70349855,AFFILIATED_WITH
A5040190344,W4381546781,WRITES
A5040190344,I1289196864,AFFILIATED_WITH
A5040190344,I4210123993,AFFILIATED_WITH
A5045159073,W3201611349,WRITES
A5045159073,I4210123993,AFFILIATED_WITH
A5103133298,W4401948602,WRITES
A5103133298,W4401948907,WRITES
A5103133298,I123565023,AFFILIATED_WITH
A5103133298,I4210093468,AFFILIATED_WITH
A5103133298,I47265099,AFFILIATED_WITH
LOCAL_A000060,W2995545104,WRITES
A5069511944,W4408223418,WRITES
A5069511944,W7127339740,WRITES
A5069511944,I4210095603,AFFILIATED_WITH
A5069511944,I4400600977,AFFILIATED_WITH
LOCAL_A000298,W3200248305,WRITES
LOCAL_A000298,I141445968,AFFILIATED_WITH
A5126085233,W7129078239,WRITES
A5126085233,I189643551,AFFILIATED_WITH
A5073611407,W4416239940,WRITES
A5073611407,I94518387,AFFILIATED_WITH
LOCAL_A000308,W4243275109,WRITES
A5040375274,W4317423688,WRITES
A5040375274,W4392431566,WRITES
A5040375274,W4411069142,WRITES
A5040375274,W4390964192,WRITES
A5040375274,W4409554317,WRITES
A5040375274,W4413618970,WRITES
A5040375274,I170238339,AFFILIATED_WITH
A5043478466,W3216102259,WRITES
A5043478466,I181727666,AFFILIATED_WITH
A5070234669,W4409606894,WRITES
A5070234669,I4210146893,AFFILIATED_WITH
LOCAL_A000378,W4362729505,WRITES
LOCAL_A000378,I4210123993,AFFILIATED_WITH
A5126099983,W7129078239,WRITES
A5126099983,I4210123993,AFFILIATED_WITH
LOCAL_A000572,W4408446899,WRITES
LOCAL_A000572,I177733328,AFFILIATED_WITH
A5108143070,W7159099806,WRITES
A5108143070,I177733328,AFFILIATED_WITH
A5053794733,W4402043000,WRITES
A5053794733,I123565023,AFFILIATED_WITH
A5087658530,W4241781093,WRITES
A5087658530,W2035542467,WRITES
A5087658530,W2062548560,WRITES
A5087658530,W3034897084,WRITES
A5087658530,I4210123993,AFFILIATED_WITH
A5087658530,I182526193,AFFILIATED_WITH
A5010733986,W4409412339,WRITES
A5010733986,W4417088395,WRITES
A5010733986,W7163660649,WRITES
A5010733986,I4210119410,AFFILIATED_WITH
A5101908614,W4416900077,WRITES
A5101908614,I177733328,AFFILIATED_WITH
A5124290475,W7126031294,WRITES
A5124290475,I4210123993,AFFILIATED_WITH
A5007969668,W7160940118,WRITES
A5007969668,I4210146230,AFFILIATED_WITH
A5007969668,I4210148301,AFFILIATED_WITH
A5119568657,W4414060981,WRITES
LOCAL_A000652,W4310299078,WRITES
LOCAL_A000652,I170238339,AFFILIATED_WITH
LOCAL_A000652,I3129492623,AFFILIATED_WITH
LOCAL_A000652,I3130697706,AFFILIATED_WITH
LOCAL_A000652,I4210123993,AFFILIATED_WITH
LOCAL_A000652,I4210131701,AFFILIATED_WITH
LOCAL_A000070,W4400220421,WRITES
LOCAL_A000070,W4401257954,WRITES
LOCAL_A000070,I4210123993,AFFILIATED_WITH
LOCAL_A000073,W4400220421,WRITES
LOCAL_A000073,W4401257954,WRITES
LOCAL_A000073,I4210095101,AFFILIATED_WITH
A5043160132,W4321781934,WRITES
A5043160132,I3129492623,AFFILIATED_WITH
LOCAL_A000217,W3174610716,WRITES
LOCAL_A000217,W3164428607,WRITES
LOCAL_A000217,I4210123993,AFFILIATED_WITH
A5110600308,W2917075874,WRITES
A5110600308,I4210122257,AFFILIATED_WITH
A5062877716,W3169793918,WRITES
A5062877716,I4210123993,AFFILIATED_WITH
A5086210076,W4406259285,WRITES
A5086210076,I109689652,AFFILIATED_WITH
A5000375848,W4416239940,WRITES
A5000375848,I4210148201,AFFILIATED_WITH
A5081622130,W4283206317,WRITES
A5081622130,I4210123993,AFFILIATED_WITH
A5001310284,W7162805338,WRITES
A5001310284,I1315456113,AFFILIATED_WITH
A5115720696,W4414595727,WRITES
A5115720696,I141445968,AFFILIATED_WITH
LOCAL_A000644,W3093483399,WRITES
LOCAL_A000644,I123565023,AFFILIATED_WITH
LOCAL_A000711,W4386853765,WRITES
LOCAL_A000711,I70349855,AFFILIATED_WITH
LOCAL_A000711,I94518387,AFFILIATED_WITH
LOCAL_A000726,W4409178946,WRITES
LOCAL_A000726,W4411025224,WRITES
LOCAL_A000726,I4210123993,AFFILIATED_WITH
LOCAL_A000089,W7116930752,WRITES
LOCAL_A000089,I4210123993,AFFILIATED_WITH
A5133244710,W7152690254,WRITES
A5133244710,I4210123993,AFFILIATED_WITH
A5107946858,W7160940118,WRITES
A5107946858,I94518387,AFFILIATED_WITH
A5041803184,W4323649772,WRITES
A5041803184,W4398212550,WRITES
A5041803184,W4290079132,WRITES
A5041803184,I109689652,AFFILIATED_WITH
A5041803184,I123565023,AFFILIATED_WITH
A5041803184,I23582244,AFFILIATED_WITH
A5054786913,W3135986232,WRITES
A5054786913,I4210123993,AFFILIATED_WITH
A5103205999,W3037301877,WRITES
A5103205999,I70349855,AFFILIATED_WITH
A5028849339,W4362576283,WRITES
A5028849339,I109689652,AFFILIATED_WITH
A5121361644,W7117322308,WRITES
A5121361644,I4210124651,AFFILIATED_WITH
A5060808788,W3200216791,WRITES
A5060808788,I4210123993,AFFILIATED_WITH
A5071543919,W4361798884,WRITES
A5071543919,W4387442103,WRITES
A5071543919,W4361801984,WRITES
A5071543919,W4381988114,WRITES
A5071543919,W4391926108,WRITES
A5071543919,W4387810629,WRITES
A5071543919,W4399685159,WRITES
A5071543919,I4210123993,AFFILIATED_WITH
A5065553213,W4389474151,WRITES
A5065553213,W3195495426,WRITES
A5065553213,W3194974541,WRITES
A5065553213,W3196636059,WRITES
A5065553213,W4225646906,WRITES
A5065553213,W4226292747,WRITES
A5065553213,I4210123993,AFFILIATED_WITH
A5090730240,W4386526168,WRITES
A5090730240,W4401948907,WRITES
A5090730240,W7119532240,WRITES
A5090730240,I4210123993,AFFILIATED_WITH
A5068477180,W4416900077,WRITES
A5068477180,W7123357215,WRITES
A5068477180,W4403638785,WRITES
A5068477180,W4413400898,WRITES
A5068477180,W4414023921,WRITES
A5068477180,I177733328,AFFILIATED_WITH
A5068477180,I109689652,AFFILIATED_WITH
A5050886449,W3208435212,WRITES
A5021733333,W4200002544,WRITES
A5021733333,W4220747986,WRITES
A5021733333,W4313408409,WRITES
A5021733333,W4281913321,WRITES
A5021733333,I158708052,AFFILIATED_WITH
A5021733333,I48076826,AFFILIATED_WITH
A5138392795,W7164178285,WRITES
A5138392795,I123565023,AFFILIATED_WITH
A5138392795,I4210117309,AFFILIATED_WITH
A5032903751,W4401475444,WRITES
A5032903751,W4404087784,WRITES
A5032903751,W4402962879,WRITES
A5032903751,W4398164532,WRITES
A5032903751,W4396989760,WRITES
A5032903751,I70349855,AFFILIATED_WITH
A5032903751,I4210148301,AFFILIATED_WITH
A5038993769,W4417268735,WRITES
LOCAL_A000300,W3212363074,WRITES
LOCAL_A000300,I23582244,AFFILIATED_WITH
LOCAL_A000455,W4414761507,WRITES
LOCAL_A000455,I4210123993,AFFILIATED_WITH
LOCAL_A000454,W4414761507,WRITES
LOCAL_A000454,I4210101969,AFFILIATED_WITH
A5076309514,W3200530318,WRITES
A5076309514,W3199822558,WRITES
A5062189282,W7125497916,WRITES
A5062189282,W4394982211,WRITES
A5062189282,W4389624737,WRITES
A5062189282,I173888879,AFFILIATED_WITH
A5062189282,I4387930256,AFFILIATED_WITH
A5104338666,W4400130597,WRITES
A5104338666,I123565023,AFFILIATED_WITH
A5104338666,I47265099,AFFILIATED_WITH
A5104313465,W4399007353,WRITES
A5104313465,I2802508454,AFFILIATED_WITH
A5110933354,W4417297452,WRITES
A5110933354,I70349855,AFFILIATED_WITH
A5079553187,W4409968481,WRITES
A5079553187,I177733328,AFFILIATED_WITH
A5047733972,W4315641599,WRITES
A5047733972,I3020192730,AFFILIATED_WITH
LOCAL_A000096,W4313364861,WRITES
LOCAL_A000096,I4210123993,AFFILIATED_WITH
LOCAL_A000096,I4210131701,AFFILIATED_WITH
A5119821511,W7136346916,WRITES
A5119821511,I47265099,AFFILIATED_WITH
A5051137028,W7128391453,WRITES
A5051137028,I4210137425,AFFILIATED_WITH
A5086822781,W4214738594,WRITES
A5086822781,W4283383303,WRITES
A5086822781,W4376566290,WRITES
A5086822781,I208356959,AFFILIATED_WITH
A5086822781,I47807185,AFFILIATED_WITH
A5050411356,W3089377971,WRITES
A5050411356,W3089696556,WRITES
A5050411356,W4410810504,WRITES
A5050411356,W3021273088,WRITES
A5050411356,W4410810484,WRITES
A5050411356,W3034897084,WRITES
A5050411356,W3118494691,WRITES
A5050411356,W4206403931,WRITES
A5050411356,W4404952803,WRITES
A5050411356,W4410124353,WRITES
A5050411356,W3013846497,WRITES
A5050411356,W4321488493,WRITES
A5050411356,I170238339,AFFILIATED_WITH
A5114156207,W4389738902,WRITES
A5136234928,W7161302210,WRITES
A5136234928,I1311218312,AFFILIATED_WITH
A5136234928,I148366613,AFFILIATED_WITH
A5136234928,I25846049,AFFILIATED_WITH
A5136234928,I316699675,AFFILIATED_WITH
A5022483359,W4402903753,WRITES
A5022483359,W4389781311,WRITES
A5022483359,W4386411789,WRITES
A5022483359,I123565023,AFFILIATED_WITH
A5022483359,I23582244,AFFILIATED_WITH
A5022483359,I25846049,AFFILIATED_WITH
A5022483359,I4210096386,AFFILIATED_WITH
A5022483359,I70349855,AFFILIATED_WITH
A5022483359,I89004649,AFFILIATED_WITH
A5116116783,W4414115402,WRITES
A5116116783,W4407065569,WRITES
A5116116783,I4210123993,AFFILIATED_WITH
A5104125128,W4379468618,WRITES
A5104125128,I4210123993,AFFILIATED_WITH
A5090829303,W4308588861,WRITES
A5090829303,W4307521070,WRITES
A5090829303,W4309613826,WRITES
A5090829303,I182526193,AFFILIATED_WITH
A5033621300,W4379793938,WRITES
A5033621300,I47807185,AFFILIATED_WITH
A5047648157,W4296081994,WRITES
A5047648157,I2802508454,AFFILIATED_WITH
A5047648157,I2802701112,AFFILIATED_WITH
A5100777969,W3169793918,WRITES
A5100777969,I4210123993,AFFILIATED_WITH
A5030792313,W4416174863,WRITES
A5030792313,I4210101969,AFFILIATED_WITH
A5083914774,W4285071776,WRITES
A5100632425,W4285732290,WRITES
A5100632425,W4389323198,WRITES
A5100632425,W4226071606,WRITES
A5100632425,W4285166530,WRITES
A5100632425,W4327890556,WRITES
A5100632425,W4389580973,WRITES
A5100632425,W4412581388,WRITES
A5100632425,W4412583333,WRITES
A5100632425,W3195732444,WRITES
A5100632425,W4285095564,WRITES
A5100632425,W4390883126,WRITES
A5100632425,I4210123993,AFFILIATED_WITH
A5100632425,I202539009,AFFILIATED_WITH
A5100632425,I67009956,AFFILIATED_WITH
A5100632425,I82497590,AFFILIATED_WITH
A5100632425,I123565023,AFFILIATED_WITH
A5100632425,I47265099,AFFILIATED_WITH
A5101480393,W7125619734,WRITES
A5101480393,I4210148201,AFFILIATED_WITH
A5035438749,W4388572911,WRITES
A5035438749,I79775147,AFFILIATED_WITH
A5074508126,W3165257331,WRITES
A5074508126,I135822937,AFFILIATED_WITH
A5065465017,W4400934330,WRITES
A5065465017,I4210112186,AFFILIATED_WITH
A5100613572,W4408169239,WRITES
A5100613572,I177733328,AFFILIATED_WITH
A5100613572,I4387155212,AFFILIATED_WITH
A5100637270,W4401475444,WRITES
A5100637270,W4404087784,WRITES
A5100637270,I4210137425,AFFILIATED_WITH
A5035120821,W2343142093,WRITES
A5069929256,W4385636643,WRITES
A5069929256,I170238339,AFFILIATED_WITH
A5059082065,W4415470074,WRITES
A5059082065,I23582244,AFFILIATED_WITH
A5059082065,I3020192730,AFFILIATED_WITH
A5000167478,W4311276396,WRITES
A5000167478,W4403144078,WRITES
A5000167478,I4387155442,AFFILIATED_WITH
A5000167478,I123565023,AFFILIATED_WITH
A5000167478,I181727666,AFFILIATED_WITH
A5104288554,W4285322721,WRITES
A5104288554,I4210123993,AFFILIATED_WITH
A5110800043,W4407356752,WRITES
A5110800043,I177733328,AFFILIATED_WITH
A5045704987,W4407356752,WRITES
A5045704987,I177733328,AFFILIATED_WITH
A5086796749,W7134116251,WRITES
A5086796749,I4210123993,AFFILIATED_WITH
A5049922872,W4312690352,WRITES
A5049922872,I3129629310,AFFILIATED_WITH
A5012861326,W4411777799,WRITES
A5012861326,I4210123993,AFFILIATED_WITH
A5067149669,W3202001992,WRITES
A5067149669,I4210123993,AFFILIATED_WITH
A5101608931,W3120966882,WRITES
A5014938626,W4388504124,WRITES
A5014938626,W4403520191,WRITES
A5014938626,W4403897111,WRITES
A5014938626,W4410891208,WRITES
A5014938626,W4416174863,WRITES
A5014938626,W7127959413,WRITES
A5014938626,W7162411051,WRITES
A5014938626,W4411159297,WRITES
A5014938626,W4405989709,WRITES
A5014938626,W4411152176,WRITES
A5014938626,W4322746639,WRITES
A5014938626,W4388051817,WRITES
A5014938626,W4411096246,WRITES
A5014938626,I4210115718,AFFILIATED_WITH
A5014938626,I4210109591,AFFILIATED_WITH
A5052409320,W4406489951,WRITES
A5052409320,I4210154685,AFFILIATED_WITH
A5052409320,I4387156139,AFFILIATED_WITH
A5010882179,W4283735051,WRITES
A5010882179,W3177030083,WRITES
A5010882179,W3111124944,WRITES
A5010882179,W3194799677,WRITES
A5010882179,W3110171308,WRITES
A5010882179,W4292430115,WRITES
A5010882179,W4376891951,WRITES
A5010882179,W3217534349,WRITES
A5010882179,I848706,AFFILIATED_WITH
A5010882179,I170238339,AFFILIATED_WITH
A5010882179,I4210098226,AFFILIATED_WITH
A5010882179,I141445968,AFFILIATED_WITH
A5010882179,I4210123993,AFFILIATED_WITH
A5001365679,W4281744049,WRITES
A5001365679,I4210117309,AFFILIATED_WITH
A5101736122,W4291123701,WRITES
A5101736122,I177733328,AFFILIATED_WITH
A5020787018,W4415809553,WRITES
A5020787018,I4210137425,AFFILIATED_WITH
A5020787018,I4210159515,AFFILIATED_WITH
A5009658681,W4282926064,WRITES
A5009658681,I202539009,AFFILIATED_WITH
A5059777868,W4280493801,WRITES
A5059777868,I4210137358,AFFILIATED_WITH
A5108236710,W2062548560,WRITES
A5108236710,I47265099,AFFILIATED_WITH
A5002949972,W7127441308,WRITES
A5002949972,I4210123993,AFFILIATED_WITH
A5029178928,W3139279360,WRITES
A5029178928,I170238339,AFFILIATED_WITH
A5128716151,W7134947698,WRITES
A5128716151,I4210123993,AFFILIATED_WITH
A5111420624,W3169005697,WRITES
A5111420624,I4210093468,AFFILIATED_WITH
A5111420624,I4210123993,AFFILIATED_WITH
A5088350962,W3015242855,WRITES
A5088350962,I4210123993,AFFILIATED_WITH
A5072303686,W4380538570,WRITES
A5010264989,W4391319779,WRITES
A5010264989,I4210137358,AFFILIATED_WITH
A5026693488,W4404032082,WRITES
A5026693488,W4405108720,WRITES
A5026693488,W4377861812,WRITES
A5026693488,W4403714892,WRITES
A5026693488,I177733328,AFFILIATED_WITH
A5100610737,W3164428607,WRITES
A5100610739,W3174610716,WRITES
A5009714502,W4220926051,WRITES
A5009714502,W4283517724,WRITES
A5009714502,W4321159612,WRITES
A5009714502,W4321251685,WRITES
A5009714502,W4380417077,WRITES
A5009714502,W4380886044,WRITES
A5009714502,W3166941946,WRITES
A5009714502,I4210123993,AFFILIATED_WITH
A5009714502,I4210116271,AFFILIATED_WITH
A5102006115,W3204989818,WRITES
A5102006115,W4234747297,WRITES
A5102006115,I4210123993,AFFILIATED_WITH
A5000192304,W4323866303,WRITES
A5000192304,I4387155935,AFFILIATED_WITH
A5000192304,I47265099,AFFILIATED_WITH
A5090982786,W4399579863,WRITES
A5090982786,W7127632959,WRITES
A5090982786,W4394886436,WRITES
A5090982786,W4399691773,WRITES
A5090982786,W4388411191,WRITES
A5090982786,W4389046658,WRITES
A5090982786,W4407814570,WRITES
A5090982786,W4398179436,WRITES
A5090982786,W4401270311,WRITES
A5090982786,W4407997245,WRITES
A5090982786,W4410274316,WRITES
A5090982786,I177733328,AFFILIATED_WITH
A5101815460,W4401948907,WRITES
A5101815460,I47265099,AFFILIATED_WITH
A5077994859,W4315641599,WRITES
A5077994859,I3020192730,AFFILIATED_WITH
A5048355279,W4206556998,WRITES
A5048355279,W4200521133,WRITES
A5048355279,I70349855,AFFILIATED_WITH
A5029804035,W2917075874,WRITES
A5112844608,W4289102291,WRITES
A5112844608,W4297177519,WRITES
A5112844608,W4311184438,WRITES
A5112844608,I4210123993,AFFILIATED_WITH
A5102984408,W4281285699,WRITES
A5102984408,W4386292890,WRITES
A5102984408,I4210123993,AFFILIATED_WITH
A5043650731,W3015003805,WRITES
A5043650731,I2802443542,AFFILIATED_WITH
A5128753364,W7134947698,WRITES
A5128753364,I4210123993,AFFILIATED_WITH
A5056915949,W4401475444,WRITES
A5056915949,W4396989760,WRITES
A5056915949,I1315456113,AFFILIATED_WITH
A5112633710,W3211403101,WRITES
A5112633710,I4210123993,AFFILIATED_WITH
A5010505038,W4407130611,WRITES
A5010505038,I123565023,AFFILIATED_WITH
A5010505038,I47265099,AFFILIATED_WITH
A5015751719,W4390939342,WRITES
A5015751719,I1315456113,AFFILIATED_WITH
A5015751719,I4210086020,AFFILIATED_WITH
A5015751719,I80611190,AFFILIATED_WITH
A5068322618,W4410070026,WRITES
A5083712493,W4411069142,WRITES
A5083712493,I3020192730,AFFILIATED_WITH
A5044887879,W1997956580,WRITES
A5101613703,W4406489951,WRITES
A5101613703,I4210115718,AFFILIATED_WITH
A5031633765,W4392346702,WRITES
A5031633765,I177733328,AFFILIATED_WITH
A5109208912,W4415649536,WRITES
A5109208912,I4210146230,AFFILIATED_WITH
A5109208912,I4210153650,AFFILIATED_WITH
A5001507533,W4206556998,WRITES
A5024056764,W4410256716,WRITES
A5024056764,I177733328,AFFILIATED_WITH
A5117428845,W4410070026,WRITES
A5019292270,W3200216791,WRITES
A5019292270,W3211648135,WRITES
A5019292270,I4210123993,AFFILIATED_WITH
A5075383762,W3097575064,WRITES
A5075383762,I4210123993,AFFILIATED_WITH
A5107900056,W4380538570,WRITES
A5002305257,W4406881240,WRITES
A5002305257,W4220909584,WRITES
A5002305257,I70349855,AFFILIATED_WITH
A5002305257,I4210134642,AFFILIATED_WITH
A5101412722,W4384916536,WRITES
A5101412722,W4385338636,WRITES
A5101412722,W4411711385,WRITES
A5101412722,I141445968,AFFILIATED_WITH
A5101412720,W4415655487,WRITES
A5101412720,I70349855,AFFILIATED_WITH
A5101412721,W1997956580,WRITES
A5102794571,W4310299078,WRITES
A5102794571,I4210136099,AFFILIATED_WITH
A5101569965,W4399494815,WRITES
A5101569965,I177233841,AFFILIATED_WITH
A5101569965,I4210137425,AFFILIATED_WITH
A5101569965,I67868205,AFFILIATED_WITH
A5101569963,W3135801482,WRITES
A5101569963,W4390890223,WRITES
A5101569963,I187855631,AFFILIATED_WITH
A5101569963,I4210123993,AFFILIATED_WITH
A5101569963,I4210096295,AFFILIATED_WITH
A5076833967,W3013943119,WRITES
A5076833967,W3215851103,WRITES
A5076833967,W3094440337,WRITES
A5076833967,W3121710976,WRITES
A5076833967,W3030321203,WRITES
A5076833967,I4210095101,AFFILIATED_WITH
A5058684461,W2917075874,WRITES
A5082154225,W4401517445,WRITES
A5082154225,W4402894282,WRITES
A5082154225,I2802852271,AFFILIATED_WITH
A5101567168,W4404087784,WRITES
A5101567168,W4402962879,WRITES
A5101567168,I3020192730,AFFILIATED_WITH
A5070885088,W4298124764,WRITES
A5070885088,I4210111957,AFFILIATED_WITH
A5070885088,I4391012539,AFFILIATED_WITH
A5100777968,W4414447663,WRITES
A5100777968,I45756140,AFFILIATED_WITH
A5101624945,W4403155959,WRITES
A5101624945,I189643551,AFFILIATED_WITH
LOCAL_A000407,W4400934330,WRITES
LOCAL_A000407,I4210123993,AFFILIATED_WITH
A5036310727,W4318476690,WRITES
A5036310727,W3038323774,WRITES
A5036310727,W4308874308,WRITES
A5036310727,W4312201692,WRITES
A5036310727,I4210101969,AFFILIATED_WITH
A5036310727,I4391012539,AFFILIATED_WITH
A5036310727,I182526193,AFFILIATED_WITH
A5019007060,W4206556998,WRITES
A5072933384,W3037301877,WRITES
A5072933384,I4210115718,AFFILIATED_WITH
A5072452119,W4206556998,WRITES
A5073166210,W4410070026,WRITES
A5022332552,W3030321203,WRITES
A5022332552,I2802508454,AFFILIATED_WITH
A5004094067,W4405957313,WRITES
A5004094067,I123565023,AFFILIATED_WITH
A5004094067,I23582244,AFFILIATED_WITH
A5062184716,W3013943119,WRITES
A5062184716,W3158335115,WRITES
A5062184716,W3108801041,WRITES
A5062184716,W3030321203,WRITES
A5062184716,W3080524420,WRITES
A5062184716,I4210137358,AFFILIATED_WITH
A5062184716,I4210136724,AFFILIATED_WITH
A5101788557,W4411828010,WRITES
A5101788557,I4210123993,AFFILIATED_WITH
A5030402937,W2917075874,WRITES
A5030402937,I4210122257,AFFILIATED_WITH
A5116456162,W7160446495,WRITES
A5116456162,W7163654284,WRITES
A5116456162,I4210123993,AFFILIATED_WITH
A5116456162,I4210129200,AFFILIATED_WITH
A5116456162,I904090387,AFFILIATED_WITH
A5100771609,W4415470074,WRITES
A5100771609,I23582244,AFFILIATED_WITH
A5100771609,I3020192730,AFFILIATED_WITH
A5047923619,W4386246276,WRITES
A5047923619,I121799043,AFFILIATED_WITH
A5012179893,W4389310208,WRITES
A5012179893,I155781252,AFFILIATED_WITH
A5012179893,I179193067,AFFILIATED_WITH
A5012179893,I182526193,AFFILIATED_WITH
A5012179893,I205640436,AFFILIATED_WITH
A5012179893,I4210123993,AFFILIATED_WITH
A5012179893,I4210153885,AFFILIATED_WITH
A5012179893,I63098007,AFFILIATED_WITH
A5012179893,I848706,AFFILIATED_WITH
A5041882067,W4415097908,WRITES
A5041882067,W7118568249,WRITES
A5041882067,W4406960022,WRITES
A5041882067,W7118869195,WRITES
A5041882067,W4411379455,WRITES
A5041882067,W4406730626,WRITES
A5041882067,W4401525995,WRITES
A5041882067,I4210124651,AFFILIATED_WITH
A5101801606,W3165257331,WRITES
A5101801606,I135822937,AFFILIATED_WITH
A5103096805,W3013943119,WRITES
A5103096805,W3030321203,WRITES
A5103096805,I4210095101,AFFILIATED_WITH
A5103096805,I4210123799,AFFILIATED_WITH
A5101637383,W4386059449,WRITES
A5101637383,W4281817358,WRITES
A5101637383,W4316589740,WRITES
A5101637383,I177733328,AFFILIATED_WITH
A5101637383,I4210096386,AFFILIATED_WITH
A5101637383,I4210104442,AFFILIATED_WITH
A5090308354,W4415649536,WRITES
A5090308354,I4210124651,AFFILIATED_WITH
A5070726452,W3092615877,WRITES
A5070726452,I29199639,AFFILIATED_WITH
A5101972755,W4385440069,WRITES
A5101972755,W4414023921,WRITES
A5101972755,I202539009,AFFILIATED_WITH
A5101972755,I4210123993,AFFILIATED_WITH
A5101972755,I142904861,AFFILIATED_WITH
A5083902869,W4406874864,WRITES
A5083902869,I94518387,AFFILIATED_WITH
A5029793479,W3208435212,WRITES
A5029148446,W4399485661,WRITES
A5029148446,I4210146893,AFFILIATED_WITH
A5100648337,W3142776653,WRITES
A5100648337,W4389474151,WRITES
A5100648337,W3202001992,WRITES
A5100648337,W4225827215,WRITES
A5100648337,W4408868085,WRITES
A5100648337,W3195495426,WRITES
A5100648337,W4288468332,WRITES
A5100648337,W3193827873,WRITES
A5100648337,W3194974541,WRITES
A5100648337,W4226468964,WRITES
A5100648337,W4224965222,WRITES
A5100648337,W4281854534,WRITES
A5100648337,W4284885794,WRITES
A5100648337,W4283370032,WRITES
A5100648337,W4285149948,WRITES
A5100648337,W4281250804,WRITES
A5100648337,W3196636059,WRITES
A5100648337,W4280610068,WRITES
A5100648337,W4225614357,WRITES
A5100648337,W4283034560,WRITES
A5100648337,W4406864044,WRITES
A5100648337,W4223557254,WRITES
A5100648337,W3128289046,WRITES
A5100648337,W4225646906,WRITES
A5100648337,W4310396776,WRITES
A5100648337,W4226149286,WRITES
A5100648337,W4290998809,WRITES
A5100648337,W4226292747,WRITES
A5100648337,W4410630703,WRITES
A5100648337,W4409117302,WRITES
A5100648337,I4210123993,AFFILIATED_WITH
A5034048261,W4417268735,WRITES
A5081765985,W4382885000,WRITES
A5081765985,I123565023,AFFILIATED_WITH
A5081765985,I4387155442,AFFILIATED_WITH
A5081765985,I3130313246,AFFILIATED_WITH
A5101465468,W4395464345,WRITES
A5101465468,I4210115718,AFFILIATED_WITH
A5035101973,W4283512790,WRITES
A5035101973,W3214136215,WRITES
A5035101973,I4210123993,AFFILIATED_WITH
A5035101973,I4210160086,AFFILIATED_WITH
A5010307491,W3139279360,WRITES
A5006023366,W4395464345,WRITES
A5006023366,I70349855,AFFILIATED_WITH
A5068268537,W4292367284,WRITES
A5068268537,I202539009,AFFILIATED_WITH
A5081664588,W4280511978,WRITES
A5081664588,W4294187916,WRITES
A5081664588,W4213277821,WRITES
A5081664588,W4281492481,WRITES
A5081664588,W4286432954,WRITES
A5081664588,I141445968,AFFILIATED_WITH
A5003489886,W4311301015,WRITES
A5003489886,W4414920857,WRITES
A5003489886,W4322746639,WRITES
A5003489886,I4210101969,AFFILIATED_WITH
A5003489886,I4210161636,AFFILIATED_WITH
A5061277637,W4410070105,WRITES
A5061277637,W7166003581,WRITES
A5061277637,I4210123993,AFFILIATED_WITH
LOCAL_A000448,W4413373431,WRITES
LOCAL_A000448,I4210123993,AFFILIATED_WITH
A5086743869,W4318762606,WRITES
A5086743869,I4210095101,AFFILIATED_WITH
LOCAL_A000471,W4417423760,WRITES
LOCAL_A000471,I4210123993,AFFILIATED_WITH
A5137004518,W7162419195,WRITES
A5134781418,W7157165965,WRITES
A5134781418,I4210161490,AFFILIATED_WITH
A5078539417,W4403852725,WRITES
A5078539417,I4210115718,AFFILIATED_WITH
A5028344237,W4206556998,WRITES
A5028344237,I70349855,AFFILIATED_WITH
A5064645144,W4388572911,WRITES
A5064645144,W4400605975,WRITES
A5064645144,W4400836185,WRITES
A5064645144,W4414023483,WRITES
A5064645144,W4403764556,WRITES
A5064645144,I70349855,AFFILIATED_WITH
A5124128619,W7125944245,WRITES
A5128872648,W7135071235,WRITES
A5128872648,I4210123993,AFFILIATED_WITH
A5112230202,W4415054842,WRITES
A5112230202,I4210123993,AFFILIATED_WITH
A5102791402,W4282555645,WRITES
A5102791402,W4408612729,WRITES
A5102791402,I4210096295,AFFILIATED_WITH
A5102791402,I70349855,AFFILIATED_WITH
LOCAL_A000435,W4409377644,WRITES
A5090498564,W7165175586,WRITES
A5090498564,I4210123993,AFFILIATED_WITH
A5083180919,W4323029777,WRITES
A5134506871,W7163582689,WRITES
A5134506871,I18550681,AFFILIATED_WITH
A5103712019,W2006698604,WRITES
A5103712019,I64519617,AFFILIATED_WITH
A5103712019,I94518387,AFFILIATED_WITH
A5042362477,W3135821578,WRITES
A5042362477,I4210123993,AFFILIATED_WITH
A5101219574,W4382813560,WRITES
A5101219574,I123565023,AFFILIATED_WITH
A5101219574,I141445968,AFFILIATED_WITH
A5101219574,I4210111957,AFFILIATED_WITH
A5104010371,W3212083005,WRITES
A5104010371,I4210123993,AFFILIATED_WITH
A5138992584,W7165377796,WRITES
A5138992584,I70349855,AFFILIATED_WITH
A5088410956,W4210525043,WRITES
A5088410956,W3194887689,WRITES
A5088410956,W3212502722,WRITES
A5088410956,W4224003837,WRITES
A5088410956,W3202888749,WRITES
A5088410956,W4281558467,WRITES
A5088410956,W4321368823,WRITES
A5088410956,W4207051394,WRITES
A5088410956,W4224868083,WRITES
A5088410956,W4291178975,WRITES
A5088410956,W3203494247,WRITES
A5088410956,W3212946760,WRITES
A5088410956,W3213578569,WRITES
A5088410956,W4286493883,WRITES
A5088410956,W4295932126,WRITES
A5088410956,W4205438146,WRITES
A5088410956,W4293238711,WRITES
A5088410956,W3195104377,WRITES
A5088410956,W3207721761,WRITES
A5088410956,W4285496039,WRITES
A5088410956,W4220910670,WRITES
A5088410956,W4295941572,WRITES
A5088410956,I4210123993,AFFILIATED_WITH
A5088410956,I142208455,AFFILIATED_WITH
A5016568572,W4283748022,WRITES
A5016568572,I4210123993,AFFILIATED_WITH
A5016568572,I47807185,AFFILIATED_WITH
A5050155021,W4283163677,WRITES
A5050155021,W4387967326,WRITES
A5050155021,W4385356574,WRITES
A5050155021,W4387310482,WRITES
A5050155021,I57093077,AFFILIATED_WITH
A5050155021,I123565023,AFFILIATED_WITH
A5050155021,I99043593,AFFILIATED_WITH
A5102008622,W4412161992,WRITES
A5102008622,I70349855,AFFILIATED_WITH
A5026216458,W4414271358,WRITES
A5026216458,W4416367685,WRITES
A5026216458,I98381234,AFFILIATED_WITH
A5071961095,W3199942263,WRITES
A5071961095,I4210123993,AFFILIATED_WITH
A5014754170,W3199138090,WRITES
A5014754170,I4210123993,AFFILIATED_WITH
A5122875143,W7127274448,WRITES
A5122875143,I98381234,AFFILIATED_WITH
A5028661130,W4402490333,WRITES
A5028661130,I3020192730,AFFILIATED_WITH
A5104122021,W4378650985,WRITES
A5104122021,I4387155935,AFFILIATED_WITH
A5104122021,I47265099,AFFILIATED_WITH
A5007516284,W3184444435,WRITES
A5007516284,I2802508454,AFFILIATED_WITH
A5015069505,W4389615139,WRITES
A5015069505,W4365138459,WRITES
A5015069505,I4387155935,AFFILIATED_WITH
A5015069505,I47265099,AFFILIATED_WITH
A5015069505,I202539009,AFFILIATED_WITH
A5074437529,W4407261142,WRITES
A5074437529,I67868205,AFFILIATED_WITH
A5134527313,W7155517813,WRITES
A5134527313,I4210123993,AFFILIATED_WITH
A5126973597,W7131786424,WRITES
A5126973597,I177733328,AFFILIATED_WITH
A5106845809,W4405203001,WRITES
A5106845809,W4402063140,WRITES
A5106845809,I4210123993,AFFILIATED_WITH
A5101851526,W4404007090,WRITES
A5101851526,W4410885136,WRITES
A5101851526,W4407918048,WRITES
A5101851526,I202539009,AFFILIATED_WITH
A5101851526,I4387155935,AFFILIATED_WITH
A5008909699,W3117538281,WRITES
A5008909699,I4210123993,AFFILIATED_WITH
A5091402542,W3201040525,WRITES
A5091402542,W4308588861,WRITES
A5091402542,W4307521070,WRITES
A5091402542,W4327814100,WRITES
A5091402542,W4407877818,WRITES
A5091402542,W4379232316,WRITES
A5091402542,W4384209462,WRITES
A5091402542,W4309613826,WRITES
A5091402542,W4406854999,WRITES
A5091402542,I848706,AFFILIATED_WITH
A5091402542,I141445968,AFFILIATED_WITH
A5117858545,W4411100563,WRITES
A5117858545,I4210123993,AFFILIATED_WITH
A5033957854,W4408960506,WRITES
A5033957854,I4210123993,AFFILIATED_WITH
LOCAL_A000635,W4406804501,WRITES
LOCAL_A000635,I141445968,AFFILIATED_WITH
A5050688178,W4417297452,WRITES
A5050688178,I70349855,AFFILIATED_WITH
A5025741771,W7161788978,WRITES
A5025741771,I228151691,AFFILIATED_WITH
A5026676431,W2964862300,WRITES
A5026676431,W4291178975,WRITES
A5026676431,W2965644806,WRITES
A5026676431,W4283748022,WRITES
A5026676431,W4313396687,WRITES
A5026676431,W4313586752,WRITES
A5026676431,W3096149152,WRITES
A5026676431,I142208455,AFFILIATED_WITH
A5026676431,I47807185,AFFILIATED_WITH
A5026676431,I4210123993,AFFILIATED_WITH
A5003092345,W3018079424,WRITES
A5003092345,I45756140,AFFILIATED_WITH
A5033734566,W4292265082,WRITES
A5033734566,I202539009,AFFILIATED_WITH
A5092900287,W4386851484,WRITES
A5117757287,W4410852962,WRITES
A5117757287,I4210123993,AFFILIATED_WITH
A5114132723,W3129870341,WRITES
A5114132723,I4210123993,AFFILIATED_WITH
A5074093573,W4410502019,WRITES
A5074093573,W4410502105,WRITES
A5074093573,I4210123993,AFFILIATED_WITH
A5073305924,W4414115402,WRITES
A5073305924,I181727666,AFFILIATED_WITH
A5090872335,W4407065569,WRITES
A5090872335,I181727666,AFFILIATED_WITH
A5101352949,W4396870521,WRITES
A5106774781,W4405326060,WRITES
A5106774781,W7117457649,WRITES
A5106774781,W4401924629,WRITES
A5106774781,W4408818684,WRITES
A5106774781,W7127632491,WRITES
A5106774781,I4210123993,AFFILIATED_WITH
A5015033686,W4313456478,WRITES
A5015033686,I4210123993,AFFILIATED_WITH
A5004191876,W3199646977,WRITES
A5004191876,I4210123993,AFFILIATED_WITH
A5108109013,W4408160180,WRITES
A5108109013,I123565023,AFFILIATED_WITH
A5108109013,I23582244,AFFILIATED_WITH
LOCAL_A000568,W4411379455,WRITES
LOCAL_A000568,I64519617,AFFILIATED_WITH
A5046633562,W4404419098,WRITES
A5046633562,I4210123993,AFFILIATED_WITH
A5101617017,W4309109511,WRITES
A5101617017,W4304958842,WRITES
A5101617017,W4212858205,WRITES
A5101617017,W4415696730,WRITES
A5101617017,I4210123993,AFFILIATED_WITH
A5002666870,W3034501957,WRITES
A5002666870,I76835614,AFFILIATED_WITH
A5113339637,W4401684825,WRITES
A5113339637,I123565023,AFFILIATED_WITH
A5113339637,I177233841,AFFILIATED_WITH
A5113339637,I63169043,AFFILIATED_WITH
A5114194696,W4400855508,WRITES
A5114194696,I4210123993,AFFILIATED_WITH
A5048137524,W4233209977,WRITES
A5048137524,I4210123993,AFFILIATED_WITH
A5052968307,W4381683241,WRITES
A5052968307,I23582244,AFFILIATED_WITH
A5053472969,W4391826672,WRITES
LOCAL_A000086,W4410852962,WRITES
LOCAL_A000086,I4210123993,AFFILIATED_WITH
A5079519299,W7118568249,WRITES
A5079519299,I2801894621,AFFILIATED_WITH
A5079519299,I3132161128,AFFILIATED_WITH
A5079519299,I4210132950,AFFILIATED_WITH
A5079519299,I4210138746,AFFILIATED_WITH
A5026663888,W4312508319,WRITES
A5026663888,W4380202673,WRITES
A5026663888,W4328128687,WRITES
A5026663888,I4210095101,AFFILIATED_WITH
A5026663888,I153904384,AFFILIATED_WITH
A5096196814,W4390760815,WRITES
A5096196814,I4210123993,AFFILIATED_WITH
A5060870949,W4380202673,WRITES
A5060870949,W4328128687,WRITES
A5060870949,I177233841,AFFILIATED_WITH
A5041064801,W4415950711,WRITES
A5041064801,I45756140,AFFILIATED_WITH
A5012509568,W4319953710,WRITES
A5012509568,W3015003805,WRITES
A5012509568,W3199301772,WRITES
A5012509568,W3208505995,WRITES
A5012509568,W4382813560,WRITES
A5012509568,W4399763896,WRITES
A5012509568,W4417499288,WRITES
A5012509568,I123565023,AFFILIATED_WITH
A5012509568,I2802443542,AFFILIATED_WITH
A5012509568,I141445968,AFFILIATED_WITH
A5012509568,I4210111957,AFFILIATED_WITH
A5037677437,W3201373879,WRITES
A5037677437,W3199319607,WRITES
A5037677437,W3200969711,WRITES
A5037677437,I67255865,AFFILIATED_WITH
A5018823341,W4295941572,WRITES
A5018823341,I28777354,AFFILIATED_WITH
A5110810020,W4401385430,WRITES
A5110810020,I4210120055,AFFILIATED_WITH
A5087028337,W3214891465,WRITES
A5087028337,I205133468,AFFILIATED_WITH
A5029362407,W4417284240,WRITES
A5029362407,I119511950,AFFILIATED_WITH
A5029362407,I7882870,AFFILIATED_WITH
A5010632118,W4414206059,WRITES
A5010632118,I4210128583,AFFILIATED_WITH
A5010632118,I45129253,AFFILIATED_WITH
A5038934404,W3168535772,WRITES
A5038934404,I4210123993,AFFILIATED_WITH
A5038934404,I4210141768,AFFILIATED_WITH
A5038934404,I848706,AFFILIATED_WITH
A5106740255,W4401892575,WRITES
A5106740255,I130828816,AFFILIATED_WITH
A5106740255,I4210116098,AFFILIATED_WITH
A5117543448,W4410369190,WRITES
A5053364755,W4412488217,WRITES
A5053364755,I85461943,AFFILIATED_WITH
LOCAL_A000601,W4407615544,WRITES
LOCAL_A000601,I196355604,AFFILIATED_WITH
LOCAL_A000601,I30849647,AFFILIATED_WITH
A5069007853,W4399485661,WRITES
A5069007853,I82904351,AFFILIATED_WITH
A5069741011,W4406024089,WRITES
A5069741011,I144696833,AFFILIATED_WITH
A5069741011,I150468666,AFFILIATED_WITH
A5069741011,I4210123993,AFFILIATED_WITH
A5069741011,I4210158018,AFFILIATED_WITH
A5060829860,W3205098776,WRITES
A5060829860,I212220629,AFFILIATED_WITH
A5056999212,W4391742087,WRITES
A5056999212,I204947315,AFFILIATED_WITH
A5017221030,W2394082996,WRITES
A5017221030,I4210123993,AFFILIATED_WITH
A5025344010,W4409462844,WRITES
A5025344010,I1332353952,AFFILIATED_WITH
A5025344010,I4210148235,AFFILIATED_WITH
A5049531721,W3200021621,WRITES
A5049531721,W3200607378,WRITES
A5049531721,I4210097659,AFFILIATED_WITH
A5034679255,W4389639153,WRITES
A5034679255,I67868205,AFFILIATED_WITH
A5109666639,W4389980020,WRITES
A5109666639,I141445968,AFFILIATED_WITH
A5021775879,W3199125328,WRITES
A5021775879,I4210123993,AFFILIATED_WITH
A5023913918,W3171691420,WRITES
A5023913918,I4210123993,AFFILIATED_WITH
LOCAL_A000507,W7108322544,WRITES
LOCAL_A000507,W7108328204,WRITES
LOCAL_A000507,I161372803,AFFILIATED_WITH
A5003667222,W4387909652,WRITES
A5003667222,W4304128614,WRITES
A5003667222,W4390341038,WRITES
A5003667222,I139322472,AFFILIATED_WITH
A5024930700,W4392188359,WRITES
A5024930700,I48076826,AFFILIATED_WITH
A5017536350,W4410257773,WRITES
A5030054157,W2148435571,WRITES
A5133198721,W7152089371,WRITES
A5133198721,I15807432,AFFILIATED_WITH
A5047512380,W4390344721,WRITES
A5047512380,W4362517101,WRITES
A5047512380,I114030911,AFFILIATED_WITH
A5101722766,W4221099258,WRITES
A5101722766,I114030911,AFFILIATED_WITH
A5008973458,W2958510524,WRITES
A5028273918,W4313260174,WRITES
A5028273918,I3124059619,AFFILIATED_WITH
A5057264704,W4414227725,WRITES
A5057264704,I1294671590,AFFILIATED_WITH
A5057264704,I161929037,AFFILIATED_WITH
A5057264704,I2802204017,AFFILIATED_WITH
A5057264704,I4210126368,AFFILIATED_WITH
A5122303994,W7119522653,WRITES
A5122303994,I1294671590,AFFILIATED_WITH
A5122303994,I2802204017,AFFILIATED_WITH
A5122303994,I4210126368,AFFILIATED_WITH
A5112978882,W4410061269,WRITES
A5112978882,I4210123993,AFFILIATED_WITH
A5032625001,W4409518500,WRITES
A5032625001,I2608206482,AFFILIATED_WITH
A5113930059,W4319791725,WRITES
A5113930059,I203899302,AFFILIATED_WITH
A5002233700,W4283790096,WRITES
A5002233700,I203899302,AFFILIATED_WITH
A5014715890,W4414701392,WRITES
A5014715890,W7165114816,WRITES
A5014715890,I10232997,AFFILIATED_WITH
A5014715890,I4210141757,AFFILIATED_WITH
A5005345397,W4313408409,WRITES
A5005345397,I48076826,AFFILIATED_WITH
A5033733596,W2949783845,WRITES
A5033733596,I56081889,AFFILIATED_WITH
A5135197974,W7160186769,WRITES
A5135197974,I1925986,AFFILIATED_WITH
A5135197974,I4210123993,AFFILIATED_WITH
A5120981353,W7116711994,WRITES
A5120981353,I4210123993,AFFILIATED_WITH
A5063760978,W7118452653,WRITES
A5063760978,I157273133,AFFILIATED_WITH
LOCAL_A000500,W7108322544,WRITES
LOCAL_A000500,W7108328204,WRITES
LOCAL_A000500,I157273133,AFFILIATED_WITH
A5018401587,W4321349922,WRITES
A5018401587,I130442723,AFFILIATED_WITH
A5018401587,I4210112140,AFFILIATED_WITH
LOCAL_A000159,W4293221027,WRITES
A5129686486,W7162318469,WRITES
A5129686486,I4210102177,AFFILIATED_WITH
A5091026666,W4283779811,WRITES
A5091026666,W4285166530,WRITES
A5091026666,W4286434107,WRITES
A5091026666,W4281740790,WRITES
A5091026666,I67009956,AFFILIATED_WITH
A5030900211,W3199422970,WRITES
A5030900211,W3201204358,WRITES
A5030900211,I4210123993,AFFILIATED_WITH
A5134286694,W7155200584,WRITES
A5134286694,I4210123993,AFFILIATED_WITH
A5017544315,W4303614832,WRITES
A5017544315,W2986661965,WRITES
A5017544315,W4353059269,WRITES
A5017544315,I4210123993,AFFILIATED_WITH
A5012381405,W2895059192,WRITES
A5012381405,W2891912056,WRITES
A5012381405,W2906247978,WRITES
A5012381405,W4387909652,WRITES
A5012381405,W4403342469,WRITES
A5012381405,W4390683333,WRITES
A5012381405,I4210123993,AFFILIATED_WITH
A5067691424,W4413957744,WRITES
A5067691424,I157358134,AFFILIATED_WITH
A5129503416,W7136207794,WRITES
A5129503416,I4210123993,AFFILIATED_WITH
A5005323032,W4313415965,WRITES
A5081459010,W4391533706,WRITES
A5081459010,I157358134,AFFILIATED_WITH
A5110846094,W4214693772,WRITES
A5110846094,I4210123993,AFFILIATED_WITH
A5094279601,W4393322250,WRITES
A5094279601,I4210088963,AFFILIATED_WITH
A5137873774,W7163549597,WRITES
A5137873774,I58716616,AFFILIATED_WITH
A5054358107,W2979105539,WRITES
A5054358107,W2556584035,WRITES
A5054358107,W2592738442,WRITES
A5054358107,I4210123993,AFFILIATED_WITH
A5054358107,I8087733,AFFILIATED_WITH
A5003162913,W4401020933,WRITES
A5003162913,I124246371,AFFILIATED_WITH
A5078584137,W3171691420,WRITES
A5078584137,I107640659,AFFILIATED_WITH
A5008976102,W3013165542,WRITES
A5008976102,I186771145,AFFILIATED_WITH
A5126318146,W7130418290,WRITES
A5126318146,I126406834,AFFILIATED_WITH
A5126318146,I130294970,AFFILIATED_WITH
A5126318146,I4210098675,AFFILIATED_WITH
A5032504273,W4283772388,WRITES
A5032504273,I103031861,AFFILIATED_WITH
A5021838259,W3199087809,WRITES
A5021838259,I31512782,AFFILIATED_WITH
A5066114368,W4289102291,WRITES
A5066114368,I28022161,AFFILIATED_WITH
A5066114368,I4210138988,AFFILIATED_WITH
A5075431871,W3168575142,WRITES
A5075431871,I4210123993,AFFILIATED_WITH
A5075431871,I4210141768,AFFILIATED_WITH
A5075431871,I848706,AFFILIATED_WITH
A5022950828,W4362457768,WRITES
A5022950828,I3122832768,AFFILIATED_WITH
A5101464450,W7166028472,WRITES
A5101464450,W7166029693,WRITES
A5101464450,W7166030371,WRITES
A5101464450,W7166095928,WRITES
A5101464450,I142208455,AFFILIATED_WITH
A5029663721,W4404761741,WRITES
A5029663721,I4210157242,AFFILIATED_WITH
A5030383833,W4280596211,WRITES
A5030383833,I4210143550,AFFILIATED_WITH
A5091410883,W3186760671,WRITES
A5091410883,I192513696,AFFILIATED_WITH
A5133376077,W7153004412,WRITES
A5133376077,I117222138,AFFILIATED_WITH
A5030291168,W4365790216,WRITES
A5030291168,I28022161,AFFILIATED_WITH
A5034050904,W1984435726,WRITES
A5034050904,I16718484,AFFILIATED_WITH
A5034050904,I4210138169,AFFILIATED_WITH
A5034050904,I4210145656,AFFILIATED_WITH
A5034050904,I98285908,AFFILIATED_WITH
A5046213612,W7163065831,WRITES
A5046213612,I4210115718,AFFILIATED_WITH
A5018169142,W3205987068,WRITES
A5010116708,W4400933422,WRITES
A5010116708,I64222039,AFFILIATED_WITH
A5069645890,W7127411886,WRITES
A5069645890,W4410536451,WRITES
A5069645890,W4406259285,WRITES
A5069645890,I87111246,AFFILIATED_WITH
LOCAL_A000346,W4285191318,WRITES
A5129448426,W7137152070,WRITES
A5129448426,I4210123993,AFFILIATED_WITH
LOCAL_A000130,W4293221027,WRITES
LOCAL_A000336,W4285191318,WRITES
A5068896645,W3199547620,WRITES
A5068896645,W4307532462,WRITES
A5068896645,I4210123993,AFFILIATED_WITH
LOCAL_A000702,W4253353920,WRITES
LOCAL_A000648,W3139407296,WRITES
LOCAL_A000648,I3020192730,AFFILIATED_WITH
LOCAL_A000364,W4285191318,WRITES
LOCAL_A000277,W4312656552,WRITES
LOCAL_A000259,W4312656552,WRITES
LOCAL_A000355,W4285191318,WRITES
A5079194244,W2064980181,WRITES
LOCAL_A000050,W4241781093,WRITES
LOCAL_A000050,I4210123993,AFFILIATED_WITH
A5002732389,W4389310208,WRITES
A5111991433,W4408160180,WRITES
A5111991433,I4210108426,AFFILIATED_WITH
A5111991433,I4210158110,AFFILIATED_WITH
A5030919137,W4403344039,WRITES
A5030919137,I9842412,AFFILIATED_WITH
A5036415036,W4407677325,WRITES
A5036415036,I90767664,AFFILIATED_WITH
A5111093469,W4403539683,WRITES
A5111093469,I4210139842,AFFILIATED_WITH
A5111093469,I70349855,AFFILIATED_WITH
A5109333181,W4389310208,WRITES
A5103028918,W4415714390,WRITES
A5103028918,I4210123993,AFFILIATED_WITH
A5056322359,W7162318469,WRITES
A5056322359,I207123951,AFFILIATED_WITH
A5077185547,W4405281261,WRITES
A5077185547,I2800191209,AFFILIATED_WITH
LOCAL_A000671,W4389310208,WRITES
LOCAL_A000207,W4402190902,WRITES
LOCAL_A000207,I94518387,AFFILIATED_WITH
A5076796223,W4389310208,WRITES
A5035626329,W7154951097,WRITES
A5035626329,I4210095101,AFFILIATED_WITH
A5104687879,W4225154649,WRITES
A5104687879,W4288457039,WRITES
A5104687879,I4210123993,AFFILIATED_WITH
A5030875962,W4386077917,WRITES
A5030875962,W7135040571,WRITES
A5030875962,W4417268735,WRITES
A5030875962,W4401099348,WRITES
A5030875962,W4283390991,WRITES
A5030875962,W4413401695,WRITES
A5030875962,W4386853765,WRITES
A5030875962,I4210123993,AFFILIATED_WITH
A5084985533,W4413182358,WRITES
A5084985533,W4417268735,WRITES
A5084985533,W4406489951,WRITES
A5084985533,W4403302339,WRITES
A5084985533,I4210123993,AFFILIATED_WITH
A5137525102,W7163065831,WRITES
A5137525102,I4210123993,AFFILIATED_WITH
A5020360390,W4389485812,WRITES
A5020360390,I158708052,AFFILIATED_WITH
A5113049027,W4388769279,WRITES
A5113049027,W4385496343,WRITES
A5113049027,I4210123993,AFFILIATED_WITH
A5016901707,W2677270484,WRITES
A5016901707,I1282516798,AFFILIATED_WITH
A5109689211,W4414053701,WRITES
A5109689211,I2802508454,AFFILIATED_WITH
A5103166964,W2375584394,WRITES
A5103166964,I4210123993,AFFILIATED_WITH
A5058225154,W7135509405,WRITES
A5135236530,W7160186769,WRITES
A5135236530,I80849659,AFFILIATED_WITH
A5033922417,W7116711994,WRITES
A5033922417,I80849659,AFFILIATED_WITH
A5043580746,W2983803309,WRITES
A5059661066,W1491100760,WRITES
A5059661066,I1287643137,AFFILIATED_WITH
A5005403550,W4207065025,WRITES
A5005403550,I1286329397,AFFILIATED_WITH
A5005403550,I4210103174,AFFILIATED_WITH
A5072883137,W1902563258,WRITES
A5072883137,W1491100760,WRITES
A5072883137,W2075394754,WRITES
A5072883137,I4210152550,AFFILIATED_WITH
A5072883137,I4210160947,AFFILIATED_WITH
A5034275358,W2767566591,WRITES
A5055097412,W4402131998,WRITES
A5055097412,I2802304065,AFFILIATED_WITH
A5024767943,W4290471674,WRITES
A5024767943,W3167511430,WRITES
A5024767943,I198105771,AFFILIATED_WITH
A5024767943,I4210090073,AFFILIATED_WITH
A5060295199,W4200002544,WRITES
A5060295199,W4221098262,WRITES
A5060295199,W4220747986,WRITES
A5060295199,W4281913321,WRITES
A5060295199,I25399158,AFFILIATED_WITH
A5047902084,W4376643991,WRITES
A5047902084,I176601375,AFFILIATED_WITH
A5069373806,W3163768356,WRITES
A5069373806,I111268130,AFFILIATED_WITH
A5069373806,I2802195347,AFFILIATED_WITH
A5069373806,I4210123993,AFFILIATED_WITH
A5069373806,I4210124344,AFFILIATED_WITH
A5069373806,I4210149240,AFFILIATED_WITH
A5033221741,W2569951461,WRITES
A5033221741,I107672454,AFFILIATED_WITH
A5033221741,I36258959,AFFILIATED_WITH
A5033221741,I4210099595,AFFILIATED_WITH
A5033221741,I4210105147,AFFILIATED_WITH
A5033221741,I4210123993,AFFILIATED_WITH
A5033221741,I4210158294,AFFILIATED_WITH
A5027385468,W4303045635,WRITES
A5027385468,I99682543,AFFILIATED_WITH
A5088934266,W3201477092,WRITES
A5088934266,W3201355987,WRITES
A5088934266,W4379793938,WRITES
A5088934266,I142208455,AFFILIATED_WITH
A5044406931,W4401892575,WRITES
A5044406931,I4210116098,AFFILIATED_WITH
A5086096942,W3196636059,WRITES
A5086096942,I162030827,AFFILIATED_WITH
A5061509700,W4377047193,WRITES
A5061509700,I8264552,AFFILIATED_WITH
A5109507730,W2920983499,WRITES
A5108706799,W4317434823,WRITES
A5108706799,I3124059619,AFFILIATED_WITH
A5034407820,W4416088264,WRITES
A5034407820,I2802753785,AFFILIATED_WITH
A5034407820,I4210127074,AFFILIATED_WITH
A5034407820,I4210142271,AFFILIATED_WITH
A5034407820,I4210158385,AFFILIATED_WITH
A5034407820,I47519274,AFFILIATED_WITH
A5025132197,W4410630703,WRITES
A5025132197,I198105771,AFFILIATED_WITH
A5025132197,I4210159985,AFFILIATED_WITH
A5069741452,W2376427686,WRITES
A5069741452,I4210123993,AFFILIATED_WITH
A5090643890,W2381072848,WRITES
A5090643890,I4210123993,AFFILIATED_WITH
A5101639650,W2352342249,WRITES
A5101639650,I4210123993,AFFILIATED_WITH
A5071090412,W2351093011,WRITES
A5071090412,I4210123993,AFFILIATED_WITH
A5057884284,W3214362572,WRITES
A5057884284,I142208455,AFFILIATED_WITH
A5057884284,I149461666,AFFILIATED_WITH
A5086503053,W7118452653,WRITES
A5086503053,I205640436,AFFILIATED_WITH
A5045240225,W2983803309,WRITES
A5045240225,W2767566591,WRITES
A5067116161,W2921306927,WRITES
A5090948020,W3163768356,WRITES
A5090948020,I111268130,AFFILIATED_WITH
A5090948020,I2802195347,AFFILIATED_WITH
A5090948020,I4210123993,AFFILIATED_WITH
A5090948020,I4210124344,AFFILIATED_WITH
A5090948020,I4210149240,AFFILIATED_WITH
A5071384938,W4388769279,WRITES
A5071384938,I165143802,AFFILIATED_WITH
A5071384938,I4210138055,AFFILIATED_WITH
A5042670765,W2983803309,WRITES
A5042670765,W2767566591,WRITES
A5098041131,W2058651173,WRITES
A5098041131,I4210123993,AFFILIATED_WITH
A5058935102,W2920977915,WRITES
A5058935102,W2952065493,WRITES
A5058935102,I27837315,AFFILIATED_WITH
A5058935102,I71187865,AFFILIATED_WITH
A5043201732,W2921306927,WRITES
A5044607532,W4377002350,WRITES
A5044607532,I99464096,AFFILIATED_WITH
A5062168310,W2036122594,WRITES
A5058772199,W4324091098,WRITES
A5058772199,I2800139495,AFFILIATED_WITH
A5058772199,I86987016,AFFILIATED_WITH
A5060548857,W4403638785,WRITES
A5060548857,I887064364,AFFILIATED_WITH
A5067287880,W2172418087,WRITES
A5067287880,W2983803309,WRITES
A5067287880,W4211174566,WRITES
A5067287880,W2767566591,WRITES
A5067287880,W3093833112,WRITES
A5067287880,W2180953235,WRITES
A5015416684,W4411852273,WRITES
A5015416684,W4384916536,WRITES
A5015416684,W4417058714,WRITES
A5015416684,W7166028472,WRITES
A5015416684,W7166029693,WRITES
A5015416684,W7166030371,WRITES
A5015416684,W7166095928,WRITES
A5015416684,W4382323091,WRITES
A5015416684,W4366309491,WRITES
A5015416684,W4366090948,WRITES
A5015416684,W4384026714,WRITES
A5015416684,W4385338636,WRITES
A5015416684,W4407064793,WRITES
A5015416684,W4401198054,WRITES
A5015416684,W4388544034,WRITES
A5015416684,W4315781818,WRITES
A5015416684,W4384928263,WRITES
A5015416684,W4377862238,WRITES
A5015416684,W4394744640,WRITES
A5015416684,W4394804920,WRITES
A5015416684,I142208455,AFFILIATED_WITH
A5089263417,W4313259690,WRITES
A5089263417,W4311970573,WRITES
A5089263417,I165737746,AFFILIATED_WITH
A5004702190,W2496171072,WRITES
A5004702190,I17937529,AFFILIATED_WITH
A5004702190,I223822909,AFFILIATED_WITH
A5004702190,I4210123993,AFFILIATED_WITH
A5002689322,W4400733488,WRITES
A5002689322,I4210123993,AFFILIATED_WITH
A5036337561,W4380629569,WRITES
A5036337561,W4381234360,WRITES
A5036337561,W4296128756,WRITES
A5036337561,W4388208017,WRITES
A5036337561,I4210123993,AFFILIATED_WITH
A5120017289,W4403155959,WRITES
A5120017289,W4404666346,WRITES
A5120017289,I4210122257,AFFILIATED_WITH
A5047547190,W4386489072,WRITES
A5047547190,I3129492623,AFFILIATED_WITH
A5012355715,W3139279360,WRITES
A5012355715,I94518387,AFFILIATED_WITH
A5087385345,W4387958850,WRITES
A5087385345,I70349855,AFFILIATED_WITH
A5012152789,W4285347500,WRITES
A5012152789,I109689652,AFFILIATED_WITH
A5012152789,I4210095603,AFFILIATED_WITH
A5077666944,W7135040571,WRITES
A5077666944,W4377047193,WRITES
A5077666944,W4410320989,WRITES
A5077666944,I70349855,AFFILIATED_WITH
A5110193080,W7134116251,WRITES
A5110193080,W4393951616,WRITES
A5110193080,I4210123993,AFFILIATED_WITH
A5110193080,I4210137731,AFFILIATED_WITH
A5094057503,W4403144078,WRITES
A5094057503,I208356959,AFFILIATED_WITH
A5099116975,W4399628261,WRITES
A5099116975,W4409644508,WRITES
A5099116975,W4402490333,WRITES
A5099116975,W4414447663,WRITES
A5099116975,I4210123993,AFFILIATED_WITH
A5107286799,W4402013946,WRITES
A5107286799,I123565023,AFFILIATED_WITH
A5107286799,I4210123993,AFFILIATED_WITH
A5107286799,I4210151045,AFFILIATED_WITH
A5115946236,W4406608287,WRITES
A5115946236,W4407446995,WRITES
A5115946236,I3020192730,AFFILIATED_WITH
A5061425102,W4386526168,WRITES
A5061425102,I45756140,AFFILIATED_WITH
A5096494840,W4399180573,WRITES
A5041295651,W4394784089,WRITES
A5041295651,I4210123993,AFFILIATED_WITH
A5022369934,W4378904270,WRITES
A5022369934,I2801941164,AFFILIATED_WITH
A5067080251,W4321597735,WRITES
A5067080251,W4396870521,WRITES
A5067080251,I4210095101,AFFILIATED_WITH
A5116174086,W4408169239,WRITES
A5116174086,I4210123993,AFFILIATED_WITH
LOCAL_A000045,W7129373484,WRITES
LOCAL_A000045,I4210095603,AFFILIATED_WITH
LOCAL_A000045,I4210150999,AFFILIATED_WITH
A5056016594,W7133833955,WRITES
A5056016594,I4210095603,AFFILIATED_WITH
A5056016594,I4210150999,AFFILIATED_WITH
A5120978819,W7127339740,WRITES
A5120978819,I4210148201,AFFILIATED_WITH
A5007920755,W4405592947,WRITES
A5007920755,W4414170274,WRITES
A5007920755,I3132362326,AFFILIATED_WITH
A5018634287,W4386526168,WRITES
A5018634287,I182526193,AFFILIATED_WITH
A5045268600,W4385755928,WRITES
A5045268600,W4212931299,WRITES
A5045268600,W4322628962,WRITES
A5045268600,W4386031782,WRITES
A5045268600,I181727666,AFFILIATED_WITH
A5124880789,W7127372804,WRITES
A5124880789,I4210123993,AFFILIATED_WITH
A5007149615,W4380538570,WRITES
A5083362726,W4362650575,WRITES
A5083362726,I4210108666,AFFILIATED_WITH
A5083362726,I4400008994,AFFILIATED_WITH
LOCAL_A000593,W4402490333,WRITES
A5038733482,W4386246276,WRITES
A5038733482,I202539009,AFFILIATED_WITH
LOCAL_A000675,W4399485661,WRITES
LOCAL_A000675,I4210123755,AFFILIATED_WITH
A5065353383,W7162334731,WRITES
A5065353383,W4403114063,WRITES
A5065353383,I4210160086,AFFILIATED_WITH
A5035626331,W4310023520,WRITES
A5035626331,I913630986,AFFILIATED_WITH
A5031031874,W4401948907,WRITES
A5031031874,I47265099,AFFILIATED_WITH
A5022176740,W2129239406,WRITES
A5022176740,W2037241957,WRITES
A5022176740,W2037351555,WRITES
A5022176740,I4210123993,AFFILIATED_WITH
A5022176740,I913481162,AFFILIATED_WITH
A5055305566,W7126052704,WRITES
A5055305566,W7126085536,WRITES
A5055305566,W7126107906,WRITES
A5055305566,I23582244,AFFILIATED_WITH
A5007410147,W4415458934,WRITES
A5007410147,I4210123993,AFFILIATED_WITH
A5102010814,W4205572929,WRITES
A5102010814,W3123843024,WRITES
A5102010814,W3021033722,WRITES
A5102010814,W3146827522,WRITES
A5102010814,W4385400337,WRITES
A5102010814,W4280585400,WRITES
A5102010814,W4312226454,WRITES
A5102010814,I4210123993,AFFILIATED_WITH
A5102010814,I3129629310,AFFILIATED_WITH
A5099073090,W4399485661,WRITES
A5119701105,W4415097908,WRITES
A5119701105,W4414421852,WRITES
A5119701105,I2801894621,AFFILIATED_WITH
A5119701105,I3132161128,AFFILIATED_WITH
A5129859482,W7138924495,WRITES
A5129859482,I123565023,AFFILIATED_WITH
A5116630261,W4408465787,WRITES
A5116630261,I4210123993,AFFILIATED_WITH
A5039967759,W4401150801,WRITES
A5039967759,W4401373324,WRITES
A5039967759,W4289878592,WRITES
A5039967759,W7134900106,WRITES
A5039967759,W4383111694,WRITES
A5039967759,W4293439820,WRITES
A5039967759,I109689652,AFFILIATED_WITH
A5039967759,I4210123993,AFFILIATED_WITH
A5058325292,W4283325298,WRITES
A5058325292,I4210123993,AFFILIATED_WITH
A5057475080,W3037301877,WRITES
A5057475080,I45756140,AFFILIATED_WITH
A5023810707,W4391319779,WRITES
A5023810707,I165143802,AFFILIATED_WITH
A5023810707,I4210138055,AFFILIATED_WITH
A5117543444,W4410369190,WRITES
A5000577107,W7159099806,WRITES
A5000577107,I913630986,AFFILIATED_WITH
A5057056307,W4226188354,WRITES
A5057056307,I4210123993,AFFILIATED_WITH
A5036059136,W3118181881,WRITES
A5036059136,I4210096295,AFFILIATED_WITH
A5028411206,W4320499548,WRITES
A5028411206,I4210123993,AFFILIATED_WITH
A5005562712,W4410502019,WRITES
A5005562712,W4410502105,WRITES
A5005562712,I1292875679,AFFILIATED_WITH
A5005562712,I4210101388,AFFILIATED_WITH
A5119701106,W4415097908,WRITES
A5119701106,W4414421852,WRITES
A5119701106,I4210132950,AFFILIATED_WITH
A5119701106,I4210138746,AFFILIATED_WITH
A5081588326,W4388769279,WRITES
A5081588326,I4210123755,AFFILIATED_WITH
A5089869571,W7133946363,WRITES
A5089869571,W4390639841,WRITES
A5089869571,I123565023,AFFILIATED_WITH
A5089869571,I47265099,AFFILIATED_WITH
A5089869571,I4210123993,AFFILIATED_WITH
A5056461250,W3212363074,WRITES
A5056461250,I23582244,AFFILIATED_WITH
A5054360822,W4387071130,WRITES
A5054360822,W4403071246,WRITES
A5054360822,I4210111957,AFFILIATED_WITH
A5101469019,W4403344039,WRITES
A5101469019,I126231945,AFFILIATED_WITH
A5112876838,W4310023520,WRITES
A5112876838,W4280510179,WRITES
A5112876838,I913630986,AFFILIATED_WITH
A5090489273,W4413182358,WRITES
A5090489273,W7164917283,WRITES
A5090489273,I135822937,AFFILIATED_WITH
A5090489273,I177233841,AFFILIATED_WITH
LOCAL_A000461,W4416239940,WRITES
LOCAL_A000461,I141445968,AFFILIATED_WITH
LOCAL_A000316,W4285191318,WRITES
LOCAL_A000316,W4365138459,WRITES
LOCAL_A000316,W4394784089,WRITES
LOCAL_A000316,I181727666,AFFILIATED_WITH
LOCAL_A000316,I4387153637,AFFILIATED_WITH
LOCAL_A000316,I4210123993,AFFILIATED_WITH
A5060950462,W3199786832,WRITES
A5060950462,W3199235329,WRITES
A5060950462,W4310653684,WRITES
A5060950462,W4225117901,WRITES
A5060950462,W4411134673,WRITES
A5060950462,I4210123993,AFFILIATED_WITH
A5107125627,W4402435273,WRITES
A5107125627,I4210148201,AFFILIATED_WITH
A5045047983,W4409313923,WRITES
A5045047983,W4399593830,WRITES
A5045047983,I4210116271,AFFILIATED_WITH
A5076541729,W3123843024,WRITES
A5076541729,I3129629310,AFFILIATED_WITH
A5076541729,I4210116271,AFFILIATED_WITH
LOCAL_A000404,W4393746121,WRITES
LOCAL_A000404,W4393804002,WRITES
LOCAL_A000404,I4210101969,AFFILIATED_WITH
LOCAL_A000404,I4391012539,AFFILIATED_WITH
A5022457847,W4205883349,WRITES
A5022457847,W4402414367,WRITES
A5022457847,I4210123993,AFFILIATED_WITH
A5022457847,I89015989,AFFILIATED_WITH
A5124878754,W7127423013,WRITES
A5124878754,I123565023,AFFILIATED_WITH
A5019777897,W4310023520,WRITES
A5019777897,I913630986,AFFILIATED_WITH
A5025365223,W7119357954,WRITES
A5025365223,I3129629310,AFFILIATED_WITH
A5101641106,W4406148933,WRITES
A5101641106,I4210123993,AFFILIATED_WITH
A5093294021,W7133946363,WRITES
A5093294021,I123565023,AFFILIATED_WITH
A5093294021,I47265099,AFFILIATED_WITH
A5046526189,W4362650575,WRITES
A5046526189,I70349855,AFFILIATED_WITH
A5104346383,W4408185919,WRITES
A5104346383,I4210134642,AFFILIATED_WITH
A5119568655,W4414060981,WRITES
A5119568655,I3130697706,AFFILIATED_WITH
A5119568655,I4388891809,AFFILIATED_WITH
A5076923993,W4298124764,WRITES
A5076923993,I3129492623,AFFILIATED_WITH
A5076923993,I5100685,AFFILIATED_WITH
A5080808397,W4226468964,WRITES
A5002032651,W3095119307,WRITES
A5002032651,W3110222689,WRITES
A5002032651,I4210087755,AFFILIATED_WITH
A5009869107,W3174610716,WRITES
A5102396654,W4384108323,WRITES
A5102396654,I70349855,AFFILIATED_WITH
A5063563629,W3215851103,WRITES
A5063563629,W4306657266,WRITES
A5063563629,W7160940118,WRITES
A5063563629,I4210123993,AFFILIATED_WITH
A5093290377,W4388805496,WRITES
A5093290377,I4210123993,AFFILIATED_WITH
A5053225960,W2887012287,WRITES
A5053225960,W2901943242,WRITES
A5053225960,W2919650154,WRITES
A5053225960,W3004515227,WRITES
A5053225960,I4210123993,AFFILIATED_WITH
A5065585303,W7152089371,WRITES
A5065585303,I70349855,AFFILIATED_WITH
A5067398066,W3116402835,WRITES
A5067398066,W4404299054,WRITES
A5067398066,W4408599233,WRITES
A5067398066,I1315456113,AFFILIATED_WITH
A5067398066,I4210123993,AFFILIATED_WITH
LOCAL_A000004,W4414022061,WRITES
LOCAL_A000004,I12450925,AFFILIATED_WITH
LOCAL_A000004,I4210088746,AFFILIATED_WITH
LOCAL_A000072,W4400220421,WRITES
LOCAL_A000072,W4401257954,WRITES
LOCAL_A000072,I3020192730,AFFILIATED_WITH
LOCAL_A000072,I4210115718,AFFILIATED_WITH
A5050662303,W4310023520,WRITES
A5050662303,W4280510179,WRITES
A5050662303,I913630986,AFFILIATED_WITH
A5064618445,W4385852487,WRITES
A5064618445,I4210123993,AFFILIATED_WITH
A5117757326,W4410853014,WRITES
A5117757326,I4210123993,AFFILIATED_WITH
A5032425379,W4205910169,WRITES
A5110647737,W4400389534,WRITES
A5110647737,I208356959,AFFILIATED_WITH
LOCAL_A000093,W3133493398,WRITES
LOCAL_A000093,I4210123993,AFFILIATED_WITH
A5068908636,W4415350151,WRITES
A5068908636,I4210095101,AFFILIATED_WITH
A5102017380,W4396989760,WRITES
A5102017380,I1315456113,AFFILIATED_WITH
A5016877301,W3142776653,WRITES
A5016877301,I123565023,AFFILIATED_WITH
A5048239767,W3174610716,WRITES
A5048239767,W3164428607,WRITES
A5050840755,W4308443963,WRITES
A5050840755,I4210109591,AFFILIATED_WITH
A5008034575,W4317555814,WRITES
A5008034575,I4210115718,AFFILIATED_WITH
A5008034575,I4387154951,AFFILIATED_WITH
A5029981257,W3163198494,WRITES
A5029981257,I4210115718,AFFILIATED_WITH
A5056072889,W4309582248,WRITES
A5056072889,W4393055469,WRITES
A5056072889,W4385891544,WRITES
A5056072889,I4210148201,AFFILIATED_WITH
A5056072889,I43439940,AFFILIATED_WITH
A5034194161,W3013943119,WRITES
A5034194161,W3215851103,WRITES
A5034194161,W3094440337,WRITES
A5034194161,W3036995321,WRITES
A5034194161,W3080524420,WRITES
A5034194161,W4317555814,WRITES
A5034194161,W3212564068,WRITES
A5034194161,I4210115718,AFFILIATED_WITH
A5034194161,I4387154951,AFFILIATED_WITH
A5034194161,I3020192730,AFFILIATED_WITH
A5034194161,I4210158445,AFFILIATED_WITH
LOCAL_A000091,W3199087809,WRITES
LOCAL_A000091,W3155045737,WRITES
LOCAL_A000091,W3200036129,WRITES
LOCAL_A000091,W2998711203,WRITES
LOCAL_A000091,I4210123993,AFFILIATED_WITH
A5101932598,W3121428906,WRITES
A5101932598,I4210123993,AFFILIATED_WITH
A5006705698,W4280511978,WRITES
A5006705698,W4300669402,WRITES
A5006705698,W4286432941,WRITES
A5006705698,W3173813407,WRITES
A5006705698,W3182513543,WRITES
A5006705698,W3214278109,WRITES
A5006705698,W4294187916,WRITES
A5006705698,W4294187957,WRITES
A5006705698,W4295297541,WRITES
A5006705698,W3169452727,WRITES
A5006705698,W3169475755,WRITES
A5006705698,W3179712703,WRITES
A5006705698,W3182536591,WRITES
A5006705698,W3182711012,WRITES
A5006705698,W3212916669,WRITES
A5006705698,W4213277821,WRITES
A5006705698,W4281492481,WRITES
A5006705698,W4283754261,WRITES
A5006705698,W4283765845,WRITES
A5006705698,W4283824100,WRITES
A5006705698,W4283832348,WRITES
A5006705698,W4286432852,WRITES
A5006705698,W4286432908,WRITES
A5006705698,W4286432912,WRITES
A5006705698,W4286432916,WRITES
A5006705698,W4286432921,WRITES
A5006705698,W4286432923,WRITES
A5006705698,W4286432932,WRITES
A5006705698,W4286432936,WRITES
A5006705698,W4286432938,WRITES
A5006705698,W4286432944,WRITES
A5006705698,W4286432946,WRITES
A5006705698,W4286432954,WRITES
A5006705698,W4286432961,WRITES
A5006705698,W4292373742,WRITES
A5006705698,W4294187923,WRITES
A5006705698,W4294187926,WRITES
A5006705698,W4294187927,WRITES
A5006705698,W4294187944,WRITES
A5006705698,W4294187950,WRITES
A5006705698,W4294187955,WRITES
A5006705698,W4294187962,WRITES
A5006705698,W4294265846,WRITES
A5006705698,W4294366785,WRITES
A5006705698,W4294867768,WRITES
A5006705698,W4304084373,WRITES
A5006705698,W4304084384,WRITES
A5006705698,W4292373758,WRITES
A5006705698,I4210123993,AFFILIATED_WITH
LOCAL_A000215,W2946688566,WRITES
LOCAL_A000215,I1315456113,AFFILIATED_WITH
LOCAL_A000522,W7114984711,WRITES
LOCAL_A000522,W7115014505,WRITES
LOCAL_A000522,I142208455,AFFILIATED_WITH
A5024548193,W3171219399,WRITES
A5024548193,I4210115718,AFFILIATED_WITH
A5024548193,I4387154951,AFFILIATED_WITH
A5101290167,W4390717671,WRITES
A5101290167,I4210148201,AFFILIATED_WITH
A5018810877,W4311627462,WRITES
A5018810877,I141445968,AFFILIATED_WITH
A5101289673,W4390683333,WRITES
A5101289673,I4210123993,AFFILIATED_WITH
A5100744810,W4404367010,WRITES
A5100744810,W4405483602,WRITES
A5100744810,W7154937830,WRITES
A5100744810,I4210108426,AFFILIATED_WITH
A5100744810,I4210102224,AFFILIATED_WITH
A5114129464,W7160027482,WRITES
A5114129464,I4210113566,AFFILIATED_WITH
A5114129464,I4210136165,AFFILIATED_WITH
A5119564603,W7142477247,WRITES
A5119564603,W7161111376,WRITES
A5119564603,W4410593844,WRITES
A5119564603,W4404522458,WRITES
A5119564603,W4413400898,WRITES
A5119564603,W4414426377,WRITES
A5119564603,I4210142044,AFFILIATED_WITH
A5119564603,I45756140,AFFILIATED_WITH
LOCAL_A000432,W4408960506,WRITES
LOCAL_A000432,I4210123993,AFFILIATED_WITH
A5121763713,W7117993812,WRITES
A5121763713,I4210123993,AFFILIATED_WITH
LOCAL_A000588,W4292875940,WRITES
LOCAL_A000588,I4210123993,AFFILIATED_WITH
LOCAL_A000581,W3171219399,WRITES
LOCAL_A000581,I70349855,AFFILIATED_WITH
A5049441779,W4308874308,WRITES
A5049441779,I180664298,AFFILIATED_WITH
A5011034168,W7118452653,WRITES
A5011034168,I192619145,AFFILIATED_WITH
A5011034168,I4210117796,AFFILIATED_WITH
A5082542863,W2592738442,WRITES
A5082542863,I4210123993,AFFILIATED_WITH
A5082542863,I4210157659,AFFILIATED_WITH
A5051157727,W4400350350,WRITES
A5051157727,I4210154111,AFFILIATED_WITH
A5133156427,W7152089371,WRITES
A5133156427,I70349855,AFFILIATED_WITH
A5079571573,W4212864265,WRITES
A5079571573,I152815399,AFFILIATED_WITH
A5079571573,I3131622653,AFFILIATED_WITH
A5071378698,W3094652768,WRITES
A5071378698,I187855631,AFFILIATED_WITH
A5032779199,W3008486894,WRITES
A5032779199,I4210134331,AFFILIATED_WITH
A5085218551,W4407261142,WRITES
A5085218551,W4392709529,WRITES
A5085218551,W4403291008,WRITES
A5085218551,W4407877818,WRITES
A5085218551,W4379232316,WRITES
A5085218551,W4309613826,WRITES
A5085218551,W4386374716,WRITES
A5085218551,W4385948362,WRITES
A5085218551,I4210123993,AFFILIATED_WITH
A5136018359,W7161066054,WRITES
A5136018359,I4210123993,AFFILIATED_WITH
A5108824078,W4308588861,WRITES
A5108824078,W4307521070,WRITES
A5108824078,W4406854999,WRITES
A5108824078,W4408117529,WRITES
A5108824078,I2613432,AFFILIATED_WITH
A5108824078,I4210123993,AFFILIATED_WITH
A5073961077,W4410014433,WRITES
A5073961077,I79775147,AFFILIATED_WITH
A5036520383,W4410014433,WRITES
A5036520383,I4210116271,AFFILIATED_WITH
A5030197858,W4393945422,WRITES
A5030197858,I182526193,AFFILIATED_WITH
A5030197858,I4210123993,AFFILIATED_WITH
A5004974582,W3128738220,WRITES
A5004974582,W7127288345,WRITES
A5004974582,W3136985740,WRITES
A5004974582,W4220917548,WRITES
A5004974582,W3129134850,WRITES
A5004974582,W3143569447,WRITES
A5004974582,I141445968,AFFILIATED_WITH
A5004974582,I123565023,AFFILIATED_WITH
A5072294451,W7164884701,WRITES
A5072294451,I23582244,AFFILIATED_WITH
A5044476993,W3211702712,WRITES
A5044476993,W3213111374,WRITES
A5044476993,I4210123993,AFFILIATED_WITH
A5024162646,W4308239173,WRITES
A5024162646,I4210123993,AFFILIATED_WITH
A5113888338,W3214010329,WRITES
A5113888338,W3212248389,WRITES
A5113888338,I4387155935,AFFILIATED_WITH
A5113888338,I47265099,AFFILIATED_WITH
A5039592401,W3173625614,WRITES
A5039592401,W3174934777,WRITES
A5039592401,W3094167965,WRITES
A5039592401,W3155045737,WRITES
A5039592401,W3155712582,WRITES
A5039592401,W3145787593,WRITES
A5039592401,W3121428906,WRITES
A5039592401,W3119993405,WRITES
A5039592401,W3147969751,WRITES
A5039592401,W3148383904,WRITES
A5039592401,W3172560453,WRITES
A5039592401,W3214362572,WRITES
A5039592401,I202539009,AFFILIATED_WITH
A5011303321,W3173625614,WRITES
A5011303321,W3174934777,WRITES
A5011303321,I109689652,AFFILIATED_WITH
A5110750141,W3136535389,WRITES
A5110750141,I4210123993,AFFILIATED_WITH
A5062478922,W4360620764,WRITES
A5062478922,I4210123993,AFFILIATED_WITH
A5054924786,W4280511978,WRITES
A5054924786,W4295297541,WRITES
A5054924786,I202539009,AFFILIATED_WITH
LOCAL_A000375,W4294867768,WRITES
LOCAL_A000375,W4304084373,WRITES
LOCAL_A000375,I4210110116,AFFILIATED_WITH
LOCAL_A000375,I4391012539,AFFILIATED_WITH
LOCAL_A000375,I4210101969,AFFILIATED_WITH
A5043963174,W3134302764,WRITES
A5043963174,I4210123993,AFFILIATED_WITH
A5066394609,W3046978282,WRITES
A5066394609,W4317382465,WRITES
A5066394609,W3175462020,WRITES
A5066394609,I123565023,AFFILIATED_WITH
A5066394609,I4210117845,AFFILIATED_WITH
A5066394609,I4210123993,AFFILIATED_WITH
A5066394609,I4210136912,AFFILIATED_WITH
A5066394609,I23582244,AFFILIATED_WITH
A5066394609,I47265099,AFFILIATED_WITH
A5029102618,W3131063929,WRITES
A5029102618,I76835614,AFFILIATED_WITH
LOCAL_A000611,W4409996787,WRITES
LOCAL_A000611,I4210123993,AFFILIATED_WITH
A5052492423,W3199311694,WRITES
A5052492423,W3200062521,WRITES
A5052492423,W3201335432,WRITES
A5052492423,I4210134642,AFFILIATED_WITH
LOCAL_A000061,W4224003837,WRITES
LOCAL_A000061,I913630986,AFFILIATED_WITH
A5089855087,W4400811689,WRITES
A5089855087,W4414011304,WRITES
A5089855087,W4387035570,WRITES
A5089855087,I2801398864,AFFILIATED_WITH
A5089855087,I141445968,AFFILIATED_WITH
A5100977585,W4416718774,WRITES
A5100977585,W4411469856,WRITES
A5100977585,W4406143081,WRITES
A5100977585,I4210123993,AFFILIATED_WITH
A5009228968,W3013846497,WRITES
A5009228968,I4210148201,AFFILIATED_WITH
A5125432835,W7128441206,WRITES
A5104243157,W4391777722,WRITES
A5104243157,I913630986,AFFILIATED_WITH
A5114195715,W4411689146,WRITES
A5114195715,W4400902588,WRITES
A5114195715,I208356959,AFFILIATED_WITH
A5071489355,W3199547620,WRITES
A5071489355,I11983389,AFFILIATED_WITH
A5104197221,W4401798741,WRITES
A5104197221,I4210123993,AFFILIATED_WITH
A5106841018,W4402043000,WRITES
A5106841018,I123565023,AFFILIATED_WITH
A5027033593,W4280511978,WRITES
A5027033593,W4300669402,WRITES
A5027033593,W3169475755,WRITES
A5027033593,W4286432908,WRITES
A5027033593,W4286432961,WRITES
A5027033593,W4294187923,WRITES
A5027033593,W4294187944,WRITES
A5027033593,W4294187955,WRITES
A5027033593,W4304084384,WRITES
A5027033593,W4292373758,WRITES
A5027033593,I202539009,AFFILIATED_WITH
A5027033593,I3020192730,AFFILIATED_WITH
A5035960995,W3200248305,WRITES
A5035960995,I141445968,AFFILIATED_WITH
LOCAL_A000560,W7136346916,WRITES
LOCAL_A000560,I47265099,AFFILIATED_WITH
A5133005158,W7150709534,WRITES
A5133005158,W7150978766,WRITES
A5133005158,I4210123993,AFFILIATED_WITH
A5129644697,W7138255861,WRITES
A5129644697,W7138412182,WRITES
A5129644697,I4210123993,AFFILIATED_WITH
A5066150494,W3201204358,WRITES
A5066150494,I4210123993,AFFILIATED_WITH
A5108902976,W4392049362,WRITES
A5108902976,W4401433803,WRITES
A5108902976,I47807185,AFFILIATED_WITH
A5094127272,W4392706626,WRITES
A5094127272,I2801971706,AFFILIATED_WITH
A5063584493,W4403488549,WRITES
A5063584493,I123565023,AFFILIATED_WITH
A5063584493,I202539009,AFFILIATED_WITH
A5063584493,I47265099,AFFILIATED_WITH
A5052038865,W4391448534,WRITES
A5052038865,W4411523722,WRITES
A5052038865,I120089902,AFFILIATED_WITH
A5052038865,I73685970,AFFILIATED_WITH
LOCAL_A000561,W7136346916,WRITES
LOCAL_A000561,I47265099,AFFILIATED_WITH
A5043693171,W4415809553,WRITES
A5043693171,W3171219399,WRITES
A5043693171,W4284705287,WRITES
A5043693171,I4210123993,AFFILIATED_WITH
A5130362156,W7140101445,WRITES
A5130362156,I57664883,AFFILIATED_WITH
A5043481464,W4404522458,WRITES
A5043481464,I4210142044,AFFILIATED_WITH
A5043481464,I70349855,AFFILIATED_WITH
A5119657244,W4414298067,WRITES
A5119657244,I123565023,AFFILIATED_WITH
A5119657244,I47265099,AFFILIATED_WITH
A5116783865,W4408810965,WRITES
A5116783865,I1307112335,AFFILIATED_WITH
A5116783865,I153718931,AFFILIATED_WITH
A5023570581,W4407742590,WRITES
A5106596649,W4401684825,WRITES
A5106596649,I123565023,AFFILIATED_WITH
A5106596649,I177233841,AFFILIATED_WITH
A5106596649,I4210123993,AFFILIATED_WITH
A5106596649,I63169043,AFFILIATED_WITH
A5013127410,W3199125328,WRITES
A5013127410,I4210123993,AFFILIATED_WITH
A5101340227,W4394998404,WRITES
A5101340227,I4210123993,AFFILIATED_WITH
A5113377787,W4411213793,WRITES
A5113377787,I202539009,AFFILIATED_WITH
A5067395177,W3166941946,WRITES
A5067395177,I4210116271,AFFILIATED_WITH
A5112687318,W3200554915,WRITES
A5112687318,I4210108426,AFFILIATED_WITH
A5112687318,I4210123993,AFFILIATED_WITH
A5029307415,W3212016922,WRITES
A5029307415,I123565023,AFFILIATED_WITH
A5029307415,I47265099,AFFILIATED_WITH
A5082139032,W4408160180,WRITES
A5041894479,W4396664305,WRITES
A5041894479,W3169186654,WRITES
A5041894479,I4210123993,AFFILIATED_WITH
A5107867309,W4411379455,WRITES
A5107867309,I4210138746,AFFILIATED_WITH
A5112469672,W2975116785,WRITES
A5112469672,I4210123993,AFFILIATED_WITH
A5081343112,W4417284240,WRITES
A5081343112,I182526193,AFFILIATED_WITH
A5077456883,W4407060664,WRITES
A5077456883,I4210122802,AFFILIATED_WITH
A5101451102,W4407742590,WRITES
A5101451102,I70349855,AFFILIATED_WITH
A5101813011,W3080396026,WRITES
A5101813011,W3201885838,WRITES
A5101813011,W4283773892,WRITES
A5101813011,I4210123993,AFFILIATED_WITH
A5017384034,W3200890767,WRITES
A5017384034,I4210123993,AFFILIATED_WITH
A5076809954,W4285166530,WRITES
A5076809954,W4295338113,WRITES
A5076809954,W4379231704,WRITES
A5076809954,I202539009,AFFILIATED_WITH
A5137339313,W7162805338,WRITES
A5137339313,I1315456113,AFFILIATED_WITH
A5102525038,W4381195669,WRITES
A5102525038,I4210096063,AFFILIATED_WITH
A5028027304,W4408160180,WRITES
A5028027304,I4210123993,AFFILIATED_WITH
A5134886675,W7159099806,WRITES
A5134886675,I4210139842,AFFILIATED_WITH
A5118149059,W4411310108,WRITES
A5118149059,I18550681,AFFILIATED_WITH
A5066453892,W4415655487,WRITES
A5066453892,W4409968481,WRITES
A5066453892,I4210139842,AFFILIATED_WITH
A5091627176,W4206228720,WRITES
A5091627176,W3203242018,WRITES
A5091627176,W4313586752,WRITES
A5091627176,I141445968,AFFILIATED_WITH
LOCAL_A000398,W4391445568,WRITES
A5003463460,W4389781311,WRITES
A5003463460,I70349855,AFFILIATED_WITH
A5112403918,W4402903753,WRITES
A5112403918,I70349855,AFFILIATED_WITH
A5039949041,W4395464345,WRITES
A5039949041,I70349855,AFFILIATED_WITH
A5089531486,W3028502042,WRITES
A5089531486,I2802508454,AFFILIATED_WITH
A5063263505,W4390639841,WRITES
A5063263505,I82951845,AFFILIATED_WITH
A5073800051,W4405957313,WRITES
A5073800051,I123565023,AFFILIATED_WITH
A5073800051,I23582244,AFFILIATED_WITH
A5086818392,W4406970545,WRITES
A5041697858,W4417421887,WRITES
A5041697858,I123565023,AFFILIATED_WITH
A5041697858,I23582244,AFFILIATED_WITH
A5109019942,W4403315124,WRITES
A5109019942,I4210123993,AFFILIATED_WITH
A5112861862,W4294368224,WRITES
A5112861862,I4210148201,AFFILIATED_WITH
A5066152930,W4379514722,WRITES
A5066152930,W4386034709,WRITES
A5066152930,I123565023,AFFILIATED_WITH
A5066152930,I47265099,AFFILIATED_WITH
A5068122335,W4406804501,WRITES
A5068122335,W4387877661,WRITES
A5068122335,I141445968,AFFILIATED_WITH
A5046399932,W4385349456,WRITES
A5046399932,W4389150287,WRITES
A5046399932,I138925566,AFFILIATED_WITH
A5046399932,I4210123993,AFFILIATED_WITH
A5025776689,W4404007090,WRITES
A5025776689,I4387155935,AFFILIATED_WITH
A5025776689,I47265099,AFFILIATED_WITH
A5102865733,W4318984786,WRITES
A5102865733,I70349855,AFFILIATED_WITH
A5070137442,W3199233539,WRITES
A5070137442,I4210096063,AFFILIATED_WITH
A5073610437,W4391319779,WRITES
A5073610437,I4210123755,AFFILIATED_WITH
A5035696819,W3094440337,WRITES
A5035696819,I70349855,AFFILIATED_WITH
A5072521375,W4390344721,WRITES
A5072521375,I70349855,AFFILIATED_WITH
A5112911020,W3200554915,WRITES
A5112911020,I4210108426,AFFILIATED_WITH
A5112911020,I4210123993,AFFILIATED_WITH
A5101629727,W4413730202,WRITES
A5101629727,I4210123993,AFFILIATED_WITH
A5074162455,W4323029777,WRITES
A5044058358,W4386077917,WRITES
A5044058358,W4200131528,WRITES
A5044058358,W4380538570,WRITES
A5044058358,W4307968637,WRITES
A5044058358,W4417268735,WRITES
A5044058358,W4401099348,WRITES
A5044058358,W4283390991,WRITES
A5044058358,W4395464345,WRITES
A5044058358,W4386853765,WRITES
A5044058358,I70349855,AFFILIATED_WITH
A5044058358,I4210098226,AFFILIATED_WITH
A5041279466,W3197526874,WRITES
A5041279466,W4317555814,WRITES
A5041279466,W3212564068,WRITES
A5041279466,I4210095101,AFFILIATED_WITH
A5112560700,W3081948563,WRITES
A5010458646,W4290719035,WRITES
A5010458646,I70349855,AFFILIATED_WITH
A5006309811,W3125339323,WRITES
A5006309811,I4210109591,AFFILIATED_WITH
A5005045485,W3185593370,WRITES
A5005045485,I4210098226,AFFILIATED_WITH
A5088192772,W4408223418,WRITES
A5088192772,I4210148201,AFFILIATED_WITH
A5113027053,W3179712703,WRITES
A5113027053,I4210123993,AFFILIATED_WITH
A5013024980,W3215054809,WRITES
A5013024980,I131359167,AFFILIATED_WITH
A5060222747,W3037301877,WRITES
A5060222747,I4210115718,AFFILIATED_WITH
A5057683641,W4312656552,WRITES
A5059831731,W3015242855,WRITES
A5059831731,I181727666,AFFILIATED_WITH
A5022545715,W4415494710,WRITES
A5022545715,W7129553087,WRITES
A5022545715,W4388411191,WRITES
A5022545715,W4398179436,WRITES
A5022545715,W4401270311,WRITES
A5022545715,W4407997245,WRITES
A5022545715,W4400892685,WRITES
A5022545715,W4402341077,WRITES
A5022545715,I177733328,AFFILIATED_WITH
A5065459150,W4285071776,WRITES
A5065459150,I4210110116,AFFILIATED_WITH
A5065459150,I4210123993,AFFILIATED_WITH
A5065459150,I49382586,AFFILIATED_WITH
A5110835806,W4403155959,WRITES
A5110835806,W4414421852,WRITES
A5110835806,I4210159142,AFFILIATED_WITH
A5110835806,I4210122257,AFFILIATED_WITH
A5076966340,W4406874864,WRITES
A5076966340,W4392003525,WRITES
A5076966340,W4405417000,WRITES
A5076966340,W4404245825,WRITES
A5076966340,I4210123993,AFFILIATED_WITH
A5101958583,W4362596742,WRITES
A5101958583,I4210123993,AFFILIATED_WITH
A5052932812,W3013943119,WRITES
A5052932812,W4392707062,WRITES
A5052932812,W3094440337,WRITES
A5052932812,W3036995321,WRITES
A5052932812,W3030321203,WRITES
A5052932812,W3080524420,WRITES
A5052932812,I67255865,AFFILIATED_WITH
A5052932812,I189909677,AFFILIATED_WITH
A5045162218,W4415557159,WRITES
A5045162218,W4310675866,WRITES
A5045162218,W4400892685,WRITES
A5045162218,W4412835397,WRITES
A5045162218,W4388465055,WRITES
A5045162218,W4291123701,WRITES
A5045162218,W4402341077,WRITES
A5045162218,I177733328,AFFILIATED_WITH
A5045162218,I4210091339,AFFILIATED_WITH
A5074180869,W3131006025,WRITES
A5074180869,W4403576550,WRITES
A5074180869,I4210125847,AFFILIATED_WITH
A5074180869,I4210096063,AFFILIATED_WITH
A5028867378,W4388309641,WRITES
A5028867378,I4210123993,AFFILIATED_WITH
LOCAL_A000038,W7115905231,WRITES
LOCAL_A000038,I4210113809,AFFILIATED_WITH
A5014695848,W4377002350,WRITES
A5014695848,I99464096,AFFILIATED_WITH
A5037669071,W2103748781,WRITES
A5037669071,I2803066834,AFFILIATED_WITH
A5101626772,W4386846486,WRITES
A5101626772,W4397009991,WRITES
A5101626772,W4400346316,WRITES
A5101626772,W4364320790,WRITES
A5101626772,W4387788657,WRITES
A5101626772,I141584323,AFFILIATED_WITH
A5101626772,I99464096,AFFILIATED_WITH
A5100687895,W4311301015,WRITES
A5100687895,W4414920857,WRITES
A5100687895,I10660446,AFFILIATED_WITH
A5100687895,I4210161636,AFFILIATED_WITH
A5101609039,W3210289654,WRITES
A5101609039,I10660446,AFFILIATED_WITH
A5102150319,W2380757258,WRITES
A5081641836,W2049769420,WRITES
A5113544583,W2055401175,WRITES
A5049716230,W4402689909,WRITES
A5049716230,I142974352,AFFILIATED_WITH
A5133053510,W7163995216,WRITES
A5133053510,I181397559,AFFILIATED_WITH
A5040778010,W3021181631,WRITES
A5040778010,I154381313,AFFILIATED_WITH
A5054711582,W4392286337,WRITES
A5054711582,I98358874,AFFILIATED_WITH
A5023835965,W4212864265,WRITES
A5023835965,I152815399,AFFILIATED_WITH
A5003625164,W4391612257,WRITES
A5003625164,W4391474950,WRITES
A5003625164,W4391448534,WRITES
A5003625164,W4392795430,WRITES
A5003625164,W4390410811,WRITES
A5003625164,I110166357,AFFILIATED_WITH
A5003625164,I4401726839,AFFILIATED_WITH
A5091396479,W4407717565,WRITES
A5091396479,I85461943,AFFILIATED_WITH
A5036551566,W4290719035,WRITES
A5036551566,W7125983273,WRITES
A5036551566,W7154951097,WRITES
A5036551566,W4385636643,WRITES
A5036551566,I4210162568,AFFILIATED_WITH
A5044608756,W7118452653,WRITES
A5044608756,I205640436,AFFILIATED_WITH
LOCAL_A000486,W7108322544,WRITES
LOCAL_A000486,W7108328204,WRITES
LOCAL_A000486,I205640436,AFFILIATED_WITH
A5047208892,W4293582204,WRITES
A5047208892,I121980950,AFFILIATED_WITH
A5091336030,W4302847498,WRITES
A5091336030,I205133468,AFFILIATED_WITH
A5027281024,W4389784464,WRITES
A5027281024,I205133468,AFFILIATED_WITH
A5092443615,W4383875588,WRITES
A5092443615,I170979836,AFFILIATED_WITH
A5021440982,W4379232316,WRITES
A5090622402,W4407615544,WRITES
A5090622402,W4412455529,WRITES
A5090622402,I146416000,AFFILIATED_WITH
A5015622316,W2116401724,WRITES
A5015622316,I1315836254,AFFILIATED_WITH
A5055350688,W4280596211,WRITES
LOCAL_A000153,W4293221027,WRITES
LOCAL_A000153,I4210123993,AFFILIATED_WITH
LOCAL_A000650,W3139407296,WRITES
LOCAL_A000650,I70349855,AFFILIATED_WITH
LOCAL_A000689,W4253353920,WRITES
A5045459799,W4393334210,WRITES
A5045459799,I123565023,AFFILIATED_WITH
A5045459799,I49382586,AFFILIATED_WITH
A5133109930,W7151601401,WRITES
A5133109930,I123565023,AFFILIATED_WITH
A5007840514,W4286484421,WRITES
A5007840514,W4223991974,WRITES
A5007840514,W4389425859,WRITES
A5007840514,W3091775653,WRITES
A5007840514,W3088810769,WRITES
A5007840514,W3090567294,WRITES
A5007840514,W3205098776,WRITES
A5007840514,W4393932362,WRITES
A5007840514,I4210123993,AFFILIATED_WITH
A5007840514,I170238339,AFFILIATED_WITH
A5007840514,I4210120055,AFFILIATED_WITH
A5112645301,W3165013452,WRITES
A5112645301,I4210123993,AFFILIATED_WITH
A5104337962,W4405335093,WRITES
A5104337962,I13850615,AFFILIATED_WITH
A5104337962,I19820366,AFFILIATED_WITH
A5104337962,I4210165038,AFFILIATED_WITH
A5046049487,W2385352013,WRITES
A5046049487,I4210123993,AFFILIATED_WITH
LOCAL_A000390,W4385235017,WRITES
LOCAL_A000390,I70349855,AFFILIATED_WITH
A5101648172,W4304693807,WRITES
A5062041023,W4396617921,WRITES
A5062041023,I921716337,AFFILIATED_WITH
A5019101426,W2377678417,WRITES
A5019101426,I4210123993,AFFILIATED_WITH
A5100415670,W2350199653,WRITES
A5100415670,I4210123993,AFFILIATED_WITH
A5104386707,W4385413477,WRITES
A5104386707,I25757504,AFFILIATED_WITH
A5003423239,W4402124965,WRITES
A5003423239,I25757504,AFFILIATED_WITH
A5039870293,W2372696613,WRITES
A5039870293,I4210123993,AFFILIATED_WITH
A5101812738,W2352342249,WRITES
A5101414185,W2378196336,WRITES
A5101414185,I4210123993,AFFILIATED_WITH
A5078129675,W3212618266,WRITES
A5078129675,I151727225,AFFILIATED_WITH
A5030154211,W2348569345,WRITES
A5030154211,I4210123993,AFFILIATED_WITH
A5100662935,W4394617350,WRITES
A5100662935,I194450716,AFFILIATED_WITH
A5100662935,I4210148225,AFFILIATED_WITH
A5043677244,W4396617921,WRITES
A5043677244,I4210162190,AFFILIATED_WITH
A5089374005,W4389639153,WRITES
A5089374005,I70349855,AFFILIATED_WITH
A5129705205,W7137929809,WRITES
A5129705205,I2802089456,AFFILIATED_WITH
A5043189560,W4401385430,WRITES
A5002058256,W4324091098,WRITES
A5002058256,I47807185,AFFILIATED_WITH
A5041461727,W4226253103,WRITES
A5035378097,W4381683241,WRITES
A5035378097,W4412161992,WRITES
A5035378097,W4391844119,WRITES
A5035378097,I23582244,AFFILIATED_WITH
A5035378097,I123565023,AFFILIATED_WITH
A5082854198,W2753396771,WRITES
A5082854198,I4210123993,AFFILIATED_WITH
A5061906200,W4377047193,WRITES
A5061906200,I4210138918,AFFILIATED_WITH
A5106931559,W4402129400,WRITES
A5106931559,W4402992762,WRITES
A5106931559,I193365169,AFFILIATED_WITH
A5106931559,I4210123993,AFFILIATED_WITH
A5128362655,W7134186300,WRITES
A5128362655,I4210123993,AFFILIATED_WITH
A5089706471,W4407717565,WRITES
A5089706471,W4292688232,WRITES
A5089706471,I4210123993,AFFILIATED_WITH
A5089706471,I123565023,AFFILIATED_WITH
A5096746289,W4396706012,WRITES
A5096746289,I4210123993,AFFILIATED_WITH
A5124377472,W7126182670,WRITES
A5124377472,I4210115718,AFFILIATED_WITH
A5005067091,W4293169070,WRITES
A5005067091,W4200495764,WRITES
A5005067091,I67255865,AFFILIATED_WITH
A5107919436,W3205232137,WRITES
A5107919436,I3020192730,AFFILIATED_WITH
A5087293091,W3203312421,WRITES
A5087293091,W3199087809,WRITES
A5087293091,I152815399,AFFILIATED_WITH
A5023113227,W7151754142,WRITES
A5023113227,W4313907308,WRITES
A5023113227,W4404595456,WRITES
A5023113227,I4210115718,AFFILIATED_WITH
A5023113227,I4210142044,AFFILIATED_WITH
A5023113227,I4210104442,AFFILIATED_WITH
A5023113227,I4210138427,AFFILIATED_WITH
A5042835508,W4362717669,WRITES
A5042835508,I157358134,AFFILIATED_WITH
A5134791404,W7157165965,WRITES
A5134791404,I4210123993,AFFILIATED_WITH
A5110917966,W4387083611,WRITES
A5110917966,I4210095101,AFFILIATED_WITH
A5078615031,W3212303430,WRITES
A5078615031,I123565023,AFFILIATED_WITH
A5078615031,I47265099,AFFILIATED_WITH
A5064657974,W7166003581,WRITES
A5064657974,I70349855,AFFILIATED_WITH
A5102896814,W4296629887,WRITES
A5102896814,W4291148458,WRITES
A5102896814,I177733328,AFFILIATED_WITH
A5113457602,W3101745018,WRITES
A5113457602,I4210123993,AFFILIATED_WITH
A5101648170,W4308731653,WRITES
A5101648170,W4317382500,WRITES
A5101648170,W4288690019,WRITES
A5101648170,W4283766228,WRITES
A5101648170,W2893392348,WRITES
A5101648170,W4361214286,WRITES
A5101648170,W4310339445,WRITES
A5101648170,W4389200921,WRITES
A5101648170,W4387519102,WRITES
A5101648170,W3207226598,WRITES
A5101648170,W4307991005,WRITES
A5101648170,I123565023,AFFILIATED_WITH
A5101648170,I170238339,AFFILIATED_WITH
A5101648170,I124601658,AFFILIATED_WITH
A5101648170,I4403928193,AFFILIATED_WITH
A5101648170,I228151691,AFFILIATED_WITH
A5026941681,W3209926259,WRITES
A5026941681,W3200524819,WRITES
A5026941681,I4210123993,AFFILIATED_WITH
A5038711387,W7117479710,WRITES
A5038711387,I4210123993,AFFILIATED_WITH
A5084280578,W7160652072,WRITES
A5084280578,W4214599195,WRITES
A5084280578,I131359167,AFFILIATED_WITH
A5124888030,W7127436591,WRITES
A5124888030,I4210123993,AFFILIATED_WITH
LOCAL_A000450,W4414020827,WRITES
LOCAL_A000450,I4210123993,AFFILIATED_WITH
A5037098982,W4213441121,WRITES
A5037098982,I29199639,AFFILIATED_WITH
A5037098982,I4210123993,AFFILIATED_WITH
A5037098982,I4210161636,AFFILIATED_WITH
A5104242419,W4391742087,WRITES
A5104242419,I4210123993,AFFILIATED_WITH
A5024825570,W4295123541,WRITES
A5024825570,I70349855,AFFILIATED_WITH
A5067718322,W4380203105,WRITES
A5067718322,W4287009081,WRITES
A5067718322,W4387358503,WRITES
A5067718322,W4394925055,WRITES
A5067718322,W4364359960,WRITES
A5067718322,W4291001490,WRITES
A5067718322,W4385282694,WRITES
A5067718322,I4210123993,AFFILIATED_WITH
A5051166280,W3174338508,WRITES
A5051166280,I4210152155,AFFILIATED_WITH
A5051245111,W4283163677,WRITES
A5051245111,W4387967326,WRITES
A5051245111,W4385356574,WRITES
A5051245111,W4387310482,WRITES
A5051245111,I4210123993,AFFILIATED_WITH
A5069093485,W7164944821,WRITES
A5069093485,I4210122257,AFFILIATED_WITH
A5050464986,W7152089371,WRITES
A5050464986,I181727666,AFFILIATED_WITH
A5088949909,W4403291008,WRITES
A5112947648,W7117479710,WRITES
A5112947648,I129902397,AFFILIATED_WITH
A5001795239,W7128391453,WRITES
A5001795239,I161593684,AFFILIATED_WITH
A5001795239,I2799628689,AFFILIATED_WITH
A5058088271,W7133939684,WRITES
A5058088271,I4210142044,AFFILIATED_WITH
A5090147142,W7119595644,WRITES
A5076947041,W4400350350,WRITES
A5076947041,I29199639,AFFILIATED_WITH
A5056302319,W4308973105,WRITES
A5056302319,I141445968,AFFILIATED_WITH
A5081893974,W3089696556,WRITES
A5081893974,W4410810504,WRITES
A5081893974,W3118494691,WRITES
A5081893974,W4206403931,WRITES
A5081893974,W4321488493,WRITES
A5081893974,I4210123993,AFFILIATED_WITH
A5074621625,W3213381090,WRITES
A5074621625,W3214253959,WRITES
A5074621625,I4210123993,AFFILIATED_WITH
A5137034080,W7162451130,WRITES
A5137034080,I139264467,AFFILIATED_WITH
A5137034080,I2802457231,AFFILIATED_WITH
A5014186775,W4388942254,WRITES
A5014186775,W4407779382,WRITES
A5014186775,I4210123993,AFFILIATED_WITH
A5114074337,W4385694505,WRITES
A5114074337,I8775707,AFFILIATED_WITH
A5072203401,W2383870758,WRITES
A5011848775,W4401333651,WRITES
A5011848775,W4385583831,WRITES
A5011848775,I4210123993,AFFILIATED_WITH
A5092241114,W4381716148,WRITES
A5092241114,I177233841,AFFILIATED_WITH
A5019049009,W4317106108,WRITES
A5019049009,W4313148375,WRITES
A5019049009,W4313326743,WRITES
A5019049009,I4210123993,AFFILIATED_WITH
A5114995941,W4405012377,WRITES
A5114995941,I4210123993,AFFILIATED_WITH
A5015095214,W4399072097,WRITES
A5015095214,I123565023,AFFILIATED_WITH
A5015095214,I47265099,AFFILIATED_WITH
A5071311283,W3018079424,WRITES
A5071311283,I114756412,AFFILIATED_WITH
A5087438050,W4367031967,WRITES
A5087438050,W4323338495,WRITES
A5087438050,W4412083350,WRITES
A5087438050,W4395682965,WRITES
A5087438050,W4410908416,WRITES
A5087438050,W4412081623,WRITES
A5087438050,W4409109198,WRITES
A5087438050,W4402994292,WRITES
A5087438050,I4210123993,AFFILIATED_WITH
A5042425451,W4320917642,WRITES
A5042425451,W4318476690,WRITES
A5042425451,W3038323774,WRITES
A5042425451,W4313558926,WRITES
A5042425451,W4309782718,WRITES
A5042425451,W4308874308,WRITES
A5042425451,W4312201692,WRITES
A5042425451,W4312205612,WRITES
A5042425451,W4379232316,WRITES
A5042425451,W4385948362,WRITES
A5042425451,I4210101969,AFFILIATED_WITH
A5042425451,I4391012539,AFFILIATED_WITH
A5042425451,I170238339,AFFILIATED_WITH
A5042425451,I864159182,AFFILIATED_WITH
A5042425451,I4210110116,AFFILIATED_WITH
A5077585613,W4385987955,WRITES
A5077585613,I3020192730,AFFILIATED_WITH
A5124944636,W7127284528,WRITES
A5124944636,I4210123993,AFFILIATED_WITH
A5073095832,W4292688232,WRITES
A5073095832,I141445968,AFFILIATED_WITH
A5069934157,W3139407296,WRITES
A5069934157,I70349855,AFFILIATED_WITH
A5101153572,W3174731227,WRITES
A5101153572,I4210123993,AFFILIATED_WITH
A5029912738,W3212016922,WRITES
A5029912738,I123565023,AFFILIATED_WITH
A5029912738,I47265099,AFFILIATED_WITH
A5085765783,W3106624614,WRITES
A5085765783,I202539009,AFFILIATED_WITH
A5035085724,W4406168603,WRITES
A5035085724,I141445968,AFFILIATED_WITH
LOCAL_A000465,W4416780613,WRITES
LOCAL_A000465,I123565023,AFFILIATED_WITH
LOCAL_A000465,I4210104442,AFFILIATED_WITH
LOCAL_A000465,I4210111957,AFFILIATED_WITH
LOCAL_A000465,I4210148201,AFFILIATED_WITH
LOCAL_A000465,I4210139842,AFFILIATED_WITH
A5101205934,W4378084553,WRITES
A5101205934,I64519617,AFFILIATED_WITH
A5071849699,W4324091098,WRITES
A5071849699,I4210116270,AFFILIATED_WITH
A5042237838,W3196785563,WRITES
A5042237838,W4324091098,WRITES
A5042237838,I22265921,AFFILIATED_WITH
A5042237838,I23582244,AFFILIATED_WITH
A5042237838,I4210141768,AFFILIATED_WITH
A5024850056,W4407677325,WRITES
A5024850056,I49382586,AFFILIATED_WITH
A5112057266,W4389625650,WRITES
A5112057266,W4400130597,WRITES
A5083291115,W2909806954,WRITES
A5083291115,W3143440782,WRITES
A5083291115,W2339729704,WRITES
A5083291115,W3144716668,WRITES
A5083291115,I4210123993,AFFILIATED_WITH
LOCAL_A000444,W4411326098,WRITES
LOCAL_A000444,I18550681,AFFILIATED_WITH
LOCAL_A000464,W4416780613,WRITES
LOCAL_A000464,I123565023,AFFILIATED_WITH
LOCAL_A000464,I4210104442,AFFILIATED_WITH
LOCAL_A000464,I4210148201,AFFILIATED_WITH
A5055316375,W7159982177,WRITES
A5055316375,I202539009,AFFILIATED_WITH
A5055316375,I23582244,AFFILIATED_WITH
A5009585629,W3129122531,WRITES
A5009585629,I2802508454,AFFILIATED_WITH
A5039829241,W7140101445,WRITES
A5039829241,I141445968,AFFILIATED_WITH
A5062525719,W4411867038,WRITES
A5062525719,W7137090518,WRITES
A5062525719,I205274468,AFFILIATED_WITH
LOCAL_A000605,W4413400898,WRITES
LOCAL_A000605,I131359167,AFFILIATED_WITH
A5105820446,W4400855508,WRITES
A5105820446,I4210123993,AFFILIATED_WITH
A5068549213,W4285728680,WRITES
A5136234150,W7161289029,WRITES
A5136234150,I4210123993,AFFILIATED_WITH
LOCAL_A000299,W3200721992,WRITES
LOCAL_A000299,I70349855,AFFILIATED_WITH
A5046308015,W2116401724,WRITES
A5046308015,I4210144126,AFFILIATED_WITH
A5117603944,W4410512922,WRITES
A5117603944,I4210123993,AFFILIATED_WITH
LOCAL_A000101,W4318984786,WRITES
LOCAL_A000101,I70349855,AFFILIATED_WITH
A5045964701,W4281716388,WRITES
A5045964701,W3035678663,WRITES
A5045964701,I3129492623,AFFILIATED_WITH
A5122807415,W7122846026,WRITES
A5122807415,I4210123993,AFFILIATED_WITH
A5003989156,W3195977773,WRITES
A5003989156,W4293221027,WRITES
A5003989156,W3164075327,WRITES
A5003989156,I4210123993,AFFILIATED_WITH
A5065502298,W3199181082,WRITES
A5065502298,W3199396396,WRITES
A5065502298,W3200524819,WRITES
A5065502298,I4210123993,AFFILIATED_WITH
A5133342206,W7153243958,WRITES
A5133342206,I4210123993,AFFILIATED_WITH
A5042349140,W3215054809,WRITES
A5042349140,I4210134642,AFFILIATED_WITH
A5016501138,W4401617823,WRITES
A5016501138,W4386489072,WRITES
A5016501138,I3129492623,AFFILIATED_WITH
A5061363296,W4285728680,WRITES
A5061363296,I4210134588,AFFILIATED_WITH
A5027556039,W7130349534,WRITES
A5027556039,I4210142044,AFFILIATED_WITH
A5013382990,W4387967326,WRITES
A5013382990,I56590836,AFFILIATED_WITH
A5134314768,W7155200584,WRITES
A5134314768,I4210123993,AFFILIATED_WITH
A5097356205,W4396806920,WRITES
A5097356205,I4210123993,AFFILIATED_WITH
LOCAL_A000403,W4392985494,WRITES
LOCAL_A000403,I4210123993,AFFILIATED_WITH
A5101289672,W4390683333,WRITES
A5101289672,I4210123993,AFFILIATED_WITH
A5109484736,W3118494691,WRITES
A5109484736,W4206403931,WRITES
A5109484736,I120089902,AFFILIATED_WITH
A5068862407,W4400574861,WRITES
A5068862407,I4210148201,AFFILIATED_WITH
A5128336422,W7134186300,WRITES
A5128336422,I4210134331,AFFILIATED_WITH
A5119371022,W4413380470,WRITES
A5119371022,I4210166374,AFFILIATED_WITH
A5001160212,W4292964871,WRITES
A5001160212,I70349855,AFFILIATED_WITH
A5015225298,W4317914312,WRITES
A5015225298,W4366978331,WRITES
A5015225298,I177733328,AFFILIATED_WITH
A5068804587,W4416734647,WRITES
A5068804587,W7129553087,WRITES
A5068804587,W4394886436,WRITES
A5068804587,W4412843188,WRITES
A5068804587,W4407814570,WRITES
A5068804587,W4410274316,WRITES
A5068804587,I92008406,AFFILIATED_WITH
A5094151435,W4416994986,WRITES
LOCAL_A000230,W4312656552,WRITES
LOCAL_A000230,W4285191318,WRITES
LOCAL_A000232,W4312656552,WRITES
LOCAL_A000354,W4285191318,WRITES
LOCAL_A000164,W4293221027,WRITES
LOCAL_A000162,W4293221027,WRITES
LOCAL_A000249,W4312656552,WRITES
A5030296089,W2064980181,WRITES
A5030296089,I4210123993,AFFILIATED_WITH
LOCAL_A000146,W4293221027,WRITES
LOCAL_A000160,W4293221027,WRITES
LOCAL_A000276,W4312656552,WRITES
LOCAL_A000362,W4285191318,WRITES
LOCAL_A000251,W4312656552,WRITES
LOCAL_A000268,W4312656552,WRITES
LOCAL_A000114,W4293221027,WRITES
LOCAL_A000275,W4312656552,WRITES
A5090361625,W2055401175,WRITES
A5090361625,W2049769420,WRITES
A5090361625,I4210125083,AFFILIATED_WITH
LOCAL_A000226,W4312656552,WRITES
LOCAL_A000128,W4293221027,WRITES
LOCAL_A000113,W4293221027,WRITES
LOCAL_A000156,W4293221027,WRITES
A5056025737,W4214758965,WRITES
A5056025737,W4393746121,WRITES
A5056025737,W4393804002,WRITES
A5056025737,I197081775,AFFILIATED_WITH
A5037482393,W4417007013,WRITES
A5037482393,I4210123993,AFFILIATED_WITH
A5136925850,W7162318469,WRITES
A5136925850,I74801974,AFFILIATED_WITH
A5037620294,W4388972587,WRITES
A5037620294,I182997119,AFFILIATED_WITH
A5109127716,W2036122594,WRITES
A5109127716,W2169308829,WRITES
A5109127716,W2112833496,WRITES
A5109127716,W1968226995,WRITES
A5109127716,W2148435571,WRITES
A5109127716,I4210123993,AFFILIATED_WITH
A5132104550,W7162318469,WRITES
A5132104550,I223532165,AFFILIATED_WITH
A5007640729,W4281670811,WRITES
A5007640729,W4392346811,WRITES
A5007640729,I4210123161,AFFILIATED_WITH
A5007640729,I4210119680,AFFILIATED_WITH
A5062292777,W4417007013,WRITES
A5062292777,W7126022358,WRITES
A5062292777,W7126088191,WRITES
A5062292777,I107139324,AFFILIATED_WITH
A5015756945,W4286008072,WRITES
A5015756945,I4210124230,AFFILIATED_WITH
A5011706579,W2108572327,WRITES
A5126219837,W7129373484,WRITES
A5126219837,I8961855,AFFILIATED_WITH
A5073605632,W4387868634,WRITES
A5073605632,W4415170399,WRITES
A5073605632,W4399680508,WRITES
A5073605632,I64663401,AFFILIATED_WITH
A5073605632,I8961855,AFFILIATED_WITH
A5053741823,W2244433040,WRITES
A5053741823,I169045520,AFFILIATED_WITH
A5053741823,I4210123993,AFFILIATED_WITH
A5053741823,I4210151606,AFFILIATED_WITH
A5053741823,I4210163712,AFFILIATED_WITH
A5053741823,I4210165018,AFFILIATED_WITH
A5053741823,I4210166095,AFFILIATED_WITH
A5043173692,W4207065025,WRITES
A5043173692,I1286329397,AFFILIATED_WITH
A5136932902,W7162318469,WRITES
A5136932902,I189513530,AFFILIATED_WITH
A5074230194,W2112833496,WRITES
A5074230194,I4210120565,AFFILIATED_WITH
A5129715936,W7162318469,WRITES
A5129715936,I1925986,AFFILIATED_WITH
A5120992317,W7116711994,WRITES
A5120992317,I1925986,AFFILIATED_WITH
A5082519416,W2037241957,WRITES
A5082519416,I913481162,AFFILIATED_WITH
A5067638085,W2754689785,WRITES
A5067638085,I4210123993,AFFILIATED_WITH
A5110094777,W2049769420,WRITES
A5110094777,W2083703889,WRITES
A5110094777,I4210123993,AFFILIATED_WITH
A5059034951,W4313558926,WRITES
A5059034951,I127670440,AFFILIATED_WITH
A5006039089,W4200142760,WRITES
A5006039089,I5343935,AFFILIATED_WITH
A5018594029,W4384108323,WRITES
A5018594029,I4210118944,AFFILIATED_WITH
A5042254735,W4411852273,WRITES
A5042254735,W4417058714,WRITES
A5042254735,W7166028472,WRITES
A5042254735,W7166029693,WRITES
A5042254735,W7166030371,WRITES
A5042254735,W7166095928,WRITES
A5042254735,W4382323091,WRITES
A5042254735,W4366309491,WRITES
A5042254735,W4366090948,WRITES
A5042254735,W4384026714,WRITES
A5042254735,W4385338636,WRITES
A5042254735,W4407064793,WRITES
A5042254735,W4401198054,WRITES
A5042254735,W4388544034,WRITES
A5042254735,W4377862238,WRITES
A5042254735,W4394744640,WRITES
A5042254735,W4394804920,WRITES
A5042254735,I142208455,AFFILIATED_WITH
A5019922027,W4313259690,WRITES
A5019922027,W4311970573,WRITES
A5019922027,I165737746,AFFILIATED_WITH
A5085954814,W7118452653,WRITES
A5085954814,I192619145,AFFILIATED_WITH
LOCAL_A000511,W7108322544,WRITES
LOCAL_A000511,W7108328204,WRITES
LOCAL_A000511,I192619145,AFFILIATED_WITH
A5110701424,W2983803309,WRITES
A5110701424,W2767566591,WRITES
A5026652437,W7160446495,WRITES
A5026652437,I4210129200,AFFILIATED_WITH
LOCAL_A000502,W7108322544,WRITES
LOCAL_A000502,W7108328204,WRITES
LOCAL_A000502,I155028946,AFFILIATED_WITH
A5111866351,W2112833496,WRITES
A5111866351,W2148435571,WRITES
A5015337386,W2112833496,WRITES
A5015337386,W2148435571,WRITES
A5027936517,W4415093469,WRITES
A5027936517,I83205935,AFFILIATED_WITH
A5026384627,W4386374716,WRITES
A5026384627,I8977528,AFFILIATED_WITH
LOCAL_A000716,W7118452653,WRITES
LOCAL_A000716,I155028946,AFFILIATED_WITH
LOCAL_A000478,W7105702010,WRITES
LOCAL_A000478,I55060895,AFFILIATED_WITH
A5019820840,W4411045134,WRITES
A5019820840,I29894533,AFFILIATED_WITH
A5067977804,W7125798761,WRITES
A5067977804,I24676775,AFFILIATED_WITH
A5049558646,W4309782718,WRITES
A5049558646,I122147150,AFFILIATED_WITH
A5028937831,W4226471663,WRITES
A5028937831,W4293143516,WRITES
A5028937831,I60488453,AFFILIATED_WITH
A5016510429,W4315628232,WRITES
A5016510429,W4315474727,WRITES
A5016510429,I43369023,AFFILIATED_WITH
A5029980919,W3200554915,WRITES
A5029980919,I3020192730,AFFILIATED_WITH
A5009897964,W3200750355,WRITES
A5121922326,W7126022358,WRITES
A5121922326,W7126088191,WRITES
A5121922326,I4210123993,AFFILIATED_WITH
A5004174989,W4407717565,WRITES
A5004174989,I4210128752,AFFILIATED_WITH
A5011528405,W3003316963,WRITES
A5011528405,I2801314757,AFFILIATED_WITH
A5011528405,I4210113384,AFFILIATED_WITH
A5011528405,I4210123993,AFFILIATED_WITH
A5135174498,W7160186769,WRITES
A5135174498,I1925986,AFFILIATED_WITH
A5002248149,W4411395085,WRITES
A5002248149,I4210156889,AFFILIATED_WITH
A5002248149,I78757542,AFFILIATED_WITH
A5055431798,W4311480621,WRITES
A5055431798,I181414168,AFFILIATED_WITH
A5101961231,W3038323774,WRITES
A5101961231,I161350542,AFFILIATED_WITH
A5089470104,W3203312421,WRITES
A5089470104,I152815399,AFFILIATED_WITH
A5074171210,W4321349922,WRITES
A5074171210,I19409027,AFFILIATED_WITH
A5074171210,I243754102,AFFILIATED_WITH
A5074171210,I71637028,AFFILIATED_WITH
A5038895380,W3203312421,WRITES
A5014186524,W2983803309,WRITES
A5014186524,W2767566591,WRITES
A5123919836,W7125821153,WRITES
A5123919836,I4210133503,AFFILIATED_WITH
A5115912140,W4407757245,WRITES
A5115912140,I31439502,AFFILIATED_WITH
A5137959653,W7163654284,WRITES
A5137959653,I3133213403,AFFILIATED_WITH
A5101800295,W4317434823,WRITES
A5101800295,I4210112595,AFFILIATED_WITH
A5016901918,W4399210653,WRITES
A5031344072,W4389083570,WRITES
A5102895643,W4389580973,WRITES
A5102895643,W4392810746,WRITES
A5102895643,W4313203982,WRITES
A5102895643,I154893126,AFFILIATED_WITH
A5102084027,W3025191241,WRITES
A5102084027,I4210123993,AFFILIATED_WITH
A5086706877,W7166028472,WRITES
A5086706877,W7166029693,WRITES
A5086706877,W7166030371,WRITES
A5086706877,W7166095928,WRITES
A5086706877,I142208455,AFFILIATED_WITH
A5104076001,W3199842824,WRITES
A5104076001,I2800191616,AFFILIATED_WITH
A5039423577,W4404761741,WRITES
A5039423577,I4210097553,AFFILIATED_WITH
A5039423577,I4210122635,AFFILIATED_WITH
A5039423577,I4210130863,AFFILIATED_WITH
A5039423577,I4210137223,AFFILIATED_WITH
A5013517307,W4379468618,WRITES
A5013517307,I4210141426,AFFILIATED_WITH
A5041017487,W4319297517,WRITES
A5041017487,I4403928371,AFFILIATED_WITH
A5041017487,I63135867,AFFILIATED_WITH
A5041017487,I86519309,AFFILIATED_WITH
A5000286137,W4362457768,WRITES
A5000286137,W4388998466,WRITES
A5000286137,I3122832768,AFFILIATED_WITH
A5004759226,W4295540513,WRITES
A5004759226,I67009956,AFFILIATED_WITH
A5002019686,W4313568168,WRITES
A5002019686,I110200422,AFFILIATED_WITH
A5028284310,W4405281261,WRITES
A5028284310,I4210086830,AFFILIATED_WITH
A5102951176,W7160165418,WRITES
A5102951176,I71270174,AFFILIATED_WITH
A5086095919,W2983803309,WRITES
A5086095919,W4211174566,WRITES
A5086095919,W2767566591,WRITES
A5086095919,W3093833112,WRITES
A5086095919,W2180953235,WRITES
A5086095919,I4210110470,AFFILIATED_WITH
A5026340579,W4399685159,WRITES
A5026340579,I2799786571,AFFILIATED_WITH
A5048245818,W2754689785,WRITES
A5048245818,I4210123993,AFFILIATED_WITH
A5106803393,W4401959784,WRITES
A5106803393,I4210156213,AFFILIATED_WITH
A5030946527,W3127074863,WRITES
A5030946527,W4288050251,WRITES
A5030946527,W3202399060,WRITES
A5030946527,I56081889,AFFILIATED_WITH
A5007358249,W4407561213,WRITES
A5007358249,W4378904270,WRITES
A5007358249,I188815454,AFFILIATED_WITH
A5007358249,I205133468,AFFILIATED_WITH
A5091100497,W4312634760,WRITES
A5091100497,I3133213403,AFFILIATED_WITH
A5078525116,W1984435726,WRITES
A5078525116,I163361683,AFFILIATED_WITH
A5078525116,I4210104926,AFFILIATED_WITH
A5078525116,I4210105595,AFFILIATED_WITH
A5078525116,I4210138169,AFFILIATED_WITH
A5078525116,I98285908,AFFILIATED_WITH
A5083804370,W4417007013,WRITES
A5083804370,W7126022358,WRITES
A5083804370,W7126088191,WRITES
A5083804370,I2801454379,AFFILIATED_WITH
A5130078744,W7139092179,WRITES
A5052611963,W3172140456,WRITES
A5052611963,I6406202,AFFILIATED_WITH
A5086509701,W3207585979,WRITES
A5086509701,I3132158071,AFFILIATED_WITH
A5039058211,W4319791725,WRITES
A5039058211,W4386601257,WRITES
A5039058211,I4210123993,AFFILIATED_WITH
A5058693463,W2767566591,WRITES
A5090660367,W2983803309,WRITES
A5090660367,W2767566591,WRITES
A5090660367,I123946342,AFFILIATED_WITH
A5012751492,W2983803309,WRITES
A5012751492,W3093833112,WRITES
A5057073317,W4388769279,WRITES
A5057073317,W4385496343,WRITES
A5057073317,W4391319779,WRITES
A5057073317,I165143802,AFFILIATED_WITH
A5057073317,I4210138055,AFFILIATED_WITH
A5082627916,W4410974180,WRITES
A5082627916,W4416208916,WRITES
A5082627916,I142263535,AFFILIATED_WITH
A5006970624,W3196864658,WRITES
A5006970624,I121980950,AFFILIATED_WITH
A5061514881,W3161051587,WRITES
A5061514881,W3196864658,WRITES
A5061514881,I121980950,AFFILIATED_WITH
A5066817807,W2172418087,WRITES
A5066817807,W2983803309,WRITES
A5066817807,W4211174566,WRITES
A5066817807,W3093833112,WRITES
A5042115750,W2953246412,WRITES
A5042115750,W2593957126,WRITES
A5042115750,I4210123993,AFFILIATED_WITH
A5042115750,I130769515,AFFILIATED_WITH
A5042115750,I145311948,AFFILIATED_WITH
A5042115750,I208333798,AFFILIATED_WITH
A5042115750,I47838141,AFFILIATED_WITH
A5033921756,W4308731653,WRITES
A5033921756,W4317382500,WRITES
A5033921756,W4288690019,WRITES
A5033921756,W4283766228,WRITES
A5033921756,W4361214286,WRITES
A5033921756,W4310339445,WRITES
A5033921756,W4389200921,WRITES
A5033921756,W4387519102,WRITES
A5033921756,W4307991005,WRITES
A5033921756,I124601658,AFFILIATED_WITH
A5033921756,I4403928193,AFFILIATED_WITH
A5033921756,I123565023,AFFILIATED_WITH
A5033921756,I170238339,AFFILIATED_WITH
A5033921756,I93860229,AFFILIATED_WITH
A5033921756,I4210119991,AFFILIATED_WITH
A5033921756,I160013858,AFFILIATED_WITH
A5049765310,W2054439996,WRITES
A5049765310,W2055401175,WRITES
A5049765310,W2167868957,WRITES
A5049765310,W2057397620,WRITES
A5049765310,W2078432620,WRITES
A5049765310,I4210123993,AFFILIATED_WITH
A5036233313,W4406548207,WRITES
A5036233313,I4061448,AFFILIATED_WITH
A5109974992,W2083703889,WRITES
A5053882063,W4309873978,WRITES
A5053882063,I46080048,AFFILIATED_WITH
A5045970281,W1968226995,WRITES
A5020231952,W4407130410,WRITES
A5020231952,I142208455,AFFILIATED_WITH
A5061756650,W4406056168,WRITES
A5061756650,I4210137805,AFFILIATED_WITH
A5061756650,I71270174,AFFILIATED_WITH
A5017002382,W2958510524,WRITES
A5012676647,W2922328822,WRITES
A5012676647,I1283280774,AFFILIATED_WITH
A5062884692,W2957138175,WRITES
A5062884692,I4210088287,AFFILIATED_WITH
A5062884692,I4210123993,AFFILIATED_WITH
A5036292398,W4312600534,WRITES
A5036292398,I3133213403,AFFILIATED_WITH
A5016128874,W2353061916,WRITES
A5016128874,I4210123993,AFFILIATED_WITH
A5066780149,W2353894650,WRITES
A5006375556,W4309782718,WRITES
A5006375556,I176861719,AFFILIATED_WITH
A5088917647,W4402689909,WRITES
A5088917647,I4210162377,AFFILIATED_WITH
A5088917647,I47519274,AFFILIATED_WITH
LOCAL_A000290,W2997493078,WRITES
LOCAL_A000290,I11935315,AFFILIATED_WITH
LOCAL_A000290,I19894307,AFFILIATED_WITH
LOCAL_A000290,I4210159287,AFFILIATED_WITH
A5058888535,W2519522313,WRITES
A5058888535,W2676123895,WRITES
A5058888535,I11935315,AFFILIATED_WITH
A5058888535,I19894307,AFFILIATED_WITH
A5058888535,I4210159287,AFFILIATED_WITH
A5058888535,I1294671590,AFFILIATED_WITH
A5087806761,W4388998466,WRITES
A5087806761,I3122832768,AFFILIATED_WITH
A5109304397,W2366305170,WRITES
A5109304397,W2392419092,WRITES
A5005018946,W4402229499,WRITES
A5005018946,I184693016,AFFILIATED_WITH
A5064006808,W4317914312,WRITES
A5064006808,W4366978331,WRITES
A5064006808,I4210123993,AFFILIATED_WITH
A5089220341,W3216706421,WRITES
A5089220341,I4210123993,AFFILIATED_WITH
A5046497176,W2767566591,WRITES
A5101588421,W2393331166,WRITES
A5101588421,I4210123993,AFFILIATED_WITH
A5101615863,W4409211677,WRITES
A5101615863,I165745306,AFFILIATED_WITH
A5101615863,I4210098205,AFFILIATED_WITH
A5016345523,W4391354445,WRITES
A5021354106,W4414206059,WRITES
A5021354106,I4210123993,AFFILIATED_WITH
A5021354106,I45129253,AFFILIATED_WITH
A5077085496,W4386170078,WRITES
A5035626095,W2555561595,WRITES
A5035626095,W2607391129,WRITES
A5035626095,I4210123993,AFFILIATED_WITH
A5035626095,I4210125796,AFFILIATED_WITH
A5110556117,W4211174566,WRITES
A5110556117,W2180953235,WRITES
A5110556117,I4210090642,AFFILIATED_WITH
A5089557187,W4405281261,WRITES
A5089557187,I133836048,AFFILIATED_WITH
A5089557187,I4210090442,AFFILIATED_WITH
A5007830940,W2983803309,WRITES
A5076135647,W3161051587,WRITES
A5076135647,W4292092699,WRITES
A5076135647,W3196864658,WRITES
A5076135647,W4281867261,WRITES
A5076135647,W4293582204,WRITES
A5076135647,I121980950,AFFILIATED_WITH
A5088363082,W1902563258,WRITES
A5088363082,W1491100760,WRITES
A5088363082,W2116401724,WRITES
A5088363082,W2075394754,WRITES
A5088363082,I4210152550,AFFILIATED_WITH
A5088363082,I4210160947,AFFILIATED_WITH
LOCAL_A000695,W4253353920,WRITES
A5109215282,W2166834409,WRITES
LOCAL_A000318,W4285191318,WRITES
LOCAL_A000186,W4293221027,WRITES
LOCAL_A000280,W4312656552,WRITES
LOCAL_A000198,W4293221027,WRITES
LOCAL_A000144,W4293221027,WRITES
LOCAL_A000267,W4312656552,WRITES
LOCAL_A000327,W4285191318,WRITES
LOCAL_A000326,W4285191318,WRITES
LOCAL_A000685,W4253353920,WRITES
LOCAL_A000269,W4312656552,WRITES
LOCAL_A000151,W4293221027,WRITES
LOCAL_A000224,W4312656552,WRITES
A5112800545,W2149994558,WRITES
A5112800545,I4210123993,AFFILIATED_WITH
LOCAL_A000697,W4253353920,WRITES
LOCAL_A000353,W4285191318,WRITES
LOCAL_A000199,W4293221027,WRITES
LOCAL_A000698,W4253353920,WRITES
LOCAL_A000169,W4293221027,WRITES
A5087849832,W4309782718,WRITES
A5010001093,W4376891951,WRITES
A5010001093,I139264467,AFFILIATED_WITH
A5010001093,I4210104335,AFFILIATED_WITH
A5041758579,W7140080270,WRITES
A5041758579,I4210118607,AFFILIATED_WITH
A5079259160,W4389397671,WRITES
A5079259160,I40542001,AFFILIATED_WITH
A5036850374,W4376891951,WRITES
A5036850374,I74801974,AFFILIATED_WITH
A5131974323,W7162318469,WRITES
A5131974323,I848706,AFFILIATED_WITH
A5111349661,W4376891951,WRITES
A5111349661,I4210104335,AFFILIATED_WITH
A5111349661,I848706,AFFILIATED_WITH
A5102762185,W4385422760,WRITES
A5102762185,I11880225,AFFILIATED_WITH
A5110454044,W4391854472,WRITES
A5110454044,W4376873270,WRITES
A5110454044,I46080048,AFFILIATED_WITH
A5028500163,W3175834700,WRITES
A5028500163,I28777354,AFFILIATED_WITH
A5038617538,W4381833251,WRITES
A5038617538,I57496824,AFFILIATED_WITH
A5136921011,W7162318469,WRITES
A5136981193,W7162318469,WRITES
A5136981193,I74801974,AFFILIATED_WITH
A5076195331,W7162318469,WRITES
A5076195331,I90023481,AFFILIATED_WITH
A5033082045,W4381833251,WRITES
A5020825456,W7162318469,WRITES
A5020825456,I4387152983,AFFILIATED_WITH
A5020825456,I69740276,AFFILIATED_WITH
A5136948187,W7162318469,WRITES
A5136948187,I4210142421,AFFILIATED_WITH
A5136948187,I848706,AFFILIATED_WITH
A5009865975,W4376891951,WRITES
A5009865975,I138925566,AFFILIATED_WITH
A5009865975,I4210104335,AFFILIATED_WITH
A5103017171,W4377047193,WRITES
A5103017171,I291386647,AFFILIATED_WITH
A5028951593,W4221099258,WRITES
A5028951593,I93251985,AFFILIATED_WITH
A5069659660,W4221099258,WRITES
A5034076654,W3129119852,WRITES
A5034076654,W3006831780,WRITES
A5034076654,I28022161,AFFILIATED_WITH
A5101719668,W7118163415,WRITES
A5101719668,W4409898812,WRITES
A5101719668,W4416088264,WRITES
A5101719668,I4210133311,AFFILIATED_WITH
A5101719668,I47519274,AFFILIATED_WITH
A5134489233,W7155558618,WRITES
A5134489233,I4210133311,AFFILIATED_WITH
A5134489233,I47519274,AFFILIATED_WITH
A5104330936,W4416386813,WRITES
A5104330936,W4414708112,WRITES
A5104330936,W4402689909,WRITES
A5104330936,W4402229499,WRITES
A5104330936,W4415379161,WRITES
A5104330936,I4210133311,AFFILIATED_WITH
A5104330936,I47519274,AFFILIATED_WITH
A5129674933,W7138163378,WRITES
A5129674933,I4210133311,AFFILIATED_WITH
A5129674933,I47519274,AFFILIATED_WITH
A5129878561,W7138834802,WRITES
A5129878561,W7139037461,WRITES
A5129878561,I4210133311,AFFILIATED_WITH
A5129878561,I47519274,AFFILIATED_WITH
LOCAL_A000020,W7115881942,WRITES
LOCAL_A000020,W7115905231,WRITES
LOCAL_A000020,I4210133311,AFFILIATED_WITH
LOCAL_A000020,I47519274,AFFILIATED_WITH
A5132976383,W7150069323,WRITES
A5132976383,I4210133311,AFFILIATED_WITH
A5132976383,I47519274,AFFILIATED_WITH
A5135133994,W7160032096,WRITES
A5135133994,W7160136628,WRITES
A5135133994,I47519274,AFFILIATED_WITH
A5126799033,W7131416904,WRITES
A5126799033,I4210133311,AFFILIATED_WITH
A5126799033,I47519274,AFFILIATED_WITH
A5127802930,W7133243872,WRITES
A5127802930,I4210133311,AFFILIATED_WITH
A5127802930,I47519274,AFFILIATED_WITH
A5130343899,W7140080270,WRITES
A5130343899,I4210133311,AFFILIATED_WITH
A5130343899,I47519274,AFFILIATED_WITH
A5126009246,W7128925053,WRITES
A5126009246,I4210133311,AFFILIATED_WITH
A5126009246,I47519274,AFFILIATED_WITH
A5025285609,W7118452653,WRITES
A5025285609,I4287427,AFFILIATED_WITH
LOCAL_A000505,W7108322544,WRITES
LOCAL_A000505,W7108328204,WRITES
LOCAL_A000505,I4287427,AFFILIATED_WITH
A5045306957,W4385422760,WRITES
A5045306957,I82952536,AFFILIATED_WITH
A5089022716,W4200002544,WRITES
A5089022716,W4221098262,WRITES
A5089022716,W4410974180,WRITES
A5089022716,W4416208916,WRITES
A5089022716,W3167511430,WRITES
A5089022716,W4220747986,WRITES
A5089022716,W4281913321,WRITES
A5089022716,I1332092204,AFFILIATED_WITH
A5089022716,I25399158,AFFILIATED_WITH
A5089022716,I902798049,AFFILIATED_WITH
A5089022716,I4210092733,AFFILIATED_WITH
A5088853821,W3038323774,WRITES
A5088853821,I132735039,AFFILIATED_WITH
A5078120613,W4288457039,WRITES
A5078120613,I78037679,AFFILIATED_WITH
A5021863822,W4390279411,WRITES
A5021863822,I4210138249,AFFILIATED_WITH
A5138180568,W7163867813,WRITES
A5138180568,I4210091008,AFFILIATED_WITH
A5003678121,W4304128614,WRITES
A5003678121,I919958821,AFFILIATED_WITH
A5056919969,W4391854472,WRITES
A5056919969,I28022161,AFFILIATED_WITH
A5103249297,W4283772388,WRITES
A5103249297,I4210090457,AFFILIATED_WITH
A5020702633,W4322743240,WRITES
A5020702633,I55547365,AFFILIATED_WITH
A5066638282,W4401337581,WRITES
A5066638282,I91041137,AFFILIATED_WITH
A5001907851,W4309782718,WRITES
A5001907851,I98962006,AFFILIATED_WITH
LOCAL_A000668,W4214942873,WRITES
LOCAL_A000668,I4210123993,AFFILIATED_WITH
A5014097779,W4405757553,WRITES
A5014097779,I2801941164,AFFILIATED_WITH
A5052970907,W7154494603,WRITES
A5052970907,I177733328,AFFILIATED_WITH
A5091148818,W4292749626,WRITES
A5091148818,I140172145,AFFILIATED_WITH
A5091148818,I15780179,AFFILIATED_WITH
A5091148818,I2800139702,AFFILIATED_WITH
A5091148818,I29236304,AFFILIATED_WITH
A5091148818,I4210091794,AFFILIATED_WITH
A5091148818,I4210096674,AFFILIATED_WITH
A5091148818,I4210115349,AFFILIATED_WITH
A5091148818,I4210117499,AFFILIATED_WITH
A5091148818,I4210123993,AFFILIATED_WITH
A5091148818,I4210131376,AFFILIATED_WITH
A5091148818,I4210146710,AFFILIATED_WITH
A5091148818,I4210146725,AFFILIATED_WITH
A5091148818,I4210150166,AFFILIATED_WITH
A5091148818,I4210154614,AFFILIATED_WITH
A5091148818,I4210159109,AFFILIATED_WITH
A5091148818,I4210164083,AFFILIATED_WITH
A5117644945,W4410974180,WRITES
A5117644945,W4416208916,WRITES
A5117644945,I142263535,AFFILIATED_WITH
A5124206567,W7126022358,WRITES
A5124206567,W7126088191,WRITES
A5124206567,I2802505396,AFFILIATED_WITH
A5033627409,W4296707155,WRITES
A5033627409,I4210090457,AFFILIATED_WITH
A5069734411,W4293238711,WRITES
A5069734411,W4285496039,WRITES
A5069734411,I81433678,AFFILIATED_WITH
A5022798909,W4391448534,WRITES
A5022798909,W4392795430,WRITES
A5022798909,I28022161,AFFILIATED_WITH
A5022798909,I120089902,AFFILIATED_WITH
A5022798909,I169333911,AFFILIATED_WITH
A5031094477,W3038323774,WRITES
A5031094477,I4210124323,AFFILIATED_WITH
A5056304373,W3038323774,WRITES
A5056304373,I4210124323,AFFILIATED_WITH
A5116250663,W4407436069,WRITES
A5116250663,I179331831,AFFILIATED_WITH
A5015882055,W4396898790,WRITES
A5015882055,I106778892,AFFILIATED_WITH
A5108293775,W4385430763,WRITES
A5108293775,I189575948,AFFILIATED_WITH
A5108293775,I4387155039,AFFILIATED_WITH
A5027283721,W4220945563,WRITES
A5027283721,W4281722354,WRITES
A5027283721,W4225812594,WRITES
A5027283721,W4309765389,WRITES
A5027283721,I4210096063,AFFILIATED_WITH
A5027283721,I32597200,AFFILIATED_WITH
A5025977132,W4281722354,WRITES
A5025977132,I4210159538,AFFILIATED_WITH
A5069149378,W4313259690,WRITES
A5069149378,W4385705265,WRITES
A5069149378,I165737746,AFFILIATED_WITH
A5069149378,I4210120266,AFFILIATED_WITH
A5069149378,I4210123993,AFFILIATED_WITH
A5065323250,W4214533025,WRITES
A5065323250,I108108428,AFFILIATED_WITH
A5124248425,W7126022358,WRITES
A5124248425,W7126088191,WRITES
A5124248425,I170396143,AFFILIATED_WITH
A5028063152,W4417007013,WRITES
A5028063152,I170396143,AFFILIATED_WITH
A5103046358,W4385430763,WRITES
A5103046358,I38260057,AFFILIATED_WITH
A5103046358,I132359460,AFFILIATED_WITH
A5051848349,W4211174566,WRITES
A5032288237,W2607391129,WRITES
A5032288237,I4210123993,AFFILIATED_WITH
A5032288237,I4210125796,AFFILIATED_WITH
A5104107891,W4213277821,WRITES
A5104107891,I141445968,AFFILIATED_WITH
A5032941002,W4313586752,WRITES
A5032941002,W4387757625,WRITES
A5032941002,I120089902,AFFILIATED_WITH
A5004131008,W4315474727,WRITES
A5004131008,W4281285699,WRITES
A5004131008,I181727666,AFFILIATED_WITH
A5084775306,W4292749626,WRITES
A5084775306,I140172145,AFFILIATED_WITH
A5084775306,I15780179,AFFILIATED_WITH
A5084775306,I2800139702,AFFILIATED_WITH
A5084775306,I29236304,AFFILIATED_WITH
A5084775306,I4210091794,AFFILIATED_WITH
A5084775306,I4210096674,AFFILIATED_WITH
A5084775306,I4210115349,AFFILIATED_WITH
A5084775306,I4210117499,AFFILIATED_WITH
A5084775306,I4210123993,AFFILIATED_WITH
A5084775306,I4210131376,AFFILIATED_WITH
A5084775306,I4210146710,AFFILIATED_WITH
A5084775306,I4210146725,AFFILIATED_WITH
A5084775306,I4210150166,AFFILIATED_WITH
A5084775306,I4210154614,AFFILIATED_WITH
A5084775306,I4210159109,AFFILIATED_WITH
A5084775306,I4210164083,AFFILIATED_WITH
A5069847897,W2953848273,WRITES
A5069847897,I4210153282,AFFILIATED_WITH
A5036727378,W4408099539,WRITES
A5036727378,W4416440837,WRITES
A5036727378,W4406739004,WRITES
A5036727378,I183111857,AFFILIATED_WITH
A5036727378,I187531555,AFFILIATED_WITH
A5136085905,W7160982211,WRITES
A5136085905,W7162127376,WRITES
A5136085905,I1294350288,AFFILIATED_WITH
A5136085905,I205274468,AFFILIATED_WITH
A5136085905,I4210156041,AFFILIATED_WITH
A5136085905,I187531555,AFFILIATED_WITH
A5089524326,W4413401695,WRITES
A5089524326,I876193797,AFFILIATED_WITH
A5048785235,W4402689909,WRITES
A5048785235,W4402229499,WRITES
A5048785235,I47519274,AFFILIATED_WITH
A5072008290,W4411395085,WRITES
A5072008290,I4210133311,AFFILIATED_WITH
A5000823484,W4401337581,WRITES
A5000823484,I4210133311,AFFILIATED_WITH
A5071754735,W7133975914,WRITES
A5071754735,I107470533,AFFILIATED_WITH
A5024588356,W7131416904,WRITES
A5024588356,I4210091198,AFFILIATED_WITH
A5024588356,I98298690,AFFILIATED_WITH
A5074064328,W4394568521,WRITES
A5074064328,I4210104335,AFFILIATED_WITH
A5074064328,I848706,AFFILIATED_WITH
A5045898489,W2883076324,WRITES
A5045898489,I4210111899,AFFILIATED_WITH
A5045898489,I4210123993,AFFILIATED_WITH
A5017263869,W4292749626,WRITES
A5017263869,I140172145,AFFILIATED_WITH
A5017263869,I15780179,AFFILIATED_WITH
A5017263869,I2800139702,AFFILIATED_WITH
A5017263869,I29236304,AFFILIATED_WITH
A5017263869,I4210091794,AFFILIATED_WITH
A5017263869,I4210096674,AFFILIATED_WITH
A5017263869,I4210115349,AFFILIATED_WITH
A5017263869,I4210117499,AFFILIATED_WITH
A5017263869,I4210123993,AFFILIATED_WITH
A5017263869,I4210131376,AFFILIATED_WITH
A5017263869,I4210146710,AFFILIATED_WITH
A5017263869,I4210146725,AFFILIATED_WITH
A5017263869,I4210150166,AFFILIATED_WITH
A5017263869,I4210154614,AFFILIATED_WITH
A5017263869,I4210159109,AFFILIATED_WITH
A5017263869,I4210164083,AFFILIATED_WITH
A5078661947,W2958510524,WRITES
A5117424256,W4410061102,WRITES
A5117424256,I4210123993,AFFILIATED_WITH
A5036538864,W4318476690,WRITES
A5036538864,W4379468618,WRITES
A5036538864,I141445968,AFFILIATED_WITH
A5088300934,W4313260174,WRITES
A5088300934,I3124059619,AFFILIATED_WITH
LOCAL_A000483,W7108322544,WRITES
LOCAL_A000483,W7108328204,WRITES
LOCAL_A000483,I130343225,AFFILIATED_WITH
A5122224274,W7118452653,WRITES
A5122224274,I130343225,AFFILIATED_WITH
A5045131495,W4313465680,WRITES
A5045131495,I4210154340,AFFILIATED_WITH
A5015707475,W2920983499,WRITES
A5015707475,W2922114288,WRITES
A5015707475,W2921306927,WRITES
A5015707475,W2921438491,WRITES
A5015707475,W2921662358,WRITES
A5015707475,W2921899614,WRITES
A5015707475,W2922328822,WRITES
A5015707475,I1283280774,AFFILIATED_WITH
A5061233140,W4383875588,WRITES
A5089109767,W2172418087,WRITES
A5063075884,W2561235885,WRITES
A5063075884,I2800593602,AFFILIATED_WITH
A5063075884,I38686511,AFFILIATED_WITH
A5063075884,I4210123993,AFFILIATED_WITH
A5065438450,W4362674680,WRITES
A5065438450,I157358134,AFFILIATED_WITH
A5065438450,I181727666,AFFILIATED_WITH
A5107906105,W4409462844,WRITES
A5107906105,I1332353952,AFFILIATED_WITH
A5107906105,I4210148235,AFFILIATED_WITH
A5136285735,W7161388772,WRITES
A5136285735,W7161414526,WRITES
A5136285735,I51556381,AFFILIATED_WITH
A5019965004,W3099136805,WRITES
A5019965004,I2610724,AFFILIATED_WITH
A5104311871,W4289102291,WRITES
A5104311871,I111277659,AFFILIATED_WITH
A5108029911,W4413401695,WRITES
A5108029911,I876193797,AFFILIATED_WITH
A5010689925,W4388635132,WRITES
A5010689925,I159247623,AFFILIATED_WITH
LOCAL_A000449,W4413380470,WRITES
LOCAL_A000449,I4210166374,AFFILIATED_WITH
A5103213810,W4401617823,WRITES
A5103213810,W4386489072,WRITES
A5103213810,I99041443,AFFILIATED_WITH
A5067390924,W4389784464,WRITES
A5067390924,I205133468,AFFILIATED_WITH
A5004928802,W4402696133,WRITES
A5004928802,I196355604,AFFILIATED_WITH
A5004928802,I30849647,AFFILIATED_WITH
A5037459239,W2057397620,WRITES
A5004271260,W3082417377,WRITES
A5004271260,I4575257,AFFILIATED_WITH
A5100434395,W4385349456,WRITES
A5100434395,I4210110313,AFFILIATED_WITH
A5021296526,W4408028742,WRITES
A5021296526,I4210123993,AFFILIATED_WITH
A5062542939,W4313408409,WRITES
A5062542939,I67388046,AFFILIATED_WITH
A5029995327,W3038323774,WRITES
A5029995327,I4210124323,AFFILIATED_WITH
A5091500375,W4281722354,WRITES
A5091500375,I193775966,AFFILIATED_WITH
A5091500375,I4210142395,AFFILIATED_WITH
A5075332753,W4322489023,WRITES
A5075332753,I68649149,AFFILIATED_WITH
A5012583826,W4402696133,WRITES
A5012583826,W4407615544,WRITES
A5012583826,W4412455529,WRITES
A5012583826,I196355604,AFFILIATED_WITH
A5012583826,I30849647,AFFILIATED_WITH
A5012583826,I125989756,AFFILIATED_WITH
A5110579458,W4388998466,WRITES
A5110579458,I3122832768,AFFILIATED_WITH
A5066599245,W3171997405,WRITES
A5066599245,W3172140456,WRITES
A5066599245,I192915278,AFFILIATED_WITH
A5072566978,W4280596211,WRITES
A5072566978,I4210143550,AFFILIATED_WITH
A5000866983,W4313558926,WRITES
A5000866983,I4210147796,AFFILIATED_WITH
A5000866983,I61623833,AFFILIATED_WITH
A5019183004,W4295678942,WRITES
A5019183004,W4383889516,WRITES
A5019183004,W4309873978,WRITES
A5019183004,W4387212021,WRITES
A5019183004,I46080048,AFFILIATED_WITH
A5056209905,W4210369429,WRITES
A5056209905,I3020445194,AFFILIATED_WITH
A5056209905,I4210120471,AFFILIATED_WITH
A5134226784,W4407356752,WRITES
A5134226784,I11701301,AFFILIATED_WITH
A5076877524,W4399685159,WRITES
A5076877524,I8778637,AFFILIATED_WITH
A5090352762,W4401892575,WRITES
A5090352762,I204250578,AFFILIATED_WITH
A5090352762,I4210116098,AFFILIATED_WITH
A5081831852,W4295678942,WRITES
A5081831852,W4413118057,WRITES
A5081831852,W4376873270,WRITES
A5081831852,I99574509,AFFILIATED_WITH
A5024054120,W4407561213,WRITES
A5024054120,I119744171,AFFILIATED_WITH
A5024054120,I188815454,AFFILIATED_WITH
A5042163751,W4385413477,WRITES
A5042163751,W4394617350,WRITES
A5042163751,W4402124965,WRITES
A5042163751,W4405869633,WRITES
A5042163751,I132210918,AFFILIATED_WITH
A5042163751,I4210098369,AFFILIATED_WITH
A5113482366,W4406024089,WRITES
A5113482366,I144696833,AFFILIATED_WITH
A5113482366,I150468666,AFFILIATED_WITH
A5113482366,I4210123993,AFFILIATED_WITH
A5113482366,I4210158018,AFFILIATED_WITH
A5028650701,W4207065025,WRITES
A5028650701,I1286329397,AFFILIATED_WITH
A5018189411,W3196785563,WRITES
A5018189411,I4880106,AFFILIATED_WITH
A5020851663,W4298004743,WRITES
A5020851663,I196699116,AFFILIATED_WITH
A5035774373,W4362581165,WRITES
A5035774373,I4210091658,AFFILIATED_WITH
A5035774373,I4210098535,AFFILIATED_WITH
A5035774373,I4210104666,AFFILIATED_WITH
A5035774373,I4210114363,AFFILIATED_WITH
A5035774373,I4210120668,AFFILIATED_WITH
A5035774373,I4210123993,AFFILIATED_WITH
A5035774373,I4210157340,AFFILIATED_WITH
A5035774373,I4210157790,AFFILIATED_WITH
A5059773332,W4383889516,WRITES
A5059773332,W4387212021,WRITES
A5059773332,I4210125938,AFFILIATED_WITH
A5059773332,I46080048,AFFILIATED_WITH
A5064913339,W2561235885,WRITES
A5064913339,I2800593602,AFFILIATED_WITH
A5064913339,I38686511,AFFILIATED_WITH
A5064913339,I4210123993,AFFILIATED_WITH
A5072878768,W4414417404,WRITES
A5072878768,I4210127772,AFFILIATED_WITH
A5126812074,W7131416904,WRITES
A5126812074,I47519274,AFFILIATED_WITH
A5100696961,W4210483046,WRITES
A5100696961,I32597200,AFFILIATED_WITH
A5110951526,W4312201692,WRITES
A5110951526,I130009713,AFFILIATED_WITH
A5110951526,I4210118384,AFFILIATED_WITH
A5019473435,W2561235885,WRITES
A5019473435,I2800593602,AFFILIATED_WITH
A5019473435,I38686511,AFFILIATED_WITH
A5019473435,I4210123993,AFFILIATED_WITH
A5063655240,W2883076324,WRITES
A5063655240,I4210111899,AFFILIATED_WITH
A5063655240,I4210123993,AFFILIATED_WITH
A5017957987,W2383870758,WRITES
A5077149091,W2373093024,WRITES
A5077149091,I4210123993,AFFILIATED_WITH
A5101468353,W2373182921,WRITES
A5101468353,I4210123993,AFFILIATED_WITH
A5089872679,W2983803309,WRITES
A5108227773,W4387770997,WRITES
A5108227773,I22299242,AFFILIATED_WITH
A5011794101,W4388960576,WRITES
A5011794101,I162838928,AFFILIATED_WITH
A5011794101,I4210093852,AFFILIATED_WITH
A5100604668,W2391031955,WRITES
A5051606464,W2983803309,WRITES
A5103573643,W2920983499,WRITES
A5032662195,W4387770997,WRITES
A5032662195,I22299242,AFFILIATED_WITH
A5073470573,W2353534931,WRITES
A5073470573,I4210123993,AFFILIATED_WITH
A5037715406,W4223496324,WRITES
A5037715406,W4400937770,WRITES
A5037715406,W4388574092,WRITES
A5037715406,I2800525753,AFFILIATED_WITH
A5037715406,I4210120696,AFFILIATED_WITH
A5064560837,W4406018358,WRITES
A5064560837,W4397008973,WRITES
A5064560837,I27429435,AFFILIATED_WITH
A5018766595,W4313558926,WRITES
A5018766595,I169572211,AFFILIATED_WITH
A5021197768,W4408235709,WRITES
A5021197768,W4381833251,WRITES
A5021197768,W4365790216,WRITES
A5021197768,I3132999081,AFFILIATED_WITH
A5022638034,W4411163057,WRITES
A5022638034,I155028946,AFFILIATED_WITH
A5067957815,W4313364861,WRITES
A5067957815,I11880225,AFFILIATED_WITH
A5051509129,W4388574092,WRITES
A5051509129,I2800525753,AFFILIATED_WITH
A5051509129,I4210120696,AFFILIATED_WITH
A5051509129,I4210165038,AFFILIATED_WITH
A5100762383,W2383870758,WRITES
A5100762383,I4210123993,AFFILIATED_WITH
A5112965708,W4383875588,WRITES
A5112965708,I170979836,AFFILIATED_WITH
A5103066046,W4394568521,WRITES
A5103066046,I848706,AFFILIATED_WITH
A5101793667,W4223496324,WRITES
A5101793667,I2800525753,AFFILIATED_WITH
A5101793667,I4210120696,AFFILIATED_WITH
A5101793667,I4210165038,AFFILIATED_WITH
A5049222685,W4389639153,WRITES
A5049222685,I107139324,AFFILIATED_WITH
LOCAL_A000028,W7115905231,WRITES
LOCAL_A000028,I4210104362,AFFILIATED_WITH
LOCAL_A000028,I91279580,AFFILIATED_WITH
A5014260545,W4415379161,WRITES
A5014260545,I4210104362,AFFILIATED_WITH
A5014260545,I91279580,AFFILIATED_WITH
A5058591249,W7133243872,WRITES
A5058591249,I47519274,AFFILIATED_WITH
A5069711950,W2964862300,WRITES
A5069711950,W2888586085,WRITES
A5069711950,W2965644806,WRITES
A5069711950,W3195104377,WRITES
A5069711950,W3096149152,WRITES
A5069711950,I4210123993,AFFILIATED_WITH
A5069711950,I142208455,AFFILIATED_WITH
A5037131073,W4385349456,WRITES
A5037131073,I138925566,AFFILIATED_WITH
A5009080326,W4207065025,WRITES
A5009080326,I1286329397,AFFILIATED_WITH
A5076385003,W4375846765,WRITES
A5076385003,W4407170082,WRITES
A5076385003,I240042149,AFFILIATED_WITH
A5076385003,I126477371,AFFILIATED_WITH
A5076385003,I4210117728,AFFILIATED_WITH
A5049339151,W1975716766,WRITES
A5049339151,I118564535,AFFILIATED_WITH
A5049339151,I4210134585,AFFILIATED_WITH
A5049339151,I87101506,AFFILIATED_WITH
A5088899338,W2920983499,WRITES
A5088899338,W2922328822,WRITES
A5088899338,I1283280774,AFFILIATED_WITH
A5004526884,W2129239406,WRITES
A5004526884,W4313198840,WRITES
A5004526884,W2037351555,WRITES
A5004526884,W4376613100,WRITES
A5004526884,I913481162,AFFILIATED_WITH
A5009716584,W2883076324,WRITES
A5009716584,I4210111899,AFFILIATED_WITH
A5009716584,I4210123993,AFFILIATED_WITH
A5066757856,W4409828992,WRITES
A5066757856,I2800727921,AFFILIATED_WITH
A5066757856,I37445192,AFFILIATED_WITH
LOCAL_A000521,W7114984711,WRITES
LOCAL_A000521,W7115014505,WRITES
LOCAL_A000521,I142208455,AFFILIATED_WITH
A5053245824,W4313259690,WRITES
A5053245824,W4390598901,WRITES
A5053245824,W4393316224,WRITES
A5053245824,W4385705265,WRITES
A5053245824,I165737746,AFFILIATED_WITH
A5053245824,I3129215250,AFFILIATED_WITH
A5053245824,I123565023,AFFILIATED_WITH
LOCAL_A000103,W4390344721,WRITES
LOCAL_A000103,W4286929179,WRITES
LOCAL_A000103,I70349855,AFFILIATED_WITH
LOCAL_A000103,I4210108666,AFFILIATED_WITH
A5039725259,W3179003915,WRITES
A5039725259,I82475049,AFFILIATED_WITH
A5058199474,W4390502111,WRITES
A5058199474,I28777354,AFFILIATED_WITH
A5047998559,W4304128614,WRITES
A5047998559,I139322472,AFFILIATED_WITH
A5031148394,W4392872257,WRITES
A5031148394,I4210137223,AFFILIATED_WITH
A5039424904,W4388972587,WRITES
A5039424904,I162148367,AFFILIATED_WITH
A5039424904,I172787465,AFFILIATED_WITH
A5039424904,I85461943,AFFILIATED_WITH
A5063909702,W7118452653,WRITES
A5063909702,I16969244,AFFILIATED_WITH
LOCAL_A000491,W7108322544,WRITES
LOCAL_A000491,W7108328204,WRITES
LOCAL_A000491,I16969244,AFFILIATED_WITH
A5102771088,W4391354445,WRITES
A5102771088,W4385430763,WRITES
A5102771088,W4415696216,WRITES
A5102771088,I132359460,AFFILIATED_WITH
A5102771088,I38260057,AFFILIATED_WITH
A5078984352,W4407436069,WRITES
A5078984352,W4409606618,WRITES
A5078984352,I4210128965,AFFILIATED_WITH
A5070675941,W4389263859,WRITES
A5070675941,I226567900,AFFILIATED_WITH
A5034916559,W4390502111,WRITES
A5034916559,I28777354,AFFILIATED_WITH
A5122261563,W7118452653,WRITES
A5122261563,I189909677,AFFILIATED_WITH
LOCAL_A000481,W7108322544,WRITES
LOCAL_A000481,W7108328204,WRITES
LOCAL_A000481,I189909677,AFFILIATED_WITH
A5006566365,W4296128756,WRITES
A5006566365,I141445968,AFFILIATED_WITH
A5085537455,W7163867813,WRITES
A5085537455,I40279923,AFFILIATED_WITH
A5085537455,I4210162839,AFFILIATED_WITH
A5085537455,I4394709093,AFFILIATED_WITH
A5022771633,W2054439996,WRITES
A5066978200,W4226471663,WRITES
A5066978200,W4293143516,WRITES
A5066978200,I39555362,AFFILIATED_WITH
A5053690387,W4415493830,WRITES
A5053690387,W4417051617,WRITES
A5053690387,W4399072097,WRITES
A5053690387,I4210123993,AFFILIATED_WITH
A5053690387,I4210131701,AFFILIATED_WITH
A5112157787,W7161388772,WRITES
A5112157787,W7161414526,WRITES
A5112157787,I51556381,AFFILIATED_WITH
A5093472703,W4389615139,WRITES
A5093472703,I4210123993,AFFILIATED_WITH
A5047353442,W3200546409,WRITES
A5047353442,W3199626612,WRITES
A5047353442,I4210117309,AFFILIATED_WITH
A5078613366,W3200070658,WRITES
A5078613366,W3101266795,WRITES
A5078613366,W3103923053,WRITES
A5078613366,W3200546409,WRITES
A5078613366,W3198928536,WRITES
A5078613366,W3199626612,WRITES
A5078613366,W3200021621,WRITES
A5078613366,W3200062521,WRITES
A5078613366,W3200607378,WRITES
A5078613366,W4206414210,WRITES
A5078613366,W4401517445,WRITES
A5078613366,W4402894282,WRITES
A5078613366,W4411249372,WRITES
A5078613366,W7161797802,WRITES
A5078613366,W3200882281,WRITES
A5078613366,W4285733410,WRITES
A5078613366,W3212113658,WRITES
A5078613366,W3213466285,WRITES
A5078613366,I4210123993,AFFILIATED_WITH
A5029957844,W7161066054,WRITES
A5029957844,W4385489691,WRITES
A5029957844,I126231945,AFFILIATED_WITH
LOCAL_A000603,W4403291008,WRITES
LOCAL_A000603,W4407877818,WRITES
LOCAL_A000603,I126231945,AFFILIATED_WITH
A5113268349,W4400100979,WRITES
A5136974579,W7162303146,WRITES
A5075629036,W3017246359,WRITES
A5075629036,I8775707,AFFILIATED_WITH
A5104101705,W4319456382,WRITES
A5104101705,W4394617350,WRITES
A5104101705,W4405869633,WRITES
A5104101705,I194450716,AFFILIATED_WITH
A5104101705,I4210148225,AFFILIATED_WITH
A5003259785,W4394595654,WRITES
A5003259785,I194450716,AFFILIATED_WITH
A5041832298,W4402723512,WRITES
A5041832298,I45756140,AFFILIATED_WITH
A5100450639,W4390964192,WRITES
A5100450639,I197347611,AFFILIATED_WITH
A5022270322,W4376891951,WRITES
A5022270322,I138925566,AFFILIATED_WITH
A5063712871,W4313465680,WRITES
A5063712871,I119025939,AFFILIATED_WITH
A5059676139,W7159983385,WRITES
A5059676139,I86677382,AFFILIATED_WITH
A5058934086,W4282926064,WRITES
A5058934086,W3199396396,WRITES
A5058934086,I114395901,AFFILIATED_WITH
A5062852134,W2676123895,WRITES
A5062852134,I11935315,AFFILIATED_WITH
A5062852134,I1294671590,AFFILIATED_WITH
A5062852134,I19894307,AFFILIATED_WITH
A5062852134,I4210159287,AFFILIATED_WITH
A5060343625,W4200002544,WRITES
A5060343625,W4220747986,WRITES
A5060343625,I168719708,AFFILIATED_WITH
A5002715032,W2997493078,WRITES
A5002715032,W2519522313,WRITES
A5002715032,W2626032508,WRITES
A5002715032,I11935315,AFFILIATED_WITH
A5002715032,I19894307,AFFILIATED_WITH
A5002715032,I4210159287,AFFILIATED_WITH
A5002715032,I1294671590,AFFILIATED_WITH
A5046084609,W4312259919,WRITES
A5046084609,I3133213403,AFFILIATED_WITH
A5061026929,W4313130190,WRITES
A5061026929,I3133213403,AFFILIATED_WITH
A5061026929,I4210123993,AFFILIATED_WITH
A5017779359,W4392872257,WRITES
A5017779359,W4404761741,WRITES
A5017779359,I4210137223,AFFILIATED_WITH
A5017779359,I4210097553,AFFILIATED_WITH
A5017779359,I4210122635,AFFILIATED_WITH
A5017779359,I4210130863,AFFILIATED_WITH
A5053892732,W3203312421,WRITES
A5053892732,I152815399,AFFILIATED_WITH
A5053892732,I173093425,AFFILIATED_WITH
A5038674343,W2561235885,WRITES
A5038674343,I2800593602,AFFILIATED_WITH
A5038674343,I38686511,AFFILIATED_WITH
A5038674343,I4210123993,AFFILIATED_WITH
A5047693293,W3000922636,WRITES
A5047693293,I2610724,AFFILIATED_WITH
A5047693293,I4210120526,AFFILIATED_WITH
A5006811097,W4414206059,WRITES
A5006811097,I45129253,AFFILIATED_WITH
A5006811097,I62916508,AFFILIATED_WITH
A5002976413,W3131552615,WRITES
A5002976413,I4210123993,AFFILIATED_WITH
A5037786157,W4401892575,WRITES
LOCAL_A000524,W7114984711,WRITES
LOCAL_A000524,W7115014505,WRITES
LOCAL_A000524,I142208455,AFFILIATED_WITH
A5017046939,W2920977915,WRITES
A5017046939,I4210087915,AFFILIATED_WITH
A5030649192,W3131552615,WRITES
A5030649192,I4210123993,AFFILIATED_WITH
A5038298046,W2921438491,WRITES
A5038298046,W2921899614,WRITES
A5038298046,I1283280774,AFFILIATED_WITH
A5044462379,W2767566591,WRITES
A5068309504,W4392600430,WRITES
A5068309504,W4392709346,WRITES
A5068309504,W4364375921,WRITES
A5068309504,I1332353952,AFFILIATED_WITH
A5103958108,W4321250367,WRITES
A5103958108,W4409462844,WRITES
A5103958108,I1332353952,AFFILIATED_WITH
A5103958108,I4210148235,AFFILIATED_WITH
A5003822713,W4376127836,WRITES
A5003822713,W4386865921,WRITES
A5003822713,I204824540,AFFILIATED_WITH
A5008079426,W2057397620,WRITES
A5010395979,W2172418087,WRITES
A5010395979,W2983803309,WRITES
A5010395979,W2767566591,WRITES
A5010395979,I68278413,AFFILIATED_WITH
A5106181325,W2566290954,WRITES
A5106181325,I55769427,AFFILIATED_WITH
A5056865763,W4281867261,WRITES
A5056865763,W4293582204,WRITES
A5056865763,I121980950,AFFILIATED_WITH
A5027163198,W4395449962,WRITES
A5027163198,I186903577,AFFILIATED_WITH
A5119371023,W4413380470,WRITES
A5119371023,I4210166374,AFFILIATED_WITH
A5008510859,W4313364861,WRITES
A5008510859,W4385422760,WRITES
A5008510859,I11880225,AFFILIATED_WITH
A5053333628,W4391354445,WRITES
A5053333628,W4385430763,WRITES
A5053333628,I132359460,AFFILIATED_WITH
A5053333628,I38260057,AFFILIATED_WITH
A5077352345,W4366607373,WRITES
A5077352345,I4210115326,AFFILIATED_WITH
A5015961088,W4399685159,WRITES
A5101984598,W4283723303,WRITES
A5101984598,I39534123,AFFILIATED_WITH
A5113714554,W4376891951,WRITES
A5113714554,I139264467,AFFILIATED_WITH
A5053883070,W4285496039,WRITES
A5053883070,I1317621060,AFFILIATED_WITH
A5012969367,W4289102291,WRITES
A5012969367,I28022161,AFFILIATED_WITH
A5111820289,W4409828992,WRITES
A5111820289,I33849332,AFFILIATED_WITH
A5021666100,W4296707155,WRITES
A5021666100,I31079310,AFFILIATED_WITH
A5101024767,W4282942155,WRITES
A5101024767,I4210141966,AFFILIATED_WITH
A5017339857,W4224117736,WRITES
A5017339857,I4401200382,AFFILIATED_WITH
A5042206762,W2983803309,WRITES
A5042206762,W2767566591,WRITES
A5100430160,W4401719937,WRITES
A5100430160,I40542001,AFFILIATED_WITH
A5129411191,W7137090518,WRITES
A5129411191,I28777354,AFFILIATED_WITH
A5009549644,W7131662221,WRITES
A5009549644,I157725225,AFFILIATED_WITH
A5012959918,W2901855654,WRITES
A5012959918,I70349855,AFFILIATED_WITH
A5024140904,W4392188359,WRITES
A5024140904,I48076826,AFFILIATED_WITH
A5009080751,W4417007013,WRITES
A5009080751,I2802505396,AFFILIATED_WITH
A5040102344,W7130506610,WRITES
A5040102344,I4210123993,AFFILIATED_WITH
A5036239936,W4366607373,WRITES
A5036239936,I175548057,AFFILIATED_WITH
A5034642372,W4387909652,WRITES
A5034642372,W4304128614,WRITES
A5034642372,I33849332,AFFILIATED_WITH
A5102806354,W7153243958,WRITES
A5102806354,I170201317,AFFILIATED_WITH
A5071688512,W3131063929,WRITES
A5071688512,I2800649613,AFFILIATED_WITH
A5071688512,I76835614,AFFILIATED_WITH
A5016763122,W2131291272,WRITES
A5016763122,I2801778319,AFFILIATED_WITH
A5066533851,W4401892575,WRITES
A5066533851,I71920554,AFFILIATED_WITH
A5058555117,W2555561595,WRITES
A5058555117,W2607391129,WRITES
A5058555117,I4210123993,AFFILIATED_WITH
A5058555117,I4210125796,AFFILIATED_WITH
A5030073755,W4401892575,WRITES
A5030073755,I4210144295,AFFILIATED_WITH
A5089611382,W7153004412,WRITES
A5089611382,I4210153474,AFFILIATED_WITH
A5078872062,W4389263859,WRITES
A5078872062,I226567900,AFFILIATED_WITH
A5014433518,W4388972587,WRITES
A5014433518,I4210123993,AFFILIATED_WITH
A5050585586,W4387326361,WRITES
A5050585586,I149851306,AFFILIATED_WITH
A5050585586,I4210098675,AFFILIATED_WITH
A5089477886,W2983803309,WRITES
A5089477886,W4211174566,WRITES
A5089477886,W2767566591,WRITES
A5089477886,I164865396,AFFILIATED_WITH
A5087405854,W3201040525,WRITES
A5087405854,W4327814100,WRITES
A5087405854,W4384209462,WRITES
A5087405854,I4210123993,AFFILIATED_WITH
A5050533579,W4402903753,WRITES
A5050533579,W4389781311,WRITES
A5050533579,W4386411789,WRITES
A5050533579,W4412835397,WRITES
A5050533579,I123565023,AFFILIATED_WITH
A5050533579,I23582244,AFFILIATED_WITH
A5050533579,I25846049,AFFILIATED_WITH
A5050533579,I4210096386,AFFILIATED_WITH
A5050533579,I70349855,AFFILIATED_WITH
A5050533579,I89004649,AFFILIATED_WITH
A5035262683,W4401475444,WRITES
A5030680943,W4311627462,WRITES
A5030680943,I28407311,AFFILIATED_WITH
LOCAL_A000621,W4405231722,WRITES
LOCAL_A000621,I205490536,AFFILIATED_WITH
A5018538544,W3195495426,WRITES
A5018538544,W3171413831,WRITES
A5018538544,W4225646906,WRITES
A5018538544,W4226292747,WRITES
A5018538544,I4210123993,AFFILIATED_WITH
A5016154330,W4414271358,WRITES
A5016154330,W4285266850,WRITES
A5016154330,W4313396687,WRITES
A5016154330,W3172560453,WRITES
A5016154330,W4294982649,WRITES
A5016154330,W3206545182,WRITES
A5016154330,W4379382643,WRITES
A5016154330,I186903577,AFFILIATED_WITH
A5016154330,I141445968,AFFILIATED_WITH
A5050137620,W4296591880,WRITES
A5050137620,I71503853,AFFILIATED_WITH
LOCAL_A000477,W7105702010,WRITES
LOCAL_A000477,I71503853,AFFILIATED_WITH
A5015142652,W4407394155,WRITES
A5015142652,W4321349922,WRITES
A5015142652,W4406110549,WRITES
A5015142652,W4402307212,WRITES
A5015142652,I130442723,AFFILIATED_WITH
A5015142652,I4210112140,AFFILIATED_WITH
A5015142652,I4210117728,AFFILIATED_WITH
A5101663684,W4293790322,WRITES
A5101663684,I177733328,AFFILIATED_WITH
LOCAL_A000221,W4312656552,WRITES
LOCAL_A000245,W4312656552,WRITES
A5108186826,W4411160005,WRITES
A5108186826,I4210123993,AFFILIATED_WITH
LOCAL_A000331,W4285191318,WRITES
LOCAL_A000256,W4312656552,WRITES
LOCAL_A000261,W4312656552,WRITES
LOCAL_A000261,W4285191318,WRITES
LOCAL_A000338,W4285191318,WRITES
A5080706652,W4388463364,WRITES
A5080706652,I4210123993,AFFILIATED_WITH
LOCAL_A000361,W4285191318,WRITES
A5110958467,W3136535389,WRITES
A5103945707,W4412184462,WRITES
A5103945707,W4412977942,WRITES
A5103945707,I3020192730,AFFILIATED_WITH
A5128700301,W7163065831,WRITES
A5128700301,I170238339,AFFILIATED_WITH
A5128700301,I4210115718,AFFILIATED_WITH
LOCAL_A000696,W4253353920,WRITES
LOCAL_A000178,W4293221027,WRITES
LOCAL_A000335,W4285191318,WRITES
LOCAL_A000094,W4292787526,WRITES
LOCAL_A000094,W4205915709,WRITES
LOCAL_A000094,I177733328,AFFILIATED_WITH
LOCAL_A000313,W4243275109,WRITES
A5025614310,W4407908882,WRITES
A5025614310,I4210123993,AFFILIATED_WITH
LOCAL_A000649,W3139407296,WRITES
LOCAL_A000649,I70349855,AFFILIATED_WITH
A5064996552,W4360620764,WRITES
A5064996552,I4210123993,AFFILIATED_WITH
A5064996552,I4210144900,AFFILIATED_WITH
A5064996552,I79775147,AFFILIATED_WITH
LOCAL_A000688,W4253353920,WRITES
A5107908300,W3111124944,WRITES
A5107908300,I4210141768,AFFILIATED_WITH
A5136905343,W7162318469,WRITES
A5136905343,I1925986,AFFILIATED_WITH
A5136905343,I223532165,AFFILIATED_WITH
A5126871406,W7131662221,WRITES
A5126871406,I157725225,AFFILIATED_WITH
A5130252883,W7139959509,WRITES
A5130252883,I4210122689,AFFILIATED_WITH
A5112361199,W4392049362,WRITES
A5112361199,W4401433803,WRITES
A5112361199,I4210123993,AFFILIATED_WITH
A5132049969,W7162318469,WRITES
A5132049969,I4387152983,AFFILIATED_WITH
A5132049969,I69740276,AFFILIATED_WITH
A5030683099,W4391742087,WRITES
A5030683099,I212220629,AFFILIATED_WITH
A5107408554,W7136207794,WRITES
A5107408554,I2802849423,AFFILIATED_WITH
A5129663707,W7162318469,WRITES
A5129663707,I189513530,AFFILIATED_WITH
A5010151535,W7136207794,WRITES
A5010151535,I154526488,AFFILIATED_WITH
A5010151535,I204730241,AFFILIATED_WITH
A5010151535,I4210092774,AFFILIATED_WITH
A5010151535,I4210097159,AFFILIATED_WITH
A5010151535,I4210141964,AFFILIATED_WITH
A5108870180,W4387586125,WRITES
A5108870180,I4210123993,AFFILIATED_WITH
A5101783382,W4405281261,WRITES
A5101783382,I2799506148,AFFILIATED_WITH
A5014633603,W4220945563,WRITES
A5014633603,W4309765389,WRITES
A5014633603,I4210093659,AFFILIATED_WITH
A5103884475,W4401742244,WRITES
A5103884475,I70349855,AFFILIATED_WITH
A5136964667,W7162318469,WRITES
A5136964667,I77063589,AFFILIATED_WITH
A5136954205,W7162318469,WRITES
A5136954205,I137975476,AFFILIATED_WITH
A5033485941,W4403137041,WRITES
A5033485941,I3020192730,AFFILIATED_WITH
A5128214906,W7133946363,WRITES
A5128214906,I4210123993,AFFILIATED_WITH
A5053998535,W4292265082,WRITES
A5053998535,W4415493830,WRITES
A5053998535,W4315651646,WRITES
A5053998535,W4311627462,WRITES
A5053998535,W4385987955,WRITES
A5053998535,W4405399025,WRITES
A5053998535,W3213221169,WRITES
A5053998535,W3212390407,WRITES
A5053998535,W4417051617,WRITES
A5053998535,W4412389639,WRITES
A5053998535,W4385422760,WRITES
A5053998535,W4398617804,WRITES
A5053998535,W4404649042,WRITES
A5053998535,W4404501226,WRITES
A5053998535,W4390639841,WRITES
A5053998535,W4405231722,WRITES
A5053998535,W4414279520,WRITES
A5053998535,W4409801467,WRITES
A5053998535,W3214406573,WRITES
A5053998535,W4406602578,WRITES
A5053998535,I4210123993,AFFILIATED_WITH
A5053998535,I108108428,AFFILIATED_WITH
A5053998535,I141445968,AFFILIATED_WITH
A5053998535,I185523456,AFFILIATED_WITH
A5136952759,W7162318469,WRITES
A5136952759,I74801974,AFFILIATED_WITH
LOCAL_A000066,W4393334210,WRITES
LOCAL_A000066,W3201357882,WRITES
LOCAL_A000066,I177733328,AFFILIATED_WITH
A5113496089,W4414701392,WRITES
A5113496089,W4414883085,WRITES
A5019304743,W4378448636,WRITES
A5019304743,I4210124230,AFFILIATED_WITH
A5111002528,W7133946363,WRITES
A5111002528,W4390639841,WRITES
A5111002528,I3129629310,AFFILIATED_WITH
A5111002528,I3020192730,AFFILIATED_WITH
A5025851364,W7117967106,WRITES
A5025851364,W7125369332,WRITES
A5025851364,W7138919472,WRITES
A5025851364,W3201015711,WRITES
A5025851364,W7154041191,WRITES
A5025851364,I4210123993,AFFILIATED_WITH
A5025851364,I4210138427,AFFILIATED_WITH
A5025851364,I4210131701,AFFILIATED_WITH
A5016874352,W4405108720,WRITES
A5016874352,I123565023,AFFILIATED_WITH
A5016874352,I49382586,AFFILIATED_WITH
A5108652190,W4393334210,WRITES
A5108652190,W4292787526,WRITES
A5108652190,W4404032082,WRITES
A5108652190,W4205915709,WRITES
A5108652190,W4295135458,WRITES
A5108652190,W4392346702,WRITES
A5108652190,W4403714892,WRITES
A5108652190,W4383484815,WRITES
A5108652190,I123565023,AFFILIATED_WITH
A5108652190,I49382586,AFFILIATED_WITH
A5048623965,W4388769279,WRITES
A5048623965,I141445968,AFFILIATED_WITH
A5109994888,W4406489951,WRITES
A5109994888,I4210115718,AFFILIATED_WITH
A5062984662,W4205915709,WRITES
A5062984662,I1341015664,AFFILIATED_WITH
A5108008350,W4393010195,WRITES
A5108008350,I174101054,AFFILIATED_WITH
A5108992345,W4404755595,WRITES
A5108992345,I135822937,AFFILIATED_WITH
A5042295571,W3201015711,WRITES
A5042295571,I4210123993,AFFILIATED_WITH
A5112894832,W4384108323,WRITES
A5112894832,I70349855,AFFILIATED_WITH
A5049415464,W4395449962,WRITES
A5049415464,I185523456,AFFILIATED_WITH
A5008653388,W7160949195,WRITES
A5008653388,W4409409360,WRITES
A5008653388,I4210123993,AFFILIATED_WITH
A5008653388,I3020192730,AFFILIATED_WITH
A5050385284,W3168535772,WRITES
A5050385284,W3110171308,WRITES
A5050385284,I4210123993,AFFILIATED_WITH
A5050385284,I4210141768,AFFILIATED_WITH
A5050385284,I848706,AFFILIATED_WITH
A5050385284,I4210095101,AFFILIATED_WITH
A5023271480,W4413373431,WRITES
A5023271480,I4210123993,AFFILIATED_WITH
A5059455259,W4403302339,WRITES
A5059455259,I177233841,AFFILIATED_WITH
A5101880043,W4292688232,WRITES
A5101880043,I141445968,AFFILIATED_WITH
A5112855604,W7162442689,WRITES
A5112855604,W4416462147,WRITES
A5112855604,I4210139842,AFFILIATED_WITH
A5112855604,I177733328,AFFILIATED_WITH
A5030190819,W3159682264,WRITES
A5030190819,I2802508454,AFFILIATED_WITH
A5134174412,W7162318469,WRITES
A5134174412,I74801974,AFFILIATED_WITH
A5069162937,W4379514722,WRITES
A5069162937,I123565023,AFFILIATED_WITH
A5069162937,I47265099,AFFILIATED_WITH
A5128617275,W7134165910,WRITES
A5128617275,I4210095101,AFFILIATED_WITH
A5128342307,W7134165910,WRITES
A5128342307,I4210095101,AFFILIATED_WITH
A5128645162,W7134165910,WRITES
A5128645162,I4210095101,AFFILIATED_WITH
A5033629831,W4376127221,WRITES
A5033629831,W4292964871,WRITES
A5033629831,W4295123541,WRITES
A5033629831,W4362517101,WRITES
A5033629831,W4385235017,WRITES
A5033629831,I1313323035,AFFILIATED_WITH
A5072290797,W2986661965,WRITES
A5072290797,I4210123993,AFFILIATED_WITH
A5130080333,W7138924488,WRITES
A5130080333,I4210123993,AFFILIATED_WITH
A5130058879,W7138924488,WRITES
A5130058879,I4210123993,AFFILIATED_WITH
A5026770074,W4307968637,WRITES
A5026770074,I70349855,AFFILIATED_WITH
A5100920364,W4403889363,WRITES
A5100920364,I2802508454,AFFILIATED_WITH
A5100920364,I4210123993,AFFILIATED_WITH
A5033058790,W4200131528,WRITES
A5033058790,W4417268735,WRITES
A5033058790,I70349855,AFFILIATED_WITH
A5033058790,I4210098226,AFFILIATED_WITH
A5071926923,W4413265398,WRITES
A5071926923,I3129492623,AFFILIATED_WITH
A5045602523,W4385852487,WRITES
A5045602523,I4210123993,AFFILIATED_WITH
A5113659799,W3214891465,WRITES
A5113659799,I4210123993,AFFILIATED_WITH
A5039180885,W4386059449,WRITES
A5039180885,W4281817358,WRITES
A5039180885,W4316589740,WRITES
A5039180885,I4210139842,AFFILIATED_WITH
A5039180885,I177733328,AFFILIATED_WITH
A5039180885,I4210096386,AFFILIATED_WITH
A5039180885,I4210104442,AFFILIATED_WITH
A5114134175,W4391777722,WRITES
A5114134175,I2802508454,AFFILIATED_WITH
A5101280028,W4389784464,WRITES
A5101280028,I4210123993,AFFILIATED_WITH
A5100438985,W3082417377,WRITES
A5100438985,I4575257,AFFILIATED_WITH
A5136190142,W7161302210,WRITES
A5136190142,I157485424,AFFILIATED_WITH
A5108140676,W4388635132,WRITES
A5108140676,I35928602,AFFILIATED_WITH
A5102747977,W4362576283,WRITES
A5102747977,W4391506647,WRITES
A5102747977,I163753206,AFFILIATED_WITH
A5101287236,W4390502111,WRITES
A5101287236,I28777354,AFFILIATED_WITH
A5049003532,W4388942254,WRITES
A5049003532,I24062138,AFFILIATED_WITH
A5135268164,W7160186769,WRITES
A5135268164,I80849659,AFFILIATED_WITH
A5052329546,W7116711994,WRITES
A5052329546,I80849659,AFFILIATED_WITH
A5015546142,W4309873978,WRITES
A5015546142,I28022161,AFFILIATED_WITH
A5054722451,W4281561494,WRITES
A5054722451,I4210101211,AFFILIATED_WITH
A5070587435,W4417007013,WRITES
A5070587435,W7126022358,WRITES
A5070587435,W7126088191,WRITES
A5070587435,I894293524,AFFILIATED_WITH
A5067918460,W3004140216,WRITES
A5067918460,I170238339,AFFILIATED_WITH
LOCAL_A000204,W4386259142,WRITES
LOCAL_A000204,I4210122689,AFFILIATED_WITH
A5023010845,W4391186569,WRITES
A5023010845,I4210123993,AFFILIATED_WITH
A5036887999,W4385852487,WRITES
A5036887999,W4411160005,WRITES
A5036887999,I2802701112,AFFILIATED_WITH
A5036887999,I28290843,AFFILIATED_WITH
A5075209004,W3139232151,WRITES
A5075209004,W4386976132,WRITES
A5075209004,W3211579622,WRITES
A5075209004,W3200711057,WRITES
A5075209004,W4392949586,WRITES
A5075209004,W4415196659,WRITES
A5075209004,W4312032783,WRITES
A5075209004,W3137746435,WRITES
A5075209004,W3200176280,WRITES
A5075209004,W4312874203,WRITES
A5075209004,W4286203355,WRITES
A5075209004,W4385661509,WRITES
A5075209004,I177733328,AFFILIATED_WITH
A5102826855,W4286008072,WRITES
A5102826855,I4210124230,AFFILIATED_WITH
A5012875627,W4413106375,WRITES
A5012875627,I154348853,AFFILIATED_WITH
A5082446801,W4295678942,WRITES
A5082446801,W4383889516,WRITES
A5082446801,W4391854472,WRITES
A5082446801,W4413118057,WRITES
A5082446801,I46080048,AFFILIATED_WITH
A5082446801,I1307585291,AFFILIATED_WITH
A5029670464,W4406018358,WRITES
A5029670464,W4397008973,WRITES
A5029670464,I4210165842,AFFILIATED_WITH
A5044829491,W3112625688,WRITES
A5044829491,W4393941056,WRITES
A5044829491,I85922643,AFFILIATED_WITH
A5114549543,W4378904270,WRITES
A5114549543,I188815454,AFFILIATED_WITH
A5003021924,W4407561213,WRITES
A5003021924,W4409996787,WRITES
A5003021924,I188815454,AFFILIATED_WITH
A5025654358,W2921438491,WRITES
A5025654358,I1283280774,AFFILIATED_WITH
A5112241048,W3212363074,WRITES
A5112241048,I114531698,AFFILIATED_WITH
A5072611129,W4407561213,WRITES
A5072611129,I80188885,AFFILIATED_WITH
A5028938519,W2983803309,WRITES
A5049806976,W4417423760,WRITES
A5049806976,I109689652,AFFILIATED_WITH
A5042948921,W4401892575,WRITES
A5042948921,I47818738,AFFILIATED_WITH
A5087442163,W3119112299,WRITES
A5087442163,I2801662971,AFFILIATED_WITH
A5087442163,I4210123993,AFFILIATED_WITH
A5034798042,W4378226923,WRITES
A5034798042,I36721946,AFFILIATED_WITH
A5136968278,W7162303146,WRITES
A5042031508,W4414426377,WRITES
A5042031508,I56590836,AFFILIATED_WITH
A5128210291,W7133975914,WRITES
A5128210291,I2802701112,AFFILIATED_WITH
A5130697482,W7140412201,WRITES
A5130697482,I4210123993,AFFILIATED_WITH
A5019165820,W3199626612,WRITES
LOCAL_A000576,W3136985740,WRITES
LOCAL_A000576,W3129134850,WRITES
LOCAL_A000576,W3143569447,WRITES
LOCAL_A000576,I4210148201,AFFILIATED_WITH
LOCAL_A000417,W4406970545,WRITES
A5030678711,W4397008973,WRITES
A5030678711,I27429435,AFFILIATED_WITH
A5030678711,I4210123993,AFFILIATED_WITH
A5102804031,W4315651646,WRITES
A5102804031,I4210123993,AFFILIATED_WITH
A5074978546,W4405757553,WRITES
A5074978546,I177733328,AFFILIATED_WITH
A5057145784,W4417319514,WRITES
A5057145784,I123565023,AFFILIATED_WITH
A5057145784,I23582244,AFFILIATED_WITH
A5109295168,W4406018358,WRITES
A5109295168,I27429435,AFFILIATED_WITH
A5109295168,I4210123993,AFFILIATED_WITH
A5137083886,W7162426908,WRITES
A5137083886,I4210154685,AFFILIATED_WITH
A5039887490,W4362581165,WRITES
A5039887490,I4210091658,AFFILIATED_WITH
A5039887490,I4210098535,AFFILIATED_WITH
A5039887490,I4210104666,AFFILIATED_WITH
A5039887490,I4210114363,AFFILIATED_WITH
A5039887490,I4210120668,AFFILIATED_WITH
A5039887490,I4210123993,AFFILIATED_WITH
A5039887490,I4210157340,AFFILIATED_WITH
A5039887490,I4210157790,AFFILIATED_WITH
A5050195883,W3096589855,WRITES
A5050195883,I4210123993,AFFILIATED_WITH
A5100677169,W4285347500,WRITES
A5100677169,I1304085615,AFFILIATED_WITH
A5117639584,W7162326146,WRITES
A5117639584,I181727666,AFFILIATED_WITH
A5040081743,W4387770997,WRITES
A5040081743,W4386416432,WRITES
A5040081743,I4210123993,AFFILIATED_WITH
A5101399124,W4417529920,WRITES
A5101399124,W4404501226,WRITES
A5101399124,I141445968,AFFILIATED_WITH
A5101399124,I8775707,AFFILIATED_WITH
A5101399124,I4210148201,AFFILIATED_WITH
A5014849714,W3030708207,WRITES
A5014849714,I141445968,AFFILIATED_WITH
A5100701432,W4206228720,WRITES
A5100701432,W3173625614,WRITES
A5100701432,W3199087809,WRITES
A5100701432,W3174934777,WRITES
A5100701432,W3094167965,WRITES
A5100701432,W3155712582,WRITES
A5100701432,W3108106393,WRITES
A5100701432,W3121428906,WRITES
A5100701432,W3148383904,WRITES
A5100701432,W4386547305,WRITES
A5100701432,W4285266850,WRITES
A5100701432,W4313396687,WRITES
A5100701432,W4396680807,WRITES
A5100701432,W3203242018,WRITES
A5100701432,W3172560453,WRITES
A5100701432,W4294982649,WRITES
A5100701432,W3206545182,WRITES
A5100701432,W4379382643,WRITES
A5100701432,W4313586752,WRITES
A5100701432,W4387757625,WRITES
A5100701432,W3196164652,WRITES
A5100701432,W3214362572,WRITES
A5100701432,I141445968,AFFILIATED_WITH
A5100701432,I4210116271,AFFILIATED_WITH
A5100701432,I142208455,AFFILIATED_WITH
LOCAL_A000657,W3096351903,WRITES
LOCAL_A000657,I141445968,AFFILIATED_WITH
A5100701430,W4205912509,WRITES
A5100701430,W4389485812,WRITES
A5100701430,I28777354,AFFILIATED_WITH
A5100701430,I158708052,AFFILIATED_WITH
A5128405095,W7134238770,WRITES
A5128405095,W7165199016,WRITES
A5128405095,I141445968,AFFILIATED_WITH
A5125450163,W7128441206,WRITES
A5125450163,I114017466,AFFILIATED_WITH
A5125450163,I141445968,AFFILIATED_WITH
A5125450163,I4210102522,AFFILIATED_WITH
A5101523512,W4292265082,WRITES
A5101523512,W4402487125,WRITES
A5101523512,W4404649042,WRITES
A5101523512,W4408461194,WRITES
A5101523512,W4409801467,WRITES
A5101523512,I141445968,AFFILIATED_WITH
A5056627231,W2920983499,WRITES
A5056627231,W2922328822,WRITES
A5057116918,W4385948362,WRITES
A5057116918,I4210163248,AFFILIATED_WITH
A5057116918,I67868205,AFFILIATED_WITH
A5066490148,W3137041823,WRITES
A5066490148,W3194522155,WRITES
A5066490148,W3162355841,WRITES
A5066490148,I4210123993,AFFILIATED_WITH
A5021286794,W3139407296,WRITES
A5021286794,I3020192730,AFFILIATED_WITH
A5114183992,W4400127655,WRITES
A5114183992,I79775147,AFFILIATED_WITH
A5055103179,W4405135580,WRITES
A5055103179,I141445968,AFFILIATED_WITH
A5065997378,W4378650985,WRITES
A5065997378,I4210142311,AFFILIATED_WITH
A5017559788,W3201015711,WRITES
A5017559788,I4210123993,AFFILIATED_WITH
A5030882676,W4308970419,WRITES
A5030882676,I123565023,AFFILIATED_WITH
A5030882676,I23582244,AFFILIATED_WITH
LOCAL_A000674,W4386034709,WRITES
LOCAL_A000674,I123565023,AFFILIATED_WITH
LOCAL_A000674,I47265099,AFFILIATED_WITH
A5071682792,W3200655254,WRITES
A5071682792,W4410908416,WRITES
A5071682792,I4210123993,AFFILIATED_WITH
A5009716673,W3088810769,WRITES
A5009716673,I4210120055,AFFILIATED_WITH
A5080595139,W3129119852,WRITES
A5080595139,W3006831780,WRITES
A5080595139,I28022161,AFFILIATED_WITH
A5015381463,W4292367284,WRITES
A5015381463,I202539009,AFFILIATED_WITH
A5108048174,W4392746748,WRITES
A5108048174,W4409211677,WRITES
A5108048174,I165745306,AFFILIATED_WITH
A5108048174,I4210098205,AFFILIATED_WITH
A5071023394,W4401337581,WRITES
A5071023394,I52158045,AFFILIATED_WITH
A5115602156,W4411395085,WRITES
A5115602156,I4210094876,AFFILIATED_WITH
A5042273243,W7118452653,WRITES
A5042273243,I168635309,AFFILIATED_WITH
A5128356196,W7134201769,WRITES
A5128356196,I4210145880,AFFILIATED_WITH
A5128356196,I47818738,AFFILIATED_WITH
A5132605860,W7155203564,WRITES
A5132605860,I47818738,AFFILIATED_WITH
A5054946215,W4405945941,WRITES
A5054946215,W4411441940,WRITES
A5054946215,W4411567740,WRITES
A5054946215,I47818738,AFFILIATED_WITH
A5054946215,I4210145880,AFFILIATED_WITH
A5015660461,W4401892575,WRITES
A5015660461,I199440890,AFFILIATED_WITH
A5093287777,W7161797802,WRITES
A5093287777,I153562115,AFFILIATED_WITH
A5031742904,W4388405219,WRITES
A5031742904,I123565023,AFFILIATED_WITH
A5034643812,W4321609955,WRITES
A5034643812,I118501908,AFFILIATED_WITH
A5006308177,W4390683198,WRITES
A5006308177,I153512688,AFFILIATED_WITH
A5015523916,W4225812594,WRITES
A5015523916,I3124969661,AFFILIATED_WITH
A5002451590,W2083703889,WRITES
A5050886317,W2075394754,WRITES
A5050886317,I4210152550,AFFILIATED_WITH
A5018545038,W4392188359,WRITES
A5018545038,I48076826,AFFILIATED_WITH
LOCAL_A000495,W7108322544,WRITES
LOCAL_A000495,W7108328204,WRITES
LOCAL_A000495,I4210087849,AFFILIATED_WITH
A5009945961,W7118452653,WRITES
A5009945961,I4210087849,AFFILIATED_WITH
A5061220760,W2953246412,WRITES
A5061220760,W2593957126,WRITES
A5061220760,I4210123993,AFFILIATED_WITH
A5061220760,I130769515,AFFILIATED_WITH
A5061220760,I145311948,AFFILIATED_WITH
A5061220760,I208333798,AFFILIATED_WITH
A5061220760,I47838141,AFFILIATED_WITH
A5064910317,W4387846071,WRITES
A5064910317,W4393318354,WRITES
A5064910317,I192389796,AFFILIATED_WITH
A5064910317,I98947143,AFFILIATED_WITH
A5069865145,W2754689785,WRITES
A5069865145,I4210123993,AFFILIATED_WITH
A5071186378,W2983803309,WRITES
A5071186378,W2767566591,WRITES
A5040371822,W2983803309,WRITES
A5008986510,W2767566591,WRITES
A5082750409,W3182300114,WRITES
A5082750409,I120089902,AFFILIATED_WITH
A5082750409,I4210093659,AFFILIATED_WITH
A5104075025,W4378650985,WRITES
A5104075025,I4210123993,AFFILIATED_WITH
A5134569039,W7155627074,WRITES
A5134569039,I4210123993,AFFILIATED_WITH
A5067894346,W3046893219,WRITES
A5067894346,I138622004,AFFILIATED_WITH
A5048867490,W3134693037,WRITES
A5048867490,W4206200003,WRITES
A5048867490,I4210123993,AFFILIATED_WITH
A5003620404,W4376127836,WRITES
A5003620404,W4386865921,WRITES
A5003620404,I114017466,AFFILIATED_WITH
A5003620404,I136750679,AFFILIATED_WITH
A5003620404,I31746571,AFFILIATED_WITH
A5097874829,W4315641599,WRITES
A5097874829,I141445968,AFFILIATED_WITH
A5033543615,W4312226454,WRITES
A5066740309,W4389474151,WRITES
A5066740309,W4225614357,WRITES
A5066740309,W4310396776,WRITES
A5066740309,I4210123993,AFFILIATED_WITH
A5066740309,I4387154394,AFFILIATED_WITH
A5128343243,W7134190072,WRITES
A5128343243,I4210115718,AFFILIATED_WITH
A5093360005,W4389083570,WRITES
A5093360005,I4210123993,AFFILIATED_WITH
A5098732947,W4410228195,WRITES
A5098732947,I131359167,AFFILIATED_WITH
A5096741207,W4396694066,WRITES
A5096741207,I2802508454,AFFILIATED_WITH
A5050579769,W7138924495,WRITES
A5050579769,I177733328,AFFILIATED_WITH
A5038261244,W4388658227,WRITES
A5109730740,W4399485661,WRITES
A5109730740,I4210123755,AFFILIATED_WITH
A5082263577,W3202001992,WRITES
A5082263577,I4210123993,AFFILIATED_WITH
A5124048792,W7125821153,WRITES
A5124048792,I4387155935,AFFILIATED_WITH
A5124048792,I47265099,AFFILIATED_WITH
A5107415755,W7154937830,WRITES
A5107415755,I4210123993,AFFILIATED_WITH
A5088136225,W3214136215,WRITES
A5088136225,I123565023,AFFILIATED_WITH
A5048794912,W4404189171,WRITES
A5048794912,I157358134,AFFILIATED_WITH
A5048794912,I170606269,AFFILIATED_WITH
A5048794912,I4210123993,AFFILIATED_WITH
A5061019153,W7116782209,WRITES
A5061019153,I123565023,AFFILIATED_WITH
A5011855564,W4401719937,WRITES
A5011855564,W4417052346,WRITES
A5011855564,W4411867038,WRITES
A5011855564,W4407638824,WRITES
A5011855564,W7137090518,WRITES
A5011855564,I40542001,AFFILIATED_WITH
A5011855564,I4210111957,AFFILIATED_WITH
A5011855564,I4210110116,AFFILIATED_WITH
A5011855564,I142208455,AFFILIATED_WITH
A5040523210,W2997366206,WRITES
A5040523210,I3020192730,AFFILIATED_WITH
A5101236199,W4386053682,WRITES
A5101236199,I4210086020,AFFILIATED_WITH
A5041058125,W4388208017,WRITES
A5041058125,I82497590,AFFILIATED_WITH
A5112799690,W4414020827,WRITES
A5112799690,I4210096063,AFFILIATED_WITH
A5110680345,W7162805338,WRITES
A5110680345,I1315456113,AFFILIATED_WITH
A5006709815,W4416564054,WRITES
A5006709815,W4411384542,WRITES
A5006709815,W4415374457,WRITES
A5006709815,W4416770216,WRITES
A5006709815,W7166054839,WRITES
A5006709815,I3020192730,AFFILIATED_WITH
A5123902480,W7125821153,WRITES
A5123902480,I121750182,AFFILIATED_WITH
A5036002983,W4318831528,WRITES
A5036002983,I158708052,AFFILIATED_WITH
A5043412244,W4387566111,WRITES
A5043412244,W4416239940,WRITES
A5043412244,I4210101969,AFFILIATED_WITH
A5043412244,I4391012539,AFFILIATED_WITH
A5060429609,W3108801041,WRITES
A5060429609,I4210150485,AFFILIATED_WITH
A5115633054,W4405757553,WRITES
A5115633054,I4210123993,AFFILIATED_WITH
A5055109098,W7161788978,WRITES
A5055109098,I202539009,AFFILIATED_WITH
A5007967745,W4396870521,WRITES
A5007967745,I4210095101,AFFILIATED_WITH
A5121465761,W7117479710,WRITES
A5121465761,I4210123799,AFFILIATED_WITH
A5057952428,W3198928536,WRITES
A5057952428,I123565023,AFFILIATED_WITH
A5064908437,W4388845380,WRITES
A5064908437,I109689652,AFFILIATED_WITH
LOCAL_A000413,W4405957313,WRITES
LOCAL_A000413,I123565023,AFFILIATED_WITH
LOCAL_A000413,I4210137425,AFFILIATED_WITH
A5111341143,W4401948602,WRITES
A5111341143,I4210125847,AFFILIATED_WITH
A5018426724,W3008389910,WRITES
A5018426724,W3206327856,WRITES
A5018426724,W3005361225,WRITES
A5018426724,W3023182627,WRITES
A5018426724,W3095119307,WRITES
A5018426724,W3030708207,WRITES
A5018426724,W3110222689,WRITES
A5018426724,W4232993015,WRITES
A5018426724,W3117627346,WRITES
A5018426724,W4236113390,WRITES
A5018426724,W3168655084,WRITES
A5018426724,I141445968,AFFILIATED_WITH
A5018426724,I202539009,AFFILIATED_WITH
A5060143737,W4385948362,WRITES
A5060143737,I4210163248,AFFILIATED_WITH
A5060143737,I67868205,AFFILIATED_WITH
A5113339823,W4386259142,WRITES
A5113339823,I4210123993,AFFILIATED_WITH
A5113339823,I4210148201,AFFILIATED_WITH
A5069939265,W4414218848,WRITES
A5069939265,W4414218884,WRITES
A5069939265,I4210123993,AFFILIATED_WITH
A5041445983,W4294187916,WRITES
A5041445983,W4286432938,WRITES
A5041445983,W4286432961,WRITES
A5041445983,W4294187962,WRITES
A5041445983,I202539009,AFFILIATED_WITH
A5101790883,W4401798741,WRITES
A5101790883,I4387154394,AFFILIATED_WITH
A5028473390,W3199377162,WRITES
A5028473390,W3200750355,WRITES
A5028473390,I202539009,AFFILIATED_WITH
A5015920621,W4220945563,WRITES
A5015920621,W4309765389,WRITES
A5015920621,I4210093659,AFFILIATED_WITH
A5133348079,W7153243958,WRITES
A5133348079,I49332381,AFFILIATED_WITH
A5133348079,I8692664,AFFILIATED_WITH
A5101464227,W4411207447,WRITES
A5101464227,I181727666,AFFILIATED_WITH
A5101464227,I4210123993,AFFILIATED_WITH
LOCAL_A000080,W4404189171,WRITES
LOCAL_A000080,I157358134,AFFILIATED_WITH
LOCAL_A000080,I4210123993,AFFILIATED_WITH
A5044266379,W4367031967,WRITES
A5044266379,W4412083350,WRITES
A5044266379,W4395682965,WRITES
A5044266379,W4402994292,WRITES
A5044266379,I4210096295,AFFILIATED_WITH
A5063689926,W4280596026,WRITES
A5063689926,I4210096063,AFFILIATED_WITH
A5101962558,W4416570357,WRITES
A5101962558,I2802508454,AFFILIATED_WITH
LOCAL_A000286,W4308588861,WRITES
LOCAL_A000286,W4307521070,WRITES
LOCAL_A000286,I2613432,AFFILIATED_WITH
A5069873921,W7165377796,WRITES
A5069873921,I4210098226,AFFILIATED_WITH
A5069873921,I70349855,AFFILIATED_WITH
A5101609050,W3212016922,WRITES
A5045408352,W3017246359,WRITES
A5045408352,W4385489691,WRITES
A5045408352,W4409965159,WRITES
A5045408352,W4309613826,WRITES
A5045408352,I152815399,AFFILIATED_WITH
A5045408352,I4210123993,AFFILIATED_WITH
A5045408352,I45935490,AFFILIATED_WITH
A5045408352,I2613432,AFFILIATED_WITH
A5006096258,W4391533706,WRITES
A5006096258,W4413957744,WRITES
A5006096258,I4210124651,AFFILIATED_WITH
LOCAL_A000202,W4391533706,WRITES
LOCAL_A000202,W4413957744,WRITES
LOCAL_A000202,I4210091958,AFFILIATED_WITH
LOCAL_A000202,I4210097659,AFFILIATED_WITH
LOCAL_A000202,I135822937,AFFILIATED_WITH
LOCAL_A000202,I138622004,AFFILIATED_WITH
LOCAL_A000202,I177233841,AFFILIATED_WITH
LOCAL_A000709,W4407130611,WRITES
LOCAL_A000709,I109689652,AFFILIATED_WITH
A5016906942,W4391612257,WRITES
A5016906942,W4381988114,WRITES
A5016906942,W4391448534,WRITES
A5016906942,W4284963908,WRITES
A5016906942,I120089902,AFFILIATED_WITH
A5136886963,W7162243861,WRITES
A5136886963,I4210123993,AFFILIATED_WITH
A5052029634,W4375957567,WRITES
A5052029634,W4385725590,WRITES
A5052029634,I23582244,AFFILIATED_WITH
A5024514559,W3135627771,WRITES
A5024514559,I4210123993,AFFILIATED_WITH
A5076945065,W4288036364,WRITES
A5076945065,W4392971270,WRITES
A5076945065,W4385718727,WRITES
A5076945065,W4384300207,WRITES
A5076945065,I123565023,AFFILIATED_WITH
A5076945065,I228151691,AFFILIATED_WITH
A5096130234,W7119881577,WRITES
A5096130234,I3020192730,AFFILIATED_WITH
A5136269085,W7161289029,WRITES
A5136269085,I4210123993,AFFILIATED_WITH
LOCAL_A000408,W4404367010,WRITES
LOCAL_A000408,W4405483602,WRITES
LOCAL_A000408,I4210123993,AFFILIATED_WITH
A5130658184,W7160027482,WRITES
A5130658184,W7165659512,WRITES
A5130658184,I4210123993,AFFILIATED_WITH
A5114137577,W3094686556,WRITES
A5114137577,I4210110070,AFFILIATED_WITH
A5044711213,W3198928536,WRITES
A5044711213,W4413770120,WRITES
A5044711213,I4210123993,AFFILIATED_WITH
A5036823105,W4411371012,WRITES
A5036823105,W4394989468,WRITES
A5036823105,W4392734781,WRITES
A5036823105,I4210123993,AFFILIATED_WITH
A5112933551,W4380083807,WRITES
A5112933551,I141445968,AFFILIATED_WITH
A5047172220,W3008389910,WRITES
A5047172220,W3005361225,WRITES
A5047172220,W3023182627,WRITES
A5047172220,W3117627346,WRITES
A5047172220,W4236113390,WRITES
A5047172220,W4390702302,WRITES
A5047172220,W4408621636,WRITES
A5047172220,I202539009,AFFILIATED_WITH
A5047172220,I47265099,AFFILIATED_WITH
LOCAL_A000662,W4322624037,WRITES
LOCAL_A000662,I202539009,AFFILIATED_WITH
A5048321637,W3200062521,WRITES
A5123198465,W7124450611,WRITES
A5123198465,I4210123993,AFFILIATED_WITH
A5067058159,W4391533706,WRITES
A5067058159,W4413957744,WRITES
A5067058159,I4210123993,AFFILIATED_WITH
A5066718144,W4394784474,WRITES
A5066718144,W4382937971,WRITES
A5066718144,I67255865,AFFILIATED_WITH
A5118587893,W4411523722,WRITES
A5118587893,I120089902,AFFILIATED_WITH
A5073069376,W4388138311,WRITES
A5073069376,I51158804,AFFILIATED_WITH
A5072572935,W4388805496,WRITES
A5072572935,I157358134,AFFILIATED_WITH
A5072572935,I202539009,AFFILIATED_WITH
A5004161082,W4410593844,WRITES
A5004161082,W4414426377,WRITES
A5004161082,I123565023,AFFILIATED_WITH
A5004161082,I49382586,AFFILIATED_WITH
A5067909189,W3213111374,WRITES
A5063554916,W4411306514,WRITES
A5063554916,W4384826006,WRITES
A5063554916,I4210096295,AFFILIATED_WITH
A5068331641,W4385694505,WRITES
A5068331641,I8775707,AFFILIATED_WITH
A5109802312,W4405460575,WRITES
A5109802312,I141445968,AFFILIATED_WITH
A5015211989,W3142776653,WRITES
A5015211989,I4210120055,AFFILIATED_WITH
A5139018057,W7165377796,WRITES
A5139018057,I4210123993,AFFILIATED_WITH
LOCAL_A000529,W7117648682,WRITES
LOCAL_A000529,W4401642591,WRITES
LOCAL_A000529,I4210123993,AFFILIATED_WITH
LOCAL_A000529,I181727666,AFFILIATED_WITH
A5060017962,W4294301143,WRITES
A5060017962,W4413844613,WRITES
A5060017962,W4415458934,WRITES
A5060017962,W4415653025,WRITES
A5060017962,W7117361510,WRITES
A5060017962,W7164001604,WRITES
A5060017962,W7164518188,WRITES
A5060017962,W4283785232,WRITES
A5060017962,W4308342042,WRITES
A5060017962,W4408345172,WRITES
A5060017962,W4211191715,WRITES
A5060017962,W4401642591,WRITES
A5060017962,I181727666,AFFILIATED_WITH
A5060017962,I4210123993,AFFILIATED_WITH
A5114217690,W4405203001,WRITES
A5114217690,W4402063140,WRITES
A5114217690,I4210123993,AFFILIATED_WITH
LOCAL_A000071,W4400220421,WRITES
LOCAL_A000071,W4401257954,WRITES
LOCAL_A000071,I4210095101,AFFILIATED_WITH
A5032768223,W3215851103,WRITES
A5032768223,W3094440337,WRITES
A5032768223,W3080524420,WRITES
A5032768223,W3171219399,WRITES
A5032768223,I4210095101,AFFILIATED_WITH
A5032768223,I110357561,AFFILIATED_WITH
A5024433704,W4398250626,WRITES
A5024433704,W4220909584,WRITES
A5024433704,I177733328,AFFILIATED_WITH
A5114098797,W4403291008,WRITES
A5022979224,W4280639034,WRITES
A5022979224,W4315628232,WRITES
A5022979224,W4385755928,WRITES
A5022979224,W4212931299,WRITES
A5022979224,W4283780422,WRITES
A5022979224,W4285728680,WRITES
A5022979224,W3214813022,WRITES
A5022979224,W4376128659,WRITES
A5022979224,W3200896269,WRITES
A5022979224,W4281285699,WRITES
A5022979224,W4378226923,WRITES
A5022979224,W4310266380,WRITES
A5022979224,W4386292890,WRITES
A5022979224,W4224230221,WRITES
A5022979224,W4291002892,WRITES
A5022979224,W4386031782,WRITES
A5022979224,I181727666,AFFILIATED_WITH
A5025906301,W4225286997,WRITES
A5025906301,W4284705287,WRITES
A5025906301,I4210123993,AFFILIATED_WITH
A5059133436,W4309582248,WRITES
A5059133436,W4393055469,WRITES
A5059133436,W4385891544,WRITES
A5059133436,I4210123993,AFFILIATED_WITH
A5039659391,W4413910107,WRITES
A5039659391,W4328128687,WRITES
A5039659391,I177233841,AFFILIATED_WITH
A5058979345,W4280596026,WRITES
A5058979345,I32597200,AFFILIATED_WITH
A5058979345,I4210096063,AFFILIATED_WITH
A5015224146,W4406608287,WRITES
A5015224146,W4388001683,WRITES
A5015224146,W4407446995,WRITES
A5015224146,I4210123993,AFFILIATED_WITH
A5002530601,W4399072097,WRITES
A5002530601,I28777354,AFFILIATED_WITH
A5101966547,W3125825717,WRITES
A5101966547,I123565023,AFFILIATED_WITH
A5101966547,I228151691,AFFILIATED_WITH
LOCAL_A000090,W7128441206,WRITES
LOCAL_A000090,I114017466,AFFILIATED_WITH
LOCAL_A000090,I141445968,AFFILIATED_WITH
LOCAL_A000090,I4210102522,AFFILIATED_WITH
A5041034605,W3198922805,WRITES
A5041034605,I4210123993,AFFILIATED_WITH
A5041231861,W7137867611,WRITES
A5041231861,W7138450076,WRITES
A5041231861,I4210101969,AFFILIATED_WITH
A5068433944,W4387083611,WRITES
A5068433944,I4210101969,AFFILIATED_WITH
A5068433944,I4391012539,AFFILIATED_WITH
A5118272990,W4411371012,WRITES
A5118272990,I4210123993,AFFILIATED_WITH
A5102660187,W4396664305,WRITES
A5102660187,I181727666,AFFILIATED_WITH
A5001033800,W3011327622,WRITES
A5001033800,I187855631,AFFILIATED_WITH
A5001033800,I4210123993,AFFILIATED_WITH
A5085593383,W3201040525,WRITES
A5085593383,I149704539,AFFILIATED_WITH
A5061293056,W4408446899,WRITES
A5061293056,W3139407296,WRITES
A5061293056,I177733328,AFFILIATED_WITH
A5061293056,I4210123993,AFFILIATED_WITH
A5026299963,W4409996787,WRITES
A5026299963,I23582244,AFFILIATED_WITH
A5026299963,I47265099,AFFILIATED_WITH
LOCAL_A000456,W4414786344,WRITES
A5124951340,W7127369706,WRITES
A5124951340,I4210123993,AFFILIATED_WITH
A5113849259,W4412422965,WRITES
A5113849259,I23582244,AFFILIATED_WITH
A5113849259,I47265099,AFFILIATED_WITH
A5065874722,W4389639153,WRITES
A5065874722,I4210108666,AFFILIATED_WITH
A5065874722,I4400008994,AFFILIATED_WITH
A5008496546,W4404189171,WRITES
A5008496546,I157358134,AFFILIATED_WITH
A5078074629,W4391926108,WRITES
A5078074629,W4399685159,WRITES
A5078074629,I4387155935,AFFILIATED_WITH
A5078074629,I47265099,AFFILIATED_WITH
A5067527606,W4401948602,WRITES
A5067527606,I4210093468,AFFILIATED_WITH
A5000054820,W4412631044,WRITES
A5000054820,I3020192730,AFFILIATED_WITH
A5102588048,W4388025992,WRITES
A5039137182,W4229439478,WRITES
A5039137182,I123565023,AFFILIATED_WITH
A5039137182,I4210123993,AFFILIATED_WITH
A5035983964,W7134186300,WRITES
A5035983964,I4210123993,AFFILIATED_WITH
A5109517914,W3198928536,WRITES
A5109517914,I4210123993,AFFILIATED_WITH
A5112851593,W4283780422,WRITES
A5112851593,W4285728680,WRITES
A5112851593,I181727666,AFFILIATED_WITH
A5085817694,W7154937830,WRITES
A5085817694,I2802508454,AFFILIATED_WITH
LOCAL_A000083,W4404755595,WRITES
LOCAL_A000083,I4210123993,AFFILIATED_WITH
A5100613698,W4386034709,WRITES
A5100613698,I38538140,AFFILIATED_WITH
A5100613698,I43518871,AFFILIATED_WITH
A5100613698,I4387154394,AFFILIATED_WITH
A5101410064,W4376643991,WRITES
A5101410064,I3020192730,AFFILIATED_WITH
A5101410064,I61893789,AFFILIATED_WITH
A5017932855,W4324091098,WRITES
A5017932855,I3020192730,AFFILIATED_WITH
A5017932855,I61893789,AFFILIATED_WITH
A5008093246,W7127404728,WRITES
A5008093246,W7127411886,WRITES
A5008093246,I4210149435,AFFILIATED_WITH
A5083127097,W4308973105,WRITES
A5083127097,I141445968,AFFILIATED_WITH
A5101475545,W4415383964,WRITES
A5101475545,I3020192730,AFFILIATED_WITH
A5101211304,W4380083807,WRITES
LOCAL_A000443,W4410810484,WRITES
LOCAL_A000443,I170238339,AFFILIATED_WITH
A5019689277,W3089377971,WRITES
A5019689277,W4410810504,WRITES
A5019689277,I120089902,AFFILIATED_WITH
A5019689277,I4210148201,AFFILIATED_WITH
A5077593563,W4404501226,WRITES
A5077593563,I141445968,AFFILIATED_WITH
A5077593563,I4210148201,AFFILIATED_WITH
A5011077680,W4411626102,WRITES
A5111144764,W4391506647,WRITES
A5111144764,I4210134642,AFFILIATED_WITH
A5049982885,W3173625614,WRITES
A5049982885,I141445968,AFFILIATED_WITH
A5049982885,I4210116271,AFFILIATED_WITH
A5018943018,W3194522155,WRITES
A5018943018,I202539009,AFFILIATED_WITH
A5010793698,W3089696556,WRITES
A5010793698,W3021273088,WRITES
A5010793698,W4380083807,WRITES
A5010793698,W3034897084,WRITES
A5010793698,W3118494691,WRITES
A5010793698,W4206403931,WRITES
A5010793698,W4321488493,WRITES
A5010793698,I120089902,AFFILIATED_WITH
A5010793698,I4210148201,AFFILIATED_WITH
A5113359591,W7155917193,WRITES
A5113359591,I4210123993,AFFILIATED_WITH
A5021434198,W3156106451,WRITES
A5021434198,W3041914111,WRITES
A5021434198,I4210104442,AFFILIATED_WITH
A5065939774,W3184444435,WRITES
A5065939774,I4210108426,AFFILIATED_WITH
A5043055992,W4405934536,WRITES
A5043055992,W4406403584,WRITES
A5043055992,I4210148201,AFFILIATED_WITH
A5073610685,W3213864256,WRITES
A5073610685,W4406168603,WRITES
A5073610685,I4210123993,AFFILIATED_WITH
A5010228370,W4367366146,WRITES
A5010228370,I177733328,AFFILIATED_WITH
A5084269594,W4317423688,WRITES
A5084269594,W4323866303,WRITES
A5084269594,W3205232137,WRITES
A5084269594,W3090257619,WRITES
A5084269594,I4210123993,AFFILIATED_WITH
A5116329274,W4407742590,WRITES
A5113010213,W4361214286,WRITES
A5113010213,I123565023,AFFILIATED_WITH
A5116329275,W4407742590,WRITES
A5116329275,I4210123993,AFFILIATED_WITH
A5024590295,W3039627223,WRITES
A5024590295,I4210104442,AFFILIATED_WITH
LOCAL_A000658,W3100063371,WRITES
LOCAL_A000658,W3004140216,WRITES
LOCAL_A000658,I170238339,AFFILIATED_WITH
LOCAL_A000658,I2802508454,AFFILIATED_WITH
LOCAL_A000658,I4210104442,AFFILIATED_WITH
A5021571129,W4317382500,WRITES
A5021571129,I3129215250,AFFILIATED_WITH
A5008248931,W3200881703,WRITES
A5008248931,I4210123993,AFFILIATED_WITH
A5046152034,W4409858212,WRITES
A5046152034,I177733328,AFFILIATED_WITH
A5047968074,W4327969100,WRITES
A5047968074,W4386053682,WRITES
A5047968074,W4400902588,WRITES
A5047968074,I4210123993,AFFILIATED_WITH
A5025425560,W7139012749,WRITES
A5025425560,W4385496829,WRITES
A5025425560,I135310074,AFFILIATED_WITH
A5043003589,W4291184494,WRITES
A5043003589,W4281728060,WRITES
A5043003589,W4228997162,WRITES
A5043003589,I3020192730,AFFILIATED_WITH
A5043003589,I4210104442,AFFILIATED_WITH
A5043003589,I2802508454,AFFILIATED_WITH
A5086500382,W4388572911,WRITES
A5086500382,W4400605975,WRITES
A5086500382,I70349855,AFFILIATED_WITH
A5041972283,W4393932362,WRITES
A5041972283,I141445968,AFFILIATED_WITH
A5034973872,W4214738594,WRITES
A5034973872,W4225286997,WRITES
A5034973872,W4291392888,WRITES
A5034973872,W4284705287,WRITES
A5034973872,W4405312399,WRITES
A5034973872,I3020192730,AFFILIATED_WITH
A5034973872,I4210118097,AFFILIATED_WITH
A5026149302,W4389625650,WRITES
A5026149302,W4379514722,WRITES
A5026149302,W4400130420,WRITES
A5026149302,W4400130597,WRITES
A5026149302,I123565023,AFFILIATED_WITH
A5026149302,I47265099,AFFILIATED_WITH
A5008199788,W4400855508,WRITES
A5008199788,I2802508454,AFFILIATED_WITH
A5087547039,W4388658227,WRITES
A5087547039,I123565023,AFFILIATED_WITH
A5087547039,I47265099,AFFILIATED_WITH
A5035821509,W4415383964,WRITES
A5035821509,W4417297452,WRITES
A5035821509,W4384108323,WRITES
A5035821509,W4403137041,WRITES
A5035821509,I70349855,AFFILIATED_WITH
A5035821509,I4210123993,AFFILIATED_WITH
A5035821509,I202539009,AFFILIATED_WITH
A5084819749,W4412488217,WRITES
A5084819749,I158708052,AFFILIATED_WITH
A5006213260,W3201204358,WRITES
A5006213260,I4210123993,AFFILIATED_WITH
A5114186846,W4391826672,WRITES
A5114186846,I64519617,AFFILIATED_WITH
A5051010639,W3135837502,WRITES
A5136484967,W7162814210,WRITES
A5136484967,I4210123993,AFFILIATED_WITH
A5007636550,W4405934536,WRITES
A5007636550,W4297982378,WRITES
A5007636550,W4296564751,WRITES
A5007636550,W4392949586,WRITES
A5007636550,W7161289029,WRITES
A5007636550,W4406403584,WRITES
A5007636550,W4414494430,WRITES
A5007636550,W3200176280,WRITES
A5007636550,W4385661509,WRITES
A5007636550,W4401207717,WRITES
A5007636550,I4210123993,AFFILIATED_WITH
A5007636550,I141445968,AFFILIATED_WITH
A5007636550,I181727666,AFFILIATED_WITH
A5007636550,I4210096386,AFFILIATED_WITH
A5101227434,W4385265498,WRITES
A5101227434,I4210123993,AFFILIATED_WITH
A5002099463,W4376127836,WRITES
A5002099463,W4386865921,WRITES
A5002099463,I114017466,AFFILIATED_WITH
A5101695585,W4411213793,WRITES
A5101695585,I3020192730,AFFILIATED_WITH
A5101695585,I4210110116,AFFILIATED_WITH
A5101695585,I4210123993,AFFILIATED_WITH
A5101695585,I4210131701,AFFILIATED_WITH
A5101695585,I4210138427,AFFILIATED_WITH
A5112856865,W4290471674,WRITES
A5112856865,I4210088961,AFFILIATED_WITH
A5108954551,W3136535389,WRITES
A5108954551,I4387155935,AFFILIATED_WITH
A5108954551,I47265099,AFFILIATED_WITH
A5007295809,W4401617376,WRITES
A5007295809,I4210123993,AFFILIATED_WITH
A5103990701,W3188003319,WRITES
A5103990701,I4210123993,AFFILIATED_WITH
A5108638252,W4401617376,WRITES
A5108638252,I4387155935,AFFILIATED_WITH
A5079721281,W3116490051,WRITES
A5079721281,I4210123993,AFFILIATED_WITH
A5002340134,W3096589855,WRITES
A5002340134,I138622004,AFFILIATED_WITH
A5066384363,W4310339445,WRITES
A5066384363,I123565023,AFFILIATED_WITH
A5101879339,W4400127655,WRITES
A5101879339,W4413730202,WRITES
A5101879339,I4210144900,AFFILIATED_WITH
A5101879339,I79775147,AFFILIATED_WITH
A5101879339,I4210123993,AFFILIATED_WITH
A5103057827,W4388086462,WRITES
A5103057827,I2802508454,AFFILIATED_WITH
A5032455988,W4281913321,WRITES
A5032455988,I4210088961,AFFILIATED_WITH
LOCAL_A000303,W4221098262,WRITES
A5107618613,W4404886589,WRITES
A5107618613,W4402847072,WRITES
A5107618613,I4210123993,AFFILIATED_WITH
A5050948507,W4290471674,WRITES
A5050948507,I3020192730,AFFILIATED_WITH
A5135706046,W7160652072,WRITES
LOCAL_A000570,W4399490801,WRITES
LOCAL_A000570,I177233841,AFFILIATED_WITH
LOCAL_A000570,I4210119841,AFFILIATED_WITH
LOCAL_A000396,W4388223981,WRITES
LOCAL_A000396,I4210108168,AFFILIATED_WITH
LOCAL_A000396,I4210122217,AFFILIATED_WITH
LOCAL_A000396,I4210123993,AFFILIATED_WITH
A5087265810,W3040505135,WRITES
A5087265810,I12450925,AFFILIATED_WITH
A5087265810,I4210095101,AFFILIATED_WITH
A5010537634,W3208830123,WRITES
A5010537634,I4210123993,AFFILIATED_WITH
A5058840176,W4407908882,WRITES
A5058840176,I208356959,AFFILIATED_WITH
A5124133344,W7125983273,WRITES
A5124133344,W7154951097,WRITES
A5124133344,I4210123993,AFFILIATED_WITH
LOCAL_A000578,W3171219399,WRITES
LOCAL_A000578,I4210108666,AFFILIATED_WITH
LOCAL_A000578,I4210126287,AFFILIATED_WITH
A5061640316,W3171219399,WRITES
A5061640316,I4210108666,AFFILIATED_WITH
A5061640316,I4210126287,AFFILIATED_WITH
A5021287146,W4307968637,WRITES
A5021287146,I83436808,AFFILIATED_WITH
A5012675535,W4212864265,WRITES
A5012675535,I3131622653,AFFILIATED_WITH
A5052958591,W1902563258,WRITES
A5052958591,W1491100760,WRITES
A5052958591,W1604170348,WRITES
A5052958591,W2116401724,WRITES
A5052958591,I4210152550,AFFILIATED_WITH
A5052958591,I4210160947,AFFILIATED_WITH
A5035104463,W2172418087,WRITES
A5087546110,W2983803309,WRITES
A5087546110,W2767566591,WRITES
A5087546110,W3093833112,WRITES
A5022001106,W2049769420,WRITES
A5035286000,W4393004179,WRITES
A5035286000,W4393854948,WRITES
A5035286000,I4210148201,AFFILIATED_WITH
A5054227606,W4200131528,WRITES
A5054227606,I83436808,AFFILIATED_WITH
A5079788081,W7125821153,WRITES
A5079788081,I25846049,AFFILIATED_WITH
A5018664401,W4411523722,WRITES
A5018664401,I4387155935,AFFILIATED_WITH
A5018664401,I47265099,AFFILIATED_WITH
A5056525180,W4388845380,WRITES
A5056525180,I4400600977,AFFILIATED_WITH
A5101299685,W4391445568,WRITES
LOCAL_A000463,W4416570357,WRITES
LOCAL_A000463,I2802508454,AFFILIATED_WITH
A5050946182,W4411037455,WRITES
A5050946182,I123565023,AFFILIATED_WITH
A5050946182,I23582244,AFFILIATED_WITH
A5000830586,W3135035374,WRITES
A5000830586,I4210123993,AFFILIATED_WITH
A5136378533,W7161594234,WRITES
A5136378533,I141445968,AFFILIATED_WITH
A5013260322,W4411880963,WRITES
A5013260322,W4406056168,WRITES
A5013260322,I4210123993,AFFILIATED_WITH
A5099440089,W4399982943,WRITES
A5099440089,I4210123993,AFFILIATED_WITH
A5006110409,W7118869195,WRITES
A5006110409,I4210124651,AFFILIATED_WITH
A5041272794,W4387810629,WRITES
A5041272794,I120089902,AFFILIATED_WITH
A5060980928,W4311951862,WRITES
A5060980928,W4401993107,WRITES
A5060980928,I4210123993,AFFILIATED_WITH
LOCAL_A000584,W4362717669,WRITES
LOCAL_A000584,I109689652,AFFILIATED_WITH
A5138039220,W7163752815,WRITES
A5138039220,I4210123993,AFFILIATED_WITH
A5060394256,W3116490051,WRITES
A5060394256,I4210123993,AFFILIATED_WITH
A5101207218,W4378650985,WRITES
A5101207218,I4210101969,AFFILIATED_WITH
A5101207218,I4391012539,AFFILIATED_WITH
A5083945787,W4302306691,WRITES
A5083945787,W4415054842,WRITES
A5083945787,W3135035374,WRITES
A5083945787,W4221088381,WRITES
A5083945787,W3207741785,WRITES
A5083945787,W4389562580,WRITES
A5083945787,W3194551497,WRITES
A5083945787,I4210123993,AFFILIATED_WITH
A5065231184,W3117538281,WRITES
A5065231184,I141445968,AFFILIATED_WITH
A5113014466,W4387270971,WRITES
A5103976840,W4387971596,WRITES
A5103976840,I4210095101,AFFILIATED_WITH
A5047320410,W3210289654,WRITES
A5047320410,I4210101969,AFFILIATED_WITH
A5031189170,W4291298303,WRITES
A5031189170,I913630986,AFFILIATED_WITH
A5051317969,W2971660217,WRITES
A5051317969,I4210123993,AFFILIATED_WITH
A5121452694,W7127145222,WRITES
A5121452694,W7130418290,WRITES
A5121452694,W7161302210,WRITES
A5121452694,W7117468647,WRITES
A5121452694,I4210123993,AFFILIATED_WITH
A5121452694,I4210131701,AFFILIATED_WITH
A5121452694,I4210138427,AFFILIATED_WITH
A5135400802,W7160290327,WRITES
A5135400802,I4210123993,AFFILIATED_WITH
A5135400802,I4210131701,AFFILIATED_WITH
A5039052968,W4414022061,WRITES
A5039052968,W4398763277,WRITES
A5039052968,W4402903753,WRITES
A5039052968,W4389397671,WRITES
A5039052968,W4389781311,WRITES
A5039052968,W4413265398,WRITES
A5039052968,W4416791975,WRITES
A5039052968,W4417421887,WRITES
A5039052968,W4402172457,WRITES
A5039052968,W4400887136,WRITES
A5039052968,W7162561748,WRITES
A5039052968,W4386411789,WRITES
A5039052968,W4386279883,WRITES
A5039052968,W4394568521,WRITES
A5039052968,W4394982211,WRITES
A5039052968,W4402796579,WRITES
A5039052968,W4389624737,WRITES
A5039052968,W4401617823,WRITES
A5039052968,W4411213793,WRITES
A5039052968,W4412174766,WRITES
A5039052968,W4386489072,WRITES
A5039052968,W4402723512,WRITES
A5039052968,W4412995744,WRITES
A5039052968,I4210123993,AFFILIATED_WITH
A5039052968,I4210131701,AFFILIATED_WITH
A5039052968,I70349855,AFFILIATED_WITH
A5039052968,I123565023,AFFILIATED_WITH
A5039052968,I23582244,AFFILIATED_WITH
A5039052968,I25846049,AFFILIATED_WITH
A5039052968,I4210096386,AFFILIATED_WITH
A5039052968,I89004649,AFFILIATED_WITH
A5039052968,I848706,AFFILIATED_WITH
A5039052968,I3020192730,AFFILIATED_WITH
A5039052968,I4210110116,AFFILIATED_WITH
A5039052968,I4210138427,AFFILIATED_WITH
A5039052968,I4210116091,AFFILIATED_WITH
A5135526446,W7160374639,WRITES
A5135526446,I4210123993,AFFILIATED_WITH
A5135526446,I4210131701,AFFILIATED_WITH
A5102673704,W4387842287,WRITES
A5102673704,W4388845380,WRITES
A5102673704,I4210123993,AFFILIATED_WITH
A5070501321,W4385265498,WRITES
A5070501321,I4210123993,AFFILIATED_WITH
A5024651450,W4406730626,WRITES
A5107760606,W4403134195,WRITES
A5107760606,I4210123993,AFFILIATED_WITH
A5026074930,W4221088381,WRITES
A5026074930,I4210123993,AFFILIATED_WITH
A5099757065,W4253353920,WRITES
A5099757065,I63525965,AFFILIATED_WITH
A5099757065,I4210148897,AFFILIATED_WITH
A5099757065,I71270174,AFFILIATED_WITH
A5113344629,W4401798741,WRITES
A5113344629,I4210123993,AFFILIATED_WITH
LOCAL_A000569,W4411379455,WRITES
LOCAL_A000569,I2801894621,AFFILIATED_WITH
LOCAL_A000569,I3132161128,AFFILIATED_WITH
A5123935196,W7125773854,WRITES
A5123935196,I2801894621,AFFILIATED_WITH
A5123935196,I3132161128,AFFILIATED_WITH
A5123935196,I4210132950,AFFILIATED_WITH
A5123935196,I4210138746,AFFILIATED_WITH
A5082293385,W4410885136,WRITES
A5082293385,I170238339,AFFILIATED_WITH
A5046868741,W4296081994,WRITES
A5046868741,I2802508454,AFFILIATED_WITH
A5053707822,W4388086462,WRITES
A5053707822,I2802508454,AFFILIATED_WITH
A5090965257,W4389263859,WRITES
A5090965257,I4210123993,AFFILIATED_WITH
A5052439876,W3200660415,WRITES
A5052439876,I4210123993,AFFILIATED_WITH
A5053982776,W4224960906,WRITES
A5053982776,I123565023,AFFILIATED_WITH
A5053982776,I23582244,AFFILIATED_WITH
A5053982776,I3020192730,AFFILIATED_WITH
A5109758958,W4401333651,WRITES
A5109758958,I4210123993,AFFILIATED_WITH
A5109679550,W4391445568,WRITES
A5109679550,I4210115718,AFFILIATED_WITH
A5037769855,W3210289654,WRITES
A5037769855,I2802042752,AFFILIATED_WITH
A5101314574,W4392590475,WRITES
A5101314574,I4210096063,AFFILIATED_WITH
A5101314574,I68947357,AFFILIATED_WITH
LOCAL_A000429,W4408078575,WRITES
LOCAL_A000429,I4210123993,AFFILIATED_WITH
A5010287332,W4293226203,WRITES
A5010287332,I4210123993,AFFILIATED_WITH
A5046435599,W3131024833,WRITES
A5046435599,I3129492623,AFFILIATED_WITH
A5136160460,W7161111376,WRITES
A5136160460,I4210142044,AFFILIATED_WITH
A5033494582,W4220938728,WRITES
A5033494582,I4210123993,AFFILIATED_WITH
A5016008264,W7161111376,WRITES
A5016008264,W4410593844,WRITES
A5016008264,W4404522458,WRITES
A5016008264,W4414426377,WRITES
A5016008264,I4210142044,AFFILIATED_WITH
A5091622578,W3135291682,WRITES
A5091622578,W4385556859,WRITES
A5091622578,I4210123993,AFFILIATED_WITH
A5091622578,I3020192730,AFFILIATED_WITH
A5120712991,W4416994986,WRITES
A5120712991,I4210123993,AFFILIATED_WITH
A5007523071,W4386416432,WRITES
A5007523071,I4210123993,AFFILIATED_WITH
A5101235995,W4386034709,WRITES
A5101235995,I38538140,AFFILIATED_WITH
A5101235995,I43518871,AFFILIATED_WITH
A5101235995,I4387154394,AFFILIATED_WITH
LOCAL_A000613,W4388019680,WRITES
LOCAL_A000613,I4210123993,AFFILIATED_WITH
LOCAL_A000641,W4415054792,WRITES
LOCAL_A000641,I4210123993,AFFILIATED_WITH
A5031811244,W4282926064,WRITES
A5031811244,W3131063929,WRITES
A5031811244,W3034501957,WRITES
A5031811244,W3083806460,WRITES
A5031811244,I177733328,AFFILIATED_WITH
A5031811244,I4210090603,AFFILIATED_WITH
A5031811244,I1320351128,AFFILIATED_WITH
A5037688862,W4399084369,WRITES
A5037688862,I94518387,AFFILIATED_WITH
A5005524833,W3135291682,WRITES
A5005524833,I4210123993,AFFILIATED_WITH
A5100717750,W3194522155,WRITES
A5100717750,W3162355841,WRITES
A5100717750,I202539009,AFFILIATED_WITH
A5100717750,I4210099114,AFFILIATED_WITH
A5088418938,W4413400898,WRITES
A5088418938,I131359167,AFFILIATED_WITH
A5110190664,W4396700771,WRITES
A5052778502,W3137041823,WRITES
A5052778502,I202539009,AFFILIATED_WITH
LOCAL_A000659,W3155716985,WRITES
LOCAL_A000659,I4210137358,AFFILIATED_WITH
A5133248498,W7165570983,WRITES
A5133248498,I4210123993,AFFILIATED_WITH
A5102448148,W7163742943,WRITES
A5102448148,I177733328,AFFILIATED_WITH
A5102448148,I4210101969,AFFILIATED_WITH
A5011655568,W3194129076,WRITES
A5011655568,I4210123993,AFFILIATED_WITH
A5020523273,W7162426908,WRITES
A5020523273,I202539009,AFFILIATED_WITH
A5111034568,W4386416432,WRITES
A5065361608,W4400010516,WRITES
A5065361608,I4210123993,AFFILIATED_WITH
A5021931433,W4200131528,WRITES
A5021931433,W4307968637,WRITES
A5021931433,W4283721719,WRITES
A5021931433,I4210123993,AFFILIATED_WITH
A5112990496,W4390344721,WRITES
A5112990496,I70349855,AFFILIATED_WITH
A5028460070,W4283325298,WRITES
A5028460070,I181727666,AFFILIATED_WITH
A5028460070,I4387153637,AFFILIATED_WITH
A5120116412,W4415494710,WRITES
A5120116412,I70349855,AFFILIATED_WITH
A5103253581,W4376477514,WRITES
A5103253581,W4401470304,WRITES
A5103253581,W4411828010,WRITES
A5103253581,W4410061006,WRITES
A5103253581,I4210123993,AFFILIATED_WITH
A5107575423,W4402785464,WRITES
A5107575423,I4210123993,AFFILIATED_WITH
A5081485853,W4407670121,WRITES
A5081485853,I4210144126,AFFILIATED_WITH
LOCAL_A000564,W7163065831,WRITES
LOCAL_A000564,I170238339,AFFILIATED_WITH
LOCAL_A000564,I4210115718,AFFILIATED_WITH
A5010612728,W4410593844,WRITES
A5010612728,I4210142044,AFFILIATED_WITH
A5010612728,I45756140,AFFILIATED_WITH
A5107933958,W4306657266,WRITES
A5107933958,I4210137358,AFFILIATED_WITH
A5029895401,W4292688232,WRITES
A5029895401,I141445968,AFFILIATED_WITH
A5036038715,W3200200655,WRITES
A5036038715,I4210123993,AFFILIATED_WITH
A5123693668,W7125485054,WRITES
A5112388401,W4416570357,WRITES
A5112388401,I4210123993,AFFILIATED_WITH
LOCAL_A000618,W7133939684,WRITES
LOCAL_A000618,I141445968,AFFILIATED_WITH
A5137961821,W7163660649,WRITES
A5137961821,I110357561,AFFILIATED_WITH
A5104233841,W4391185418,WRITES
A5104233841,I109689652,AFFILIATED_WITH
A5103220984,W4393092395,WRITES
A5103220984,I4210096295,AFFILIATED_WITH
A5103731291,W7163065831,WRITES
A5103731291,I170238339,AFFILIATED_WITH
A5103731291,I4210115718,AFFILIATED_WITH
A5011654520,W3155716985,WRITES
A5011654520,I4210111957,AFFILIATED_WITH
A5011654520,I4391012539,AFFILIATED_WITH
A5064282135,W7164001604,WRITES
A5064282135,I4210116271,AFFILIATED_WITH
A5063440811,W4285191318,WRITES
A5063440811,I4210123993,AFFILIATED_WITH
A5047692459,W4293226203,WRITES
A5047692459,I4210123993,AFFILIATED_WITH
A5113194675,W7126151423,WRITES
A5113194675,I4210123993,AFFILIATED_WITH
A5110786089,W7164518188,WRITES
A5110786089,I181727666,AFFILIATED_WITH
A5110786089,I228151691,AFFILIATED_WITH
A5028926914,W4410593844,WRITES
A5028926914,W4403638785,WRITES
A5028926914,W4404522458,WRITES
A5028926914,W4414426377,WRITES
A5028926914,I4210142044,AFFILIATED_WITH
A5028926914,I45756140,AFFILIATED_WITH
A5084065970,W4205404143,WRITES
A5084065970,I4210135839,AFFILIATED_WITH
A5039299102,W4411371012,WRITES
A5060773603,W4410774379,WRITES
A5060773603,I4210109591,AFFILIATED_WITH
LOCAL_A000552,W7128534635,WRITES
LOCAL_A000552,I4210123993,AFFILIATED_WITH
A5087389811,W4214533025,WRITES
A5087389811,I4210123993,AFFILIATED_WITH
A5100651745,W4387971596,WRITES
A5100651745,I4210095101,AFFILIATED_WITH
A5072952199,W4224960906,WRITES
A5072952199,I123565023,AFFILIATED_WITH
A5072952199,I23582244,AFFILIATED_WITH
A5072952199,I3020192730,AFFILIATED_WITH
LOCAL_A000055,W3040505135,WRITES
LOCAL_A000055,I4210123993,AFFILIATED_WITH
LOCAL_A000055,I67255865,AFFILIATED_WITH
A5135073893,W7159982177,WRITES
A5135073893,I4210123993,AFFILIATED_WITH
LOCAL_A000614,W4390678661,WRITES
LOCAL_A000614,I80611190,AFFILIATED_WITH
A5120716071,W7118869195,WRITES
A5120716071,W7125485054,WRITES
A5112708761,W4411379455,WRITES
A5123998661,W7125773854,WRITES
A5092593524,W4391445568,WRITES
A5092593524,W4385556859,WRITES
A5092593524,I4210115718,AFFILIATED_WITH
A5016226095,W4221099258,WRITES
A5016226095,W4376127221,WRITES
A5016226095,I4210110116,AFFILIATED_WITH
A5016226095,I4391012539,AFFILIATED_WITH
A5016226095,I4210101969,AFFILIATED_WITH
A5004798557,W4200618519,WRITES
A5004798557,I4210108666,AFFILIATED_WITH
A5012841844,W4415054792,WRITES
A5012841844,I4210123993,AFFILIATED_WITH
A5110945029,W2901663768,WRITES
A5110945029,I4210123993,AFFILIATED_WITH
A5128142112,W7133939684,WRITES
A5128142112,I170238339,AFFILIATED_WITH
A5019746336,W4389980020,WRITES
A5019746336,W4393066106,WRITES
A5019746336,W4408235709,WRITES
A5019746336,W7127415324,WRITES
A5019746336,I4210123993,AFFILIATED_WITH
A5019746336,I121799043,AFFILIATED_WITH
A5019746336,I4210143793,AFFILIATED_WITH
A5042953536,W4385265498,WRITES
A5042953536,I4210123993,AFFILIATED_WITH
A5067226256,W4385190558,WRITES
A5067226256,W3203239892,WRITES
A5067226256,W4397009807,WRITES
A5067226256,I4210123993,AFFILIATED_WITH
A5103138840,W3131228323,WRITES
A5103138840,I4210100829,AFFILIATED_WITH
A5074131915,W3153426027,WRITES
A5074131915,I4210123993,AFFILIATED_WITH
A5042739922,W4387083611,WRITES
A5042739922,I170238339,AFFILIATED_WITH
A5020507166,W3155716985,WRITES
A5020507166,I4210123993,AFFILIATED_WITH
A5020507166,I4210137358,AFFILIATED_WITH
A5015536551,W4406730626,WRITES
A5081945254,W4397009807,WRITES
A5081945254,W4317513554,WRITES
A5081945254,W4362684874,WRITES
A5081945254,I4210123993,AFFILIATED_WITH
A5093677854,W4391185418,WRITES
A5093677854,I4210117309,AFFILIATED_WITH
A5015666823,W4387971596,WRITES
A5015666823,I4210095101,AFFILIATED_WITH
A5062647756,W4385556859,WRITES
A5062647756,I4210115718,AFFILIATED_WITH
A5011606020,W3134348723,WRITES
A5018935783,W4385174759,WRITES
A5018935783,W4411100563,WRITES
A5018935783,W4286210329,WRITES
A5018935783,W4392591182,WRITES
A5018935783,I4210123993,AFFILIATED_WITH
A5028391259,W4312226454,WRITES
A5028391259,I4210116271,AFFILIATED_WITH
A5091554286,W4385755928,WRITES
A5091554286,W4205413676,WRITES
A5091554286,W4376128659,WRITES
A5091554286,W4378226923,WRITES
A5091554286,W4224230221,WRITES
A5091554286,W4386031782,WRITES
A5091554286,I187855631,AFFILIATED_WITH
A5057019956,W4294301143,WRITES
A5057019956,W4308342042,WRITES
A5057019956,W4211191715,WRITES
A5057019956,W4401642591,WRITES
A5057019956,I181727666,AFFILIATED_WITH
A5074941223,W4283712137,WRITES
A5074941223,I4210123993,AFFILIATED_WITH
A5065444985,W3117538281,WRITES
A5065444985,I141445968,AFFILIATED_WITH
A5124365524,W7126151423,WRITES
A5124365524,I4210116271,AFFILIATED_WITH
LOCAL_A000546,W7126031294,WRITES
LOCAL_A000546,I4210123993,AFFILIATED_WITH
A5100705891,W4320727717,WRITES
A5100705891,I131359167,AFFILIATED_WITH
A5108738732,W3135291682,WRITES
A5108738732,I4210123993,AFFILIATED_WITH
LOCAL_A000714,W4408117529,WRITES
LOCAL_A000714,I23582244,AFFILIATED_WITH
LOCAL_A000714,I2802508454,AFFILIATED_WITH
A5028120119,W4361798884,WRITES
A5028120119,W4361801984,WRITES
A5028120119,I120089902,AFFILIATED_WITH
A5104246908,W4410774379,WRITES
A5104246908,I4210123993,AFFILIATED_WITH
A5101876204,W4401948602,WRITES
A5101876204,I123565023,AFFILIATED_WITH
A5101876204,I4210093468,AFFILIATED_WITH
A5081255705,W4412189097,WRITES
A5081255705,I79775147,AFFILIATED_WITH
A5125409075,W7128391453,WRITES
A5125409075,I4210137425,AFFILIATED_WITH
A5101884386,W4200616974,WRITES
A5101884386,I4210123993,AFFILIATED_WITH
A5005940245,W3205949772,WRITES
A5005940245,I4210123993,AFFILIATED_WITH
A5013984891,W4416570357,WRITES
A5013984891,I2802508454,AFFILIATED_WITH
A5052848551,W4288690019,WRITES
A5052848551,W4283766228,WRITES
A5052848551,I123565023,AFFILIATED_WITH
A5052848551,I124601658,AFFILIATED_WITH
A5052848551,I170238339,AFFILIATED_WITH
A5052848551,I4210123993,AFFILIATED_WITH
A5052848551,I4403928193,AFFILIATED_WITH
A5052848551,I93860229,AFFILIATED_WITH
A5112875977,W4307991005,WRITES
A5112875977,I123565023,AFFILIATED_WITH
A5056432086,W4398250626,WRITES
A5056432086,I177733328,AFFILIATED_WITH
A5074702103,W4283712137,WRITES
A5074702103,I4210123993,AFFILIATED_WITH
A5087602214,W3117538281,WRITES
A5061860430,W4221088381,WRITES
A5061860430,I4210123993,AFFILIATED_WITH
A5103934844,W4200249466,WRITES
A5103934844,I4210123993,AFFILIATED_WITH
A5004270298,W4205301466,WRITES
A5004270298,I4210123993,AFFILIATED_WITH
A5015187278,W4406558522,WRITES
A5015187278,W4410593844,WRITES
A5015187278,W4403638785,WRITES
A5015187278,W4404522458,WRITES
A5015187278,W4403691949,WRITES
A5015187278,W4414023921,WRITES
A5015187278,W4414426377,WRITES
A5015187278,W4411152176,WRITES
A5015187278,I4210123993,AFFILIATED_WITH
A5015187278,I4210142044,AFFILIATED_WITH
A5059979748,W3185593370,WRITES
A5059979748,I202539009,AFFILIATED_WITH
A5002766078,W2997493078,WRITES
A5002766078,W2519522313,WRITES
A5002766078,W2676123895,WRITES
A5002766078,W2936657119,WRITES
A5002766078,W2626032508,WRITES
A5002766078,I11935315,AFFILIATED_WITH
A5002766078,I19894307,AFFILIATED_WITH
A5002766078,I4210123993,AFFILIATED_WITH
A5002766078,I4210159287,AFFILIATED_WITH
A5002766078,I1294671590,AFFILIATED_WITH
A5007262927,W4410506249,WRITES
A5007262927,W7162938210,WRITES
A5007262927,I4210123993,AFFILIATED_WITH
A5001311957,W3135035374,WRITES
A5001311957,I4210123993,AFFILIATED_WITH
A5010372016,W3131314037,WRITES
A5010372016,W4406848700,WRITES
A5010372016,W4406828385,WRITES
A5010372016,W4317513554,WRITES
A5010372016,W4362684874,WRITES
A5010372016,I4210123993,AFFILIATED_WITH
A5101795004,W4286001748,WRITES
A5101795004,I4210123993,AFFILIATED_WITH
A5039339494,W3115873876,WRITES
A5039339494,I123565023,AFFILIATED_WITH
A5039339494,I4210134642,AFFILIATED_WITH
A5113118238,W4391777722,WRITES
A5113118238,W4399007353,WRITES
A5113118238,I2802508454,AFFILIATED_WITH
A5113118238,I4210115343,AFFILIATED_WITH
A5051097584,W4283383303,WRITES
A5051097584,I208356959,AFFILIATED_WITH
A5051097584,I4210104442,AFFILIATED_WITH
A5051097584,I2802508454,AFFILIATED_WITH
LOCAL_A000431,W4408722193,WRITES
LOCAL_A000431,I123565023,AFFILIATED_WITH
LOCAL_A000431,I94518387,AFFILIATED_WITH
A5074035628,W4367366146,WRITES
A5074035628,I177733328,AFFILIATED_WITH
A5078522070,W3158335115,WRITES
A5078522070,W3159682264,WRITES
A5078522070,W3156106451,WRITES
A5078522070,I4210104442,AFFILIATED_WITH
A5113118240,W4391777722,WRITES
A5113118240,W4399007353,WRITES
A5113118240,I2802508454,AFFILIATED_WITH
A5113118240,I4210115343,AFFILIATED_WITH
A5019874446,W4386138949,WRITES
A5019874446,W4386000926,WRITES
A5019874446,I4210123993,AFFILIATED_WITH
A5101235577,W4386000926,WRITES
A5101235577,I4210124651,AFFILIATED_WITH
A5013681893,W4392281991,WRITES
A5013681893,I4210104442,AFFILIATED_WITH
A5044178581,W4220784121,WRITES
A5044178581,I177233841,AFFILIATED_WITH
A5104038142,W4228997162,WRITES
A5070354745,W4367366146,WRITES
A5070354745,W4409858212,WRITES
A5070354745,W7155917193,WRITES
A5070354745,I49382586,AFFILIATED_WITH
A5070354745,I123565023,AFFILIATED_WITH
A5079727585,W4281388431,WRITES
A5079727585,I4210116271,AFFILIATED_WITH
A5079727585,I2802508454,AFFILIATED_WITH
A5109766802,W7136346916,WRITES
A5109766802,I47265099,AFFILIATED_WITH
A5135692394,W7161594234,WRITES
A5135692394,I70349855,AFFILIATED_WITH
A5101186189,W7161594234,WRITES
A5101186189,I70349855,AFFILIATED_WITH
A5101310980,W4392281991,WRITES
A5101310980,I4210123993,AFFILIATED_WITH
A5101310980,I4210129552,AFFILIATED_WITH
A5104139448,W4408722193,WRITES
A5104139448,I94518387,AFFILIATED_WITH
A5006133207,W4384108323,WRITES
A5006133207,I202539009,AFFILIATED_WITH
A5006133207,I70349855,AFFILIATED_WITH
A5104158762,W4386034709,WRITES
A5104158762,I4210123993,AFFILIATED_WITH
A5091841688,W3100063371,WRITES
A5091841688,I170238339,AFFILIATED_WITH
A5091841688,I2802508454,AFFILIATED_WITH
A5091841688,I4210104442,AFFILIATED_WITH
LOCAL_A000558,W7136346916,WRITES
LOCAL_A000558,I47265099,AFFILIATED_WITH
A5110830995,W4417297452,WRITES
A5110830995,I47265099,AFFILIATED_WITH
A5015647530,W4318831528,WRITES
A5015647530,I123565023,AFFILIATED_WITH
A5036410800,W3158335115,WRITES
A5036410800,W4214738594,WRITES
A5036410800,W4318831528,WRITES
A5036410800,W4281728060,WRITES
A5036410800,W3039627223,WRITES
A5036410800,W3201159070,WRITES
A5036410800,W3041914111,WRITES
A5036410800,W3021181631,WRITES
A5036410800,I3020192730,AFFILIATED_WITH
A5036410800,I108108428,AFFILIATED_WITH
A5036410800,I2802508454,AFFILIATED_WITH
A5036410800,I4210096430,AFFILIATED_WITH
A5036410800,I4210104442,AFFILIATED_WITH
A5089901216,W4321597735,WRITES
A5089901216,I4210095101,AFFILIATED_WITH
A5112495549,W2997366206,WRITES
A5112495549,I3020192730,AFFILIATED_WITH
A5054634942,W4386138949,WRITES
A5054634942,W4386000926,WRITES
A5101304286,W4391777722,WRITES
A5101304286,W4399007353,WRITES
A5101304286,I913630986,AFFILIATED_WITH
A5066909635,W7155917193,WRITES
A5066909635,I4210095523,AFFILIATED_WITH
A5109464542,W3037126109,WRITES
A5109464542,I202539009,AFFILIATED_WITH
A5058096520,W4385489691,WRITES
A5058096520,W4409965159,WRITES
A5058096520,W4403344039,WRITES
A5058096520,I16733864,AFFILIATED_WITH
A5058096520,I4210123993,AFFILIATED_WITH
A5073095780,W3171219399,WRITES
A5073095780,I70349855,AFFILIATED_WITH
A5112986970,W4386138949,WRITES
A5112986970,I4210124651,AFFILIATED_WITH
A5049489715,W4308731653,WRITES
A5049489715,I123565023,AFFILIATED_WITH
A5113118239,W4391777722,WRITES
A5113118239,I2802508454,AFFILIATED_WITH
A5113118239,I4210115343,AFFILIATED_WITH
A5066979288,W4408722193,WRITES
A5066979288,I123565023,AFFILIATED_WITH
A5066979288,I94518387,AFFILIATED_WITH
A5073871936,W3201474368,WRITES
A5073871936,I4210123993,AFFILIATED_WITH
A5045532432,W4313289507,WRITES
A5045532432,I4210123993,AFFILIATED_WITH
A5063159047,W3156106451,WRITES
A5063159047,I4210123993,AFFILIATED_WITH
A5112607197,W4417297452,WRITES
A5112607197,I70349855,AFFILIATED_WITH
A5120054875,W7137090518,WRITES
A5120054875,I4210148201,AFFILIATED_WITH
A5120054875,I47265099,AFFILIATED_WITH
A5059877507,W4411867038,WRITES
A5059877507,I4210104442,AFFILIATED_WITH
A5059877507,I4210148201,AFFILIATED_WITH
LOCAL_A000673,W4386601257,WRITES
LOCAL_A000673,I4210123993,AFFILIATED_WITH
A5006699363,W4317794911,WRITES
A5006699363,W4292688232,WRITES
A5006699363,W4296210434,WRITES
A5006699363,I4210123993,AFFILIATED_WITH
A5101821143,W3214010329,WRITES
A5101821143,I123565023,AFFILIATED_WITH
A5101821143,I47265099,AFFILIATED_WITH
A5017687000,W3213864256,WRITES
A5017687000,I4210123993,AFFILIATED_WITH
A5032035172,W4389617125,WRITES
A5013125404,W4360620764,WRITES
A5013125404,I79775147,AFFILIATED_WITH
A5088690923,W2343142093,WRITES
A5101298039,W4391319779,WRITES
A5101298039,I4210123993,AFFILIATED_WITH
A5032639542,W7119881577,WRITES
A5032639542,I3020192730,AFFILIATED_WITH
A5110780252,W4376566290,WRITES
A5110780252,I141445968,AFFILIATED_WITH
A5139188409,W7165659512,WRITES
A5139188409,I4210143793,AFFILIATED_WITH
A5013901116,W4362674680,WRITES
A5013901116,I157358134,AFFILIATED_WITH
A5077509813,W4379232316,WRITES
A5077509813,I182526193,AFFILIATED_WITH
A5112608982,W3138092914,WRITES
A5112608982,W3212008025,WRITES
A5112608982,W3136825017,WRITES
A5112608982,W3199887413,WRITES
A5112608982,W3200418864,WRITES
A5112608982,W3212222020,WRITES
A5112608982,W3212392119,WRITES
A5112608982,I4210123993,AFFILIATED_WITH
A5065869162,W3211696272,WRITES
A5065869162,W3212083005,WRITES
A5065869162,I4210123993,AFFILIATED_WITH
A5041694698,W4409969821,WRITES
A5041694698,W3214010329,WRITES
A5041694698,W3161051587,WRITES
A5041694698,W4292092699,WRITES
A5041694698,W3196864658,WRITES
A5041694698,W4281867261,WRITES
A5041694698,W4293582204,WRITES
A5041694698,W3212248389,WRITES
A5041694698,I4210123993,AFFILIATED_WITH
A5041694698,I121980950,AFFILIATED_WITH
A5077108852,W3182154770,WRITES
A5077108852,I4210123755,AFFILIATED_WITH
A5110956725,W4416780613,WRITES
A5110956725,I4210129552,AFFILIATED_WITH
A5104159172,W4386060718,WRITES
A5104159172,I4210123993,AFFILIATED_WITH
A5092078833,W7162805338,WRITES
A5092078833,I1315456113,AFFILIATED_WITH
A5015099323,W4392281991,WRITES
A5015099323,I2802508454,AFFILIATED_WITH
A5015099323,I4210104442,AFFILIATED_WITH
A5080211232,W4417297452,WRITES
A5080211232,W7135071235,WRITES
A5080211232,W4401742244,WRITES
A5080211232,I4210123993,AFFILIATED_WITH
A5080211232,I70349855,AFFILIATED_WITH
A5051597492,W7143055600,WRITES
A5051597492,I4210123993,AFFILIATED_WITH
A5101205557,W4281728060,WRITES
A5101205557,W4392281991,WRITES
A5101205557,W4283383303,WRITES
A5101205557,W3108806183,WRITES
A5101205557,W3159682264,WRITES
A5101205557,W4281388431,WRITES
A5101205557,W3100063371,WRITES
A5101205557,I2802508454,AFFILIATED_WITH
A5101205557,I3020192730,AFFILIATED_WITH
A5101205557,I4210104442,AFFILIATED_WITH
A5101205557,I208356959,AFFILIATED_WITH
A5101205557,I4210116271,AFFILIATED_WITH
A5101205557,I170238339,AFFILIATED_WITH
A5073530367,W7161594234,WRITES
A5073530367,W4401742244,WRITES
A5073530367,I70349855,AFFILIATED_WITH
A5016102178,W4291392888,WRITES
A5016102178,W4405312399,WRITES
A5016102178,I2802508454,AFFILIATED_WITH
A5041639816,W4412995744,WRITES
A5041639816,I119449181,AFFILIATED_WITH
A5041639816,I4210131196,AFFILIATED_WITH
A5042395512,W4401742244,WRITES
A5042395512,I70349855,AFFILIATED_WITH
A5085832671,W4401742244,WRITES
A5085832671,I70349855,AFFILIATED_WITH
A5027177538,W3183299895,WRITES
A5027177538,W4392281991,WRITES
A5027177538,I158708052,AFFILIATED_WITH
A5027177538,I141445968,AFFILIATED_WITH
A5087097985,W4214738594,WRITES
A5087097985,W3183299895,WRITES
A5087097985,W4318831528,WRITES
A5087097985,W3159682264,WRITES
A5087097985,W3156106451,WRITES
A5087097985,I4210104442,AFFILIATED_WITH
A5104309497,W4398164532,WRITES
A5104309497,I135822937,AFFILIATED_WITH
LOCAL_A000574,W2116401724,WRITES
LOCAL_A000574,I4210123993,AFFILIATED_WITH
A5000897610,W3202893602,WRITES
A5000897610,I165737746,AFFILIATED_WITH
A5016330319,W4294301143,WRITES
A5016330319,I181727666,AFFILIATED_WITH
A5102955956,W4213032084,WRITES
A5102955956,W4210893619,WRITES
A5102955956,W3173640918,WRITES
A5102955956,W3202442685,WRITES
A5102955956,W4362674680,WRITES
A5102955956,W4362717669,WRITES
A5102955956,W4386884764,WRITES
A5102955956,I111428342,AFFILIATED_WITH
A5102955956,I4210123993,AFFILIATED_WITH
A5102955956,I44636411,AFFILIATED_WITH
A5102955956,I157358134,AFFILIATED_WITH
LOCAL_A000734,W4412866347,WRITES
LOCAL_A000734,I4210123993,AFFILIATED_WITH
A5014397493,W4367366146,WRITES
A5014397493,W4409858212,WRITES
A5014397493,W7155917193,WRITES
A5014397493,I4210123993,AFFILIATED_WITH
A5113921883,W3097575064,WRITES
A5113921883,I4210134588,AFFILIATED_WITH
A5085941799,W4401948602,WRITES
A5085941799,I123565023,AFFILIATED_WITH
A5085941799,I4210093468,AFFILIATED_WITH
A5034986304,W3163768356,WRITES
A5034986304,I111268130,AFFILIATED_WITH
A5034986304,I2802195347,AFFILIATED_WITH
A5034986304,I4210123993,AFFILIATED_WITH
A5034986304,I4210124344,AFFILIATED_WITH
A5034986304,I4210149240,AFFILIATED_WITH
A5071644998,W2006698604,WRITES
A5071644998,I114112103,AFFILIATED_WITH
A5033054759,W4320709155,WRITES
A5033054759,I117965899,AFFILIATED_WITH
A5045215148,W2103748781,WRITES
A5045215148,I4210123993,AFFILIATED_WITH
A5052836637,W2036122594,WRITES
A5052836637,W2169308829,WRITES
A5052836637,W2112833496,WRITES
A5052836637,W1968226995,WRITES
A5052836637,W2148435571,WRITES
A5002295771,W2983803309,WRITES
A5002295771,W2767566591,WRITES
A5091637262,W4318762606,WRITES
A5091637262,W3197526874,WRITES
A5091637262,I170238339,AFFILIATED_WITH
A5103742538,W7154951097,WRITES
A5103742538,I4210095101,AFFILIATED_WITH
A5103742538,I4210134685,AFFILIATED_WITH
A5018026493,W3200024512,WRITES
A5018026493,I4210123993,AFFILIATED_WITH
A5101608786,W4402903753,WRITES
A5101608786,W4386411789,WRITES
A5101608786,I123565023,AFFILIATED_WITH
LOCAL_A000437,W4409675529,WRITES
LOCAL_A000437,I4210123993,AFFILIATED_WITH
A5089075576,W4396538106,WRITES
A5089075576,I4210104442,AFFILIATED_WITH
A5100612152,W3131024833,WRITES
A5100612152,I138622004,AFFILIATED_WITH
LOCAL_A000545,W7126031294,WRITES
LOCAL_A000545,I4210123993,AFFILIATED_WITH
A5100578712,W4393947503,WRITES
A5100578712,I141445968,AFFILIATED_WITH
LOCAL_A000424,W4408000429,WRITES
LOCAL_A000424,I267427436,AFFILIATED_WITH
LOCAL_A000424,I47807185,AFFILIATED_WITH
A5023727753,W4401416164,WRITES
A5023727753,I4210157573,AFFILIATED_WITH
A5066842174,W4416407004,WRITES
A5066842174,I202539009,AFFILIATED_WITH
A5066842174,I4210116271,AFFILIATED_WITH
A5114194697,W4400855508,WRITES
A5114194697,I4210123993,AFFILIATED_WITH
A5022607270,W3183299634,WRITES
A5022607270,I4210123993,AFFILIATED_WITH
A5054882120,W4386851484,WRITES
A5022909195,W4388086462,WRITES
A5022909195,I2802508454,AFFILIATED_WITH
LOCAL_A000372,W4286001748,WRITES
LOCAL_A000372,I4210123993,AFFILIATED_WITH
A5005903867,W3116490051,WRITES
A5005903867,I4210123993,AFFILIATED_WITH
A5028400794,W3183299634,WRITES
A5028400794,I4210123993,AFFILIATED_WITH
A5053164561,W4410916652,WRITES
A5053164561,I188538660,AFFILIATED_WITH
A5053164561,I2802236040,AFFILIATED_WITH
A5053164561,I3129492623,AFFILIATED_WITH
A5053164561,I4210123993,AFFILIATED_WITH
LOCAL_A000042,W7118568249,WRITES
LOCAL_A000042,I2801894621,AFFILIATED_WITH
LOCAL_A000042,I3132161128,AFFILIATED_WITH
LOCAL_A000042,I4210132950,AFFILIATED_WITH
LOCAL_A000042,I4210138746,AFFILIATED_WITH
A5123995324,W7125773854,WRITES
A5123995324,I2801894621,AFFILIATED_WITH
A5123995324,I3132161128,AFFILIATED_WITH
A5123995324,I4210132950,AFFILIATED_WITH
A5123995324,I4210138746,AFFILIATED_WITH
LOCAL_A000713,W4408117529,WRITES
LOCAL_A000713,I23582244,AFFILIATED_WITH
LOCAL_A000713,I2802508454,AFFILIATED_WITH
A5021889240,W4362674680,WRITES
A5021889240,W4362717669,WRITES
A5021889240,I157358134,AFFILIATED_WITH
A5021889240,I181727666,AFFILIATED_WITH
A5021889240,I4210123993,AFFILIATED_WITH
A5064176753,W7136207794,WRITES
A5064176753,I4210152634,AFFILIATED_WITH
A5103258061,W3205232137,WRITES
A5103258061,I170238339,AFFILIATED_WITH
LOCAL_A000626,W4408938301,WRITES
LOCAL_A000626,I4210138746,AFFILIATED_WITH
A5111281452,W4401351881,WRITES
A5111281452,W4412866347,WRITES
A5111281452,I4210157573,AFFILIATED_WITH
A5009778531,W7127288345,WRITES
A5009778531,I123565023,AFFILIATED_WITH
A5034454292,W3199869368,WRITES
A5034454292,I4210096063,AFFILIATED_WITH
A5061856161,W3023182627,WRITES
A5061856161,W3030708207,WRITES
A5061856161,W3117627346,WRITES
A5061856161,W4236113390,WRITES
A5061856161,I141445968,AFFILIATED_WITH
A5061856161,I202539009,AFFILIATED_WITH
A5043100261,W4387958850,WRITES
A5043100261,I70349855,AFFILIATED_WITH
A5056815476,W3129119852,WRITES
A5056815476,W4318984786,WRITES
A5056815476,W4285199040,WRITES
A5056815476,W4288036364,WRITES
A5056815476,W4380086388,WRITES
A5056815476,I3020192730,AFFILIATED_WITH
A5069983339,W4399007353,WRITES
A5069983339,I2802508454,AFFILIATED_WITH
A5069983339,I4210115343,AFFILIATED_WITH
A5135356426,W7160290327,WRITES
A5135356426,W7163742943,WRITES
A5135356426,I204778367,AFFILIATED_WITH
A5085566730,W7117967106,WRITES
A5085566730,W7125497916,WRITES
A5085566730,W7127145222,WRITES
A5085566730,W4417421887,WRITES
A5085566730,W4402172457,WRITES
A5085566730,W4400887136,WRITES
A5085566730,W4386279883,WRITES
A5085566730,W4392286337,WRITES
A5085566730,W4394982211,WRITES
A5085566730,W4389624737,WRITES
A5085566730,W7117468647,WRITES
A5085566730,W4407223794,WRITES
A5085566730,W4412995744,WRITES
A5085566730,I1338034494,AFFILIATED_WITH
A5085566730,I204778367,AFFILIATED_WITH
LOCAL_A000309,W4243275109,WRITES
LOCAL_A000309,I4210123993,AFFILIATED_WITH
LOCAL_A000426,W4408000429,WRITES
LOCAL_A000426,I267427436,AFFILIATED_WITH
LOCAL_A000426,I47807185,AFFILIATED_WITH
A5106155927,W4401104278,WRITES
A5106155927,I4210123993,AFFILIATED_WITH
A5051450131,W3158335115,WRITES
A5051450131,W3115873876,WRITES
A5051450131,W4214738594,WRITES
A5051450131,W4291184494,WRITES
A5051450131,W3183299895,WRITES
A5051450131,W4318831528,WRITES
A5051450131,W3108801041,WRITES
A5051450131,W4281728060,WRITES
A5051450131,W4283383303,WRITES
A5051450131,W3039627223,WRITES
A5051450131,W4291392888,WRITES
A5051450131,W3108806183,WRITES
A5051450131,W4376566290,WRITES
A5051450131,W3159682264,WRITES
A5051450131,W4228997162,WRITES
A5051450131,W3156106451,WRITES
A5051450131,W3041914111,WRITES
A5051450131,W3021181631,WRITES
A5051450131,W4281388431,WRITES
A5051450131,W3100063371,WRITES
A5051450131,W3004140216,WRITES
A5051450131,W4405312399,WRITES
A5051450131,I4210104442,AFFILIATED_WITH
A5051450131,I141445968,AFFILIATED_WITH
A5051450131,I4387155935,AFFILIATED_WITH
A5051450131,I47265099,AFFILIATED_WITH
A5051450131,I4210154685,AFFILIATED_WITH
A5051450131,I47807185,AFFILIATED_WITH
A5072708707,W4410810484,WRITES
A5072708707,I4387155935,AFFILIATED_WITH
A5072708707,I47265099,AFFILIATED_WITH
A5114971328,W4404952803,WRITES
A5114971328,I4387155935,AFFILIATED_WITH
A5114971328,I47265099,AFFILIATED_WITH
A5086553552,W4410124353,WRITES
A5086553552,W4321488493,WRITES
A5086553552,I47265099,AFFILIATED_WITH
A5086553552,I4387155935,AFFILIATED_WITH
A5005987402,W4282926064,WRITES
A5005987402,I202539009,AFFILIATED_WITH
A5005987402,I4210110116,AFFILIATED_WITH
A5005987402,I4391012539,AFFILIATED_WITH
A5124118104,W7125983273,WRITES
A5124118104,W7154951097,WRITES
A5124118104,I170238339,AFFILIATED_WITH
A5124118104,I4210135839,AFFILIATED_WITH
A5068398026,W3107648739,WRITES
A5068398026,W4288036364,WRITES
A5068398026,W4392971270,WRITES
A5068398026,W4385718727,WRITES
A5068398026,W4410014433,WRITES
A5068398026,W4384300207,WRITES
A5068398026,I3020192730,AFFILIATED_WITH
A5068398026,I79775147,AFFILIATED_WITH
A5068398026,I123565023,AFFILIATED_WITH
A5068398026,I23582244,AFFILIATED_WITH
A5093492663,W4389738902,WRITES
A5093492663,I43406934,AFFILIATED_WITH
A5015110890,W3134816599,WRITES
A5015110890,I4210123993,AFFILIATED_WITH
A5063731624,W3135291682,WRITES
A5063731624,I4210123993,AFFILIATED_WITH
A5061478001,W4298124764,WRITES
A5061478001,I4210111957,AFFILIATED_WITH
A5061478001,I4391012539,AFFILIATED_WITH
LOCAL_A000087,W4412744172,WRITES
LOCAL_A000087,I4210123993,AFFILIATED_WITH
LOCAL_A000220,W4312656552,WRITES
LOCAL_A000220,I4210123993,AFFILIATED_WITH
A5109594304,W4312656552,WRITES
A5109594304,I4210123993,AFFILIATED_WITH
A5066391854,W4280508442,WRITES
A5066391854,W3165013452,WRITES
A5066391854,I4210123993,AFFILIATED_WITH
A5015830577,W4394998479,WRITES
A5015830577,I4210123993,AFFILIATED_WITH
A5015830577,I66867065,AFFILIATED_WITH
A5113721342,W4399084369,WRITES
A5113721342,I123565023,AFFILIATED_WITH
A5113721342,I47265099,AFFILIATED_WITH
A5059754168,W4387270971,WRITES
A5059754168,I4210115718,AFFILIATED_WITH
A5041441406,W4283712137,WRITES
A5041441406,I4210123993,AFFILIATED_WITH
A5110817724,W3117538281,WRITES
A5110817724,I141445968,AFFILIATED_WITH
A5040031185,W4415196659,WRITES
A5040031185,I181727666,AFFILIATED_WITH
A5024203074,W4406960022,WRITES
A5024203074,I4210124651,AFFILIATED_WITH
A5074325383,W3094686556,WRITES
A5074325383,I1285420085,AFFILIATED_WITH
A5043524211,W7159982177,WRITES
A5043524211,W7161594234,WRITES
A5043524211,I70349855,AFFILIATED_WITH
A5110015524,W4399493353,WRITES
A5110015524,I1315456113,AFFILIATED_WITH
LOCAL_A000556,W7135034164,WRITES
LOCAL_A000556,I4210123993,AFFILIATED_WITH
A5120542484,W4414218884,WRITES
A5120542484,I4210151045,AFFILIATED_WITH
LOCAL_A000010,W4416954067,WRITES
LOCAL_A000010,W4407670121,WRITES
LOCAL_A000010,I3020192730,AFFILIATED_WITH
A5101705534,W3049420009,WRITES
A5101705534,I4210106043,AFFILIATED_WITH
A5101705534,I4210123993,AFFILIATED_WITH
A5113031575,W4387958850,WRITES
A5113031575,I70349855,AFFILIATED_WITH
A5056368956,W4221088381,WRITES
A5056368956,I4210123993,AFFILIATED_WITH
A5101038118,W4404007090,WRITES
A5101038118,W4407918048,WRITES
A5101038118,I202539009,AFFILIATED_WITH
A5109716671,W4404522458,WRITES
A5109716671,I4210142044,AFFILIATED_WITH
A5114045481,W4387566111,WRITES
A5114045481,I4210123993,AFFILIATED_WITH
A5053044038,W4408722193,WRITES
A5053044038,I123565023,AFFILIATED_WITH
A5053044038,I94518387,AFFILIATED_WITH
A5015220416,W3184444435,WRITES
A5015220416,I4210123993,AFFILIATED_WITH
A5057600108,W4288036364,WRITES
A5057600108,I4210116271,AFFILIATED_WITH
LOCAL_A000106,W4403889363,WRITES
LOCAL_A000106,I2802508454,AFFILIATED_WITH
A5100612147,W4417297452,WRITES
A5100612147,W4404117162,WRITES
A5100612147,I4210123993,AFFILIATED_WITH
A5100612147,I70349855,AFFILIATED_WITH
A5100612147,I177733328,AFFILIATED_WITH
A5102008169,W4296081994,WRITES
A5102008169,I123565023,AFFILIATED_WITH
A5086911502,W4406056168,WRITES
A5086911502,I4210137805,AFFILIATED_WITH
A5086911502,I71270174,AFFILIATED_WITH
A5052138057,W4387770997,WRITES
A5052138057,I94518387,AFFILIATED_WITH
A5122525206,W7119881577,WRITES
A5122525206,I47265099,AFFILIATED_WITH
A5101918597,W3117538281,WRITES
A5110879294,W4406730626,WRITES
A5135701536,W7160625615,WRITES
A5135701536,W7160640994,WRITES
A5135701536,I4210101969,AFFILIATED_WITH
A5135701536,I4391012539,AFFILIATED_WITH
A5079271587,W4384944020,WRITES
A5079271587,I2802701112,AFFILIATED_WITH
A5012533041,W4385443788,WRITES
A5012533041,I4210123993,AFFILIATED_WITH
A5012533041,I4210136194,AFFILIATED_WITH
A5137004542,W7162419195,WRITES
A5063300406,W4301394493,WRITES
A5063300406,I4210095523,AFFILIATED_WITH
A5101260642,W4388025992,WRITES
A5101260642,I3129215250,AFFILIATED_WITH
A5119368558,W4413373431,WRITES
A5119368558,I4210123993,AFFILIATED_WITH
A5065588110,W7163065831,WRITES
A5065588110,I170238339,AFFILIATED_WITH
A5065588110,I4210115718,AFFILIATED_WITH
LOCAL_A000419,W4407159495,WRITES
LOCAL_A000419,I4210123993,AFFILIATED_WITH
A5076450937,W4283723790,WRITES
A5076450937,I177733328,AFFILIATED_WITH
A5052054550,W3137041823,WRITES
A5052054550,W3162355841,WRITES
A5052054550,I202539009,AFFILIATED_WITH
A5099167405,W4399751774,WRITES
A5099167405,I4210123993,AFFILIATED_WITH
LOCAL_A000420,W4407159495,WRITES
LOCAL_A000420,I4210123993,AFFILIATED_WITH
A5061176218,W4206208028,WRITES
A5061176218,W4288033526,WRITES
A5061176218,W4396616363,WRITES
A5061176218,W3192945546,WRITES
A5061176218,I4210123993,AFFILIATED_WITH
A5109626592,W4385372578,WRITES
A5109626592,I4210123993,AFFILIATED_WITH
A5086326009,W4377047193,WRITES
A5086326009,I70349855,AFFILIATED_WITH
A5038671220,W3165426036,WRITES
A5038671220,I4210123993,AFFILIATED_WITH
A5086776190,W4396238256,WRITES
A5086776190,I4210116271,AFFILIATED_WITH
A5074775195,W4405417000,WRITES
A5074775195,W4404245825,WRITES
A5074775195,I257903683,AFFILIATED_WITH
A5100670952,W3082417377,WRITES
A5100670952,I4210123993,AFFILIATED_WITH
A5112844475,W4417423760,WRITES
A5112844475,I4210123993,AFFILIATED_WITH
A5125476879,W7128533831,WRITES
A5125476879,I4210109591,AFFILIATED_WITH
A5125476879,I4210161490,AFFILIATED_WITH
A5025379392,W4407159495,WRITES
A5025379392,I4210123993,AFFILIATED_WITH
A5031708507,W4386009983,WRITES
A5031708507,I4210123993,AFFILIATED_WITH
A5101260643,W4388025992,WRITES
A5101260643,I3129215250,AFFILIATED_WITH
A5010213012,W4407159495,WRITES
A5010213012,I4210123993,AFFILIATED_WITH
A5118143932,W4411289136,WRITES
A5051486060,W4402689909,WRITES
A5051486060,I142974352,AFFILIATED_WITH
A5051486060,I4210118607,AFFILIATED_WITH
A5112077621,W4413265398,WRITES
A5112077621,I3129492623,AFFILIATED_WITH
A5135130984,W7160165418,WRITES
A5135130984,I4210123993,AFFILIATED_WITH
A5106284058,W4401333651,WRITES
A5106284058,I4210123993,AFFILIATED_WITH
A5112323416,W4376127836,WRITES
A5112323416,W4386865921,WRITES
A5049275505,W4214758965,WRITES
A5049275505,W4393746121,WRITES
A5049275505,W4393804002,WRITES
A5049275505,I4210119841,AFFILIATED_WITH
A5090836028,W4391445568,WRITES
A5090836028,I4210115718,AFFILIATED_WITH
A5009063961,W4317208165,WRITES
A5009063961,I4210139842,AFFILIATED_WITH
A5101505292,W7127345430,WRITES
A5101505292,I94518387,AFFILIATED_WITH
A5103808536,W3213351247,WRITES
A5103808536,I202539009,AFFILIATED_WITH
A5138214688,W7164001604,WRITES
A5138214688,I4210123993,AFFILIATED_WITH
A5012248664,W3213652096,WRITES
A5012248664,W3210429905,WRITES
A5012248664,W3212381003,WRITES
A5012248664,W3214396074,WRITES
A5012248664,I4210123993,AFFILIATED_WITH
A5117757562,W4410853430,WRITES
A5117757562,I4210123993,AFFILIATED_WITH
A5057348645,W4400259404,WRITES
A5057348645,I181727666,AFFILIATED_WITH
A5100840424,W4220917548,WRITES
A5100840424,I141445968,AFFILIATED_WITH
LOCAL_A000676,W4406854999,WRITES
LOCAL_A000676,I182526193,AFFILIATED_WITH
LOCAL_A000676,I4210123993,AFFILIATED_WITH
A5110985355,W4379231704,WRITES
A5110985355,I109689652,AFFILIATED_WITH
A5110985355,I123565023,AFFILIATED_WITH
A5110985355,I23582244,AFFILIATED_WITH
A5001918418,W4402903753,WRITES
A5001918418,W4389781311,WRITES
A5001918418,W4386411789,WRITES
A5001918418,I88761825,AFFILIATED_WITH
A5001918418,I89004649,AFFILIATED_WITH
A5001918418,I4210123993,AFFILIATED_WITH
A5038357686,W2006698604,WRITES
A5038357686,I94518387,AFFILIATED_WITH
A5091544796,W4390598901,WRITES
A5091544796,W4393316224,WRITES
A5091544796,I165737746,AFFILIATED_WITH
A5091544796,I177733328,AFFILIATED_WITH
A5135244611,W7160027482,WRITES
A5135244611,I4210136165,AFFILIATED_WITH
A5074976419,W4392281991,WRITES
A5074976419,I70349855,AFFILIATED_WITH
A5014156347,W4296629887,WRITES
A5014156347,W4291148458,WRITES
A5014156347,I177733328,AFFILIATED_WITH
A5014156347,I4210100829,AFFILIATED_WITH
A5101835954,W4411469856,WRITES
A5101835954,I4210115343,AFFILIATED_WITH
A5102966597,W4376128659,WRITES
A5102966597,I181727666,AFFILIATED_WITH
A5134644764,W7164944821,WRITES
A5134644764,I4210115343,AFFILIATED_WITH
A5110789313,W4384944020,WRITES
A5110789313,I2802701112,AFFILIATED_WITH
A5110789313,I4210123993,AFFILIATED_WITH
A5086262788,W3039627223,WRITES
A5086262788,I3020192730,AFFILIATED_WITH
A5086262788,I4210104442,AFFILIATED_WITH
A5084294716,W4296598416,WRITES
A5084294716,I3132567084,AFFILIATED_WITH
LOCAL_A000580,W3171219399,WRITES
LOCAL_A000580,I4210108666,AFFILIATED_WITH
LOCAL_A000580,I4210126287,AFFILIATED_WITH
LOCAL_A000580,I70349855,AFFILIATED_WITH
A5073556653,W3214813022,WRITES
A5073556653,I123565023,AFFILIATED_WITH
A5104242462,W4409409360,WRITES
A5104242462,I4210155267,AFFILIATED_WITH
A5053616239,W4414115402,WRITES
A5053616239,I3129492623,AFFILIATED_WITH
A5129417776,W7136207794,WRITES
A5129417776,I1298563314,AFFILIATED_WITH
A5012628404,W4313289507,WRITES
A5012628404,I4210148201,AFFILIATED_WITH
A5012628404,I47265099,AFFILIATED_WITH
A5012852285,W4367322283,WRITES
A5012852285,I177233841,AFFILIATED_WITH
A5110923917,W3089377971,WRITES
A5110923917,I170238339,AFFILIATED_WITH
A5014062090,W4226471663,WRITES
A5014062090,W4293143516,WRITES
A5014062090,I43439940,AFFILIATED_WITH
A5014062090,I131651094,AFFILIATED_WITH
A5014062090,I921990950,AFFILIATED_WITH
A5130089632,W7138924495,WRITES
A5130089632,I4210123993,AFFILIATED_WITH
A5050227832,W3131552615,WRITES
A5050227832,I4210123993,AFFILIATED_WITH
A5041924362,W7125369332,WRITES
A5041924362,I123565023,AFFILIATED_WITH
A5041924362,I23582244,AFFILIATED_WITH
A5041924362,I47265099,AFFILIATED_WITH
A5081731365,W4385400337,WRITES
A5081731365,I123565023,AFFILIATED_WITH
A5081731365,I4387155442,AFFILIATED_WITH
A5129726591,W7137929809,WRITES
A5129726591,I4210123993,AFFILIATED_WITH
A5035497954,W4408160180,WRITES
LOCAL_A000715,W4410916652,WRITES
LOCAL_A000715,I3129492623,AFFILIATED_WITH
LOCAL_A000715,I4210123993,AFFILIATED_WITH
A5037701642,W4304958842,WRITES
A5037701642,W4410916652,WRITES
A5037701642,I3129492623,AFFILIATED_WITH
A5037701642,I4210123993,AFFILIATED_WITH
A5113306497,W4401020933,WRITES
A5113306497,I4210123993,AFFILIATED_WITH
A5107520148,W4408235709,WRITES
A5107520148,I121799043,AFFILIATED_WITH
A5107520148,I4210123993,AFFILIATED_WITH
A5100709068,W7128441206,WRITES
A5100709068,I114017466,AFFILIATED_WITH
A5100709068,I141445968,AFFILIATED_WITH
A5100709068,I4210102522,AFFILIATED_WITH
A5050879879,W4412404272,WRITES
A5050879879,W4417052346,WRITES
A5050879879,W4417052514,WRITES
A5050879879,I94518387,AFFILIATED_WITH
A5108307825,W4388025992,WRITES
A5108307825,I4210123993,AFFILIATED_WITH
A5124956555,W7135071235,WRITES
A5124956555,I4210123993,AFFILIATED_WITH
A5034683151,W4214533025,WRITES
A5034683151,I134635517,AFFILIATED_WITH
A5086283782,W4200521133,WRITES
A5086283782,I23582244,AFFILIATED_WITH
A5086283782,I70349855,AFFILIATED_WITH
A5071773232,W3200335129,WRITES
A5071773232,I4210123993,AFFILIATED_WITH
A5052442705,W4302847498,WRITES
A5052442705,I4210123993,AFFILIATED_WITH
A5046696824,W3106624614,WRITES
A5046696824,I4210096063,AFFILIATED_WITH
A5021654534,W4403638785,WRITES
A5021654534,W4413400898,WRITES
A5021654534,W4414023921,WRITES
A5021654534,I131359167,AFFILIATED_WITH
A5008470911,W4318984786,WRITES
A5008470911,W4285071776,WRITES
A5008470911,I4210123993,AFFILIATED_WITH
A5111242591,W4400130597,WRITES
A5111242591,I123565023,AFFILIATED_WITH
A5111242591,I23582244,AFFILIATED_WITH
A5005051343,W7153243958,WRITES
A5005051343,I140172145,AFFILIATED_WITH
A5005051343,I170201317,AFFILIATED_WITH
A5136926768,W7162303146,WRITES
A5136926768,I4210123993,AFFILIATED_WITH
A5001226600,W4387614886,WRITES
A5001226600,W4404837469,WRITES
A5001226600,W4411045134,WRITES
A5001226600,W3192495317,WRITES
A5001226600,W4361275219,WRITES
A5001226600,I4210123993,AFFILIATED_WITH
A5001226600,I4210154711,AFFILIATED_WITH
A5037995503,W4400832621,WRITES
A5037995503,I35928602,AFFILIATED_WITH
A5083661698,W4404649042,WRITES
A5083661698,I141445968,AFFILIATED_WITH
A5102959200,W4408612729,WRITES
A5102959200,I70349855,AFFILIATED_WITH
A5017913111,W4392600430,WRITES
A5017913111,W4321250367,WRITES
A5017913111,W4392709346,WRITES
A5017913111,W4409462844,WRITES
A5017913111,W4364375921,WRITES
A5017913111,I1332353952,AFFILIATED_WITH
A5017913111,I4210148235,AFFILIATED_WITH
A5063548021,W4410774379,WRITES
A5063548021,W4411498698,WRITES
A5063548021,I133738476,AFFILIATED_WITH
A5091955267,W4376643991,WRITES
A5091955267,I4210104442,AFFILIATED_WITH
A5091955267,I4210154685,AFFILIATED_WITH
A5091955267,I47807185,AFFILIATED_WITH
A5039286027,W2885929736,WRITES
A5039286027,W3000922636,WRITES
A5039286027,W3099136805,WRITES
A5039286027,I2610724,AFFILIATED_WITH
A5072109908,W4308443963,WRITES
A5072109908,I87445476,AFFILIATED_WITH
A5053050741,W7116711994,WRITES
A5053050741,W7160186769,WRITES
A5053050741,I184647316,AFFILIATED_WITH
A5044103447,W3169186654,WRITES
A5044103447,I154864474,AFFILIATED_WITH
A5044270780,W4377047193,WRITES
A5044270780,I8264552,AFFILIATED_WITH
A5108908629,W4392810746,WRITES
A5108908629,I79238269,AFFILIATED_WITH
A5085582592,W4312679249,WRITES
A5085582592,W4313203982,WRITES
A5085582592,W4309460231,WRITES
A5085582592,I79238269,AFFILIATED_WITH
A5014564005,W4296629887,WRITES
A5014564005,W4291148458,WRITES
A5014564005,I177733328,AFFILIATED_WITH
A5014564005,I4210100829,AFFILIATED_WITH
A5107125626,W4402435273,WRITES
LOCAL_A000428,W4408040591,WRITES
LOCAL_A000428,I4210123993,AFFILIATED_WITH
A5137511902,W7162938210,WRITES
A5137511902,I2802701112,AFFILIATED_WITH
A5089407510,W4384944020,WRITES
A5089407510,W4410506249,WRITES
A5089407510,W4396585527,WRITES
A5089407510,I2802701112,AFFILIATED_WITH
A5048731153,W2358823656,WRITES
A5048731153,W2369050876,WRITES
A5048731153,I4210123993,AFFILIATED_WITH
A5137106802,W7162561748,WRITES
A5137106802,I8775707,AFFILIATED_WITH
A5018725411,W2352522213,WRITES
A5018725411,I4210123993,AFFILIATED_WITH
A5026183594,W3193714983,WRITES
A5014333309,W4409606894,WRITES
A5014333309,W4321781934,WRITES
A5014333309,I12450925,AFFILIATED_WITH
A5014333309,I70349855,AFFILIATED_WITH
A5006468960,W4287266429,WRITES
A5006468960,I4210123993,AFFILIATED_WITH
A5027584112,W3205232137,WRITES
A5027584112,I123565023,AFFILIATED_WITH
A5027584112,I47265099,AFFILIATED_WITH
A5000225753,W4210483046,WRITES
A5000225753,I17442442,AFFILIATED_WITH
A5014499824,W3126625127,WRITES
A5014499824,I4210123993,AFFILIATED_WITH
A5003886399,W2172418087,WRITES
A5003886399,W2983803309,WRITES
A5066866928,W4415649536,WRITES
A5066866928,I4210115079,AFFILIATED_WITH
A5118143935,W4411289136,WRITES
A5118143935,I4210123993,AFFILIATED_WITH
A5055437349,W4406259285,WRITES
A5055437349,I109689652,AFFILIATED_WITH
A5037989297,W4401960308,WRITES
A5037989297,W7139012749,WRITES
A5037989297,W4400253720,WRITES
A5037989297,I4210123993,AFFILIATED_WITH
A5133814960,W7154587972,WRITES
A5133814960,I118292597,AFFILIATED_WITH
A5133814960,I154864474,AFFILIATED_WITH
A5018984230,W4392734781,WRITES
A5018984230,I188329596,AFFILIATED_WITH
A5136903939,W7162303146,WRITES
A5092550508,W4402487125,WRITES
A5092550508,W4404649042,WRITES
A5092550508,I4210123993,AFFILIATED_WITH
A5092550508,I4210131701,AFFILIATED_WITH
A5049349769,W4281920079,WRITES
A5049349769,I4210096063,AFFILIATED_WITH
A5033554224,W4391844119,WRITES
A5033554224,I70349855,AFFILIATED_WITH
A5080769160,W3041024626,WRITES
A5135945642,W7160940118,WRITES
A5135945642,I4210146230,AFFILIATED_WITH
A5135945642,I4210148301,AFFILIATED_WITH
A5135945642,I94518387,AFFILIATED_WITH
A5081206508,W4220938728,WRITES
A5081206508,I4210123993,AFFILIATED_WITH
A5046435904,W4403852725,WRITES
A5046435904,I4210115718,AFFILIATED_WITH
A5015706750,W4285819868,WRITES
A5015706750,W3205272172,WRITES
A5015706750,W4391608160,WRITES
A5015706750,I79775147,AFFILIATED_WITH
A5015706750,I15766117,AFFILIATED_WITH
A5015706750,I4092182,AFFILIATED_WITH
LOCAL_A000459,W4415714390,WRITES
LOCAL_A000459,I4210123993,AFFILIATED_WITH
A5008819672,W4280510179,WRITES
A5030825815,W1997956580,WRITES
A5055133700,W4409008032,WRITES
A5055133700,I1315456113,AFFILIATED_WITH
A5081987033,W4402013946,WRITES
A5081987033,I4210151045,AFFILIATED_WITH
A5110803276,W3200854850,WRITES
A5110803276,I4210123993,AFFILIATED_WITH
A5113903887,W4415649536,WRITES
A5113903887,I4210152602,AFFILIATED_WITH
A5082958436,W4391608160,WRITES
A5082958436,I135822937,AFFILIATED_WITH
A5009681520,W3123843024,WRITES
A5009681520,I3129629310,AFFILIATED_WITH
A5009681520,I79775147,AFFILIATED_WITH
A5007129032,W4285071776,WRITES
A5007129032,W3208435212,WRITES
A5007129032,I170238339,AFFILIATED_WITH
A5019463062,W4378904270,WRITES
A5019463062,I2801941164,AFFILIATED_WITH
A5109753108,W4401007185,WRITES
A5109753108,I4210135839,AFFILIATED_WITH
A5072884424,W4387083611,WRITES
A5072884424,I3129492623,AFFILIATED_WITH
A5109724952,W4399057462,WRITES
A5109724952,I4210123993,AFFILIATED_WITH
A5055641789,W4396538106,WRITES
A5055641789,I142637625,AFFILIATED_WITH
A5055641789,I4210104442,AFFILIATED_WITH
A5062048651,W4387061466,WRITES
A5062048651,I4210148201,AFFILIATED_WITH
A5063544628,W4206200003,WRITES
A5063544628,I4210123993,AFFILIATED_WITH
A5016256744,W4399665885,WRITES
A5016256744,I4210116271,AFFILIATED_WITH
A5063325493,W4407714316,WRITES
A5063325493,W4386290236,WRITES
A5063325493,W4393336473,WRITES
A5063325493,W4401385427,WRITES
A5063325493,W4399465791,WRITES
A5063325493,W4403843479,WRITES
A5063325493,I4210163004,AFFILIATED_WITH
A5063325493,I47807185,AFFILIATED_WITH
LOCAL_A000602,W4400867540,WRITES
LOCAL_A000602,I2800979047,AFFILIATED_WITH
LOCAL_A000602,I4210123993,AFFILIATED_WITH
A5091523509,W4416718774,WRITES
A5091523509,W4410256716,WRITES
A5091523509,W4411469856,WRITES
A5091523509,W4414053701,WRITES
A5091523509,W7134116251,WRITES
A5091523509,W7161307330,WRITES
A5091523509,W7162215912,WRITES
A5091523509,W4408278081,WRITES
A5091523509,W4408169239,WRITES
A5091523509,W4411492197,WRITES
A5091523509,I4210123993,AFFILIATED_WITH
A5027548516,W4386082118,WRITES
A5027548516,W4386098607,WRITES
A5027548516,W4386536502,WRITES
A5027548516,W4386560822,WRITES
A5027548516,I4210123993,AFFILIATED_WITH
A5126081921,W7129078239,WRITES
A5126081921,I177733328,AFFILIATED_WITH
A5029072011,W7126052704,WRITES
A5029072011,W4407130410,WRITES
A5029072011,W7126031294,WRITES
A5029072011,W7126085536,WRITES
A5029072011,W7126107906,WRITES
A5029072011,W4407130506,WRITES
A5029072011,W4406047420,WRITES
A5029072011,W4407130611,WRITES
A5029072011,I4210123993,AFFILIATED_WITH
A5111151930,W4393066106,WRITES
A5111151930,I141445968,AFFILIATED_WITH
A5058677337,W4289878592,WRITES
A5058677337,W4280646092,WRITES
A5058677337,I4210123993,AFFILIATED_WITH
A5010818401,W4206228720,WRITES
A5010818401,W3215054809,WRITES
A5010818401,W3203242018,WRITES
A5010818401,W4391696950,WRITES
A5010818401,W4362576283,WRITES
A5010818401,W4391506647,WRITES
A5010818401,I4210088746,AFFILIATED_WITH
A5010818401,I12450925,AFFILIATED_WITH
A5116303657,W4407677325,WRITES
A5116303657,I4210123993,AFFILIATED_WITH
A5135852227,W7160839850,WRITES
A5135852227,W7160841569,WRITES
A5135852227,I4210123993,AFFILIATED_WITH
A5114050306,W4324091098,WRITES
A5114050306,W4376643991,WRITES
A5114050306,I3020192730,AFFILIATED_WITH
A5114050306,I61893789,AFFILIATED_WITH
A5101504996,W4417423760,WRITES
A5101504996,I181727666,AFFILIATED_WITH
A5080471605,W4298004743,WRITES
A5080471605,I3132707006,AFFILIATED_WITH
A5080092209,W4293660415,WRITES
A5080092209,I141445968,AFFILIATED_WITH
A5113182779,W7164178285,WRITES
A5113182779,I4210123993,AFFILIATED_WITH
A5117757327,W4410853014,WRITES
A5117757327,I4210123993,AFFILIATED_WITH
A5116174049,W4408278081,WRITES
A5116174049,I4210123993,AFFILIATED_WITH
A5073172349,W4412581388,WRITES
A5073172349,W4226057806,WRITES
A5073172349,W4309460231,WRITES
A5073172349,W3205272172,WRITES
A5073172349,W4312690352,WRITES
A5073172349,I141445968,AFFILIATED_WITH
A5073172349,I123565023,AFFILIATED_WITH
A5030522798,W3193714983,WRITES
A5030522798,I4210123993,AFFILIATED_WITH
A5025886183,W2991391102,WRITES
A5025886183,I4210123993,AFFILIATED_WITH
A5121460221,W7117479710,WRITES
A5121460221,I4210111957,AFFILIATED_WITH
A5011946964,W7155199095,WRITES
A5011946964,I4210123993,AFFILIATED_WITH
A5053664482,W3159682264,WRITES
A5053664482,W3156106451,WRITES
A5053664482,W4281388431,WRITES
A5053664482,I202539009,AFFILIATED_WITH
A5106781066,W4401959784,WRITES
A5106781066,I4210123993,AFFILIATED_WITH
A5062887483,W3213278528,WRITES
A5062887483,I4210131701,AFFILIATED_WITH
A5023139055,W4385852487,WRITES
A5023139055,I4210123993,AFFILIATED_WITH
A5049116546,W4415557159,WRITES
A5049116546,W4412835397,WRITES
A5049116546,W4388465055,WRITES
A5049116546,I177733328,AFFILIATED_WITH
A5049116546,I4210091339,AFFILIATED_WITH
LOCAL_A000075,W4400220421,WRITES
LOCAL_A000075,W4401257954,WRITES
LOCAL_A000075,I4210095101,AFFILIATED_WITH
LOCAL_A000609,W4399494815,WRITES
LOCAL_A000609,I70349855,AFFILIATED_WITH
LOCAL_A000609,I99464096,AFFILIATED_WITH
A5101654962,W4399494815,WRITES
A5101654962,I70349855,AFFILIATED_WITH
A5040500724,W3182920453,WRITES
A5040500724,I123565023,AFFILIATED_WITH
A5111354010,W4403144078,WRITES
A5111354010,I4210123993,AFFILIATED_WITH
A5070660416,W4220845100,WRITES
A5070660416,W4282049254,WRITES
A5070660416,W4313248409,WRITES
A5070660416,W4319597735,WRITES
A5070660416,I202539009,AFFILIATED_WITH
A5070660416,I4210123993,AFFILIATED_WITH
A5070660416,I4210150999,AFFILIATED_WITH
A5070660416,I3129629310,AFFILIATED_WITH
A5010057346,W3163198494,WRITES
A5010057346,W4317555814,WRITES
A5010057346,W3212564068,WRITES
A5010057346,I1341015664,AFFILIATED_WITH
A5010057346,I4210095101,AFFILIATED_WITH
A5058766877,W4321184628,WRITES
A5058766877,I47265099,AFFILIATED_WITH
A5064606348,W4385755928,WRITES
A5064606348,W4313527793,WRITES
A5064606348,W4389263859,WRITES
A5064606348,W4392590475,WRITES
A5064606348,W4387121758,WRITES
A5064606348,W4410774379,WRITES
A5064606348,W4383814612,WRITES
A5064606348,W4390683198,WRITES
A5064606348,W4388845380,WRITES
A5064606348,W4393092395,WRITES
A5064606348,W4411498698,WRITES
A5064606348,W4382885000,WRITES
A5064606348,W4291002892,WRITES
A5064606348,W4396750923,WRITES
A5064606348,I4210123993,AFFILIATED_WITH
A5064606348,I47807185,AFFILIATED_WITH
A5064606348,I179193067,AFFILIATED_WITH
A5064606348,I143578492,AFFILIATED_WITH
A5125158520,W7127955044,WRITES
A5125158520,I109689652,AFFILIATED_WITH
A5125158520,I123565023,AFFILIATED_WITH
A5125158520,I47265099,AFFILIATED_WITH
A5107581936,W4402876258,WRITES
A5107581936,I109689652,AFFILIATED_WITH
A5107581936,I123565023,AFFILIATED_WITH
A5107581936,I47265099,AFFILIATED_WITH
A5101937289,W4293103731,WRITES
A5101937289,W3211671346,WRITES
A5101937289,I123565023,AFFILIATED_WITH
A5101937289,I47265099,AFFILIATED_WITH
A5112331051,W4205601378,WRITES
A5112331051,W4390755420,WRITES
A5112331051,I4210123993,AFFILIATED_WITH
A5112331051,I4210088379,AFFILIATED_WITH
A5109960792,W4280511978,WRITES
A5109960792,W4281492481,WRITES
A5109960792,W2998711203,WRITES
A5109960792,I202539009,AFFILIATED_WITH
A5109960792,I4210116271,AFFILIATED_WITH
A5109960792,I208356959,AFFILIATED_WITH
A5037074523,W4403852725,WRITES
A5037074523,I4210115718,AFFILIATED_WITH
A5010415543,W3013943119,WRITES
A5010415543,W3215851103,WRITES
A5010415543,W3094440337,WRITES
A5010415543,W3121710976,WRITES
A5010415543,W3030321203,WRITES
A5010415543,W3080524420,WRITES
A5010415543,I4210095101,AFFILIATED_WITH
A5010415543,I110357561,AFFILIATED_WITH
A5021469380,W4321781934,WRITES
A5021469380,I4391012539,AFFILIATED_WITH
A5002467172,W3163198494,WRITES
A5002467172,I4210095101,AFFILIATED_WITH
A5102341962,W4401099348,WRITES
A5102341962,I70349855,AFFILIATED_WITH
LOCAL_A000452,W4414060981,WRITES
LOCAL_A000452,I3130697706,AFFILIATED_WITH
A5102885587,W4392237545,WRITES
A5102885587,W4407899193,WRITES
A5102885587,W4409518500,WRITES
A5102885587,W4409823968,WRITES
A5102885587,W4413958021,WRITES
A5102885587,W7126391955,WRITES
A5102885587,W7126404938,WRITES
A5102885587,W4402693313,WRITES
A5102885587,I4210123993,AFFILIATED_WITH
A5111252189,W4399494815,WRITES
A5111252189,I177233841,AFFILIATED_WITH
A5111252189,I4210137425,AFFILIATED_WITH
A5111252189,I67868205,AFFILIATED_WITH
A5101438067,W4377047193,WRITES
A5101438067,W4410320989,WRITES
A5101438067,I70349855,AFFILIATED_WITH
A5112266228,W7135040571,WRITES
A5112266228,I70349855,AFFILIATED_WITH
A5017305518,W4401960308,WRITES
A5017305518,W7139012749,WRITES
A5017305518,W4385496829,WRITES
A5017305518,W4400253720,WRITES
A5017305518,I123565023,AFFILIATED_WITH
A5017305518,I23582244,AFFILIATED_WITH
A5017305518,I4210123993,AFFILIATED_WITH
A5036382252,W4415383964,WRITES
A5036382252,W4384108323,WRITES
A5036382252,W4403137041,WRITES
A5036382252,I70349855,AFFILIATED_WITH
A5119326618,W4413265398,WRITES
A5119326618,I3129492623,AFFILIATED_WITH
A5081835298,W4389347088,WRITES
A5081835298,I4210096295,AFFILIATED_WITH
A5061980990,W4403155959,WRITES
A5061980990,W4404666346,WRITES
A5061980990,I4210122257,AFFILIATED_WITH
A5061980990,I4210159142,AFFILIATED_WITH
A5137599796,W7163067228,WRITES
A5137599796,I38538140,AFFILIATED_WITH
A5137599796,I4210123993,AFFILIATED_WITH
A5137928570,W7163660649,WRITES
A5137928570,I123565023,AFFILIATED_WITH
A5006348959,W2124661513,WRITES
A5006348959,W2035542467,WRITES
A5006348959,I4210123993,AFFILIATED_WITH
A5045080368,W4385496343,WRITES
A5045080368,I141445968,AFFILIATED_WITH
A5092236475,W4381660791,WRITES
A5092236475,I4210123993,AFFILIATED_WITH
A5113201220,W4386077917,WRITES
A5113201220,W7135040571,WRITES
A5113201220,W4401099348,WRITES
A5113201220,W4413401695,WRITES
A5113201220,W4386853765,WRITES
A5113201220,I70349855,AFFILIATED_WITH
A5113201220,I94518387,AFFILIATED_WITH
A5119566593,W4414053701,WRITES
A5119566593,I4210123993,AFFILIATED_WITH
A5120676815,W4416900077,WRITES
A5120676815,I177733328,AFFILIATED_WITH
A5092677217,W4386082131,WRITES
A5092677217,I4210123993,AFFILIATED_WITH
LOCAL_A000534,W4387958850,WRITES
LOCAL_A000534,I70349855,AFFILIATED_WITH
A5073742421,W4404087784,WRITES
A5073742421,I1315456113,AFFILIATED_WITH
A5027335588,W4320025887,WRITES
A5027335588,W4282555645,WRITES
A5027335588,I4210123993,AFFILIATED_WITH
A5136251515,W7161307330,WRITES
A5136251515,I4210123993,AFFILIATED_WITH
A5136194177,W7161307330,WRITES
A5136194177,W7162215912,WRITES
A5136194177,I4210123993,AFFILIATED_WITH
LOCAL_A000001,W3013943119,WRITES
LOCAL_A000001,W3030321203,WRITES
LOCAL_A000001,I2802508454,AFFILIATED_WITH
A5085524233,W4362650575,WRITES
A5085524233,I70349855,AFFILIATED_WITH
LOCAL_A000598,W4321184628,WRITES
LOCAL_A000598,I4210123993,AFFILIATED_WITH
A5124895427,W7127352289,WRITES
A5124895427,W7127432421,WRITES
A5124895427,I120089902,AFFILIATED_WITH
A5116540098,W4408200799,WRITES
A5116540098,W4410810274,WRITES
A5116540098,W4410810312,WRITES
A5116540098,I120089902,AFFILIATED_WITH
A5007663091,W4290719035,WRITES
A5007663091,I170238339,AFFILIATED_WITH
A5122902852,W7123341761,WRITES
A5122902852,I4210124651,AFFILIATED_WITH
A5129735939,W7138309880,WRITES
A5129735939,I4210123993,AFFILIATED_WITH
A5088188698,W3210289654,WRITES
A5088188698,I4210101969,AFFILIATED_WITH
LOCAL_A000663,W4322624037,WRITES
LOCAL_A000663,I141445968,AFFILIATED_WITH
A5123417145,W7124893938,WRITES
A5123417145,I2802701112,AFFILIATED_WITH
A5010072711,W3212846661,WRITES
A5010072711,I4210123993,AFFILIATED_WITH
A5021210951,W4389425859,WRITES
A5021210951,W4313586752,WRITES
A5021210951,I4210095603,AFFILIATED_WITH
LOCAL_A000562,W7140195147,WRITES
LOCAL_A000562,I4210123993,AFFILIATED_WITH
A5080314531,W4386536502,WRITES
A5080314531,W4386560822,WRITES
A5080314531,I4210125847,AFFILIATED_WITH
A5080314531,I4210123993,AFFILIATED_WITH
A5018716044,W4283206317,WRITES
A5018716044,W4283512790,WRITES
A5018716044,I4210123993,AFFILIATED_WITH
A5061545552,W4396989760,WRITES
A5061545552,W4401007185,WRITES
A5061545552,I2802508454,AFFILIATED_WITH
A5080120497,W4200131528,WRITES
A5080120497,W4307968637,WRITES
A5080120497,I99542240,AFFILIATED_WITH
A5002151461,W7127369706,WRITES
A5002151461,I4210123993,AFFILIATED_WITH
A5074698039,W2791648898,WRITES
A5074698039,I4210123993,AFFILIATED_WITH
A5056909844,W4362710830,WRITES
A5056909844,I4391012539,AFFILIATED_WITH
A5017887478,W4280646092,WRITES
A5017887478,I4210095603,AFFILIATED_WITH
A5017887478,I4400600977,AFFILIATED_WITH
A5085607636,W4399485661,WRITES
A5085607636,I4210123755,AFFILIATED_WITH
A5034971656,W4384108323,WRITES
A5034971656,I4210093468,AFFILIATED_WITH
A5034971656,I70349855,AFFILIATED_WITH
A5113287346,W4410502019,WRITES
A5113287346,W4410502105,WRITES
A5113287346,I23582244,AFFILIATED_WITH
A5103558942,W1902563258,WRITES
A5103558942,W1491100760,WRITES
A5103558942,I4210163374,AFFILIATED_WITH
A5116628216,W4417529920,WRITES
A5116628216,W4408461194,WRITES
A5116628216,W4409801467,WRITES
A5116628216,I141445968,AFFILIATED_WITH
A5115945200,W4417064001,WRITES
A5115945200,I2801894621,AFFILIATED_WITH
A5115945200,I3132161128,AFFILIATED_WITH
A5115945200,I4210102087,AFFILIATED_WITH
A5115945200,I4210166347,AFFILIATED_WITH
A5128606674,W7134238770,WRITES
A5128606674,W7165199016,WRITES
A5128606674,I141445968,AFFILIATED_WITH
A5025948063,W4409606894,WRITES
A5025948063,I4210146893,AFFILIATED_WITH
A5086375063,W4391777722,WRITES
A5086375063,W4399007353,WRITES
A5086375063,I2802508454,AFFILIATED_WITH
A5135069444,W7159982177,WRITES
A5135069444,I202539009,AFFILIATED_WITH
A5066433757,W3004140216,WRITES
A5081829534,W3199233539,WRITES
A5081829534,I4210096063,AFFILIATED_WITH
A5081829534,I4210123993,AFFILIATED_WITH
A5056823419,W4382809552,WRITES
A5056823419,W4381195669,WRITES
A5056823419,W4402533417,WRITES
A5056823419,I4210123993,AFFILIATED_WITH
A5137322044,W7162805338,WRITES
A5137322044,I1315456113,AFFILIATED_WITH
A5066871783,W4294301143,WRITES
A5066871783,W4308342042,WRITES
A5066871783,I181727666,AFFILIATED_WITH
A5023756965,W3023664969,WRITES
A5023756965,W4282926064,WRITES
A5023756965,W4364304374,WRITES
A5023756965,W3199396396,WRITES
A5023756965,W3033526964,WRITES
A5023756965,W3083806460,WRITES
A5023756965,W3015771813,WRITES
A5023756965,W4388805496,WRITES
A5023756965,W4396989760,WRITES
A5023756965,I202539009,AFFILIATED_WITH
A5023756965,I4210110116,AFFILIATED_WITH
A5023756965,I4391012539,AFFILIATED_WITH
A5023756965,I4210099114,AFFILIATED_WITH
A5023756965,I114395901,AFFILIATED_WITH
A5023756965,I157358134,AFFILIATED_WITH
A5045777504,W4410124353,WRITES
A5045777504,I47265099,AFFILIATED_WITH
A5114117904,W7162875868,WRITES
A5114117904,I3129629310,AFFILIATED_WITH
A5066642825,W4292875940,WRITES
A5066642825,I4210123993,AFFILIATED_WITH
A5014568710,W4312199594,WRITES
A5014568710,I4210123993,AFFILIATED_WITH
A5113071500,W4389738902,WRITES
A5113071500,I4210123993,AFFILIATED_WITH
A5067247554,W4409996787,WRITES
A5067247554,I4210123993,AFFILIATED_WITH
A5104331230,W4411238397,WRITES
A5104331230,W4404883326,WRITES
A5104331230,W4405460575,WRITES
A5104331230,I141445968,AFFILIATED_WITH
A5113430687,W4403342469,WRITES
A5113430687,I4210123993,AFFILIATED_WITH
A5100770603,W2975116785,WRITES
A5100770603,I181727666,AFFILIATED_WITH
A5003254637,W4379058433,WRITES
A5003254637,I4210096063,AFFILIATED_WITH
A5081819949,W3034501957,WRITES
A5081819949,I177733328,AFFILIATED_WITH
A5050158366,W4323979420,WRITES
A5050158366,I202539009,AFFILIATED_WITH
A5060405566,W4416718774,WRITES
A5060405566,I4210123993,AFFILIATED_WITH
A5024291260,W4286929179,WRITES
A5024291260,I4210123755,AFFILIATED_WITH
A5024291260,I4210123993,AFFILIATED_WITH
A5066154677,W4403342469,WRITES
A5066154677,W4393941056,WRITES
A5066154677,W4399348657,WRITES
A5066154677,I123565023,AFFILIATED_WITH
A5066154677,I4210123993,AFFILIATED_WITH
A5066154677,I85922643,AFFILIATED_WITH
A5007439601,W4408160180,WRITES
A5007439601,I123565023,AFFILIATED_WITH
A5007439601,I23582244,AFFILIATED_WITH
A5027154276,W4389347088,WRITES
A5027154276,I4210096295,AFFILIATED_WITH
A5037510069,W7164931366,WRITES
A5037510069,W4385580607,WRITES
A5037510069,I4210123993,AFFILIATED_WITH
A5055270754,W7117361510,WRITES
A5055270754,W7117648682,WRITES
A5055270754,W7164518188,WRITES
A5055270754,I181727666,AFFILIATED_WITH
A5023227947,W4394568521,WRITES
A5023227947,I848706,AFFILIATED_WITH
A5102851626,W4313198840,WRITES
A5102851626,W2995545104,WRITES
A5102851626,W7165623399,WRITES
A5102851626,W4376613100,WRITES
A5102851626,I4210123993,AFFILIATED_WITH
A5102851626,I913481162,AFFILIATED_WITH
A5078113857,W3199924602,WRITES
A5078113857,W4387909652,WRITES
A5078113857,I4210123993,AFFILIATED_WITH
A5136910678,W7162326146,WRITES
A5136910678,I4210123993,AFFILIATED_WITH
A5061269743,W4408810965,WRITES
A5061269743,I4210123993,AFFILIATED_WITH
A5101860187,W4291184494,WRITES
A5101860187,W4376566290,WRITES
A5101860187,I141445968,AFFILIATED_WITH
A5101860187,I3020192730,AFFILIATED_WITH
A5091724281,W2116401724,WRITES
A5091724281,I4210144126,AFFILIATED_WITH
A5084884218,W4390598901,WRITES
A5084884218,I177733328,AFFILIATED_WITH
A5077324612,W4401684825,WRITES
A5077324612,I123565023,AFFILIATED_WITH
A5077324612,I177233841,AFFILIATED_WITH
A5077324612,I63169043,AFFILIATED_WITH
A5068073864,W4294301143,WRITES
A5068073864,I181727666,AFFILIATED_WITH
LOCAL_A000528,W7117361510,WRITES
LOCAL_A000528,I123565023,AFFILIATED_WITH
LOCAL_A000528,I47265099,AFFILIATED_WITH
A5007404256,W4409606894,WRITES
A5007404256,I129902397,AFFILIATED_WITH
A5056454683,W3137287652,WRITES
A5056454683,W3136052365,WRITES
A5056454683,W3101745018,WRITES
A5056454683,W3003586115,WRITES
A5056454683,I4210123993,AFFILIATED_WITH
A5023835346,W3138092914,WRITES
A5023835346,W3202893602,WRITES
A5023835346,W3136011744,WRITES
A5023835346,W3200608939,WRITES
A5023835346,W3200634103,WRITES
A5023835346,W3212392119,WRITES
A5023835346,W3214396074,WRITES
A5023835346,W3136506403,WRITES
A5023835346,I4210123993,AFFILIATED_WITH
A5110131349,W4411213793,WRITES
A5110131349,I2800023466,AFFILIATED_WITH
A5110131349,I4210123993,AFFILIATED_WITH
A5110131349,I4210148201,AFFILIATED_WITH
A5010338533,W4386259142,WRITES
A5010338533,I4210123993,AFFILIATED_WITH
A5010338533,I4210148201,AFFILIATED_WITH
A5007187694,W4415747466,WRITES
A5007187694,I2799883749,AFFILIATED_WITH
LOCAL_A000633,W4406804501,WRITES
LOCAL_A000633,I141445968,AFFILIATED_WITH
A5048214234,W4313332129,WRITES
A5048214234,I142608572,AFFILIATED_WITH
A5017615722,W4387124706,WRITES
A5017615722,I4210100991,AFFILIATED_WITH
A5017615722,I2802508454,AFFILIATED_WITH
A5017615722,I4210152602,AFFILIATED_WITH
A5026125675,W3034501957,WRITES
A5026125675,I177733328,AFFILIATED_WITH
A5056625994,W7162538134,WRITES
A5056625994,I141445968,AFFILIATED_WITH
A5056625994,I4210148201,AFFILIATED_WITH
A5056625994,I47265099,AFFILIATED_WITH
A5060415594,W3138092914,WRITES
A5060415594,W3138212945,WRITES
A5060415594,W3199235166,WRITES
A5060415594,W3199333285,WRITES
A5060415594,W3199477842,WRITES
A5060415594,W3200732705,WRITES
A5060415594,W3200891447,WRITES
A5060415594,W3211590055,WRITES
A5060415594,W3212222020,WRITES
A5060415594,W3159534123,WRITES
A5060415594,W4398241260,WRITES
A5060415594,W4399589926,WRITES
A5060415594,W3136349206,WRITES
A5060415594,I4210123993,AFFILIATED_WITH
A5138052135,W7163735877,WRITES
A5138052135,I4210123993,AFFILIATED_WITH
A5116933738,W4409178946,WRITES
A5075214747,W4406854999,WRITES
A5075214747,I182526193,AFFILIATED_WITH
A5075214747,I70349855,AFFILIATED_WITH
A5113009765,W4412834641,WRITES
A5113009765,I141445968,AFFILIATED_WITH
A5112689304,W4413844613,WRITES
A5112689304,W4415653025,WRITES
A5112689304,I181727666,AFFILIATED_WITH
A5026404081,W4411213793,WRITES
A5026404081,I2800023466,AFFILIATED_WITH
A5026404081,I3020192730,AFFILIATED_WITH
A5026404081,I4210110116,AFFILIATED_WITH
A5026404081,I4210123993,AFFILIATED_WITH
A5026404081,I4210138427,AFFILIATED_WITH
A5026404081,I4210148201,AFFILIATED_WITH
A5130391613,W7140101445,WRITES
A5130391613,I2802508454,AFFILIATED_WITH
A5119227694,W4413004400,WRITES
A5119227694,I67868205,AFFILIATED_WITH
A5102806749,W4376127221,WRITES
A5102806749,W4200618519,WRITES
A5102806749,W4214758965,WRITES
A5102806749,W4362650575,WRITES
A5102806749,W4393746121,WRITES
A5102806749,W4393804002,WRITES
A5102806749,I4210108666,AFFILIATED_WITH
A5102806749,I4400008994,AFFILIATED_WITH
A5030671712,W3185593370,WRITES
A5003473737,W4396875764,WRITES
A5003473737,I4210123993,AFFILIATED_WITH
A5113245593,W4399485661,WRITES
A5113245593,I4210123755,AFFILIATED_WITH
A5065243635,W3005516765,WRITES
A5065243635,I4210159515,AFFILIATED_WITH
A5103221637,W4388960576,WRITES
A5103221637,W4414773519,WRITES
A5103221637,I4210123993,AFFILIATED_WITH
A5096325752,W4388504134,WRITES
A5096325752,I123565023,AFFILIATED_WITH
A5088783066,W4383875588,WRITES
A5088783066,W4385948362,WRITES
A5088783066,I136848882,AFFILIATED_WITH
A5088783066,I47164929,AFFILIATED_WITH
A5088783066,I4387155935,AFFILIATED_WITH
A5088783066,I47265099,AFFILIATED_WITH
A5018288108,W4386547305,WRITES
A5018288108,W4313396687,WRITES
A5018288108,W4294982649,WRITES
A5018288108,W4379382643,WRITES
A5018288108,I94518387,AFFILIATED_WITH
A5018388816,W4292485446,WRITES
A5018388816,I4210123993,AFFILIATED_WITH
A5008258299,W4391354445,WRITES
A5008258299,W4415696216,WRITES
A5008258299,I132359460,AFFILIATED_WITH
A5004618448,W4408223448,WRITES
A5004618448,W4410810274,WRITES
A5004618448,W4416367685,WRITES
A5004618448,W7127274448,WRITES
A5004618448,W7127404728,WRITES
A5004618448,W7127411886,WRITES
A5004618448,W4410536451,WRITES
A5004618448,W4406259285,WRITES
A5004618448,W4406356442,WRITES
A5004618448,W4400783551,WRITES
A5004618448,I4210123993,AFFILIATED_WITH
A5067057339,W4360801681,WRITES
A5067057339,I4210123993,AFFILIATED_WITH
A5111016325,W4385369625,WRITES
A5111016325,I4210123993,AFFILIATED_WITH
A5138020952,W7163742943,WRITES
A5138020952,I177733328,AFFILIATED_WITH
A5138020952,I4210101969,AFFILIATED_WITH
A5052843620,W4322628962,WRITES
A5052843620,W4386031782,WRITES
A5126967423,W7131786424,WRITES
A5126967423,I177733328,AFFILIATED_WITH
A5126973237,W7131786424,WRITES
A5126973237,I177733328,AFFILIATED_WITH
A5139063661,W7165570983,WRITES
A5139063661,I4210120055,AFFILIATED_WITH
A5065581277,W4388942254,WRITES
A5065581277,I1315456113,AFFILIATED_WITH
A5065962329,W4416407004,WRITES
A5065962329,W4394924177,WRITES
A5065962329,W4400574861,WRITES
A5065962329,W4392232552,WRITES
A5065962329,W4388635132,WRITES
A5065962329,I4210123993,AFFILIATED_WITH
A5065962329,I136761661,AFFILIATED_WITH
A5065962329,I4210145660,AFFILIATED_WITH
A5065962329,I88761825,AFFILIATED_WITH
A5101863198,W4327969100,WRITES
A5101863198,W4386053682,WRITES
A5101863198,W4411689146,WRITES
A5101863198,W4400902588,WRITES
A5101863198,I202539009,AFFILIATED_WITH
A5067890490,W3018079424,WRITES
A5067890490,I141445968,AFFILIATED_WITH
A5063172364,W3153426027,WRITES
A5063172364,I4210123993,AFFILIATED_WITH
A5108934667,W4398228557,WRITES
A5108934667,I4210123993,AFFILIATED_WITH
A5102008168,W4416900077,WRITES
A5102008168,W4403638785,WRITES
A5102008168,I177733328,AFFILIATED_WITH
A5033921165,W3204380746,WRITES
A5033921165,I4210123993,AFFILIATED_WITH
A5115451748,W4405412520,WRITES
A5115451748,I4210123993,AFFILIATED_WITH
A5109136467,W4404837890,WRITES
A5109136467,I4210123993,AFFILIATED_WITH
LOCAL_A000433,W4408960506,WRITES
LOCAL_A000433,I4210123993,AFFILIATED_WITH
A5124079671,W7125983273,WRITES
A5124079671,I170238339,AFFILIATED_WITH
A5059207282,W3199970305,WRITES
A5059207282,I47265099,AFFILIATED_WITH
LOCAL_A000469,W4417297452,WRITES
LOCAL_A000469,I70349855,AFFILIATED_WITH
A5135088089,W7159982177,WRITES
A5135088089,I70349855,AFFILIATED_WITH
A5129721131,W7138255861,WRITES
A5129721131,W7138412182,WRITES
A5129721131,I4210123993,AFFILIATED_WITH
A5088223152,W4411037455,WRITES
A5088223152,W7124450611,WRITES
A5088223152,I123565023,AFFILIATED_WITH
A5088223152,I23582244,AFFILIATED_WITH
LOCAL_A000647,W2006698604,WRITES
LOCAL_A000647,I64519617,AFFILIATED_WITH
LOCAL_A000647,I94518387,AFFILIATED_WITH
A5091253663,W7126107906,WRITES
A5091253663,W4407130506,WRITES
A5091253663,I123565023,AFFILIATED_WITH
A5091253663,I47265099,AFFILIATED_WITH
A5104233840,W4391185418,WRITES
A5104233840,I4210117309,AFFILIATED_WITH
A5072465650,W4392003525,WRITES
A5072465650,I3020192730,AFFILIATED_WITH
A5086688190,W7127284528,WRITES
A5086688190,I94518387,AFFILIATED_WITH
A5101053869,W7163065831,WRITES
A5101053869,I170238339,AFFILIATED_WITH
A5101053869,I4210115718,AFFILIATED_WITH
A5125196382,W7127955044,WRITES
A5125196382,I177733328,AFFILIATED_WITH
LOCAL_A000296,W3134348723,WRITES
LOCAL_A000296,I4210123993,AFFILIATED_WITH
A5067434970,W3213381090,WRITES
A5067434970,W4389980020,WRITES
A5067434970,W4393066106,WRITES
A5067434970,I4210123993,AFFILIATED_WITH
A5067434970,I123565023,AFFILIATED_WITH
A5081588915,W4313527793,WRITES
A5081588915,W4392590475,WRITES
A5081588915,W4387121758,WRITES
A5081588915,W4387842287,WRITES
A5081588915,W4393092395,WRITES
A5081588915,W4382885000,WRITES
A5081588915,I181727666,AFFILIATED_WITH
LOCAL_A000557,W7135071235,WRITES
LOCAL_A000557,I4210123993,AFFILIATED_WITH
A5038633272,W3172140456,WRITES
A5038633272,W3171825034,WRITES
A5038633272,I4210123993,AFFILIATED_WITH
A5038633272,I187855631,AFFILIATED_WITH
A5066565612,W7162805338,WRITES
A5066565612,I1315456113,AFFILIATED_WITH
A5011289611,W3129122531,WRITES
A5011289611,I193775966,AFFILIATED_WITH
A5011289611,I4400600942,AFFILIATED_WITH
A5050737114,W4379207090,WRITES
A5050737114,I4210134642,AFFILIATED_WITH
LOCAL_A000394,W4387566111,WRITES
LOCAL_A000394,I4210123993,AFFILIATED_WITH
A5136268330,W7161289029,WRITES
A5136268330,I4210123993,AFFILIATED_WITH
A5137019412,W7162451130,WRITES
A5137019412,I4210123993,AFFILIATED_WITH
A5128247676,W7134045706,WRITES
A5128247676,I4210123993,AFFILIATED_WITH
A5049089848,W4206403931,WRITES
A5049089848,W4410124353,WRITES
A5049089848,I126231945,AFFILIATED_WITH
A5049089848,I130438778,AFFILIATED_WITH
A5121038845,W7116876344,WRITES
A5121038845,W7117874750,WRITES
A5121038845,I4210123993,AFFILIATED_WITH
A5124063539,W7125983273,WRITES
A5124063539,I170238339,AFFILIATED_WITH
A5124063539,I4210135839,AFFILIATED_WITH
A5111309295,W4413400898,WRITES
A5111309295,I131359167,AFFILIATED_WITH
A5102498822,W4312100761,WRITES
A5102498822,I12450925,AFFILIATED_WITH
A5101826892,W4406608287,WRITES
A5101826892,W4385987955,WRITES
A5101826892,W3213391624,WRITES
A5101826892,I131359167,AFFILIATED_WITH
A5101826892,I4210123993,AFFILIATED_WITH
A5046932726,W4391533706,WRITES
A5046932726,I4210091958,AFFILIATED_WITH
A5046932726,I4210097659,AFFILIATED_WITH
A5087105119,W4214693772,WRITES
A5085634489,W4401385430,WRITES
A5085634489,W4367322283,WRITES
A5085634489,I177233841,AFFILIATED_WITH
A5133026678,W7150709534,WRITES
A5133026678,W7150978766,WRITES
A5133026678,I4210123993,AFFILIATED_WITH
A5135251830,W7160174753,WRITES
A5135251830,I79775147,AFFILIATED_WITH
A5056682277,W4416239940,WRITES
A5056682277,I4210123993,AFFILIATED_WITH
A5111347523,W4402129400,WRITES
A5111347523,W4402992762,WRITES
A5111347523,I4210123993,AFFILIATED_WITH
LOCAL_A000727,W4410228494,WRITES
LOCAL_A000727,I123565023,AFFILIATED_WITH
A5067606131,W4398617804,WRITES
A5067606131,I109689652,AFFILIATED_WITH
A5020835202,W2887012287,WRITES
A5020835202,I4210123993,AFFILIATED_WITH
A5034981153,W3208830123,WRITES
A5034981153,W2953848273,WRITES
A5034981153,I208356959,AFFILIATED_WITH
A5034981153,I4210123993,AFFILIATED_WITH
A5053113069,W3194522155,WRITES
A5053113069,I202539009,AFFILIATED_WITH
A5020463942,W3046978282,WRITES
A5020463942,W4391261154,WRITES
A5020463942,W4317382465,WRITES
A5020463942,W4400733488,WRITES
A5020463942,W3175462020,WRITES
A5020463942,I123565023,AFFILIATED_WITH
A5020463942,I4210117845,AFFILIATED_WITH
A5020463942,I4210123993,AFFILIATED_WITH
A5020463942,I4210136912,AFFILIATED_WITH
A5034192580,W4200521133,WRITES
A5034192580,I23582244,AFFILIATED_WITH
A5022284216,W3202001992,WRITES
A5022284216,I4210123993,AFFILIATED_WITH
A5129782021,W7138925389,WRITES
A5129782021,I4210123993,AFFILIATED_WITH
A5076130025,W4411379455,WRITES
A5076130025,I189643551,AFFILIATED_WITH
A5084344101,W4417284240,WRITES
A5084344101,W4408223448,WRITES
A5084344101,W4389980020,WRITES
A5084344101,W4393066106,WRITES
A5084344101,W4408235709,WRITES
A5084344101,W4410228195,WRITES
A5084344101,W7127339318,WRITES
A5084344101,W7127343450,WRITES
A5084344101,W7127415324,WRITES
A5084344101,W4381833251,WRITES
A5084344101,W4365790216,WRITES
A5084344101,W4409828992,WRITES
A5084344101,W4406356442,WRITES
A5084344101,W4410228494,WRITES
A5084344101,I4210123993,AFFILIATED_WITH
A5084344101,I121799043,AFFILIATED_WITH
A5084344101,I4210143793,AFFILIATED_WITH
A5084344101,I141445968,AFFILIATED_WITH
LOCAL_A000554,W7131786424,WRITES
LOCAL_A000554,I177733328,AFFILIATED_WITH
A5004067290,W4311088087,WRITES
A5004067290,W4282920256,WRITES
A5004067290,I4210123993,AFFILIATED_WITH
A5004067290,I913481162,AFFILIATED_WITH
A5116174048,W4408278081,WRITES
A5116174048,I177733328,AFFILIATED_WITH
A5116174048,I4387155212,AFFILIATED_WITH
A5121616489,W7117660946,WRITES
A5121616489,I4210123993,AFFILIATED_WITH
A5103514725,W4415458934,WRITES
A5103514725,I4210123993,AFFILIATED_WITH
A5084751540,W4404174159,WRITES
A5018679710,W4280639034,WRITES
A5018679710,I4210123993,AFFILIATED_WITH
LOCAL_A000211,W4406781802,WRITES
LOCAL_A000211,I4210123993,AFFILIATED_WITH
A5091163237,W7124893938,WRITES
A5091163237,W4396585527,WRITES
A5091163237,I4210123993,AFFILIATED_WITH
A5079972402,W7155517813,WRITES
A5079972402,I4210123993,AFFILIATED_WITH
A5135723552,W7160652072,WRITES
A5086812375,W3184444435,WRITES
A5086812375,I2802508454,AFFILIATED_WITH
A5059892810,W3139279360,WRITES
A5059892810,I4210134642,AFFILIATED_WITH
A5047027947,W7162442689,WRITES
A5047027947,W4416462147,WRITES
A5047027947,I4210139842,AFFILIATED_WITH
A5047027947,I177733328,AFFILIATED_WITH
A5124971450,W7127316044,WRITES
A5124971450,I4210123993,AFFILIATED_WITH
A5102840591,W4379378793,WRITES
A5102840591,W4313592324,WRITES
A5102840591,W4398142941,WRITES
A5102840591,W4214599195,WRITES
A5102840591,W4284961454,WRITES
A5102840591,W4409038887,WRITES
A5102840591,W4408787427,WRITES
A5102840591,I131359167,AFFILIATED_WITH
A5026380019,W4200521133,WRITES
A5026380019,I70349855,AFFILIATED_WITH
A5055651175,W4416570357,WRITES
A5055651175,I2802508454,AFFILIATED_WITH
A5035306169,W4406489951,WRITES
A5035306169,W4385556859,WRITES
A5035306169,I4210115718,AFFILIATED_WITH
A5048690673,W3199129238,WRITES
A5048690673,W3201302514,WRITES
A5048690673,I4210123993,AFFILIATED_WITH
A5033547388,W3171219399,WRITES
A5033547388,I4210115718,AFFILIATED_WITH
A5033547388,I4387154951,AFFILIATED_WITH
A5046789775,W3041914111,WRITES
A5046789775,I4210104442,AFFILIATED_WITH
LOCAL_A000548,W7126182670,WRITES
LOCAL_A000548,W4402596390,WRITES
LOCAL_A000548,W4318819594,WRITES
LOCAL_A000548,W4362541844,WRITES
LOCAL_A000548,W4387270971,WRITES
LOCAL_A000548,I4210123993,AFFILIATED_WITH
A5015666278,W4319953710,WRITES
A5015666278,W4399763896,WRITES
A5015666278,W4417499288,WRITES
A5015666278,I141445968,AFFILIATED_WITH
A5015666278,I123565023,AFFILIATED_WITH
A5015666278,I4210111957,AFFILIATED_WITH
A5084347766,W4220926051,WRITES
A5084347766,W4283517724,WRITES
A5084347766,W4321159612,WRITES
A5084347766,W4321251685,WRITES
A5084347766,W4380417077,WRITES
A5084347766,W4380886044,WRITES
A5084347766,I4210123993,AFFILIATED_WITH
A5084347766,I4210116271,AFFILIATED_WITH
A5010581356,W4401007185,WRITES
A5010581356,I202539009,AFFILIATED_WITH
A5044054195,W2030518961,WRITES
A5044054195,I4210101969,AFFILIATED_WITH
A5036229455,W4322501313,WRITES
A5036229455,I4210123993,AFFILIATED_WITH
A5112950777,W7150767546,WRITES
A5112950777,I4210123993,AFFILIATED_WITH
A5012519187,W3212363074,WRITES
A5012519187,I4210123993,AFFILIATED_WITH
A5069990651,W4409313923,WRITES
A5069990651,I70349855,AFFILIATED_WITH
A5128707607,W7134947698,WRITES
A5128707607,I4210123993,AFFILIATED_WITH
A5042789478,W4410853904,WRITES
A5042789478,I4210123993,AFFILIATED_WITH
A5078787236,W4413182358,WRITES
A5078787236,W7164917283,WRITES
A5078787236,W4401351881,WRITES
A5078787236,W4379184192,WRITES
A5078787236,W4401416164,WRITES
A5078787236,W4405424906,WRITES
A5078787236,W4297177519,WRITES
A5078787236,W4311184438,WRITES
A5078787236,W4386601257,WRITES
A5078787236,W4412866347,WRITES
A5078787236,I4210123993,AFFILIATED_WITH
A5110277318,W7164944821,WRITES
A5110277318,W7165570983,WRITES
A5110277318,I2802508454,AFFILIATED_WITH
A5052374056,W4399485661,WRITES
A5052374056,I4210126287,AFFILIATED_WITH
A5066953147,W4402435273,WRITES
A5066953147,W4386246276,WRITES
A5066953147,I4210148201,AFFILIATED_WITH
A5117428933,W4410070105,WRITES
A5117428933,I4210123993,AFFILIATED_WITH
A5113627912,W4411160005,WRITES
A5113627912,I177733328,AFFILIATED_WITH
LOCAL_A000472,W4417423760,WRITES
LOCAL_A000472,I4210101969,AFFILIATED_WITH
LOCAL_A000472,I4391012539,AFFILIATED_WITH
A5117364495,W4413373431,WRITES
A5117364495,I4210123993,AFFILIATED_WITH
A5006420582,W4376127221,WRITES
A5006420582,W4362517101,WRITES
A5006420582,I70349855,AFFILIATED_WITH
A5012259174,W4307303369,WRITES
A5012259174,I4210148201,AFFILIATED_WITH
A5029154290,W4403852725,WRITES
A5029154290,I4210115718,AFFILIATED_WITH
A5102818446,W4318762606,WRITES
A5102818446,W3163198494,WRITES
A5102818446,I4210095101,AFFILIATED_WITH
A5025952021,W4410502019,WRITES
A5025952021,W4410502105,WRITES
A5025952021,I2802508454,AFFILIATED_WITH
A5008529454,W3171219399,WRITES
A5008529454,I70349855,AFFILIATED_WITH
A5103064996,W4284993592,WRITES
A5103064996,W4378904270,WRITES
A5103064996,I208356959,AFFILIATED_WITH
A5103064996,I2801941164,AFFILIATED_WITH
A5075877402,W4399593830,WRITES
A5075877402,I177733328,AFFILIATED_WITH
A5040168155,W3197526874,WRITES
A5040168155,W3163198494,WRITES
A5040168155,W3212564068,WRITES
A5040168155,I4210095101,AFFILIATED_WITH
A5040168155,I71437568,AFFILIATED_WITH
A5040168155,I4210134642,AFFILIATED_WITH
A5040168155,I4388891809,AFFILIATED_WITH
A5062713436,W7160940118,WRITES
A5062713436,I94518387,AFFILIATED_WITH
A5006513255,W4388572911,WRITES
A5006513255,W4400605975,WRITES
A5006513255,W4414023483,WRITES
A5006513255,I70349855,AFFILIATED_WITH
A5011814353,W3013943119,WRITES
A5011814353,W3030321203,WRITES
A5011814353,I4210095101,AFFILIATED_WITH
A5010191491,W4317914312,WRITES
A5010191491,W4408446899,WRITES
A5010191491,I177733328,AFFILIATED_WITH
A5103323474,W4388572911,WRITES
A5103323474,W2030518961,WRITES
A5103323474,I70349855,AFFILIATED_WITH
A5103323474,I2802508454,AFFILIATED_WITH
A5034939841,W4317555814,WRITES
A5034939841,I4210115718,AFFILIATED_WITH
A5034939841,I4387154951,AFFILIATED_WITH
A5005681997,W4415383964,WRITES
A5005681997,W4403137041,WRITES
A5005681997,I70349855,AFFILIATED_WITH
A5132567939,W7147579779,WRITES
A5132567939,I4210123993,AFFILIATED_WITH
A5132703250,W7147579779,WRITES
A5132703250,I4210123993,AFFILIATED_WITH
A5055541043,W4206556998,WRITES
A5055541043,W4200521133,WRITES
A5055541043,I4210123993,AFFILIATED_WITH
A5012589054,W4415927132,WRITES
A5012589054,I4210123993,AFFILIATED_WITH
A5101053857,W4400892685,WRITES
A5101053857,W4402341077,WRITES
A5101053857,I177733328,AFFILIATED_WITH
A5113354082,W7165623399,WRITES
A5113354082,I4210123993,AFFILIATED_WITH
A5113139645,W4206200003,WRITES
A5113139645,I4210123993,AFFILIATED_WITH
A5030713822,W3005516765,WRITES
A5030713822,I135822937,AFFILIATED_WITH
A5026150255,W4409606894,WRITES
A5026150255,I4210095101,AFFILIATED_WITH
A5007920882,W3040505135,WRITES
A5007920882,I2802508454,AFFILIATED_WITH
A5058150074,W4283206317,WRITES
A5058150074,W4283512790,WRITES
A5058150074,W4399593830,WRITES
A5058150074,I4210123993,AFFILIATED_WITH
A5058150074,I3020192730,AFFILIATED_WITH
A5136296185,W7161399871,WRITES
A5136296185,I4210123993,AFFILIATED_WITH
A5086554424,W4386077917,WRITES
A5086554424,W4401099348,WRITES
A5086554424,W4413401695,WRITES
A5086554424,W4388051817,WRITES
A5086554424,W4386853765,WRITES
A5086554424,I70349855,AFFILIATED_WITH
A5086554424,I94518387,AFFILIATED_WITH
A5087000202,W4315474727,WRITES
A5087000202,W3204989818,WRITES
A5087000202,W4234747297,WRITES
A5087000202,W4378226923,WRITES
A5087000202,W4221090168,WRITES
A5087000202,W4224230221,WRITES
A5087000202,W4283772388,WRITES
A5087000202,W3177014373,WRITES
A5087000202,I4210123993,AFFILIATED_WITH
A5134502036,W7155517813,WRITES
A5134502036,I4210123993,AFFILIATED_WITH
A5102981857,W4415653025,WRITES
A5102981857,I181727666,AFFILIATED_WITH
A5119042680,W4412569248,WRITES
A5119042680,W7123357215,WRITES
A5119042680,I4210123993,AFFILIATED_WITH
A5119042680,I4210131701,AFFILIATED_WITH
A5119042680,I177733328,AFFILIATED_WITH
A5040035619,W2939865094,WRITES
A5040035619,I35568498,AFFILIATED_WITH
A5051963851,W4367728083,WRITES
A5051963851,W4366448654,WRITES
A5051963851,I310553,AFFILIATED_WITH
A5051963851,I111966504,AFFILIATED_WITH
A5051963851,I125590103,AFFILIATED_WITH
A5110098746,W4293790322,WRITES
A5110098746,I177733328,AFFILIATED_WITH
A5016189943,W4366588309,WRITES
A5016189943,I4210123993,AFFILIATED_WITH
A5043579879,W3049614703,WRITES
A5043579879,I4210123993,AFFILIATED_WITH
A5129678195,W7137929809,WRITES
A5129678195,I123565023,AFFILIATED_WITH
A5129678195,I228151691,AFFILIATED_WITH
A5062560716,W4388138311,WRITES
A5062560716,I123565023,AFFILIATED_WITH
A5062560716,I138622004,AFFILIATED_WITH
A5062560716,I181727666,AFFILIATED_WITH
A5062560716,I3129629310,AFFILIATED_WITH
A5032570574,W4308588861,WRITES
A5032570574,W4307521070,WRITES
A5032570574,W4309613826,WRITES
A5032570574,I182526193,AFFILIATED_WITH
A5114625656,W4417284240,WRITES
A5114625656,I4210124651,AFFILIATED_WITH
A5114625656,I4575257,AFFILIATED_WITH
A5093305250,W4388845380,WRITES
A5093305250,I151221077,AFFILIATED_WITH
A5060832511,W3034501957,WRITES
A5060832511,I177733328,AFFILIATED_WITH
A5109776692,W4405945941,WRITES
A5109776692,W4411441940,WRITES
A5109776692,I29199639,AFFILIATED_WITH
A5043386804,W3200881703,WRITES
A5043386804,I4210123993,AFFILIATED_WITH
A5057408423,W4408345172,WRITES
A5057408423,I181727666,AFFILIATED_WITH
A5128559504,W7134238770,WRITES
A5128559504,I86987016,AFFILIATED_WITH
A5041664690,W4406970545,WRITES
A5101757963,W4403344039,WRITES
A5101757963,I126231945,AFFILIATED_WITH
A5101786594,W4388140420,WRITES
A5101786594,I120089902,AFFILIATED_WITH
A5100759389,W4412834641,WRITES
A5100759389,W7147213615,WRITES
A5100759389,I267427436,AFFILIATED_WITH
A5100759389,I100625452,AFFILIATED_WITH
A5139150702,W7165659512,WRITES
A5139150702,I4210143793,AFFILIATED_WITH
LOCAL_A000203,W3128738220,WRITES
LOCAL_A000203,I141445968,AFFILIATED_WITH
A5043793311,W4307544369,WRITES
A5010770404,W4393066106,WRITES
A5010770404,W4410228494,WRITES
A5010770404,I4210123993,AFFILIATED_WITH
A5003360104,W4392590475,WRITES
A5003360104,I109689652,AFFILIATED_WITH
A5003495146,W3171825034,WRITES
A5003495146,I4210123993,AFFILIATED_WITH
A5101972901,W4386919259,WRITES
A5101972901,W4405130076,WRITES
A5101972901,I181727666,AFFILIATED_WITH
A5101972901,I4387153637,AFFILIATED_WITH
A5083924160,W4376127221,WRITES
A5083924160,I4210137425,AFFILIATED_WITH
A5005952694,W4401642591,WRITES
A5005952694,I181727666,AFFILIATED_WITH
A5005952694,I4210123993,AFFILIATED_WITH
A5119314122,W7126031294,WRITES
A5119314122,I4210123993,AFFILIATED_WITH
A5036356696,W4411379455,WRITES
A5036356696,I5023651,AFFILIATED_WITH
A5109622472,W4384108323,WRITES
A5109622472,I70349855,AFFILIATED_WITH
A5035159452,W7164944821,WRITES
A5035159452,W7165570983,WRITES
A5035159452,I2802508454,AFFILIATED_WITH
LOCAL_A000430,W4408722193,WRITES
LOCAL_A000430,I94518387,AFFILIATED_WITH
A5066900397,W4415196659,WRITES
A5066900397,W3137746435,WRITES
A5066900397,I123565023,AFFILIATED_WITH
A5066900397,I4210117845,AFFILIATED_WITH
A5066900397,I4210136912,AFFILIATED_WITH
LOCAL_A000712,W4408117529,WRITES
LOCAL_A000712,I23582244,AFFILIATED_WITH
LOCAL_A000712,I2802508454,AFFILIATED_WITH
A5086572621,W4390598605,WRITES
A5102592280,W4389738902,WRITES
A5102592280,I3020192730,AFFILIATED_WITH
LOCAL_A000383,W4379231704,WRITES
LOCAL_A000383,I4210123993,AFFILIATED_WITH
A5078920305,W4394998404,WRITES
A5078920305,I181727666,AFFILIATED_WITH
A5078920305,I4387153637,AFFILIATED_WITH
LOCAL_A000540,W7124221689,WRITES
LOCAL_A000540,I4210123993,AFFILIATED_WITH
A5100776154,W4378084553,WRITES
A5100776154,W4320727717,WRITES
A5100776154,W4384818111,WRITES
A5100776154,W4390598605,WRITES
A5100776154,W4380738569,WRITES
A5100776154,W4400350350,WRITES
A5100776154,W4386854305,WRITES
A5100776154,W4401665864,WRITES
A5100776154,I182526193,AFFILIATED_WITH
A5100776154,I4210123993,AFFILIATED_WITH
A5100776154,I4210131701,AFFILIATED_WITH
LOCAL_A000391,W4385443788,WRITES
LOCAL_A000391,W4399013222,WRITES
LOCAL_A000391,W4399236931,WRITES
LOCAL_A000391,I4210123993,AFFILIATED_WITH
LOCAL_A000582,W4309109511,WRITES
LOCAL_A000582,W4212858205,WRITES
LOCAL_A000582,I177233841,AFFILIATED_WITH
A5035470871,W4408117529,WRITES
A5035470871,I177733328,AFFILIATED_WITH
LOCAL_A000610,W4399494815,WRITES
LOCAL_A000610,I4210137425,AFFILIATED_WITH
LOCAL_A000610,I67868205,AFFILIATED_WITH
A5024205395,W4399072242,WRITES
A5024205395,I177233841,AFFILIATED_WITH
A5024205395,I67868205,AFFILIATED_WITH
A5068483265,W4376127836,WRITES
A5068483265,W4386865921,WRITES
A5068483265,I114017466,AFFILIATED_WITH
A5068483265,I31746571,AFFILIATED_WITH
A5068483265,I4210123993,AFFILIATED_WITH
A5136580768,W7161842826,WRITES
A5136580768,I4210123993,AFFILIATED_WITH
A5136580768,I4210131701,AFFILIATED_WITH
A5017773373,W4319596802,WRITES
A5017773373,W4414022061,WRITES
A5017773373,W4398763277,WRITES
A5017773373,W4367022856,WRITES
A5017773373,W4403302723,WRITES
A5017773373,W4389397671,WRITES
A5017773373,W4403867823,WRITES
A5017773373,W4288082210,WRITES
A5017773373,W4312154904,WRITES
A5017773373,W4386616621,WRITES
A5017773373,W4415350151,WRITES
A5017773373,W4416791975,WRITES
A5017773373,W4283838068,WRITES
A5017773373,W4321482630,WRITES
A5017773373,W4396895702,WRITES
A5017773373,W4404920262,WRITES
A5017773373,W4391876512,WRITES
A5017773373,W4285275020,WRITES
A5017773373,W4286008072,WRITES
A5017773373,W4392286337,WRITES
A5017773373,W4378448636,WRITES
A5017773373,W4387326361,WRITES
A5017773373,W4400558697,WRITES
A5017773373,W4377002490,WRITES
A5017773373,W4386183984,WRITES
A5017773373,W4402796579,WRITES
A5017773373,W4308183904,WRITES
A5017773373,W4399659214,WRITES
A5017773373,W4407763579,WRITES
A5017773373,W4413501956,WRITES
A5017773373,W4404826466,WRITES
A5017773373,W4412174766,WRITES
A5017773373,W4415596303,WRITES
A5017773373,W4310299078,WRITES
A5017773373,W4296061001,WRITES
A5017773373,W4402723512,WRITES
A5017773373,W4405932039,WRITES
A5017773373,W4313592827,WRITES
A5017773373,W4407223794,WRITES
A5017773373,I4210123993,AFFILIATED_WITH
A5017773373,I4210131701,AFFILIATED_WITH
A5017773373,I4210138427,AFFILIATED_WITH
A5136407418,W7161558438,WRITES
A5136407418,I4210123993,AFFILIATED_WITH
A5136407418,I4210131701,AFFILIATED_WITH
A5129989055,W7138919472,WRITES
A5129989055,W7138847349,WRITES
A5129989055,I4210123993,AFFILIATED_WITH
A5129989055,I4210131701,AFFILIATED_WITH
A5135480789,W7160374639,WRITES
A5135480789,I4210123993,AFFILIATED_WITH
A5135480789,I4210131701,AFFILIATED_WITH
A5139451528,W7166138059,WRITES
A5139451528,I4210123993,AFFILIATED_WITH
A5139451528,I4210131701,AFFILIATED_WITH
A5122355350,W7124505868,WRITES
A5122355350,W7130418290,WRITES
A5122355350,I4210123993,AFFILIATED_WITH
A5122355350,I4210131701,AFFILIATED_WITH
A5137183534,W7162561748,WRITES
A5137183534,I4210123993,AFFILIATED_WITH
A5137183534,I4210131701,AFFILIATED_WITH
A5012795098,W4404837890,WRITES
A5012795098,I4210123993,AFFILIATED_WITH
A5046483870,W4317382500,WRITES
A5046483870,I3129215250,AFFILIATED_WITH
A5048092944,W4406804501,WRITES
A5048092944,W4387877661,WRITES
A5048092944,I4210123993,AFFILIATED_WITH
A5061255396,W4283383303,WRITES
A5061255396,I208356959,AFFILIATED_WITH
A5061255396,I2802508454,AFFILIATED_WITH
A5061255396,I4210104442,AFFILIATED_WITH
A5110319120,W4385694505,WRITES
A5110319120,W4408223448,WRITES
A5110319120,I4210123993,AFFILIATED_WITH
A5050116381,W4308731653,WRITES
A5050116381,I123565023,AFFILIATED_WITH
LOCAL_A000608,W4388208017,WRITES
LOCAL_A000608,I4389425394,AFFILIATED_WITH
A5070324389,W4399685159,WRITES
A5070324389,I177233841,AFFILIATED_WITH
A5070324389,I4210146230,AFFILIATED_WITH
A5070324389,I94518387,AFFILIATED_WITH
A5001700413,W4409969821,WRITES
A5001700413,W7162538134,WRITES
A5001700413,W4321054250,WRITES
A5001700413,W4385219854,WRITES
A5001700413,W4402136902,WRITES
A5001700413,I4210123993,AFFILIATED_WITH
A5111907929,W4416718774,WRITES
A5111907929,I4210123993,AFFILIATED_WITH
A5042992750,W3211655903,WRITES
A5042992750,I4210123993,AFFILIATED_WITH
A5115041579,W4405135580,WRITES
A5008687474,W4411163057,WRITES
A5008687474,I155028946,AFFILIATED_WITH
A5040003914,W4401959784,WRITES
A5040003914,I4210156213,AFFILIATED_WITH
A5101538445,W3037126109,WRITES
A5101538445,I4210123993,AFFILIATED_WITH
A5101103252,W3129870341,WRITES
A5101103252,I4210123993,AFFILIATED_WITH
A5049752209,W4396870521,WRITES
A5049752209,I4210095101,AFFILIATED_WITH
A5068068488,W3183376380,WRITES
A5068068488,W4287219732,WRITES
A5068068488,W3158523201,WRITES
A5068068488,W4225660073,WRITES
A5068068488,W3209735081,WRITES
A5068068488,I4210123993,AFFILIATED_WITH
A5082307315,W7147563121,WRITES
A5082307315,W4411213793,WRITES
A5082307315,I66862912,AFFILIATED_WITH
A5082307315,I3020192730,AFFILIATED_WITH
A5082307315,I4210110116,AFFILIATED_WITH
A5082307315,I4210123993,AFFILIATED_WITH
A5082307315,I4210138427,AFFILIATED_WITH
A5101925339,W3138092914,WRITES
A5101925339,W3138233066,WRITES
A5101925339,W3199544892,WRITES
A5101925339,I4210123993,AFFILIATED_WITH
A5056888335,W3213652096,WRITES
A5056888335,W3214396074,WRITES
A5056888335,I4210123993,AFFILIATED_WITH
A5023335428,W4360620764,WRITES
A5023335428,I4210123993,AFFILIATED_WITH
A5023335428,I4210144900,AFFILIATED_WITH
A5023335428,I79775147,AFFILIATED_WITH
A5065186859,W3200721992,WRITES
A5065186859,I70349855,AFFILIATED_WITH
A5003187325,W4318984786,WRITES
A5003187325,I123565023,AFFILIATED_WITH
A5003187325,I47265099,AFFILIATED_WITH
A5025021236,W3008486894,WRITES
A5025021236,I4210120055,AFFILIATED_WITH
LOCAL_A000466,W4417052346,WRITES
LOCAL_A000466,I94518387,AFFILIATED_WITH
A5126852895,W7131416904,WRITES
A5126852895,I4210158385,AFFILIATED_WITH
A5126852895,I47519274,AFFILIATED_WITH
A5070837537,W4402689909,WRITES
A5070837537,I4210118607,AFFILIATED_WITH
A5126253702,W7129553087,WRITES
A5126253702,I94518387,AFFILIATED_WITH
A5070181852,W4408160180,WRITES
A5070181852,I23582244,AFFILIATED_WITH
A5033598598,W4327517834,WRITES
A5033598598,W4317383016,WRITES
A5033598598,W4379058433,WRITES
A5033598598,I141445968,AFFILIATED_WITH
A5033598598,I4210123993,AFFILIATED_WITH
A5109742382,W4391826672,WRITES
A5110130160,W4410853424,WRITES
A5110130160,I4210123993,AFFILIATED_WITH
A5074503531,W3202334535,WRITES
A5074503531,W4313203918,WRITES
A5074503531,W4285045143,WRITES
A5074503531,W4386932733,WRITES
A5074503531,W4389689650,WRITES
A5074503531,W4398228557,WRITES
A5074503531,W4293158513,WRITES
A5074503531,W4318067337,WRITES
A5074503531,I4210123993,AFFILIATED_WITH
A5079216361,W4416954067,WRITES
A5079216361,I80281795,AFFILIATED_WITH
A5011576276,W4400127655,WRITES
A5011576276,I79775147,AFFILIATED_WITH
A5081322932,W3116490051,WRITES
A5081322932,W4378650985,WRITES
A5081322932,W4281744049,WRITES
A5081322932,W4411880963,WRITES
A5081322932,W4389738902,WRITES
A5081322932,W4413004400,WRITES
A5081322932,W4229439478,WRITES
A5081322932,I4210123993,AFFILIATED_WITH
A5081322932,I3020192730,AFFILIATED_WITH
A5081322932,I4387155935,AFFILIATED_WITH
A5081322932,I47265099,AFFILIATED_WITH
A5120690682,W4417052346,WRITES
A5120690682,I94518387,AFFILIATED_WITH
LOCAL_A000422,W4408000429,WRITES
LOCAL_A000422,I267427436,AFFILIATED_WITH
LOCAL_A000422,I47807185,AFFILIATED_WITH
A5092080606,W4379232316,WRITES
A5092080606,I182526193,AFFILIATED_WITH
A5036734449,W4296081994,WRITES
A5036734449,I47807185,AFFILIATED_WITH
A5030979939,W4388086462,WRITES
A5030979939,W3028502042,WRITES
A5030979939,W4296081994,WRITES
A5030979939,I2802508454,AFFILIATED_WITH
A5025438611,W4394925055,WRITES
A5089950338,W3183299634,WRITES
A5089950338,I4210123993,AFFILIATED_WITH
A5114245107,W4403342469,WRITES
A5114245107,I4210123993,AFFILIATED_WITH
A5055449699,W4224262552,WRITES
A5101258839,W4387877661,WRITES
A5101258839,I4387155935,AFFILIATED_WITH
A5101258839,I47265099,AFFILIATED_WITH
A5076701661,W4311951862,WRITES
A5076701661,W4401993107,WRITES
A5076701661,I4210123993,AFFILIATED_WITH
A5101288712,W7163582689,WRITES
A5101288712,I4210123993,AFFILIATED_WITH
A5101983590,W7164944821,WRITES
A5101983590,I3132707006,AFFILIATED_WITH
A5111112361,W4379232316,WRITES
A5111112361,I182526193,AFFILIATED_WITH
A5018635438,W2172418087,WRITES
A5036662627,W3093833112,WRITES
A5057105630,W3037126109,WRITES
A5057105630,I142974352,AFFILIATED_WITH
A5057105630,I192168892,AFFILIATED_WITH
A5124054050,W7162419195,WRITES
A5124054050,I4210123993,AFFILIATED_WITH
A5003871391,W4410070105,WRITES
A5003871391,I4210123993,AFFILIATED_WITH
A5083592049,W4320499548,WRITES
A5083592049,W4389288960,WRITES
A5083592049,W4213170716,WRITES
A5083592049,W4411707776,WRITES
A5083592049,I4210123993,AFFILIATED_WITH
A5074060298,W3121710976,WRITES
A5074060298,I4210095101,AFFILIATED_WITH
A5046667713,W4394784474,WRITES
A5046667713,W4381716148,WRITES
A5046667713,I109689652,AFFILIATED_WITH
A5046667713,I64519617,AFFILIATED_WITH
A5117603954,W4410512946,WRITES
A5117603954,I4210123993,AFFILIATED_WITH
A5016895866,W4323866303,WRITES
A5016895866,I1341015664,AFFILIATED_WITH
A5092815858,W4386251985,WRITES
A5092815858,I4210123993,AFFILIATED_WITH
A5113069115,W4389615139,WRITES
A5113069115,I4210123993,AFFILIATED_WITH
LOCAL_A000157,W4293221027,WRITES
A5023142347,W3003586115,WRITES
A5023142347,I152815399,AFFILIATED_WITH
A5004646516,W4377047193,WRITES
A5004646516,I686019,AFFILIATED_WITH
A5029419036,W7118452653,WRITES
A5029419036,I144917393,AFFILIATED_WITH
LOCAL_A000514,W7108322544,WRITES
LOCAL_A000514,W7108328204,WRITES
LOCAL_A000514,I144917393,AFFILIATED_WITH
A5031687662,W4408099539,WRITES
A5031687662,W4416440837,WRITES
A5031687662,W4406739004,WRITES
A5031687662,I183111857,AFFILIATED_WITH
A5031687662,I187531555,AFFILIATED_WITH
A5123359358,W7162127376,WRITES
A5123359358,I187531555,AFFILIATED_WITH
A5025524243,W2496171072,WRITES
A5025524243,I2802768257,AFFILIATED_WITH
A5025524243,I4210120009,AFFILIATED_WITH
A5025524243,I4210123993,AFFILIATED_WITH
A5113709518,W4408185919,WRITES
A5113709518,I53012624,AFFILIATED_WITH
A5027797037,W4313260174,WRITES
A5027797037,W4401225747,WRITES
A5027797037,W4317434823,WRITES
A5027797037,I189210763,AFFILIATED_WITH
A5027797037,I4210131885,AFFILIATED_WITH
A5063525316,W4283790096,WRITES
A5063525316,I203899302,AFFILIATED_WITH
A5041914128,W4319597735,WRITES
A5041914128,I202539009,AFFILIATED_WITH
A5041914128,I3129629310,AFFILIATED_WITH
A5041914128,I4210123993,AFFILIATED_WITH
A5046987906,W2112833496,WRITES
A5023887333,W2496171072,WRITES
A5023887333,I4210123993,AFFILIATED_WITH
A5023887333,I4210125796,AFFILIATED_WITH
A5036126619,W3198928536,WRITES
A5036126619,I47807185,AFFILIATED_WITH
A5090616142,W4362723292,WRITES
A5090616142,I181727666,AFFILIATED_WITH
A5134315448,W7155200584,WRITES
A5134315448,I4210123993,AFFILIATED_WITH
A5103064879,W4414218884,WRITES
A5103064879,I4210123993,AFFILIATED_WITH
A5087172256,W3194352617,WRITES
A5087172256,I4210123993,AFFILIATED_WITH
A5136217108,W7161302210,WRITES
A5136217108,I157485424,AFFILIATED_WITH
A5090389160,W4400605975,WRITES
A5090389160,W4401684825,WRITES
A5090389160,I4210160086,AFFILIATED_WITH
A5090389160,I4210166894,AFFILIATED_WITH
A5090389160,I70349855,AFFILIATED_WITH
A5090389160,I123565023,AFFILIATED_WITH
A5090389160,I177233841,AFFILIATED_WITH
A5090389160,I63169043,AFFILIATED_WITH
A5120524910,W4416780613,WRITES
A5120524910,I4210123993,AFFILIATED_WITH
A5108265219,W7125619734,WRITES
A5108265219,I170238339,AFFILIATED_WITH
LOCAL_A000699,W4253353920,WRITES
LOCAL_A000274,W4312656552,WRITES
A5059455917,W4360620764,WRITES
A5059455917,I70349855,AFFILIATED_WITH
A5000068956,W4385636594,WRITES
A5000068956,I123754550,AFFILIATED_WITH
A5089906507,W3199129238,WRITES
A5089906507,W3201302514,WRITES
A5089906507,I4210123993,AFFILIATED_WITH
A5104011371,W3213351247,WRITES
A5104011371,W3199129238,WRITES
A5104011371,W3199357865,WRITES
A5104011371,W3201302514,WRITES
A5104011371,I4210123993,AFFILIATED_WITH
A5064878852,W4377091076,WRITES
A5064878852,W4372284010,WRITES
A5064878852,W4403539683,WRITES
A5064878852,W4377861812,WRITES
A5064878852,I70349855,AFFILIATED_WITH
A5064878852,I4210148301,AFFILIATED_WITH
A5064878852,I64519617,AFFILIATED_WITH
A5084845414,W4376891951,WRITES
A5084845414,I4210162022,AFFILIATED_WITH
A5139404053,W7166138059,WRITES
A5139404053,I4210095101,AFFILIATED_WITH
A5114110828,W4392346702,WRITES
A5114110828,I49382586,AFFILIATED_WITH
A5075390584,W7161388772,WRITES
A5075390584,W7161414526,WRITES
A5075390584,I51556381,AFFILIATED_WITH
A5090251360,W4391126777,WRITES
A5090251360,I120938084,AFFILIATED_WITH
A5007924087,W2055401175,WRITES
A5007924087,W2049769420,WRITES
A5008876218,W7124893938,WRITES
A5008876218,W4384944020,WRITES
A5008876218,W4410506249,WRITES
A5008876218,W7162938210,WRITES
A5008876218,W4396585527,WRITES
A5008876218,I4210101453,AFFILIATED_WITH
A5101105129,W3199266439,WRITES
A5101105129,W3200297433,WRITES
A5101105129,W3136397549,WRITES
A5101105129,W3213241775,WRITES
A5101105129,I4210123993,AFFILIATED_WITH
A5130238958,W7139959509,WRITES
A5130238958,I3020192730,AFFILIATED_WITH
A5090732320,W4403528224,WRITES
A5090732320,I3020192730,AFFILIATED_WITH
A5000632223,W4387326361,WRITES
A5000632223,I149851306,AFFILIATED_WITH
A5000632223,I4210098675,AFFILIATED_WITH
A5000321582,W4283721719,WRITES
A5000321582,I99542240,AFFILIATED_WITH
A5084048258,W3169005697,WRITES
A5084048258,I4210093468,AFFILIATED_WITH
A5084048258,I4210123993,AFFILIATED_WITH
A5083170304,W4221099258,WRITES
A5083170304,W4376127221,WRITES
A5083170304,W4292964871,WRITES
A5083170304,W4295123541,WRITES
A5083170304,W4376638002,WRITES
A5083170304,W4385235017,WRITES
A5083170304,I4210110116,AFFILIATED_WITH
A5083170304,I4391012539,AFFILIATED_WITH
A5083170304,I4210101969,AFFILIATED_WITH
A5025509748,W4292964871,WRITES
A5025509748,I70349855,AFFILIATED_WITH
A5068665609,W4376127221,WRITES
A5068665609,I4210101969,AFFILIATED_WITH
A5068665609,I4391012539,AFFILIATED_WITH
A5094583817,W4393941056,WRITES
A5094583817,I123565023,AFFILIATED_WITH
A5094583817,I4210123993,AFFILIATED_WITH
A5094583817,I85922643,AFFILIATED_WITH
A5106502439,W4401517445,WRITES
A5106502439,W4402894282,WRITES
A5106502439,I4210097659,AFFILIATED_WITH
A5079062419,W3168287854,WRITES
A5079062419,I158708052,AFFILIATED_WITH
A5055988466,W4225154649,WRITES
A5104242418,W4391742087,WRITES
A5104242418,I204947315,AFFILIATED_WITH
A5052572077,W4402696133,WRITES
A5052572077,I196355604,AFFILIATED_WITH
A5052572077,I30849647,AFFILIATED_WITH
A5058762592,W4323341266,WRITES
A5058762592,I212220629,AFFILIATED_WITH
A5083002277,W3213351247,WRITES
A5083002277,I4210123993,AFFILIATED_WITH
A5113986794,W4223991974,WRITES
A5113986794,I4210123993,AFFILIATED_WITH
A5121799310,W7133975914,WRITES
A5121799310,I4210115718,AFFILIATED_WITH
A5121799310,I4387154951,AFFILIATED_WITH
A5128178653,W7133975914,WRITES
A5128178653,I2802701112,AFFILIATED_WITH
A5124943248,W7127436591,WRITES
A5124943248,I120089902,AFFILIATED_WITH
A5075072315,W3139279360,WRITES
A5075072315,I4210101969,AFFILIATED_WITH
A5050026611,W3137041823,WRITES
A5050026611,W4388805496,WRITES
A5050026611,I202539009,AFFILIATED_WITH
A5121806418,W7125619734,WRITES
A5121806418,I202539009,AFFILIATED_WITH
A5076310748,W4317914312,WRITES
A5076310748,W4220909584,WRITES
A5076310748,W4366978331,WRITES
A5076310748,I177733328,AFFILIATED_WITH
A5076310748,I4387155212,AFFILIATED_WITH
A5076120969,W4411069142,WRITES
A5076120969,W7125821153,WRITES
A5076120969,I4210116271,AFFILIATED_WITH
A5040784486,W3166941946,WRITES
A5116701399,W4408621636,WRITES
A5116701399,I202539009,AFFILIATED_WITH
A5116701399,I4210101969,AFFILIATED_WITH
A5116701399,I4391012539,AFFILIATED_WITH
A5042985909,W4391612257,WRITES
A5042985909,W4391474950,WRITES
A5042985909,W4381988114,WRITES
A5042985909,W4392795430,WRITES
A5042985909,W4390410811,WRITES
A5042985909,I4387155935,AFFILIATED_WITH
A5042985909,I47265099,AFFILIATED_WITH
A5044423283,W4399072242,WRITES
A5044423283,W4399494815,WRITES
A5044423283,I177233841,AFFILIATED_WITH
A5044423283,I67868205,AFFILIATED_WITH
A5044423283,I135822937,AFFILIATED_WITH
A5044423283,I4210137425,AFFILIATED_WITH
A5011206551,W4403291008,WRITES
A5011206551,I109689652,AFFILIATED_WITH
A5110671768,W3011327622,WRITES
A5110671768,I187855631,AFFILIATED_WITH
A5110671768,I4210123993,AFFILIATED_WITH
A5000275860,W4387270971,WRITES
A5000275860,I4210115718,AFFILIATED_WITH
A5111189285,W7125619734,WRITES
A5111189285,I3020192730,AFFILIATED_WITH
A5111189285,I94518387,AFFILIATED_WITH
LOCAL_A000563,W7152089371,WRITES
LOCAL_A000563,I4210115718,AFFILIATED_WITH
A5068564087,W4307532462,WRITES
A5068564087,W4303614832,WRITES
A5068564087,W4353059269,WRITES
A5068564087,W3135025289,WRITES
A5068564087,I4210123993,AFFILIATED_WITH
A5135136621,W7160165418,WRITES
A5135136621,I188716491,AFFILIATED_WITH
A5049382316,W4399628261,WRITES
A5049382316,W4409644508,WRITES
A5049382316,W4402490333,WRITES
A5049382316,W4407446995,WRITES
A5049382316,W4407677325,WRITES
A5049382316,W4414447663,WRITES
A5049382316,I131359167,AFFILIATED_WITH
LOCAL_A000214,W2901074797,WRITES
LOCAL_A000214,I4210123993,AFFILIATED_WITH
A5029262393,W2888106948,WRITES
A5029262393,I4210123993,AFFILIATED_WITH
A5110933537,W4385556859,WRITES
A5110933537,I4210115718,AFFILIATED_WITH
A5032599875,W4285191318,WRITES
A5032599875,W3165013452,WRITES
A5032599875,I4387153637,AFFILIATED_WITH
A5032599875,I4210123993,AFFILIATED_WITH
A5032599875,I181727666,AFFILIATED_WITH
A5030044861,W4294187957,WRITES
A5030044861,W4283765845,WRITES
A5030044861,W4286432852,WRITES
A5030044861,W4286432923,WRITES
A5030044861,W4311137246,WRITES
A5030044861,I202539009,AFFILIATED_WITH
A5030044861,I4210123993,AFFILIATED_WITH
LOCAL_A000462,W4416570357,WRITES
LOCAL_A000462,I2802508454,AFFILIATED_WITH
A5112492572,W4388465055,WRITES
A5112492572,I123565023,AFFILIATED_WITH
A5100810839,W4213441121,WRITES
A5100810839,I127366699,AFFILIATED_WITH
A5100810839,I29199639,AFFILIATED_WITH
A5100810839,I4210161636,AFFILIATED_WITH
A5035577823,W4225286997,WRITES
A5035577823,I4210166539,AFFILIATED_WITH
LOCAL_A000717,W7125619734,WRITES
LOCAL_A000717,I177233841,AFFILIATED_WITH
A5101386108,W4411310108,WRITES
A5101386108,I4210141097,AFFILIATED_WITH
A5106155928,W4401104278,WRITES
A5106155928,I4210116271,AFFILIATED_WITH
A5006103601,W4391448534,WRITES
A5006103601,I4387155935,AFFILIATED_WITH
A5006103601,I47265099,AFFILIATED_WITH
A5056175362,W4400832621,WRITES
A5056175362,I202539009,AFFILIATED_WITH
A5106206940,W4401104278,WRITES
A5106206940,I79246082,AFFILIATED_WITH
A5049616479,W4298004743,WRITES
A5049616479,W4388998466,WRITES
A5049616479,I4210123993,AFFILIATED_WITH
A5049616479,I141445968,AFFILIATED_WITH
A5118256435,W4411289136,WRITES
LOCAL_A000056,W3040505135,WRITES
LOCAL_A000056,I12450925,AFFILIATED_WITH
LOCAL_A000056,I67255865,AFFILIATED_WITH
LOCAL_A000052,W3183386125,WRITES
LOCAL_A000052,W4231330581,WRITES
LOCAL_A000052,W3204420088,WRITES
LOCAL_A000052,W3171413831,WRITES
LOCAL_A000052,W4206307193,WRITES
LOCAL_A000052,W3133521134,WRITES
LOCAL_A000052,I4210123993,AFFILIATED_WITH
A5034572659,W4221099258,WRITES
A5034572659,W4376127221,WRITES
A5034572659,W4200618519,WRITES
A5034572659,W4223496324,WRITES
A5034572659,W4389639153,WRITES
A5034572659,W4214758965,WRITES
A5034572659,W4362517101,WRITES
A5034572659,W4362650575,WRITES
A5034572659,W4376638002,WRITES
A5034572659,W4393746121,WRITES
A5034572659,W4393804002,WRITES
A5034572659,W4400937770,WRITES
A5034572659,W4405335093,WRITES
A5034572659,W4417007013,WRITES
A5034572659,W4399485661,WRITES
A5034572659,W4388574092,WRITES
A5034572659,I4210123993,AFFILIATED_WITH
A5126146973,W7126022358,WRITES
A5126146973,W7126088191,WRITES
A5126146973,I4210123993,AFFILIATED_WITH
LOCAL_A000088,W4415655487,WRITES
LOCAL_A000088,W4390344721,WRITES
LOCAL_A000088,W4290719035,WRITES
LOCAL_A000088,W4385636643,WRITES
LOCAL_A000088,I4210123993,AFFILIATED_WITH
A5103072436,W4387071130,WRITES
A5103072436,W4403071246,WRITES
A5103072436,I4210123993,AFFILIATED_WITH
A5058220593,W3158933702,WRITES
A5058220593,W4405387853,WRITES
A5058220593,W4408940629,WRITES
A5058220593,W3049107245,WRITES
A5058220593,W3109970070,WRITES
A5058220593,I4210123993,AFFILIATED_WITH
A5030758686,W4411310108,WRITES
A5030758686,I18550681,AFFILIATED_WITH
A5057673381,W4319603301,WRITES
A5057673381,W4361000564,WRITES
A5057673381,W4319603294,WRITES
A5057673381,I139264467,AFFILIATED_WITH
A5057673381,I109689652,AFFILIATED_WITH
A5057673381,I123565023,AFFILIATED_WITH
A5057673381,I23582244,AFFILIATED_WITH
A5124362125,W7126151423,WRITES
A5124362125,I4210116271,AFFILIATED_WITH
LOCAL_A000447,W4412189097,WRITES
LOCAL_A000447,I79775147,AFFILIATED_WITH
A5016633616,W4400605975,WRITES
A5016633616,I70349855,AFFILIATED_WITH
A5016425643,W3137041823,WRITES
A5016425643,W4406489951,WRITES
A5016425643,W4323866303,WRITES
A5016425643,W3194522155,WRITES
A5016425643,W3162355841,WRITES
A5016425643,W3205232137,WRITES
A5016425643,W4387083611,WRITES
A5016425643,I170238339,AFFILIATED_WITH
A5016425643,I4210126287,AFFILIATED_WITH
A5016425643,I202539009,AFFILIATED_WITH
A5016425643,I4210145579,AFFILIATED_WITH
A5099351333,W4243275109,WRITES
A5099351333,I4210123993,AFFILIATED_WITH
LOCAL_A000305,W4243275109,WRITES
A5110964815,W4317434551,WRITES
A5110964815,W4295338113,WRITES
A5110964815,W4361000564,WRITES
A5110964815,W4319603294,WRITES
A5110964815,W4281553590,WRITES
A5110964815,I109689652,AFFILIATED_WITH
A5110964815,I139264467,AFFILIATED_WITH
A5110964815,I123565023,AFFILIATED_WITH
A5110964815,I23582244,AFFILIATED_WITH
A5139063594,W7165570983,WRITES
A5139063594,I4210115343,AFFILIATED_WITH
A5101402518,W4394784089,WRITES
A5101402518,I3020192730,AFFILIATED_WITH
A5088212360,W4410502019,WRITES
A5088212360,W4410502105,WRITES
A5100631783,W3162355841,WRITES
A5109711025,W4406489951,WRITES
A5109711025,I4210115718,AFFILIATED_WITH
A5103120340,W3128738220,WRITES
A5103120340,W3136985740,WRITES
A5103120340,W4220917548,WRITES
A5103120340,W3129134850,WRITES
A5103120340,W3143569447,WRITES
A5103120340,I141445968,AFFILIATED_WITH
LOCAL_A000664,W4322624037,WRITES
LOCAL_A000664,I109689652,AFFILIATED_WITH
A5075533872,W4283712137,WRITES
A5075533872,I141445968,AFFILIATED_WITH
A5012438728,W3183299634,WRITES
A5012438728,I4210123993,AFFILIATED_WITH
LOCAL_A000371,W4285832125,WRITES
LOCAL_A000371,I4210123993,AFFILIATED_WITH
A5034547214,W4367322283,WRITES
A5104187193,W4387877661,WRITES
A5104187193,I141445968,AFFILIATED_WITH
A5005360975,W4410810504,WRITES
A5005360975,W4404952803,WRITES
A5005360975,I4210148201,AFFILIATED_WITH
A5046502643,W4296598416,WRITES
A5046502643,I3132567084,AFFILIATED_WITH
A5123725179,W7127274448,WRITES
A5123725179,I205274468,AFFILIATED_WITH
A5087959841,W4409916877,WRITES
A5087959841,I196829312,AFFILIATED_WITH
A5044678839,W3214253959,WRITES
A5044678839,I29199639,AFFILIATED_WITH
A5077989995,W4212864265,WRITES
A5077989995,W3008389910,WRITES
A5077989995,W4206228720,WRITES
A5077989995,W3173625614,WRITES
A5077989995,W3203312421,WRITES
A5077989995,W3206327856,WRITES
A5077989995,W3005361225,WRITES
A5077989995,W3023182627,WRITES
A5077989995,W3095119307,WRITES
A5077989995,W3030708207,WRITES
A5077989995,W3174934777,WRITES
A5077989995,W3094167965,WRITES
A5077989995,W3110222689,WRITES
A5077989995,W4223991974,WRITES
A5077989995,W3215054809,WRITES
A5077989995,W3155712582,WRITES
A5077989995,W3128738220,WRITES
A5077989995,W3091775653,WRITES
A5077989995,W3088810769,WRITES
A5077989995,W3145787593,WRITES
A5077989995,W4232993015,WRITES
A5077989995,W4289259902,WRITES
A5077989995,W3090567294,WRITES
A5077989995,W3108106393,WRITES
A5077989995,W3117627346,WRITES
A5077989995,W3119993405,WRITES
A5077989995,W3147969751,WRITES
A5077989995,W3148383904,WRITES
A5077989995,W3191655728,WRITES
A5077989995,W4236113390,WRITES
A5077989995,W4386547305,WRITES
A5077989995,W4401831013,WRITES
A5077989995,W4285266850,WRITES
A5077989995,W4313396687,WRITES
A5077989995,W4396680807,WRITES
A5077989995,W3203242018,WRITES
A5077989995,W3172560453,WRITES
A5077989995,W4294982649,WRITES
A5077989995,W3136985740,WRITES
A5077989995,W3206545182,WRITES
A5077989995,W4379382643,WRITES
A5077989995,W4313586752,WRITES
A5077989995,W3168655084,WRITES
A5077989995,W4220917548,WRITES
A5077989995,W4390457208,WRITES
A5077989995,W4387757625,WRITES
A5077989995,W4393947503,WRITES
A5077989995,W3129134850,WRITES
A5077989995,W3196164652,WRITES
A5077989995,W3214362572,WRITES
A5077989995,W4294839230,WRITES
A5077989995,W3143569447,WRITES
A5077989995,W4311364086,WRITES
A5077989995,W4322624037,WRITES
A5077989995,I4210123993,AFFILIATED_WITH
A5077989995,I141445968,AFFILIATED_WITH
A5135077615,W7159982177,WRITES
A5135077615,I70349855,AFFILIATED_WITH
A5083500033,W4414786344,WRITES
A5085028163,W4400350350,WRITES
A5085028163,I29199639,AFFILIATED_WITH
A5027433720,W4387566111,WRITES
A5027433720,I141445968,AFFILIATED_WITH
A5104181817,W4387566111,WRITES
A5000531779,W4308973105,WRITES
A5000531779,I4210123993,AFFILIATED_WITH
A5135086837,W7159983385,WRITES
A5135086837,I3020192730,AFFILIATED_WITH
A5132687538,W7147213615,WRITES
A5132687538,I3020192730,AFFILIATED_WITH
A5132687538,I7868373,AFFILIATED_WITH
A5005047524,W3115873876,WRITES
A5005047524,I123565023,AFFILIATED_WITH
LOCAL_A000044,W7125369332,WRITES
LOCAL_A000044,W7130349534,WRITES
LOCAL_A000044,I4210142044,AFFILIATED_WITH
A5077817519,W3159682264,WRITES
A5074560142,W4416780613,WRITES
A5074560142,I4210104442,AFFILIATED_WITH
A5043157568,W4386059449,WRITES
A5043157568,W4281817358,WRITES
A5043157568,W4316589740,WRITES
A5043157568,W4317208165,WRITES
A5043157568,I4210104442,AFFILIATED_WITH
A5043157568,I177733328,AFFILIATED_WITH
A5043157568,I4210096386,AFFILIATED_WITH
A5007737431,W4387566111,WRITES
A5007737431,I3020192730,AFFILIATED_WITH
A5064289811,W4416780613,WRITES
A5064289811,I4210101969,AFFILIATED_WITH
A5064289811,I4210123993,AFFILIATED_WITH
A5064289811,I4391012539,AFFILIATED_WITH
A5017407091,W4307303369,WRITES
A5017407091,I141445968,AFFILIATED_WITH
A5017407091,I142208455,AFFILIATED_WITH
A5037825941,W3118494691,WRITES
A5037825941,I4210133406,AFFILIATED_WITH
A5049528580,W3199138090,WRITES
A5049528580,I4210123993,AFFILIATED_WITH
A5083727054,W4327969100,WRITES
A5083727054,I4210093659,AFFILIATED_WITH
A5118648874,W4411689146,WRITES
A5118648874,I181727666,AFFILIATED_WITH
A5102547534,W4386053682,WRITES
A5102547534,I4210086020,AFFILIATED_WITH
A5073115693,W3034501957,WRITES
A5073115693,I177733328,AFFILIATED_WITH
A5027018014,W4412396029,WRITES
A5027018014,W4415222788,WRITES
A5027018014,W4407170082,WRITES
A5027018014,I4210108007,AFFILIATED_WITH
A5083053786,W4410630703,WRITES
A5083053786,W4409117302,WRITES
A5083053786,I86346663,AFFILIATED_WITH
A5079955478,W7123341761,WRITES
A5079955478,I4210123993,AFFILIATED_WITH
A5087019672,W4403315124,WRITES
A5087019672,W7140101445,WRITES
A5087019672,I4210123993,AFFILIATED_WITH
A5087019672,I4387155935,AFFILIATED_WITH
A5087019672,I47265099,AFFILIATED_WITH
A5087019672,I4210136062,AFFILIATED_WITH
A5087019672,I919571938,AFFILIATED_WITH
A5076045469,W4317423688,WRITES
A5076045469,W3137041823,WRITES
A5076045469,W4415383964,WRITES
A5076045469,W4323866303,WRITES
A5076045469,W3194522155,WRITES
A5076045469,W3162355841,WRITES
A5076045469,W3205232137,WRITES
A5076045469,W4384108323,WRITES
A5076045469,I202539009,AFFILIATED_WITH
A5037305946,W3201040525,WRITES
A5037305946,W4414271358,WRITES
A5037305946,I12912129,AFFILIATED_WITH
A5037305946,I205274468,AFFILIATED_WITH
A5037305946,I4210142044,AFFILIATED_WITH
A5054233093,W4415383964,WRITES
A5054233093,W4417297452,WRITES
A5054233093,W7136346916,WRITES
A5054233093,W4384108323,WRITES
A5054233093,W4403137041,WRITES
A5054233093,I70349855,AFFILIATED_WITH
A5054233093,I47265099,AFFILIATED_WITH
A5072082220,W4399490801,WRITES
A5072082220,I177233841,AFFILIATED_WITH
A5072082220,I4210119841,AFFILIATED_WITH
A5062937996,W3108801041,WRITES
A5062937996,W4392281991,WRITES
A5062937996,W3039627223,WRITES
A5062937996,W3041914111,WRITES
A5062937996,W3021181631,WRITES
A5062937996,I170238339,AFFILIATED_WITH
A5081148659,W2909806954,WRITES
A5081148659,W3143440782,WRITES
A5081148659,W2339729704,WRITES
A5081148659,W3144716668,WRITES
A5081148659,I170238339,AFFILIATED_WITH
A5008604791,W4283390991,WRITES
A5008604791,I70349855,AFFILIATED_WITH
A5008604791,I94518387,AFFILIATED_WITH
A5006254056,W4379514722,WRITES
A5006254056,I123565023,AFFILIATED_WITH
A5006254056,I47265099,AFFILIATED_WITH
A5101353641,W4401742244,WRITES
A5101353641,I70349855,AFFILIATED_WITH
A5019526804,W3091775653,WRITES
A5019526804,I170238339,AFFILIATED_WITH
A5088894961,W4385265498,WRITES
A5088894961,I177233841,AFFILIATED_WITH
A5088894961,I4210162957,AFFILIATED_WITH
A5065602862,W4384108323,WRITES
A5065602862,I4210116271,AFFILIATED_WITH
A5078022401,W3108801041,WRITES
A5078022401,I194118695,AFFILIATED_WITH
A5050217515,W3129119852,WRITES
A5050217515,I16733864,AFFILIATED_WITH
A5114377555,W4386374716,WRITES
A5114377555,I5936373,AFFILIATED_WITH
A5036038477,W2983803309,WRITES
A5036038477,I191642347,AFFILIATED_WITH
A5016621990,W4414704940,WRITES
A5016621990,I170726198,AFFILIATED_WITH
A5059104200,W4312100761,WRITES
A5059104200,I4880106,AFFILIATED_WITH
A5091945662,W4401475444,WRITES
A5091945662,W4404087784,WRITES
A5091945662,W7166003581,WRITES
A5091945662,I1315456113,AFFILIATED_WITH
A5111216846,W4388140420,WRITES
A5076572310,W7126085536,WRITES
A5076572310,I23582244,AFFILIATED_WITH
A5018716310,W7118452653,WRITES
A5018716310,I2801261953,AFFILIATED_WITH
A5018716310,I4210099821,AFFILIATED_WITH
A5123784405,W7125619734,WRITES
A5123784405,I4210137358,AFFILIATED_WITH
A5044593104,W4416954067,WRITES
A5044593104,W4323866303,WRITES
A5044593104,I3020192730,AFFILIATED_WITH
A5044593104,I4210137358,AFFILIATED_WITH
A5123683358,W7125485054,WRITES
A5123683358,I4210124651,AFFILIATED_WITH
LOCAL_A000600,W4390702302,WRITES
LOCAL_A000600,W4408621636,WRITES
LOCAL_A000600,I4210148201,AFFILIATED_WITH
LOCAL_A000550,W7127959413,WRITES
LOCAL_A000550,I4210142044,AFFILIATED_WITH
A5059493647,W4366978331,WRITES
A5059493647,I177733328,AFFILIATED_WITH
A5112690050,W2941956459,WRITES
A5112690050,I123565023,AFFILIATED_WITH
A5066957498,W3046893219,WRITES
A5066957498,I138622004,AFFILIATED_WITH
A5104243858,W4391826672,WRITES
A5103324738,W4296707155,WRITES
A5103324738,W7118869195,WRITES
A5103324738,I4210123993,AFFILIATED_WITH
A5123655582,W7125485054,WRITES
A5123655582,I4210123993,AFFILIATED_WITH
A5123939718,W7125773854,WRITES
A5123939718,I4210123993,AFFILIATED_WITH
LOCAL_A000043,W7118568249,WRITES
LOCAL_A000043,I4210123993,AFFILIATED_WITH
A5101583696,W4391261154,WRITES
A5101583696,I4210123993,AFFILIATED_WITH
A5101149266,W4293103731,WRITES
A5101149266,W3138092914,WRITES
A5101149266,W4311711212,WRITES
A5101149266,I4210123993,AFFILIATED_WITH
A5066821118,W4413265398,WRITES
A5066821118,W4394568521,WRITES
A5066821118,W4401617823,WRITES
A5066821118,W4386489072,WRITES
A5066821118,I3129492623,AFFILIATED_WITH
A5066821118,I4210123993,AFFILIATED_WITH
A5066821118,I4210131701,AFFILIATED_WITH
A5032415906,W4406148933,WRITES
A5032415906,I257903683,AFFILIATED_WITH
A5032415906,I4210103434,AFFILIATED_WITH
A5091027836,W4393089136,WRITES
A5091027836,I47265099,AFFILIATED_WITH
A5103059530,W7125369332,WRITES
A5103059530,I123565023,AFFILIATED_WITH
A5103059530,I47265099,AFFILIATED_WITH
A5101381093,W7125773854,WRITES
A5101381093,I4210124651,AFFILIATED_WITH
A5058794010,W4386478134,WRITES
A5058794010,W4386932733,WRITES
A5058794010,W4296372825,WRITES
A5058794010,I4210123993,AFFILIATED_WITH
A5058794010,I12079687,AFFILIATED_WITH
A5005338149,W3142776653,WRITES
A5005338149,W3183386125,WRITES
A5005338149,W4231330581,WRITES
A5005338149,W3204420088,WRITES
A5005338149,W3171413831,WRITES
A5005338149,W3133521134,WRITES
A5005338149,I4210123993,AFFILIATED_WITH
A5124156341,W7126107906,WRITES
A5124156341,I23582244,AFFILIATED_WITH
A5092858813,W4386691717,WRITES
A5092858813,I4391012539,AFFILIATED_WITH
A5050136807,W3199233539,WRITES
A5050136807,I4210123993,AFFILIATED_WITH
A5116540100,W4410124353,WRITES
A5116540100,I47265099,AFFILIATED_WITH
A5102516062,W4378084553,WRITES
A5102516062,I182526193,AFFILIATED_WITH
A5124453177,W7126182670,WRITES
A5124453177,I4210115718,AFFILIATED_WITH
A5104201126,W4386411789,WRITES
A5104201126,I123565023,AFFILIATED_WITH
A5104201126,I88761825,AFFILIATED_WITH
A5104201126,I89004649,AFFILIATED_WITH
A5101980585,W4412081623,WRITES
A5101980585,I4210148201,AFFILIATED_WITH
A5010817506,W4410810504,WRITES
A5010817506,I141445968,AFFILIATED_WITH
A5114215421,W4401948602,WRITES
A5114215421,I4210123993,AFFILIATED_WITH
A5024527579,W4388942254,WRITES
A5024527579,I1315456113,AFFILIATED_WITH
A5029973339,W3136985740,WRITES
A5029973339,W4220917548,WRITES
A5029973339,W3143569447,WRITES
A5029973339,I141445968,AFFILIATED_WITH
A5036240913,W4317794911,WRITES
A5036240913,I4210123993,AFFILIATED_WITH
A5061433803,W4318476690,WRITES
A5061433803,I110116418,AFFILIATED_WITH
A5000548221,W4412396029,WRITES
A5000548221,W4403457169,WRITES
A5000548221,W4414701392,WRITES
A5000548221,W4414883085,WRITES
A5000548221,W4411621627,WRITES
A5000548221,W4415222788,WRITES
A5000548221,W4407170082,WRITES
A5000548221,I170238339,AFFILIATED_WITH
A5023592446,W2983803309,WRITES
A5023592446,W4211174566,WRITES
A5023592446,W2767566591,WRITES
A5023592446,W2180953235,WRITES
A5014767912,W4322506502,WRITES
A5014767912,I170238339,AFFILIATED_WITH
A5104075933,W4409377644,WRITES
A5104075933,I4210118835,AFFILIATED_WITH
A5079652119,W3199970305,WRITES
A5079652119,I47265099,AFFILIATED_WITH
A5053336588,W7125983273,WRITES
A5053336588,I4210111957,AFFILIATED_WITH
A5117757559,W4410853424,WRITES
A5117757559,I4210123993,AFFILIATED_WITH
A5038960846,W4226406074,WRITES
A5038960846,I4391012539,AFFILIATED_WITH
A5014362711,W4283013405,WRITES
A5014362711,W4308601566,WRITES
A5014362711,W4396538106,WRITES
A5014362711,W4404167614,WRITES
A5014362711,W3111124944,WRITES
A5014362711,W3194799677,WRITES
A5014362711,W3110171308,WRITES
A5014362711,W4414595727,WRITES
A5014362711,W4394747446,WRITES
A5014362711,I228151691,AFFILIATED_WITH
A5014362711,I4210104442,AFFILIATED_WITH
A5138750666,W7164884701,WRITES
A5138750666,I23582244,AFFILIATED_WITH
A5061034390,W4409968850,WRITES
A5061034390,W7161388772,WRITES
A5061034390,W7161414526,WRITES
A5061034390,W4394956844,WRITES
A5061034390,I27837315,AFFILIATED_WITH
A5102819254,W4292367284,WRITES
A5102819254,I123565023,AFFILIATED_WITH
A5091922471,W4376127836,WRITES
A5091922471,W4386865921,WRITES
A5132643128,W7147563121,WRITES
A5132643128,I4210123993,AFFILIATED_WITH
A5108782097,W4303045635,WRITES
A5108782097,I181727666,AFFILIATED_WITH
LOCAL_A000458,W4415383964,WRITES
LOCAL_A000458,I4210093468,AFFILIATED_WITH
A5031646882,W2983803309,WRITES
A5023909031,W4406548207,WRITES
A5023909031,I8961855,AFFILIATED_WITH
A5006503198,W4309782718,WRITES
A5006503198,I154851008,AFFILIATED_WITH
A5066581436,W4391612257,WRITES
A5066581436,W4391474950,WRITES
A5066581436,W4392795430,WRITES
A5066581436,W4407717565,WRITES
A5066581436,W4390410811,WRITES
A5066581436,I120089902,AFFILIATED_WITH
A5048072243,W4417064001,WRITES
A5048072243,W7117322308,WRITES
A5048072243,W4406960022,WRITES
A5048072243,W4408938301,WRITES
A5048072243,W4406143081,WRITES
A5048072243,W4411492197,WRITES
A5048072243,I4210123993,AFFILIATED_WITH
LOCAL_A000436,W4409377644,WRITES
LOCAL_A000436,I4210123993,AFFILIATED_WITH
A5007233714,W3049614703,WRITES
A5007233714,I4210157430,AFFILIATED_WITH
A5098157644,W3024115407,WRITES
A5098157644,I4210123993,AFFILIATED_WITH
A5118514486,W4411492197,WRITES
A5118514486,I2802508454,AFFILIATED_WITH
A5009617428,W4360620773,WRITES
A5009617428,I4210123993,AFFILIATED_WITH
A5135511189,W7160384513,WRITES
A5135511189,I4210123993,AFFILIATED_WITH
A5001746495,W4415655487,WRITES
A5001746495,W4392707062,WRITES
A5001746495,W3080524420,WRITES
A5001746495,I177733328,AFFILIATED_WITH
A5116224403,W4407356752,WRITES
A5116224403,I177733328,AFFILIATED_WITH
A5022723572,W3212363074,WRITES
A5022723572,I4210123993,AFFILIATED_WITH
A5116174047,W7134116251,WRITES
A5116174047,W4408278081,WRITES
A5116174047,W4408169239,WRITES
A5116174047,I4210123993,AFFILIATED_WITH
A5023492471,W7129553087,WRITES
A5023492471,W4394886436,WRITES
A5023492471,W4412843188,WRITES
A5023492471,W4388411191,WRITES
A5023492471,W4392286337,WRITES
A5023492471,W4389046658,WRITES
A5023492471,W4407814570,WRITES
A5023492471,W4398179436,WRITES
A5023492471,W4401270311,WRITES
A5023492471,W4407997245,WRITES
A5023492471,W4410274316,WRITES
A5023492471,I177733328,AFFILIATED_WITH
A5023492471,I4210134642,AFFILIATED_WITH
A5023492471,I109689652,AFFILIATED_WITH
A5023492471,I148366613,AFFILIATED_WITH
A5023492471,I91807558,AFFILIATED_WITH
A5097765031,W3196636059,WRITES
A5097765031,I4210123993,AFFILIATED_WITH
A5119568656,W4414060981,WRITES
A5119568656,I4210123993,AFFILIATED_WITH
A5062012235,W4361215744,WRITES
A5062012235,I4210123993,AFFILIATED_WITH
A5035354610,W4323649772,WRITES
A5035354610,W4389674456,WRITES
A5035354610,I23582244,AFFILIATED_WITH
A5035354610,I123565023,AFFILIATED_WITH
A5129903790,W7138925389,WRITES
A5129903790,W7150767546,WRITES
A5129903790,I4210123993,AFFILIATED_WITH
A5107591587,W7127432421,WRITES
A5107591587,I4210123993,AFFILIATED_WITH
A5124970310,W7127339740,WRITES
A5124970310,W7127352289,WRITES
A5124970310,W7127411886,WRITES
A5124970310,I4210123993,AFFILIATED_WITH
A5102730698,W4408223418,WRITES
A5102730698,W4408200799,WRITES
A5102730698,W4410810312,WRITES
A5102730698,I4210123993,AFFILIATED_WITH
A5004083201,W4414271358,WRITES
A5004083201,W4408223448,WRITES
A5004083201,W4416367685,WRITES
A5004083201,W4406356442,WRITES
A5004083201,W4407638824,WRITES
A5004083201,I4210123993,AFFILIATED_WITH
A5114705828,W4410810274,WRITES
A5114705828,I4210123993,AFFILIATED_WITH
A5014568924,W4361215744,WRITES
A5014568924,I4210123993,AFFILIATED_WITH
A5002522804,W7130349534,WRITES
A5002522804,I193352282,AFFILIATED_WITH
A5065649299,W4407561213,WRITES
A5065649299,W4378904270,WRITES
A5065649299,I188815454,AFFILIATED_WITH
A5065649299,I2801941164,AFFILIATED_WITH
A5086061422,W4407763579,WRITES
A5086061422,I4210095101,AFFILIATED_WITH
A5030631827,W4400558697,WRITES
A5030631827,W4399659214,WRITES
A5030631827,I4210095101,AFFILIATED_WITH
A5102898390,W4283838068,WRITES
A5102898390,I4210095101,AFFILIATED_WITH
A5136549000,W7161842826,WRITES
A5136549000,I4210095101,AFFILIATED_WITH
A5114054713,W4405932039,WRITES
A5114054713,I4210095101,AFFILIATED_WITH
A5073906374,W3185593370,WRITES
A5073906374,W3212564068,WRITES
A5073906374,I3129492623,AFFILIATED_WITH
A5104034403,W3214136215,WRITES
A5104034403,W4298124764,WRITES
A5104034403,W4317555814,WRITES
A5104034403,I3129492623,AFFILIATED_WITH
A5104034403,I5100685,AFFILIATED_WITH
A5121846813,W7131672289,WRITES
A5121846813,I187855631,AFFILIATED_WITH
A5121846813,I4210116271,AFFILIATED_WITH
A5025951446,W4409606894,WRITES
A5025951446,I4210146893,AFFILIATED_WITH
A5020187786,W4403302723,WRITES
A5020187786,I4210126982,AFFILIATED_WITH
A5020187786,I4400008996,AFFILIATED_WITH
A5039122925,W4415675047,WRITES
A5039122925,W4403144078,WRITES
A5039122925,I4210123993,AFFILIATED_WITH
A5014184732,W4282049254,WRITES
A5014184732,I202539009,AFFILIATED_WITH
A5014184732,I4210123993,AFFILIATED_WITH
A5014184732,I4210150999,AFFILIATED_WITH
A5014184732,I4400600977,AFFILIATED_WITH
A5114527443,W4404070413,WRITES
A5114527443,I4210123993,AFFILIATED_WITH
A5107768506,W4403155959,WRITES
A5114767761,W4404666346,WRITES
A5114767761,I4210138746,AFFILIATED_WITH
A5023323877,W2030518961,WRITES
A5023323877,W3015003805,WRITES
A5023323877,I4210123993,AFFILIATED_WITH
A5133821499,W7154646527,WRITES
A5133821499,I3129492623,AFFILIATED_WITH
A5101258999,W7154646527,WRITES
A5101258999,I4210123993,AFFILIATED_WITH
A5037488103,W4404044791,WRITES
A5037488103,I4210123993,AFFILIATED_WITH
A5129576085,W7136710832,WRITES
A5129576085,I47265099,AFFILIATED_WITH
A5034541869,W4200252789,WRITES
A5034541869,W4312679249,WRITES
A5034541869,W4377965809,WRITES
A5034541869,W4400131583,WRITES
A5034541869,I4210123993,AFFILIATED_WITH
A5049791266,W4404007090,WRITES
A5049791266,W3039627223,WRITES
A5049791266,W3041914111,WRITES
A5049791266,W4410885136,WRITES
A5049791266,W4407918048,WRITES
A5049791266,I188891513,AFFILIATED_WITH
A5049791266,I2799424032,AFFILIATED_WITH
A5049791266,I12832649,AFFILIATED_WITH
A5049791266,I141445968,AFFILIATED_WITH
A5122193922,W7118767696,WRITES
A5122193922,I4210123993,AFFILIATED_WITH
A5132655044,W7147035534,WRITES
A5132655044,I4210123993,AFFILIATED_WITH
A5067025192,W4416462147,WRITES
A5067025192,I4210123993,AFFILIATED_WITH
A5059312578,W4402962879,WRITES
A5059312578,I3130697706,AFFILIATED_WITH
A5062934357,W3116402835,WRITES
A5062934357,W2946688566,WRITES
A5062934357,W4287824222,WRITES
A5062934357,I4210123993,AFFILIATED_WITH
LOCAL_A000474,W7104585896,WRITES
LOCAL_A000474,I4210101969,AFFILIATED_WITH
A5000269339,W4360586542,WRITES
A5000269339,W4389674456,WRITES
A5000269339,I4391012539,AFFILIATED_WITH
A5085629269,W4290719035,WRITES
A5085629269,W4385636643,WRITES
A5085629269,I170238339,AFFILIATED_WITH
A5124912709,W7127274448,WRITES
A5124912709,I4210123993,AFFILIATED_WITH
A5061887361,W4296081994,WRITES
A5061887361,I2802508454,AFFILIATED_WITH
A5138226202,W7164001604,WRITES
A5138226202,I4210123993,AFFILIATED_WITH
A5129724645,W7137929809,WRITES
A5129724645,I2802089456,AFFILIATED_WITH
A5110733360,W3116490051,WRITES
A5110733360,I4210123993,AFFILIATED_WITH
A5089897389,W3205987068,WRITES
A5089897389,I4210123993,AFFILIATED_WITH
A5063751724,W4408960506,WRITES
A5063751724,I23582244,AFFILIATED_WITH
A5063751724,I4210123993,AFFILIATED_WITH
A5024466583,W7125369332,WRITES
A5024466583,W7130349534,WRITES
A5024466583,W4404007090,WRITES
A5024466583,W7134165910,WRITES
A5024466583,W4410885136,WRITES
A5024466583,W4407918048,WRITES
A5024466583,I4210123993,AFFILIATED_WITH
A5007977315,W4399628261,WRITES
A5007977315,W4407677325,WRITES
A5007977315,I3020192730,AFFILIATED_WITH
A5099851173,W4400259404,WRITES
A5099851173,I181727666,AFFILIATED_WITH
A5099851173,I4210123993,AFFILIATED_WITH
A5110402647,W4390702302,WRITES
A5110402647,I3020192730,AFFILIATED_WITH
A5113048693,W7119595644,WRITES
A5113048693,W4388757718,WRITES
A5113048693,I4210123993,AFFILIATED_WITH
A5035049724,W4385400337,WRITES
A5035049724,I4210123993,AFFILIATED_WITH
A5053295960,W3014248967,WRITES
A5053295960,W3082289561,WRITES
A5053295960,W3087384557,WRITES
A5053295960,W3167996336,WRITES
A5053295960,W4281716388,WRITES
A5053295960,W4244980571,WRITES
A5053295960,W3035678663,WRITES
A5053295960,W3192495317,WRITES
A5053295960,W3141743962,WRITES
A5053295960,W3109935767,WRITES
A5053295960,W4362723292,WRITES
A5053295960,I4210123993,AFFILIATED_WITH
A5053295960,I181727666,AFFILIATED_WITH
A5053295960,I3129629310,AFFILIATED_WITH
A5013790137,W4416992823,WRITES
A5013790137,I3020192730,AFFILIATED_WITH
A5012479711,W7123341761,WRITES
A5012479711,I4210124651,AFFILIATED_WITH
A5091407554,W4416770216,WRITES
A5091407554,I4210101969,AFFILIATED_WITH
A5084006403,W4417064001,WRITES
A5084006403,I177733328,AFFILIATED_WITH
A5084006403,I4210102087,AFFILIATED_WITH
A5084006403,I4210166347,AFFILIATED_WITH
A5084006403,I4387155212,AFFILIATED_WITH
A5009202157,W4313681423,WRITES
A5009202157,I4210123993,AFFILIATED_WITH
A5132551954,W7147213615,WRITES
A5132551954,I100625452,AFFILIATED_WITH
A5132551954,I267427436,AFFILIATED_WITH
A5115435966,W4405378921,WRITES
A5115435966,I4210123993,AFFILIATED_WITH
A5080858949,W4327814100,WRITES
A5080858949,I87216513,AFFILIATED_WITH
A5013912685,W4416564054,WRITES
A5013912685,I4210101969,AFFILIATED_WITH
A5013912685,I4391012539,AFFILIATED_WITH
A5001223994,W3005516765,WRITES
A5001223994,I4210123993,AFFILIATED_WITH
A5108761377,W3185964855,WRITES
A5108761377,W3004515227,WRITES
A5108761377,W3177081908,WRITES
A5108761377,W3196094549,WRITES
A5108761377,W3196533964,WRITES
A5108761377,W3196831637,WRITES
A5108761377,W3197931863,WRITES
A5108761377,W4390639711,WRITES
A5108761377,I4210123993,AFFILIATED_WITH
A5018528890,W4311276396,WRITES
A5018528890,I4210123993,AFFILIATED_WITH
A5103852709,W4411159297,WRITES
A5103852709,I170238339,AFFILIATED_WITH
A5116933739,W4409178946,WRITES
A5101409609,W3211702712,WRITES
A5101409609,W3213111374,WRITES
A5101409609,I141445968,AFFILIATED_WITH
A5031952416,W3210289654,WRITES
A5031952416,I4210101969,AFFILIATED_WITH
A5084059075,W3199547620,WRITES
A5084059075,I4210120055,AFFILIATED_WITH
A5117087722,W4409293757,WRITES
A5117087722,I141445968,AFFILIATED_WITH
A5002005365,W3037301877,WRITES
A5002005365,I4210115718,AFFILIATED_WITH
A5076082548,W4390598605,WRITES
A5032051091,W7152541672,WRITES
A5032051091,I4210123993,AFFILIATED_WITH
A5104635098,W4400733488,WRITES
A5104635098,I4210123993,AFFILIATED_WITH
A5095604805,W4417319514,WRITES
A5095604805,I123565023,AFFILIATED_WITH
A5095604805,I4210100829,AFFILIATED_WITH
A5092080605,W4379468618,WRITES
A5092080605,W4379232316,WRITES
A5092080605,I182526193,AFFILIATED_WITH
A5045944169,W4395464345,WRITES
A5045944169,I70349855,AFFILIATED_WITH
LOCAL_A000515,W7108322544,WRITES
LOCAL_A000515,W7108328204,WRITES
LOCAL_A000515,I205640436,AFFILIATED_WITH
A5124084838,W7125983273,WRITES
A5124084838,I3020192730,AFFILIATED_WITH
A5054046541,W4317423688,WRITES
A5054046541,W4323866303,WRITES
A5054046541,W3205232137,WRITES
A5054046541,I3020192730,AFFILIATED_WITH
A5054046541,I170238339,AFFILIATED_WITH
A5079210120,W4387958850,WRITES
A5079210120,I70349855,AFFILIATED_WITH
A5121798944,W7117993812,WRITES
A5121798944,I4210123993,AFFILIATED_WITH
LOCAL_A000051,W3135627771,WRITES
LOCAL_A000051,I4210123993,AFFILIATED_WITH
A5133435331,W7153560386,WRITES
A5133435331,W7160174753,WRITES
A5133435331,I4210093659,AFFILIATED_WITH
A5113279192,W4410916652,WRITES
A5113279192,I3129492623,AFFILIATED_WITH
A5113279192,I4210123993,AFFILIATED_WITH
A5101768172,W4292875940,WRITES
A5101768172,I158708052,AFFILIATED_WITH
A5138215236,W7163995216,WRITES
A5138215236,I4210088379,AFFILIATED_WITH
A5082250333,W3135035374,WRITES
A5082250333,I4210123993,AFFILIATED_WITH
LOCAL_A000007,W4415747466,WRITES
LOCAL_A000007,I109689652,AFFILIATED_WITH
A5011543714,W4307303369,WRITES
A5011543714,I142208455,AFFILIATED_WITH
A5109280766,W3013943119,WRITES
A5109280766,W3030321203,WRITES
A5109280766,I4210095101,AFFILIATED_WITH
A5015278628,W3201553504,WRITES
A5015278628,I177733328,AFFILIATED_WITH
LOCAL_A000543,W7125944245,WRITES
A5064935874,W4323029777,WRITES
A5064935874,I4210123993,AFFILIATED_WITH
A5124070504,W7125944245,WRITES
A5124070504,I4210123993,AFFILIATED_WITH
A5060719743,W4389639153,WRITES
A5060719743,I4210101969,AFFILIATED_WITH
LOCAL_A000541,W7125944245,WRITES
A5033647992,W4391474950,WRITES
A5033647992,W4407717565,WRITES
A5033647992,I3129492623,AFFILIATED_WITH
A5047468382,W4281728060,WRITES
A5047468382,I177733328,AFFILIATED_WITH
A5047468382,I3020192730,AFFILIATED_WITH
A5047468382,I4210139842,AFFILIATED_WITH
A5047468382,I4387155212,AFFILIATED_WITH
A5104004303,W3038323774,WRITES
A5104004303,I4387155935,AFFILIATED_WITH
A5104004303,I47265099,AFFILIATED_WITH
A5112953474,W7142477247,WRITES
A5112953474,I4210142044,AFFILIATED_WITH
A5030100270,W4214738594,WRITES
A5030100270,W4295123541,WRITES
A5030100270,W4385235017,WRITES
A5030100270,W3156106451,WRITES
A5030100270,I70349855,AFFILIATED_WITH
A5100634151,W4243275109,WRITES
A5100634151,I4210123993,AFFILIATED_WITH
A5059041759,W4387124706,WRITES
A5059041759,I2802508454,AFFILIATED_WITH
A5089409625,W2006698604,WRITES
A5089409625,I64519617,AFFILIATED_WITH
A5089409625,I94518387,AFFILIATED_WITH
A5013855040,W4406148933,WRITES
A5013855040,I142904861,AFFILIATED_WITH
A5031270481,W4283723790,WRITES
A5031270481,I177733328,AFFILIATED_WITH
A5070562283,W4414447663,WRITES
A5070562283,I131359167,AFFILIATED_WITH
A5016799901,W3135296255,WRITES
A5016799901,W3153426027,WRITES
A5016799901,W3179003915,WRITES
A5016799901,W4224262552,WRITES
A5016799901,W3134277447,WRITES
A5016799901,W3208830123,WRITES
A5016799901,W4226409382,WRITES
A5016799901,W4396806920,WRITES
A5016799901,W3094847424,WRITES
A5016799901,W4412728291,WRITES
A5016799901,W4206104263,WRITES
A5016799901,W4205910169,WRITES
A5016799901,W4388848702,WRITES
A5016799901,W4390279411,WRITES
A5016799901,W3178978547,WRITES
A5016799901,W4205404143,WRITES
A5016799901,W4399947613,WRITES
A5016799901,W7163867813,WRITES
A5016799901,W4402693339,WRITES
A5016799901,W4291298303,WRITES
A5016799901,W3135837502,WRITES
A5016799901,W4220938728,WRITES
A5016799901,W2994822816,WRITES
A5016799901,W4388019680,WRITES
A5016799901,W3135539754,WRITES
A5016799901,W3047660184,WRITES
A5016799901,W3192945546,WRITES
A5016799901,W3206970384,WRITES
A5016799901,W4313415965,WRITES
A5016799901,W4296757415,WRITES
A5016799901,I4210123993,AFFILIATED_WITH
A5016799901,I4210125847,AFFILIATED_WITH
A5117428843,W4410070026,WRITES
A5117428843,I4210123993,AFFILIATED_WITH
A5011841596,W4387124706,WRITES
A5011841596,I4210123993,AFFILIATED_WITH
A5031822796,W7123341761,WRITES
A5031822796,I4210124651,AFFILIATED_WITH
A5028160757,W4377002350,WRITES
A5028160757,I4210137358,AFFILIATED_WITH
A5110045504,W4200131528,WRITES
A5110045504,W4307968637,WRITES
A5110045504,I70349855,AFFILIATED_WITH
A5092778074,W4385372578,WRITES
LOCAL_A000163,W4293221027,WRITES
LOCAL_A000192,W4293221027,WRITES
LOCAL_A000690,W4253353920,WRITES
LOCAL_A000112,W4293221027,WRITES
LOCAL_A000175,W4293221027,WRITES
A5136928656,W7162318469,WRITES
A5136928656,I223532165,AFFILIATED_WITH
A5109230591,W2131291272,WRITES
A5109230591,I2799342587,AFFILIATED_WITH
A5109230591,I4210123993,AFFILIATED_WITH
A5132294692,W7162318469,WRITES
A5132294692,I223532165,AFFILIATED_WITH
A5136930714,W7162318469,WRITES
A5136930714,I1925986,AFFILIATED_WITH
A5109216007,W2983539862,WRITES
A5109216007,I4210123993,AFFILIATED_WITH
A5004868082,W2075394754,WRITES
A5004868082,I4210143324,AFFILIATED_WITH
A5014526200,W4378448636,WRITES
A5014526200,I108714496,AFFILIATED_WITH
A5014526200,I63596082,AFFILIATED_WITH
A5136946130,W7162318469,WRITES
A5136946130,I207123951,AFFILIATED_WITH
A5052671761,W2124259739,WRITES
A5052671761,W1575253570,WRITES
A5052671761,I913481162,AFFILIATED_WITH
A5090217780,W2108572327,WRITES
A5090217780,I4210123993,AFFILIATED_WITH
A5078038327,W2368672273,WRITES
A5078038327,I4210123993,AFFILIATED_WITH
A5100962753,W2362499528,WRITES
A5100962753,I4210123993,AFFILIATED_WITH
A5056529592,W2361420054,WRITES
A5045498018,W4313260174,WRITES
A5045498018,I3124059619,AFFILIATED_WITH
A5084793653,W4388635132,WRITES
A5084793653,I159247623,AFFILIATED_WITH
A5101966424,W4205438146,WRITES
A5101966424,W4311364086,WRITES
A5101966424,I186903577,AFFILIATED_WITH
A5072055957,W4380086388,WRITES
A5072055957,I55952717,AFFILIATED_WITH
A5112038070,W2172418087,WRITES
A5123991349,W7125821153,WRITES
A5123991349,I25846049,AFFILIATED_WITH
A5103768228,W7160032096,WRITES
A5103768228,W7160136628,WRITES
A5103768228,I47519274,AFFILIATED_WITH
A5104000316,W2379718457,WRITES
A5104000316,I4210123993,AFFILIATED_WITH
A5056344750,W2352342249,WRITES
A5100727651,W2979119366,WRITES
A5100727651,I4210123993,AFFILIATED_WITH
A5092439237,W4383814612,WRITES
A5092439237,I6469544,AFFILIATED_WITH
A5102001542,W2388280979,WRITES
A5102001542,I4210123993,AFFILIATED_WITH
A5100626681,W2391727592,WRITES
A5100626681,I4210123993,AFFILIATED_WITH
A5063807725,W2386611280,WRITES
A5063807725,I4210123993,AFFILIATED_WITH
A5078016706,W2393862579,WRITES
A5078016706,I4210123993,AFFILIATED_WITH
A5110085228,W3201885838,WRITES
A5110085228,I4210112569,AFFILIATED_WITH
A5089711572,W2953848273,WRITES
A5089711572,I1332387789,AFFILIATED_WITH
A5089711572,I25399158,AFFILIATED_WITH
A5109301306,W4402229499,WRITES
A5109301306,I184693016,AFFILIATED_WITH
A5040810553,W4205438146,WRITES
A5040810553,I197347611,AFFILIATED_WITH
A5040810553,I89004649,AFFILIATED_WITH
A5073908772,W3115873876,WRITES
A5073908772,W4392281991,WRITES
A5073908772,I158708052,AFFILIATED_WITH
A5122254251,W7118452653,WRITES
A5122254251,I4210125530,AFFILIATED_WITH
A5084339087,W4406018358,WRITES
A5084339087,W4397008973,WRITES
A5084339087,I27429435,AFFILIATED_WITH
A5057972238,W4392188359,WRITES
A5057972238,I48076826,AFFILIATED_WITH
A5027047123,W4390501728,WRITES
A5027047123,I126633494,AFFILIATED_WITH
A5056985800,W4200002544,WRITES
A5056985800,W4220747986,WRITES
A5056985800,I4210105946,AFFILIATED_WITH
A5118601678,W4411567740,WRITES
A5118601678,I47818738,AFFILIATED_WITH
A5100344338,W4319297517,WRITES
A5100344338,I194450716,AFFILIATED_WITH
A5060570144,W1902563258,WRITES
A5060570144,W1491100760,WRITES
A5060570144,W2116401724,WRITES
A5060570144,I4210143324,AFFILIATED_WITH
A5060570144,I1287643137,AFFILIATED_WITH
A5101437812,W4394595654,WRITES
A5101437812,I194450716,AFFILIATED_WITH
A5100608566,W4394617350,WRITES
A5100608566,W4405869633,WRITES
A5100608566,I194450716,AFFILIATED_WITH
A5100608566,I4210148225,AFFILIATED_WITH
LOCAL_A000421,W4407370804,WRITES
LOCAL_A000421,I20942203,AFFILIATED_WITH
LOCAL_A000421,I67031392,AFFILIATED_WITH
A5100741130,W4402988558,WRITES
A5100741130,I20942203,AFFILIATED_WITH
A5100741130,I67031392,AFFILIATED_WITH
A5039307851,W4296598416,WRITES
A5039307851,I22265921,AFFILIATED_WITH
A5130028438,W7138834802,WRITES
A5130028438,I4210118607,AFFILIATED_WITH
A5130028438,I4387154394,AFFILIATED_WITH
A5055525972,W3006831780,WRITES
A5055525972,I154864474,AFFILIATED_WITH
A5071723663,W4402229499,WRITES
A5071723663,I184693016,AFFILIATED_WITH
A5071723663,I4210126829,AFFILIATED_WITH
A5058891664,W2983803309,WRITES
A5079146545,W2366305170,WRITES
A5079146545,W2392419092,WRITES
A5079146545,I4210123993,AFFILIATED_WITH
A5065309436,W2383136295,WRITES
A5055094158,W4416088264,WRITES
A5055094158,I4210118607,AFFILIATED_WITH
A5055094158,I68171755,AFFILIATED_WITH
A5103159189,W4405335093,WRITES
A5103159189,I13850615,AFFILIATED_WITH
A5103159189,I19820366,AFFILIATED_WITH
A5103159189,I4210145338,AFFILIATED_WITH
A5048664845,W2920977915,WRITES
A5048664845,W2952065493,WRITES
A5048664845,I4210087915,AFFILIATED_WITH
A5080830696,W7138163378,WRITES
A5080830696,I4210118607,AFFILIATED_WITH
A5080830696,I68171755,AFFILIATED_WITH
A5070144964,W4411306514,WRITES
A5070144964,W4384826006,WRITES
A5070144964,I205612303,AFFILIATED_WITH
A5070144964,I148366613,AFFILIATED_WITH
A5084471393,W4281867261,WRITES
A5084471393,W4293582204,WRITES
A5084471393,I121980950,AFFILIATED_WITH
A5057749394,W2626032508,WRITES
A5057749394,I11935315,AFFILIATED_WITH
A5057749394,I1294671590,AFFILIATED_WITH
A5057749394,I134635517,AFFILIATED_WITH
A5057749394,I3130588412,AFFILIATED_WITH
A5057749394,I4210159287,AFFILIATED_WITH
A5051291679,W4313130190,WRITES
A5051291679,W3199681249,WRITES
A5051291679,W4312259919,WRITES
A5051291679,W4312329452,WRITES
A5051291679,W3199916958,WRITES
A5051291679,W3200132627,WRITES
A5051291679,W4312669879,WRITES
A5051291679,W3201066843,WRITES
A5051291679,W4312600534,WRITES
A5051291679,W4312634760,WRITES
A5051291679,W3199214587,WRITES
A5051291679,W3200577445,WRITES
A5051291679,I3133213403,AFFILIATED_WITH
A5051291679,I4210123993,AFFILIATED_WITH
A5113563018,W2607391129,WRITES
A5113563018,I4210123993,AFFILIATED_WITH
A5113563018,I4210155144,AFFILIATED_WITH
A5077694527,W3101266795,WRITES
A5077694527,W3103923053,WRITES
A5077694527,W4206414210,WRITES
A5077694527,W4411249372,WRITES
A5077694527,W4285733410,WRITES
A5077694527,I172951950,AFFILIATED_WITH
A5077694527,I205783295,AFFILIATED_WITH
A5110325729,W2777233750,WRITES
A5110325729,I1289490764,AFFILIATED_WITH
A5110325729,I1334095494,AFFILIATED_WITH
A5110325729,I4210096256,AFFILIATED_WITH
A5110325729,I4210123993,AFFILIATED_WITH
A5110325729,I4210124306,AFFILIATED_WITH
A5110325729,I4210150894,AFFILIATED_WITH
A5110325729,I899146839,AFFILIATED_WITH
A5020096319,W2983803309,WRITES
A5020096319,W4211174566,WRITES
A5020096319,W2767566591,WRITES
A5020096319,W3093833112,WRITES
A5020096319,W2180953235,WRITES
A5040005212,W4290719035,WRITES
A5040005212,W4385636643,WRITES
A5040005212,I4210162568,AFFILIATED_WITH
A5040005212,I82495205,AFFILIATED_WITH
A5134019745,W7154951097,WRITES
A5134019745,I4210162568,AFFILIATED_WITH
A5134019745,I82495205,AFFILIATED_WITH
LOCAL_A000544,W7125983273,WRITES
LOCAL_A000544,I4210162568,AFFILIATED_WITH
LOCAL_A000544,I82495205,AFFILIATED_WITH
A5000973793,W4205125477,WRITES
A5000973793,I4210127180,AFFILIATED_WITH
A5043749543,W4414417404,WRITES
A5043749543,I4210127772,AFFILIATED_WITH
A5051000539,W4417007013,WRITES
A5051000539,W7126022358,WRITES
A5051000539,W7126088191,WRITES
A5051000539,I4210162935,AFFILIATED_WITH
LOCAL_A000494,W7108322544,WRITES
LOCAL_A000494,W7108328204,WRITES
LOCAL_A000494,I215330179,AFFILIATED_WITH
A5122295020,W7118452653,WRITES
A5122295020,I215330179,AFFILIATED_WITH
A5070999622,W2112833496,WRITES
A5074304527,W4283723303,WRITES
A5074304527,I39534123,AFFILIATED_WITH
A5100403280,W4362576283,WRITES
A5100403280,I163753206,AFFILIATED_WITH
A5042786686,W4379232316,WRITES
A5042786686,W4389310208,WRITES
A5042786686,W4385948362,WRITES
A5042786686,I179193067,AFFILIATED_WITH
A5107174257,W2386619164,WRITES
A5107174257,I4210123993,AFFILIATED_WITH
A5028914131,W2922328822,WRITES
A5028914131,I1283280774,AFFILIATED_WITH
LOCAL_A000682,W4253353920,WRITES
LOCAL_A000139,W4293221027,WRITES
LOCAL_A000149,W4293221027,WRITES
LOCAL_A000246,W4312656552,WRITES
LOCAL_A000189,W4293221027,WRITES
LOCAL_A000297,W3199357865,WRITES
LOCAL_A000297,I4210123993,AFFILIATED_WITH
A5128503682,W7134165910,WRITES
A5128503682,I170238339,AFFILIATED_WITH
A5077465191,W2359087034,WRITES
A5077465191,W2359846968,WRITES
A5077465191,W2364214456,WRITES
A5077465191,I4210123993,AFFILIATED_WITH
A5091071937,W4392600430,WRITES
A5091071937,W4392709346,WRITES
A5091071937,I1332353952,AFFILIATED_WITH
A5081094991,W2391062075,WRITES
A5081094991,I4210123993,AFFILIATED_WITH
A5100352418,W2360780799,WRITES
A5100352418,I4210123993,AFFILIATED_WITH
A5089298247,W2383588927,WRITES
A5089298247,I4210123993,AFFILIATED_WITH
A5007702645,W2387121626,WRITES
A5102221833,W2383688341,WRITES
A5102221833,I4210123993,AFFILIATED_WITH
A5100411480,W2393264722,WRITES
A5100411480,I4210123993,AFFILIATED_WITH
A5102027458,W2389824223,WRITES
A5102027458,I4210123993,AFFILIATED_WITH
A5023109138,W2351048033,WRITES
A5023109138,I4210123993,AFFILIATED_WITH
A5100612055,W4394568521,WRITES
A5100612055,I4210104335,AFFILIATED_WITH
A5100612055,I848706,AFFILIATED_WITH
A5065463000,W4403286789,WRITES
A5065463000,I25399270,AFFILIATED_WITH
A5065463000,I189210763,AFFILIATED_WITH
A5065463000,I4210131885,AFFILIATED_WITH
A5100455479,W2352342249,WRITES
A5042417560,W4401337581,WRITES
A5042417560,I52158045,AFFILIATED_WITH
A5033714280,W2377197450,WRITES
A5033714280,I4210123993,AFFILIATED_WITH
A5100634247,W4386170078,WRITES
A5100634247,I176808543,AFFILIATED_WITH
A5101579465,W2375632798,WRITES
A5101579465,I4210123993,AFFILIATED_WITH
A5033033828,W2920977915,WRITES
A5033033828,I4210087915,AFFILIATED_WITH
A5033033828,I862669128,AFFILIATED_WITH
A5100449436,W4319297517,WRITES
A5100449436,I194450716,AFFILIATED_WITH
A5053036468,W2392419092,WRITES
A5100569874,W2383847036,WRITES
A5100569874,I4210123993,AFFILIATED_WITH
A5089575397,W2358678889,WRITES
A5089575397,I4210123993,AFFILIATED_WITH
A5033467314,W4409211677,WRITES
A5033467314,I165745306,AFFILIATED_WITH
A5033467314,I4210098205,AFFILIATED_WITH
A5101610795,W4415163764,WRITES
A5101610795,I173009982,AFFILIATED_WITH
A5101547642,W2388532291,WRITES
A5101547642,I4210123993,AFFILIATED_WITH
A5100754504,W2383400330,WRITES
A5100754504,I4210123993,AFFILIATED_WITH
A5023755501,W2363823498,WRITES
A5023755501,W2391031955,WRITES
A5023755501,I4210123993,AFFILIATED_WITH
A5041986292,W2388389568,WRITES
A5041986292,I4210123993,AFFILIATED_WITH
A5100301925,W2330652693,WRITES
A5100437263,W2375384992,WRITES
A5100437263,I4210123993,AFFILIATED_WITH
A5124939854,W7127436591,WRITES
A5124939854,I4210123993,AFFILIATED_WITH
A5097638246,W2006698604,WRITES
A5097638246,I64519617,AFFILIATED_WITH
A5097638246,I94518387,AFFILIATED_WITH
A5139195928,W7165659512,WRITES
A5139195928,I4210143793,AFFILIATED_WITH
A5022231076,W4387083611,WRITES
A5022231076,W4387971596,WRITES
A5022231076,I170238339,AFFILIATED_WITH
A5093054692,W7147213615,WRITES
A5093054692,I123565023,AFFILIATED_WITH
A5093054692,I4210093057,AFFILIATED_WITH
A5093054692,I47265099,AFFILIATED_WITH
A5092020621,W4403286789,WRITES
A5092020621,I25399270,AFFILIATED_WITH
A5092020621,I189210763,AFFILIATED_WITH
A5092020621,I4210131885,AFFILIATED_WITH
A5034704196,W4391696950,WRITES
A5034704196,I131359167,AFFILIATED_WITH
A5103009774,W4389615139,WRITES
A5103009774,I202539009,AFFILIATED_WITH
A5073587956,W7125419339,WRITES
A5073587956,I4210123993,AFFILIATED_WITH
A5045332874,W3162355841,WRITES
A5045332874,I202539009,AFFILIATED_WITH
A5077733475,W4412834641,WRITES
A5077733475,W7147213615,WRITES
A5077733475,I267427436,AFFILIATED_WITH
A5101499505,W4406874864,WRITES
A5101499505,I94518387,AFFILIATED_WITH
A5093656409,W4390598605,WRITES
A5042145631,W4367366146,WRITES
A5042145631,I49382586,AFFILIATED_WITH
A5040078698,W3021273088,WRITES
A5040078698,W3034897084,WRITES
A5040078698,I120089902,AFFILIATED_WITH
A5004755597,W7162326146,WRITES
A5004755597,I4210126287,AFFILIATED_WITH
A5136363689,W7161594234,WRITES
A5136363689,I123565023,AFFILIATED_WITH
A5136363689,I70349855,AFFILIATED_WITH
A5048057078,W3137041823,WRITES
A5048057078,I202539009,AFFILIATED_WITH
A5091512952,W4214738594,WRITES
A5091512952,W3183299895,WRITES
A5091512952,W4291392888,WRITES
A5091512952,I4210104442,AFFILIATED_WITH
A5091512952,I4210154685,AFFILIATED_WITH
A5091512952,I47807185,AFFILIATED_WITH
A5080216121,W4389625650,WRITES
A5080216121,W4399490801,WRITES
A5080216121,W4386034709,WRITES
A5080216121,W4400130597,WRITES
A5080216121,I123565023,AFFILIATED_WITH
A5080216121,I47265099,AFFILIATED_WITH
A5093113482,W4389625650,WRITES
A5093113482,I4210134375,AFFILIATED_WITH
A5101843477,W2353894650,WRITES
A5100390651,W4386170078,WRITES
A5100390651,I176808543,AFFILIATED_WITH
A5065984932,W4282926064,WRITES
A5065984932,W4364304374,WRITES
A5065984932,W4323979420,WRITES
A5065984932,W4319953710,WRITES
A5065984932,W2901855654,WRITES
A5065984932,W3199301772,WRITES
A5065984932,W3208505995,WRITES
A5065984932,W4382813560,WRITES
A5065984932,W4399763896,WRITES
A5065984932,W4417499288,WRITES
A5065984932,W3199396396,WRITES
A5065984932,W7137929809,WRITES
A5065984932,W4388805496,WRITES
A5065984932,W3209926259,WRITES
A5065984932,W4407742590,WRITES
A5065984932,I4210123993,AFFILIATED_WITH
A5097683438,W3171997405,WRITES
A5097683438,I4210123993,AFFILIATED_WITH
A5063218061,W7155517813,WRITES
A5063218061,I4210123993,AFFILIATED_WITH
A5048178300,W4385265498,WRITES
A5048178300,I4210162957,AFFILIATED_WITH
LOCAL_A000140,W4293221027,WRITES
LOCAL_A000242,W4312656552,WRITES
LOCAL_A000110,W4293221027,WRITES
LOCAL_A000166,W4293221027,WRITES
LOCAL_A000136,W4293221027,WRITES
LOCAL_A000111,W4293221027,WRITES
LOCAL_A000231,W4312656552,WRITES
LOCAL_A000231,W4285191318,WRITES
LOCAL_A000121,W4293221027,WRITES
A5019008914,W2075394754,WRITES
A5019008914,I4210143324,AFFILIATED_WITH
A5117527759,W4410320989,WRITES
A5117527759,I291386647,AFFILIATED_WITH
A5082083737,W4313907308,WRITES
A5082083737,W4404595456,WRITES
A5082083737,I201537933,AFFILIATED_WITH
A5136905539,W7162318469,WRITES
A5136905539,I193775966,AFFILIATED_WITH
A5130098630,W7162318469,WRITES
A5130098630,I189513530,AFFILIATED_WITH
A5124059558,W7125983273,WRITES
A5124059558,I4210135839,AFFILIATED_WITH
A5107949962,W7162318469,WRITES
A5107949962,I189513530,AFFILIATED_WITH
A5052000517,W4293103731,WRITES
A5052000517,W3138092914,WRITES
A5052000517,W3138212945,WRITES
A5052000517,W3138109193,WRITES
A5052000517,W3213824419,WRITES
A5052000517,W3199681249,WRITES
A5052000517,W3201649873,WRITES
A5052000517,W3214195485,WRITES
A5052000517,W4312259919,WRITES
A5052000517,W3138233066,WRITES
A5052000517,W3212008025,WRITES
A5052000517,W4312329452,WRITES
A5052000517,W3136825017,WRITES
A5052000517,W3199266439,WRITES
A5052000517,W3199916958,WRITES
A5052000517,W3200132627,WRITES
A5052000517,W3200297433,WRITES
A5052000517,W4312669879,WRITES
A5052000517,W4389617125,WRITES
A5052000517,W3199235166,WRITES
A5052000517,W3199333285,WRITES
A5052000517,W3199477842,WRITES
A5052000517,W3199544892,WRITES
A5052000517,W3199887413,WRITES
A5052000517,W3200418864,WRITES
A5052000517,W3200732705,WRITES
A5052000517,W3200891447,WRITES
A5052000517,W3201066843,WRITES
A5052000517,W3211590055,WRITES
A5052000517,W3211671346,WRITES
A5052000517,W3212016922,WRITES
A5052000517,W3212222020,WRITES
A5052000517,W3212303430,WRITES
A5052000517,W3212358114,WRITES
A5052000517,W3212392119,WRITES
A5052000517,W3212450826,WRITES
A5052000517,W3213821022,WRITES
A5052000517,W3214427605,WRITES
A5052000517,W4312600534,WRITES
A5052000517,W4312634760,WRITES
A5052000517,W4312835598,WRITES
A5052000517,W4312866422,WRITES
A5052000517,W3007337991,WRITES
A5052000517,W3159534123,WRITES
A5052000517,W4311711212,WRITES
A5052000517,W4398241260,WRITES
A5052000517,W4399589926,WRITES
A5052000517,W3136349206,WRITES
A5052000517,W3136397549,WRITES
A5052000517,W3199214587,WRITES
A5052000517,W3200577445,WRITES
A5052000517,W3213241775,WRITES
A5052000517,I4210111957,AFFILIATED_WITH
A5052000517,I4210123993,AFFILIATED_WITH
A5052000517,I4210131701,AFFILIATED_WITH
A5005120026,W4313130190,WRITES
A5005120026,I3133213403,AFFILIATED_WITH
A5005120026,I4210123993,AFFILIATED_WITH
A5109361678,W2921438491,WRITES
A5109361678,I1283280774,AFFILIATED_WITH
A5109361678,I4210152274,AFFILIATED_WITH
A5060317298,W4281670811,WRITES
A5060317298,W4392346811,WRITES
A5060317298,I4210119680,AFFILIATED_WITH
A5060317298,I4210123161,AFFILIATED_WITH
LOCAL_A000344,W4285191318,WRITES
A5061989511,W7128925053,WRITES
A5061989511,W7131416904,WRITES
A5061989511,I47519274,AFFILIATED_WITH
A5122189634,W7118452653,WRITES
A5122189634,I4210098748,AFFILIATED_WITH
A5122189634,I45129253,AFFILIATED_WITH
A5059745870,W2983803309,WRITES
A5059745870,W3093833112,WRITES
A5055323888,W4224117736,WRITES
A5055323888,I4210159645,AFFILIATED_WITH
A5101555441,W4396617921,WRITES
A5042636879,W4405869633,WRITES
A5042636879,I121296143,AFFILIATED_WITH
A5058571639,W2378117118,WRITES
A5058571639,I4210123993,AFFILIATED_WITH
A5035772870,W2353944961,WRITES
A5035772870,I4210123993,AFFILIATED_WITH
A5088461473,W2355965641,WRITES
A5088461473,I4210123993,AFFILIATED_WITH
A5115588329,W2387121626,WRITES
A5115588329,I4210123993,AFFILIATED_WITH
A5100294403,W2381930509,WRITES
A5100294403,I4210123993,AFFILIATED_WITH
A5103137371,W2375758141,WRITES
A5103137371,I4210123993,AFFILIATED_WITH
A5100421249,W4317794911,WRITES
A5100421249,I157394403,AFFILIATED_WITH
A5034064963,W2364023241,WRITES
A5034064963,W2389169406,WRITES
A5034064963,I4210123993,AFFILIATED_WITH
A5043910551,W2386878779,WRITES
A5043910551,I4210123993,AFFILIATED_WITH
A5059100699,W2386782160,WRITES
A5059100699,I4210123993,AFFILIATED_WITH
A5054223932,W2361211101,WRITES
A5054223932,I4210123993,AFFILIATED_WITH
A5100402379,W4414206059,WRITES
A5100402379,I4210123993,AFFILIATED_WITH
A5100402379,I45129253,AFFILIATED_WITH
A5100354734,W4321250367,WRITES
A5100354734,W4364375921,WRITES
A5100354734,I4210123993,AFFILIATED_WITH
A5100354734,I12912129,AFFILIATED_WITH
A5100354734,I137902535,AFFILIATED_WITH
A5081680183,W2353561656,WRITES
A5081680183,W2379589344,WRITES
A5007080908,W2393977638,WRITES
A5007080908,I4210123993,AFFILIATED_WITH
LOCAL_A000294,W3126625127,WRITES
LOCAL_A000294,I90090648,AFFILIATED_WITH
A5101863680,W4409916877,WRITES
A5101863680,I177877127,AFFILIATED_WITH
A5102657472,W2372529671,WRITES
A5102657472,I4210123993,AFFILIATED_WITH
A5109357060,W4399490801,WRITES
A5109357060,I91807558,AFFILIATED_WITH
A5124225233,W7126022358,WRITES
A5124225233,W7126088191,WRITES
A5124225233,I4210113837,AFFILIATED_WITH
A5039672274,W2626032508,WRITES
A5039672274,I11935315,AFFILIATED_WITH
A5039672274,I1294671590,AFFILIATED_WITH
A5039672274,I4210159287,AFFILIATED_WITH
A5080831219,W4417007013,WRITES
A5080831219,I4210113837,AFFILIATED_WITH
A5104277836,W4394617350,WRITES
A5104277836,W4405869633,WRITES
A5104277836,I194450716,AFFILIATED_WITH
A5104277836,I4210148225,AFFILIATED_WITH
A5100314779,W4394595654,WRITES
A5100314779,I194450716,AFFILIATED_WITH
A5109107978,W4225154649,WRITES
A5109107978,I117222138,AFFILIATED_WITH
A5046613313,W4410891208,WRITES
A5046613313,W4393322250,WRITES
A5046613313,I4210088963,AFFILIATED_WITH
A5103217838,W4200142760,WRITES
A5103217838,I4394709108,AFFILIATED_WITH
A5102214222,W2352342249,WRITES
A5112744355,W4214693772,WRITES
A5112744355,I4210123993,AFFILIATED_WITH
A5009692670,W4302306691,WRITES
A5009692670,W4408078602,WRITES
A5009692670,W4404886589,WRITES
A5009692670,W4402847072,WRITES
A5009692670,W3135035374,WRITES
A5009692670,W4406828764,WRITES
A5009692670,I4210123993,AFFILIATED_WITH
A5122389452,W7133975914,WRITES
A5122389452,I2802701112,AFFILIATED_WITH
LOCAL_A000400,W4391826672,WRITES
LOCAL_A000400,I64519617,AFFILIATED_WITH
A5029249233,W3199311694,WRITES
A5029249233,I4210157207,AFFILIATED_WITH
A5093706061,W4390760815,WRITES
A5102761696,W7127288345,WRITES
A5102761696,I123565023,AFFILIATED_WITH
A5104301123,W4390717671,WRITES
A5036010540,W4415696730,WRITES
A5036010540,I32062511,AFFILIATED_WITH
A5036010540,I4210085930,AFFILIATED_WITH
A5049701520,W3171413831,WRITES
A5049701520,I78768145,AFFILIATED_WITH
A5008944931,W3214891465,WRITES
A5008944931,I205133468,AFFILIATED_WITH
A5022946961,W4403134195,WRITES
A5022946961,I165507594,AFFILIATED_WITH
A5082221333,W4394568521,WRITES
A5082221333,I4210104335,AFFILIATED_WITH
A5082221333,I848706,AFFILIATED_WITH
A5100705609,W1902563258,WRITES
A5100705609,W1491100760,WRITES
A5100705609,W2116401724,WRITES
A5100705609,I4210143324,AFFILIATED_WITH
A5100705609,I1287643137,AFFILIATED_WITH
A5071127149,W4405281261,WRITES
A5071127149,I118564535,AFFILIATED_WITH
A5071127149,I130692619,AFFILIATED_WITH
A5103152813,W4407370804,WRITES
A5103152813,W4402988558,WRITES
A5103152813,I4210089944,AFFILIATED_WITH
A5103152813,I98251732,AFFILIATED_WITH
A5101870214,W4403286789,WRITES
A5101870214,I25399270,AFFILIATED_WITH
A5101870214,I189210763,AFFILIATED_WITH
A5101870214,I4210131885,AFFILIATED_WITH
A5109960742,W4415379161,WRITES
A5109960742,I4210118607,AFFILIATED_WITH
A5109960742,I91279580,AFFILIATED_WITH
LOCAL_A000027,W7115905231,WRITES
LOCAL_A000027,I4210118607,AFFILIATED_WITH
LOCAL_A000027,I91279580,AFFILIATED_WITH
A5102388480,W3129119852,WRITES
A5102388480,I16733864,AFFILIATED_WITH
A5011154592,W4403344039,WRITES
A5011154592,I9842412,AFFILIATED_WITH
A5069029743,W3080396026,WRITES
A5069029743,W3201885838,WRITES
A5069029743,I4210112569,AFFILIATED_WITH
A5073925871,W4289102291,WRITES
A5073925871,I76903346,AFFILIATED_WITH
A5020723643,W2677270484,WRITES
A5020723643,I4210088741,AFFILIATED_WITH
A5100441311,W4392746748,WRITES
A5100441311,I87445476,AFFILIATED_WITH
LOCAL_A000604,W4411163057,WRITES
LOCAL_A000604,I155028946,AFFILIATED_WITH
A5120906618,W7116340925,WRITES
A5120906618,W7133226126,WRITES
A5120906618,I199856841,AFFILIATED_WITH
A5028948267,W4413106375,WRITES
A5028948267,W7164045742,WRITES
A5028948267,W4285025417,WRITES
A5028948267,W4400422349,WRITES
A5028948267,W4403638785,WRITES
A5028948267,W4408050037,WRITES
A5028948267,W4403691949,WRITES
A5028948267,W4413400898,WRITES
A5028948267,W4400826303,WRITES
A5028948267,W4414023921,WRITES
A5028948267,W4387082937,WRITES
A5028948267,I199856841,AFFILIATED_WITH
A5110679012,W2353818729,WRITES
A5110679012,W2366146598,WRITES
A5110679012,W2374836287,WRITES
A5110679012,I4210123993,AFFILIATED_WITH
A5073290826,W4386416432,WRITES
A5073290826,I78928947,AFFILIATED_WITH
A5034944739,W4388635132,WRITES
A5034944739,I35928602,AFFILIATED_WITH
A5018164756,W4205883349,WRITES
A5018164756,I89015989,AFFILIATED_WITH
A5050179474,W2372599374,WRITES
A5050179474,I4210123993,AFFILIATED_WITH
A5100424203,W4386170078,WRITES
A5100424203,I1327237609,AFFILIATED_WITH
A5100424203,I176808543,AFFILIATED_WITH
A5051691002,W4393010195,WRITES
A5051691002,I174101054,AFFILIATED_WITH
A5051691002,I4210096127,AFFILIATED_WITH
A5062225876,W4385349456,WRITES
A5062225876,W4389150287,WRITES
A5062225876,I138925566,AFFILIATED_WITH
A5071852839,W4394568521,WRITES
A5071852839,I4210104335,AFFILIATED_WITH
A5071852839,I848706,AFFILIATED_WITH
A5052946148,W4309109511,WRITES
A5052946148,W4212858205,WRITES
A5052946148,I113306721,AFFILIATED_WITH
A5085568555,W4367728083,WRITES
A5085568555,I4210093221,AFFILIATED_WITH
A5025363291,W4407561213,WRITES
A5025363291,W4378904270,WRITES
A5025363291,I181547552,AFFILIATED_WITH
A5025363291,I188815454,AFFILIATED_WITH
A5025363291,I205133468,AFFILIATED_WITH
A5109594464,W4409996787,WRITES
A5109594464,I181547552,AFFILIATED_WITH
A5109594464,I188815454,AFFILIATED_WITH
A5109594464,I205133468,AFFILIATED_WITH
A5035224025,W4416900077,WRITES
A5035224025,W4386489072,WRITES
A5035224025,I201537933,AFFILIATED_WITH
A5035224025,I4210131147,AFFILIATED_WITH
A5035224025,I82475049,AFFILIATED_WITH
A5035224025,I145286018,AFFILIATED_WITH
A5065568852,W4394568521,WRITES
A5065568852,I4210104335,AFFILIATED_WITH
A5065568852,I848706,AFFILIATED_WITH
A5026538440,W4308684493,WRITES
A5026538440,I4575257,AFFILIATED_WITH
A5026538440,I93906172,AFFILIATED_WITH
A5052578911,W4392431566,WRITES
A5052578911,I12832649,AFFILIATED_WITH
A5030209618,W4390502111,WRITES
A5030209618,W4409554317,WRITES
A5030209618,W4411626447,WRITES
A5030209618,I28777354,AFFILIATED_WITH
A5004913719,W4283772388,WRITES
A5004913719,I51569856,AFFILIATED_WITH
A5068032370,W4320922100,WRITES
A5068032370,I185163786,AFFILIATED_WITH
A5034313357,W2374796501,WRITES
A5034313357,I4210123993,AFFILIATED_WITH
A5100914650,W2363474016,WRITES
A5100914650,I4210123993,AFFILIATED_WITH
A5106172262,W4409828992,WRITES
A5106172262,I33849332,AFFILIATED_WITH
A5106172262,I4210116886,AFFILIATED_WITH
A5113955270,W2394176052,WRITES
A5113955270,I4210123993,AFFILIATED_WITH
LOCAL_A000287,W2375384992,WRITES
A5113747468,W4405335093,WRITES
A5113747468,I13850615,AFFILIATED_WITH
A5113747468,I19820366,AFFILIATED_WITH
A5113747468,I4210145338,AFFILIATED_WITH
A5125342398,W7128925053,WRITES
A5125342398,I47519274,AFFILIATED_WITH
A5125342398,I98298690,AFFILIATED_WITH
LOCAL_A000032,W7115905231,WRITES
LOCAL_A000032,I98298690,AFFILIATED_WITH
A5101893134,W4401225747,WRITES
A5101893134,I12079687,AFFILIATED_WITH
A5101893134,I189210763,AFFILIATED_WITH
A5134546392,W7155558618,WRITES
A5134546392,I152743029,AFFILIATED_WITH
A5134546392,I2802587341,AFFILIATED_WITH
A5121968098,W7118163415,WRITES
A5121968098,I152743029,AFFILIATED_WITH
A5067379892,W4384944020,WRITES
A5067379892,W4410506249,WRITES
A5067379892,W4396585527,WRITES
A5067379892,I4210101453,AFFILIATED_WITH
A5113169613,W2357678823,WRITES
A5113169613,I4210123993,AFFILIATED_WITH
A5065841119,W2381930509,WRITES
A5089071501,W4402689909,WRITES
A5089071501,I4210118607,AFFILIATED_WITH
A5073055413,W7118163415,WRITES
A5073055413,W7150069323,WRITES
A5073055413,W7155558618,WRITES
A5073055413,I4210118607,AFFILIATED_WITH
A5065302871,W3199087809,WRITES
A5065302871,I9842412,AFFILIATED_WITH
A5137480998,W7162938210,WRITES
A5137480998,I4210101453,AFFILIATED_WITH
A5123414799,W7124893938,WRITES
A5123414799,I4210101453,AFFILIATED_WITH
A5017599839,W4392746748,WRITES
A5017599839,W4409211677,WRITES
A5017599839,I165745306,AFFILIATED_WITH
A5017599839,I4210098205,AFFILIATED_WITH
A5101466206,W4280534488,WRITES
A5101466206,W4386292890,WRITES
A5101466206,I6469544,AFFILIATED_WITH
A5101466206,I80947539,AFFILIATED_WITH
A5132979210,W7150069323,WRITES
A5132979210,I1293718874,AFFILIATED_WITH
A5132979210,I142974352,AFFILIATED_WITH
A5132979210,I152743029,AFFILIATED_WITH
A5132979210,I4210102636,AFFILIATED_WITH
A5132979210,I4210118607,AFFILIATED_WITH
A5132979210,I68171755,AFFILIATED_WITH
A5135106888,W7160032096,WRITES
A5135106888,W7160136628,WRITES
A5135106888,I4210102636,AFFILIATED_WITH
A5135106888,I4210118607,AFFILIATED_WITH
A5130388406,W7140080270,WRITES
A5130388406,I142974352,AFFILIATED_WITH
A5130388406,I152743029,AFFILIATED_WITH
A5130388406,I4210102636,AFFILIATED_WITH
A5130388406,I4210118607,AFFILIATED_WITH
A5130388406,I68171755,AFFILIATED_WITH
LOCAL_A000017,W7115881942,WRITES
LOCAL_A000017,W7115905231,WRITES
LOCAL_A000017,I142974352,AFFILIATED_WITH
LOCAL_A000017,I4210118607,AFFILIATED_WITH
LOCAL_A000017,I68171755,AFFILIATED_WITH
A5129810714,W7138834802,WRITES
A5129810714,I142974352,AFFILIATED_WITH
A5129810714,I152743029,AFFILIATED_WITH
A5129810714,I4210102636,AFFILIATED_WITH
A5129810714,I4210118607,AFFILIATED_WITH
A5129810714,I68171755,AFFILIATED_WITH
A5102556818,W7118163415,WRITES
A5102556818,W7131416904,WRITES
A5102556818,W7133243872,WRITES
A5102556818,W7138163378,WRITES
A5102556818,I142974352,AFFILIATED_WITH
A5102556818,I152743029,AFFILIATED_WITH
A5102556818,I4210102636,AFFILIATED_WITH
A5102556818,I4210118607,AFFILIATED_WITH
A5102556818,I68171755,AFFILIATED_WITH
A5060090368,W4403286789,WRITES
A5060090368,I25399270,AFFILIATED_WITH
A5060090368,I189210763,AFFILIATED_WITH
A5060090368,I4210131885,AFFILIATED_WITH
A5026391773,W4414708112,WRITES
A5026391773,W7139037461,WRITES
A5026391773,W7155558618,WRITES
A5026391773,W4402689909,WRITES
A5026391773,W4415379161,WRITES
A5026391773,W4416088264,WRITES
A5026391773,I142974352,AFFILIATED_WITH
A5026391773,I152743029,AFFILIATED_WITH
A5026391773,I68171755,AFFILIATED_WITH
A5026391773,I4210102636,AFFILIATED_WITH
A5026391773,I4210118607,AFFILIATED_WITH
A5028440843,W7128925053,WRITES
A5028440843,W7131416904,WRITES
A5028440843,I47519274,AFFILIATED_WITH
A5028440843,I98298690,AFFILIATED_WITH
A5028440843,I4210091198,AFFILIATED_WITH
A5072903915,W4402129400,WRITES
A5072903915,W4402992762,WRITES
A5072903915,I193365169,AFFILIATED_WITH
A5071238214,W4394568521,WRITES
A5071238214,I4210104335,AFFILIATED_WITH
A5071238214,I848706,AFFILIATED_WITH
A5032689906,W4282942155,WRITES
A5032689906,I87445476,AFFILIATED_WITH
A5038430822,W4385349456,WRITES
A5038430822,I138925566,AFFILIATED_WITH
A5037587230,W4386636570,WRITES
A5037587230,W4375939788,WRITES
A5037587230,W7130515890,WRITES
A5037587230,I51780484,AFFILIATED_WITH
A5015697783,W4392281991,WRITES
A5015697783,I60134161,AFFILIATED_WITH
A5101868875,W4397008973,WRITES
A5101868875,I27429435,AFFILIATED_WITH
A5054072407,W4308970419,WRITES
A5054072407,I4210108050,AFFILIATED_WITH
A5054072407,I4210120810,AFFILIATED_WITH
A5012207972,W7138163378,WRITES
A5012207972,I98298690,AFFILIATED_WITH
A5042185009,W3204420088,WRITES
A5042185009,I4210123993,AFFILIATED_WITH
A5042185009,I4387154394,AFFILIATED_WITH
A5072119812,W4409965159,WRITES
A5072119812,I16733864,AFFILIATED_WITH
A5010525452,W4315474727,WRITES
A5010525452,W4281285699,WRITES
A5010525452,W4310266380,WRITES
A5010525452,I143578492,AFFILIATED_WITH
LOCAL_A000133,W4293221027,WRITES
LOCAL_A000132,W4293221027,WRITES
LOCAL_A000279,W4312656552,WRITES
LOCAL_A000126,W4293221027,WRITES
LOCAL_A000134,W4293221027,WRITES
A5015962889,W4283779811,WRITES
A5015962889,W4286434107,WRITES
A5015962889,W4281740790,WRITES
A5015962889,I69356397,AFFILIATED_WITH
A5129700560,W7162318469,WRITES
A5129700560,I223532165,AFFILIATED_WITH
A5044172436,W4385213631,WRITES
A5044172436,I4210123993,AFFILIATED_WITH
A5002953807,W4376891951,WRITES
A5002953807,I169556180,AFFILIATED_WITH
A5002953807,I4210162022,AFFILIATED_WITH
A5049076609,W4283790096,WRITES
A5049076609,I203899302,AFFILIATED_WITH
A5056677817,W4281670811,WRITES
A5056677817,W4392346811,WRITES
A5056677817,I3130395211,AFFILIATED_WITH
A5056677817,I4210090124,AFFILIATED_WITH
A5009289774,W4288082210,WRITES
A5009289774,W4285275020,WRITES
A5009289774,W4392286337,WRITES
A5009289774,I4210153608,AFFILIATED_WITH
A5074122666,W4313259690,WRITES
A5074122666,W4311970573,WRITES
A5074122666,I165737746,AFFILIATED_WITH
A5079461216,W3131063929,WRITES
A5079461216,I204250578,AFFILIATED_WITH
A5110373196,W2381599914,WRITES
A5110373196,I4401200389,AFFILIATED_WITH
A5119281889,W4413145178,WRITES
A5119281889,I4210123993,AFFILIATED_WITH
A5006572715,W2387220784,WRITES
A5006572715,I4210123993,AFFILIATED_WITH
A5076578682,W2383870758,WRITES
A5076578682,I4210123993,AFFILIATED_WITH
A5100418954,W2365184061,WRITES
A5100418954,I4210123993,AFFILIATED_WITH
A5100418969,W2366305170,WRITES
A5101539552,W2363104073,WRITES
A5101539552,I4210123993,AFFILIATED_WITH
A5110369264,W2362721292,WRITES
A5005028168,W3131024833,WRITES
A5005028168,I149704539,AFFILIATED_WITH
LOCAL_A000288,W2379391670,WRITES
LOCAL_A000288,I4210123993,AFFILIATED_WITH
A5100939206,W2379901454,WRITES
A5100939206,I4210123993,AFFILIATED_WITH
A5107701557,W2387121626,WRITES
A5059838493,W2376515337,WRITES
A5059838493,I4210123993,AFFILIATED_WITH
A5060026159,W2358949965,WRITES
A5060026159,I4210123993,AFFILIATED_WITH
A5100520720,W4405256347,WRITES
A5100520720,I1343052199,AFFILIATED_WITH
A5102702020,W4409983690,WRITES
A5102702020,I205401836,AFFILIATED_WITH
A5102702020,I241749,AFFILIATED_WITH
A5102702020,I4210139501,AFFILIATED_WITH
A5023521273,W4319297517,WRITES
A5023521273,I194450716,AFFILIATED_WITH
A5036074751,W4400937770,WRITES
A5036074751,W4388574092,WRITES
A5036074751,I13850615,AFFILIATED_WITH
A5036074751,I19820366,AFFILIATED_WITH
A5013697617,W3034501957,WRITES
A5013697617,I76835614,AFFILIATED_WITH
A5008497258,W4385413477,WRITES
A5008497258,W4319456382,WRITES
A5008497258,W4394617350,WRITES
A5008497258,W4319297517,WRITES
A5008497258,W4402124965,WRITES
A5008497258,W4404051530,WRITES
A5008497258,W4394595654,WRITES
A5008497258,W4405869633,WRITES
A5008497258,I194450716,AFFILIATED_WITH
A5008497258,I4210148225,AFFILIATED_WITH
A5008497258,I108688024,AFFILIATED_WITH
A5008497258,I143413998,AFFILIATED_WITH
A5008497258,I179324530,AFFILIATED_WITH
A5008497258,I4210086659,AFFILIATED_WITH
A5008497258,I4210160994,AFFILIATED_WITH
A5103063003,W2351048033,WRITES
A5103063003,I4210102412,AFFILIATED_WITH
A5030069786,W4404051530,WRITES
A5030069786,I63135867,AFFILIATED_WITH
A5002904166,W4386547305,WRITES
A5002904166,W4285266850,WRITES
A5002904166,W4379382643,WRITES
A5002904166,I28407311,AFFILIATED_WITH
A5002904166,I176601375,AFFILIATED_WITH
A5100632122,W4319297517,WRITES
A5100632122,I194450716,AFFILIATED_WITH
A5032333683,W2370684273,WRITES
A5032333683,I4210123993,AFFILIATED_WITH
A5012747702,W2361541678,WRITES
A5012747702,I4210123993,AFFILIATED_WITH
A5108580995,W2353894650,WRITES
A5067826188,W2357836221,WRITES
A5067826188,I4210123993,AFFILIATED_WITH
A5108577449,W2379523506,WRITES
A5108577449,I4210123993,AFFILIATED_WITH
A5110554425,W2366305170,WRITES
A5110635812,W7128925053,WRITES
A5110635812,W7131416904,WRITES
A5110635812,I47519274,AFFILIATED_WITH
A5070418811,W4409828992,WRITES
A5070418811,I12649496,AFFILIATED_WITH
A5025880905,W4282942155,WRITES
A5025880905,I4210141966,AFFILIATED_WITH
A5036631670,W4315651646,WRITES
A5036631670,I4210123993,AFFILIATED_WITH
A5017693604,W4391645226,WRITES
A5017693604,I170726198,AFFILIATED_WITH
A5100352958,W3131228323,WRITES
A5100352958,I84884186,AFFILIATED_WITH
LOCAL_A000320,W4285191318,WRITES
A5009067755,W2376599625,WRITES
A5009067755,I4210123993,AFFILIATED_WITH
A5012338476,W2363053999,WRITES
A5012338476,I4210123993,AFFILIATED_WITH
A5084172156,W4391889662,WRITES
A5084172156,W4296210434,WRITES
A5084172156,I55240360,AFFILIATED_WITH
A5100742989,W4390279411,WRITES
A5100742989,I4210111884,AFFILIATED_WITH
A5051487546,W2393254560,WRITES
A5051487546,I4210123993,AFFILIATED_WITH
A5074148727,W4385705265,WRITES
LOCAL_A000415,W4405992004,WRITES
LOCAL_A000415,I4210123993,AFFILIATED_WITH
LOCAL_A000415,I4210158617,AFFILIATED_WITH
A5060093847,W4301394493,WRITES
A5060093847,I4210123993,AFFILIATED_WITH
A5078668326,W4407877818,WRITES
A5078668326,I3132567084,AFFILIATED_WITH
A5078668326,I4210107769,AFFILIATED_WITH
A5013951937,W2153576566,WRITES
A5013951937,I4210123993,AFFILIATED_WITH
A5080334122,W7117967106,WRITES
A5080334122,W4402172457,WRITES
A5080334122,W4394982211,WRITES
A5080334122,W4389624737,WRITES
A5080334122,I1338034494,AFFILIATED_WITH
A5080334122,I204778367,AFFILIATED_WITH
A5080334122,I173888879,AFFILIATED_WITH
A5084774480,W4391612257,WRITES
A5084774480,W4392795430,WRITES
A5084774480,W4390410811,WRITES
A5084774480,I54001450,AFFILIATED_WITH
A5029859092,W4406960022,WRITES
A5029859092,I4210124651,AFFILIATED_WITH
A5005615697,W2030518961,WRITES
A5035326900,W4318762606,WRITES
A5035326900,W3197526874,WRITES
A5035326900,W3163198494,WRITES
A5035326900,W3214136215,WRITES
A5035326900,W4298124764,WRITES
A5035326900,W4317555814,WRITES
A5035326900,W3185593370,WRITES
A5035326900,W3212564068,WRITES
A5035326900,I4210095101,AFFILIATED_WITH
A5035326900,I71437568,AFFILIATED_WITH
A5045826726,W4206556998,WRITES
A5045826726,W4381683241,WRITES
A5045826726,W4412161992,WRITES
A5045826726,W3159481389,WRITES
A5045826726,W4200521133,WRITES
A5045826726,W4391844119,WRITES
A5045826726,I70349855,AFFILIATED_WITH
A5040734845,W3094440337,WRITES
A5040734845,W4387971596,WRITES
A5040734845,I70349855,AFFILIATED_WITH
A5040734845,I4210093468,AFFILIATED_WITH
A5046597225,W4409965159,WRITES
A5046597225,W4403344039,WRITES
A5046597225,I8775707,AFFILIATED_WITH
A5055289089,W3197526874,WRITES
A5055289089,W4317555814,WRITES
A5055289089,W3185593370,WRITES
A5055289089,W3212564068,WRITES
A5055289089,I151811957,AFFILIATED_WITH
A5055289089,I4210098226,AFFILIATED_WITH
A5055289089,I70349855,AFFILIATED_WITH
A5119368559,W4413373431,WRITES
A5119368559,I4210123993,AFFILIATED_WITH
A5101585594,W3202893602,WRITES
A5101585594,I4210095101,AFFILIATED_WITH
A5007925084,W4400889849,WRITES
A5007925084,I4210123993,AFFILIATED_WITH
A5086896127,W3200655254,WRITES
A5086896127,W3200127562,WRITES
A5086896127,W3211403101,WRITES
A5086896127,W3211648135,WRITES
A5086896127,I4210123993,AFFILIATED_WITH
A5023074991,W3005516765,WRITES
A5023074991,I135822937,AFFILIATED_WITH
A5134532908,W7155517813,WRITES
A5134532908,I4210123993,AFFILIATED_WITH
A5064080611,W4220845100,WRITES
A5064080611,W4282049254,WRITES
A5064080611,W4313248409,WRITES
A5064080611,W4319597735,WRITES
A5064080611,I202539009,AFFILIATED_WITH
A5064080611,I4210096063,AFFILIATED_WITH
A5064080611,I4210123993,AFFILIATED_WITH
A5064080611,I4210150999,AFFILIATED_WITH
A5064080611,I3129629310,AFFILIATED_WITH
A5062102741,W3174610716,WRITES
A5062102741,I177733328,AFFILIATED_WITH
A5025281969,W4206556998,WRITES
A5023178095,W3208435212,WRITES
A5043767304,W4407356752,WRITES
A5043767304,I177733328,AFFILIATED_WITH
A5063639499,W4376643991,WRITES
A5063639499,I123565023,AFFILIATED_WITH
A5063639499,I4210104442,AFFILIATED_WITH
A5063639499,I4210154685,AFFILIATED_WITH
A5063639499,I47807185,AFFILIATED_WITH
A5025839759,W4386526168,WRITES
A5025839759,I45756140,AFFILIATED_WITH
A5105012314,W4400934330,WRITES
A5105012314,I4210106910,AFFILIATED_WITH
A5020344273,W4411152176,WRITES
A5020344273,I4210137425,AFFILIATED_WITH
A5109344379,W3131006025,WRITES
A5109344379,I4210123993,AFFILIATED_WITH
A5058987661,W4410256716,WRITES
A5058987661,I177733328,AFFILIATED_WITH
A5068715226,W4320025887,WRITES
A5068715226,I4210095101,AFFILIATED_WITH
A5000461756,W4417058714,WRITES
A5000461756,I187293425,AFFILIATED_WITH
A5031113286,W4288457039,WRITES
A5031113286,I75092371,AFFILIATED_WITH
A5077271389,W2983803309,WRITES
A5077271389,W4211174566,WRITES
A5077271389,W2180953235,WRITES
A5077271389,I4210140284,AFFILIATED_WITH
A5059332003,W7124893938,WRITES
A5059332003,W4410506249,WRITES
A5059332003,I4210101453,AFFILIATED_WITH
A5032242801,W4384944020,WRITES
A5032242801,W4396585527,WRITES
A5032242801,I4210145347,AFFILIATED_WITH
A5054795012,W4391126777,WRITES
A5054795012,I120938084,AFFILIATED_WITH
A5090071206,W4377047193,WRITES
A5090071206,I291386647,AFFILIATED_WITH
A5016698027,W4410506249,WRITES
A5016698027,W4396585527,WRITES
A5016698027,I4210101453,AFFILIATED_WITH
A5112688126,W4384944020,WRITES
A5112688126,I4210101453,AFFILIATED_WITH
A5029188808,W4387326361,WRITES
A5029188808,I302256491,AFFILIATED_WITH
A5029483778,W4221099258,WRITES
A5029483778,I1313323035,AFFILIATED_WITH
A5029483778,I81365569,AFFILIATED_WITH
A5030801216,W4367022856,WRITES
A5030801216,W4286008072,WRITES
A5030801216,W4378448636,WRITES
A5030801216,W4387326361,WRITES
A5030801216,W4308183904,WRITES
A5030801216,W4310299078,WRITES
A5030801216,W4313592827,WRITES
A5030801216,I149851306,AFFILIATED_WITH
A5030801216,I302256491,AFFILIATED_WITH
A5030801216,I4210098675,AFFILIATED_WITH
A5033172061,W4399593830,WRITES
A5033172061,I177733328,AFFILIATED_WITH
A5108957582,W3199869368,WRITES
A5108957582,I4210123993,AFFILIATED_WITH
A5023064512,W4407356752,WRITES
A5023064512,W4411395085,WRITES
A5023064512,W4399490801,WRITES
A5023064512,W4408185919,WRITES
A5023064512,W4401337581,WRITES
A5023064512,W4404117162,WRITES
A5023064512,I4210123993,AFFILIATED_WITH
W2958510524,28,BELONGS_TO
W3013943119,3,BELONGS_TO
W1902563258,31,BELONGS_TO
W2172418087,28,BELONGS_TO
W3017246359,15,BELONGS_TO
W2983803309,28,BELONGS_TO
W4280639034,19,BELONGS_TO
W4211174566,31,BELONGS_TO
W2767566591,28,BELONGS_TO
W4403315124,40,BELONGS_TO
W4206770842,15,BELONGS_TO
W4210525043,2,BELONGS_TO
W3049547297,25,BELONGS_TO
W4315628232,42,BELONGS_TO
W4385755928,19,BELONGS_TO
W4205572929,30,BELONGS_TO
W2129239406,10,BELONGS_TO
W4386077917,1,BELONGS_TO
W4385174759,0,BELONGS_TO
W4212931299,19,BELONGS_TO
W4283780422,19,BELONGS_TO
W3142776653,17,BELONGS_TO
W3135296255,0,BELONGS_TO
W3116490051,27,BELONGS_TO
W4213032084,42,BELONGS_TO
W4200142760,42,BELONGS_TO
W4308443963,19,BELONGS_TO
W4212864265,8,BELONGS_TO
W3199547620,0,BELONGS_TO
W4296591880,0,BELONGS_TO
W4296707155,45,BELONGS_TO
W4313260174,12,BELONGS_TO
W4280534488,19,BELONGS_TO
W3194887689,2,BELONGS_TO
W3205949772,0,BELONGS_TO
W3008389910,8,BELONGS_TO
W4290471674,34,BELONGS_TO
W4205413676,19,BELONGS_TO
W4280596026,8,BELONGS_TO
W3137403156,45,BELONGS_TO
W4231545820,25,BELONGS_TO
W4317423688,1,BELONGS_TO
W4317794911,2,BELONGS_TO
W3023664969,31,BELONGS_TO
W4391612257,15,BELONGS_TO
W4320917642,15,BELONGS_TO
W3201040525,16,BELONGS_TO
W4206228720,2,BELONGS_TO
W4292265082,12,BELONGS_TO
W4385413477,15,BELONGS_TO
W4295678942,38,BELONGS_TO
W4319596802,6,BELONGS_TO
W3093833112,31,BELONGS_TO
W4283384300,19,BELONGS_TO
W4315474727,42,BELONGS_TO
W4322628962,19,BELONGS_TO
W3153426027,0,BELONGS_TO
W4200131528,1,BELONGS_TO
W4367031967,0,BELONGS_TO
W4313527793,19,BELONGS_TO
W4319456382,15,BELONGS_TO
W4320922100,38,BELONGS_TO
W4322743240,15,BELONGS_TO
W4414022061,6,BELONGS_TO
W4414271358,2,BELONGS_TO
W4414298067,37,BELONGS_TO
W4414500923,32,BELONGS_TO
W4415097908,9,BELONGS_TO
W4415493830,26,BELONGS_TO
W4415494710,6,BELONGS_TO
W4415557159,37,BELONGS_TO
W4415649536,31,BELONGS_TO
W4415747466,16,BELONGS_TO
W4416386813,20,BELONGS_TO
W4416407004,3,BELONGS_TO
W4416564054,15,BELONGS_TO
W4416718774,9,BELONGS_TO
W4416954067,40,BELONGS_TO
W4417200652,11,BELONGS_TO
W4417284240,2,BELONGS_TO
W7115881942,20,BELONGS_TO
W7115905231,20,BELONGS_TO
W7116782209,13,BELONGS_TO
W7117967106,40,BELONGS_TO
W7117993812,9,BELONGS_TO
W7118568249,9,BELONGS_TO
W7119595644,13,BELONGS_TO
W7123341761,1,BELONGS_TO
W7124893938,31,BELONGS_TO
W7125369332,1,BELONGS_TO
W7125419339,27,BELONGS_TO
W7125497916,36,BELONGS_TO
W7126052704,2,BELONGS_TO
W7127145222,1,BELONGS_TO
W7129373484,6,BELONGS_TO
W7130349534,6,BELONGS_TO
W7133833955,6,BELONGS_TO
W7134238770,12,BELONGS_TO
W7135040571,40,BELONGS_TO
W7139092179,38,BELONGS_TO
W7153004412,15,BELONGS_TO
W2054439996,23,BELONGS_TO
W2166834409,23,BELONGS_TO
W2036122594,23,BELONGS_TO
W1491100760,31,BELONGS_TO
W1966693592,9,BELONGS_TO
W1986229552,0,BELONGS_TO
W2124259739,14,BELONGS_TO
W2124661513,14,BELONGS_TO
W4241781093,10,BELONGS_TO
W2957138175,28,BELONGS_TO
W2035542467,10,BELONGS_TO
W2561235885,28,BELONGS_TO
W3011327622,24,BELONGS_TO
W3014248967,27,BELONGS_TO
W3046978282,41,BELONGS_TO
W3158335115,3,BELONGS_TO
W2062548560,14,BELONGS_TO
W3137041823,1,BELONGS_TO
W3179003915,0,BELONGS_TO
W4293226203,0,BELONGS_TO
W4362492618,26,BELONGS_TO
W2953246412,28,BELONGS_TO
W3173625614,2,BELONGS_TO
W4283779811,4,BELONGS_TO
W4293103731,7,BELONGS_TO
W2909806954,6,BELONGS_TO
W3094652768,25,BELONGS_TO
W3129119852,1,BELONGS_TO
W4200616974,0,BELONGS_TO
W2383588927,33,BELONGS_TO
W2887012287,45,BELONGS_TO
W3115873876,3,BELONGS_TO
W3123843024,44,BELONGS_TO
W3135218284,25,BELONGS_TO
W3135627771,0,BELONGS_TO
W3200004199,43,BELONGS_TO
W3212502722,2,BELONGS_TO
W4380203105,0,BELONGS_TO
W4382809552,5,BELONGS_TO
W4385349456,21,BELONGS_TO
W2964862300,2,BELONGS_TO
W3082289561,27,BELONGS_TO
W3125339323,24,BELONGS_TO
W3134693037,0,BELONGS_TO
W3138092914,7,BELONGS_TO
W3183386125,17,BELONGS_TO
W3202893602,41,BELONGS_TO
W3214891465,9,BELONGS_TO
W4214738594,3,BELONGS_TO
W4280493801,37,BELONGS_TO
W4286470537,4,BELONGS_TO
W4291184494,3,BELONGS_TO
W4313198840,25,BELONGS_TO
W4327969100,26,BELONGS_TO
W3040505135,3,BELONGS_TO
W3133848566,0,BELONGS_TO
W3201477092,41,BELONGS_TO
W3203312421,8,BELONGS_TO
W3206327856,8,BELONGS_TO
W4231330581,14,BELONGS_TO
W4282926064,3,BELONGS_TO
W4283327689,28,BELONGS_TO
W4293317947,37,BELONGS_TO
W4308731653,16,BELONGS_TO
W4367728083,26,BELONGS_TO
W4376477514,0,BELONGS_TO
W4394924177,3,BELONGS_TO
W2885929736,1,BELONGS_TO
W3005361225,8,BELONGS_TO
W3023182627,8,BELONGS_TO
W3104851081,5,BELONGS_TO
W3138212945,7,BELONGS_TO
W3195977773,8,BELONGS_TO
W3196785563,32,BELONGS_TO
W3201373879,41,BELONGS_TO
W4280596211,42,BELONGS_TO
W4285272089,4,BELONGS_TO
W4287009081,0,BELONGS_TO
W4294301143,19,BELONGS_TO
W4298004743,35,BELONGS_TO
W4318476690,32,BELONGS_TO
W4364304374,3,BELONGS_TO
W4377002350,37,BELONGS_TO
W4385461610,36,BELONGS_TO
W4385694505,16,BELONGS_TO
W4388086462,3,BELONGS_TO
W4392237545,0,BELONGS_TO
W4398763277,6,BELONGS_TO
W4401973782,0,BELONGS_TO
W4402693320,0,BELONGS_TO
W2995545104,14,BELONGS_TO
W3094686556,0,BELONGS_TO
W3095119307,8,BELONGS_TO
W3118181881,24,BELONGS_TO
W3138109193,7,BELONGS_TO
W3188003319,0,BELONGS_TO
W3201406051,29,BELONGS_TO
W4224003837,2,BELONGS_TO
W4289102291,35,BELONGS_TO
W4308239173,0,BELONGS_TO
W4310023520,10,BELONGS_TO
W4315651646,26,BELONGS_TO
W4319014693,0,BELONGS_TO
W4327517834,15,BELONGS_TO
W4362713063,25,BELONGS_TO
W4364359915,0,BELONGS_TO
W4367022856,39,BELONGS_TO
W4389347088,44,BELONGS_TO
W4389474151,17,BELONGS_TO
W4389648609,24,BELONGS_TO
W4391126777,37,BELONGS_TO
W4391261154,41,BELONGS_TO
W4401719937,2,BELONGS_TO
W4402903753,40,BELONGS_TO
W4407356752,35,BELONGS_TO
W2393977638,33,BELONGS_TO
W3037301877,3,BELONGS_TO
W3199622387,5,BELONGS_TO
W3213824419,7,BELONGS_TO
W4221099258,21,BELONGS_TO
W4280511978,22,BELONGS_TO
W4281679354,10,BELONGS_TO
W4285819868,4,BELONGS_TO
W4292749626,28,BELONGS_TO
W4302306691,0,BELONGS_TO
W4313259690,41,BELONGS_TO
W4361798884,33,BELONGS_TO
W4381660791,43,BELONGS_TO
W4386636570,4,BELONGS_TO
W4388572911,10,BELONGS_TO
W4392600430,14,BELONGS_TO
W4393334210,11,BELONGS_TO
W4396661170,0,BELONGS_TO
W4396706012,30,BELONGS_TO
W4400220421,3,BELONGS_TO
W4401333651,0,BELONGS_TO
W4401385430,9,BELONGS_TO
W4403302723,6,BELONGS_TO
W4405412520,0,BELONGS_TO
W4406148933,33,BELONGS_TO
W4406608287,26,BELONGS_TO
W4408078602,0,BELONGS_TO
W4409412339,6,BELONGS_TO
W4409916877,16,BELONGS_TO
W4411306514,19,BELONGS_TO
W4280508442,0,BELONGS_TO
W4322501313,18,BELONGS_TO
W4386919259,13,BELONGS_TO
W4401104278,25,BELONGS_TO
W4404189171,30,BELONGS_TO
W4405326060,13,BELONGS_TO
W4408223448,2,BELONGS_TO
W4409606894,15,BELONGS_TO
W3165738160,44,BELONGS_TO
W3213381090,12,BELONGS_TO
W4323979420,3,BELONGS_TO
W4387358503,0,BELONGS_TO
W4404755595,5,BELONGS_TO
W4405203001,0,BELONGS_TO
W4407261142,1,BELONGS_TO
W4407394155,1,BELONGS_TO
W4408053749,29,BELONGS_TO
W4410852962,17,BELONGS_TO
W4412744172,0,BELONGS_TO
W4412907586,0,BELONGS_TO
W4415655487,34,BELONGS_TO
W7116930752,2,BELONGS_TO
W7118181553,19,BELONGS_TO
W7122846026,16,BELONGS_TO
W7128441206,12,BELONGS_TO
W7138919472,36,BELONGS_TO
W2169308829,23,BELONGS_TO
W2343142093,9,BELONGS_TO
W3135291682,0,BELONGS_TO
W3199087809,8,BELONGS_TO
W3139279360,11,BELONGS_TO
W4230184352,28,BELONGS_TO
W4392707062,3,BELONGS_TO
W4392872257,30,BELONGS_TO
W3028502042,3,BELONGS_TO
W3030708207,8,BELONGS_TO
W3110285783,4,BELONGS_TO
W3131006025,0,BELONGS_TO
W3183299895,3,BELONGS_TO
W4206200003,0,BELONGS_TO
W4224262552,0,BELONGS_TO
W4281567426,0,BELONGS_TO
W4285728680,19,BELONGS_TO
W4318831528,3,BELONGS_TO
W1975716766,5,BELONGS_TO
W2353534931,33,BELONGS_TO
W2803488416,27,BELONGS_TO
W3000922636,1,BELONGS_TO
W3005516765,3,BELONGS_TO
W3021033722,44,BELONGS_TO
W3081948563,41,BELONGS_TO
W3108801041,3,BELONGS_TO
W3133493398,0,BELONGS_TO
W3134277447,0,BELONGS_TO
W3139232151,46,BELONGS_TO
W3174934777,2,BELONGS_TO
W3199233539,33,BELONGS_TO
W3199646977,3,BELONGS_TO
W3202001992,17,BELONGS_TO
W3208830123,0,BELONGS_TO
W4200252789,4,BELONGS_TO
W4206208028,0,BELONGS_TO
W4283013405,26,BELONGS_TO
W4283723790,10,BELONGS_TO
W4284993592,4,BELONGS_TO
W4286484421,8,BELONGS_TO
W4292787526,11,BELONGS_TO
W4293790322,10,BELONGS_TO
W4307303369,16,BELONGS_TO
W4308601566,26,BELONGS_TO
W4311301015,1,BELONGS_TO
W4311627462,33,BELONGS_TO
W4313130190,10,BELONGS_TO
W4313364861,26,BELONGS_TO
W4313465680,0,BELONGS_TO
W4361856004,4,BELONGS_TO
W4378084553,12,BELONGS_TO
W4385583831,0,BELONGS_TO
W4387442103,10,BELONGS_TO
W4394998479,44,BELONGS_TO
W2350837785,12,BELONGS_TO
W3094167965,2,BELONGS_TO
W3117538281,10,BELONGS_TO
W3137287652,7,BELONGS_TO
W3143440782,6,BELONGS_TO
W3182920453,19,BELONGS_TO
W3199377162,3,BELONGS_TO
W3199681249,8,BELONGS_TO
W3201355987,41,BELONGS_TO
W3201649873,7,BELONGS_TO
W3202334535,25,BELONGS_TO
W3213351247,26,BELONGS_TO
W3214195485,7,BELONGS_TO
W3214813022,19,BELONGS_TO
W3215851103,3,BELONGS_TO
W4213441121,12,BELONGS_TO
W4221017466,16,BELONGS_TO
W4225604235,4,BELONGS_TO
W4225827215,17,BELONGS_TO
W4226406074,4,BELONGS_TO
W4226409382,0,BELONGS_TO
W4281561494,0,BELONGS_TO
W4281728060,3,BELONGS_TO
W4283735051,11,BELONGS_TO
W4285100541,38,BELONGS_TO
W4285732290,4,BELONGS_TO
W4288033526,0,BELONGS_TO
W4295540513,4,BELONGS_TO
W4307532462,0,BELONGS_TO
W4311088087,17,BELONGS_TO
W4312259919,2,BELONGS_TO
W4317383016,15,BELONGS_TO
W4317434551,4,BELONGS_TO
W4318984786,1,BELONGS_TO
W4360620764,3,BELONGS_TO
W4377091076,11,BELONGS_TO
W4379378793,6,BELONGS_TO
W4388140420,42,BELONGS_TO
W4389263859,24,BELONGS_TO
W4390344721,21,BELONGS_TO
W4393010195,22,BELONGS_TO
W2901943242,27,BELONGS_TO
W2912620416,0,BELONGS_TO
W2971660217,13,BELONGS_TO
W3087384557,25,BELONGS_TO
W3096589855,0,BELONGS_TO
W3110222689,8,BELONGS_TO
W3127074863,25,BELONGS_TO
W3129870341,0,BELONGS_TO
W3136052365,7,BELONGS_TO
W3146827522,44,BELONGS_TO
W3200070658,5,BELONGS_TO
W3200881703,5,BELONGS_TO
W3202888749,2,BELONGS_TO
W3212846661,30,BELONGS_TO
W4223991974,8,BELONGS_TO
W4225130455,0,BELONGS_TO
W4281558467,2,BELONGS_TO
W4281779723,30,BELONGS_TO
W4283763732,8,BELONGS_TO
W4311480621,4,BELONGS_TO
W4312002004,1,BELONGS_TO
W4313332129,0,BELONGS_TO
W4317382500,31,BELONGS_TO
W4321368823,2,BELONGS_TO
W4376128659,19,BELONGS_TO
W4385588402,33,BELONGS_TO
W4385987955,26,BELONGS_TO
W4386691791,4,BELONGS_TO
W4387868634,6,BELONGS_TO
W4388504124,37,BELONGS_TO
W4389323198,4,BELONGS_TO
W4389397671,1,BELONGS_TO
W4392281991,3,BELONGS_TO
W4394617350,12,BELONGS_TO
W4394925055,0,BELONGS_TO
W4399579863,6,BELONGS_TO
W4400127655,3,BELONGS_TO
W4400605975,10,BELONGS_TO
W4400855508,3,BELONGS_TO
W4400933422,12,BELONGS_TO
W4402063140,0,BELONGS_TO
W4402096472,11,BELONGS_TO
W4402693298,0,BELONGS_TO
W4402693308,0,BELONGS_TO
W4403286789,32,BELONGS_TO
W4403852725,9,BELONGS_TO
W4403867823,6,BELONGS_TO
W4403889363,9,BELONGS_TO
W4404007090,40,BELONGS_TO
W4405399025,26,BELONGS_TO
W4405934536,15,BELONGS_TO
W4406018358,39,BELONGS_TO
W4408099539,28,BELONGS_TO
W4408868085,17,BELONGS_TO
W4409969821,15,BELONGS_TO
W2339729704,6,BELONGS_TO
W2941956459,13,BELONGS_TO
W3097575064,0,BELONGS_TO
W3099136805,37,BELONGS_TO
W3131314037,0,BELONGS_TO
W4283325298,0,BELONGS_TO
W3026677938,25,BELONGS_TO
W3046893219,0,BELONGS_TO
W3089377971,2,BELONGS_TO
W3191079210,43,BELONGS_TO
W3201099188,27,BELONGS_TO
W3215054809,2,BELONGS_TO
W4220845100,24,BELONGS_TO
W4288082210,6,BELONGS_TO
W4381855576,4,BELONGS_TO
W3089696556,2,BELONGS_TO
W3116402835,0,BELONGS_TO
W3138233066,7,BELONGS_TO
W3155045737,2,BELONGS_TO
W3155712582,2,BELONGS_TO
W3171997405,42,BELONGS_TO
W3177030083,11,BELONGS_TO
W3195495426,29,BELONGS_TO
W3199129238,8,BELONGS_TO
W3200530318,5,BELONGS_TO
W3211845002,12,BELONGS_TO
W3213961969,2,BELONGS_TO
W3216706421,7,BELONGS_TO
W4205601378,0,BELONGS_TO
W4283383303,3,BELONGS_TO
W4290719035,3,BELONGS_TO
W4293221027,8,BELONGS_TO
W4300669402,39,BELONGS_TO
W4317382465,41,BELONGS_TO
W4323338495,8,BELONGS_TO
W4323649772,4,BELONGS_TO
W4362457768,14,BELONGS_TO
W4376127221,21,BELONGS_TO
W4384944020,31,BELONGS_TO
W4388769279,3,BELONGS_TO
W4389784464,3,BELONGS_TO
W4391533706,27,BELONGS_TO
W4391742087,26,BELONGS_TO
W4392590475,19,BELONGS_TO
W4396806920,0,BELONGS_TO
W4401150801,43,BELONGS_TO
W2979222737,28,BELONGS_TO
W3094847424,0,BELONGS_TO
W3128738220,8,BELONGS_TO
W3158933702,0,BELONGS_TO
W3168535772,11,BELONGS_TO
W3199822558,5,BELONGS_TO
W3200655254,29,BELONGS_TO
W3200879270,0,BELONGS_TO
W3212008025,7,BELONGS_TO
W4235795462,0,BELONGS_TO
W4280510179,10,BELONGS_TO
W4286432941,22,BELONGS_TO
W4288468332,17,BELONGS_TO
W4303614832,0,BELONGS_TO
W4306657266,35,BELONGS_TO
W4309582248,4,BELONGS_TO
W4312329452,29,BELONGS_TO
W4313203918,25,BELONGS_TO
W4319297517,12,BELONGS_TO
W4320499548,25,BELONGS_TO
W4321349922,14,BELONGS_TO
W4378650985,27,BELONGS_TO
W4380538570,18,BELONGS_TO
W4382795276,0,BELONGS_TO
W4386053682,26,BELONGS_TO
W4386059449,10,BELONGS_TO
W4386138949,31,BELONGS_TO
W4386259142,29,BELONGS_TO
W4386387092,0,BELONGS_TO
W4386478134,31,BELONGS_TO
W4386691717,4,BELONGS_TO
W4386976132,46,BELONGS_TO
W4387381105,26,BELONGS_TO
W4389288960,42,BELONGS_TO
W4389425859,2,BELONGS_TO
W4389980020,2,BELONGS_TO
W4390397606,4,BELONGS_TO
W4390760815,10,BELONGS_TO
W4390891339,8,BELONGS_TO
W4392706626,3,BELONGS_TO
W4396238256,0,BELONGS_TO
W4396514771,37,BELONGS_TO
W4396538106,37,BELONGS_TO
W4396616363,0,BELONGS_TO
W4399084369,1,BELONGS_TO
W4399215112,24,BELONGS_TO
W4400351743,32,BELONGS_TO
W4401050456,24,BELONGS_TO
W4401475444,3,BELONGS_TO
W4401948602,14,BELONGS_TO
W4402190902,0,BELONGS_TO
W4402487125,26,BELONGS_TO
W4403377680,0,BELONGS_TO
W4403520191,37,BELONGS_TO
W4403528224,11,BELONGS_TO
W4403897111,37,BELONGS_TO
W4404032082,11,BELONGS_TO
W4404070413,0,BELONGS_TO
W4404087784,3,BELONGS_TO
W4404167614,6,BELONGS_TO
W4404761741,30,BELONGS_TO
W4404886589,0,BELONGS_TO
W4405108720,11,BELONGS_TO
W4406024089,31,BELONGS_TO
W4406558522,40,BELONGS_TO
W4407714316,9,BELONGS_TO
W4408223418,2,BELONGS_TO
W4408810965,5,BELONGS_TO
W4409211232,14,BELONGS_TO
W4409968850,32,BELONGS_TO
W4410506249,31,BELONGS_TO
W4410810504,2,BELONGS_TO
W4410853014,42,BELONGS_TO
W4411100563,0,BELONGS_TO
W4411238397,24,BELONGS_TO
W4411344196,38,BELONGS_TO
W4411506892,0,BELONGS_TO
W4411852273,29,BELONGS_TO
W4412184462,16,BELONGS_TO
W4412728291,0,BELONGS_TO
W4413145178,16,BELONGS_TO
W4413194450,4,BELONGS_TO
W4413910107,0,BELONGS_TO
W2055401175,23,BELONGS_TO
W2153576566,23,BELONGS_TO
W2112833496,23,BELONGS_TO
W1968226995,23,BELONGS_TO
W2393331166,3,BELONGS_TO
W1604170348,31,BELONGS_TO
W2351048033,2,BELONGS_TO
W2520192379,5,BELONGS_TO
W2785307350,5,BELONGS_TO
W2901663768,24,BELONGS_TO
W3174338508,27,BELONGS_TO
W4406781802,0,BELONGS_TO
W2550110029,28,BELONGS_TO
W2888106948,5,BELONGS_TO
W3021273088,2,BELONGS_TO
W3091775653,2,BELONGS_TO
W3211655903,7,BELONGS_TO
W2064980181,28,BELONGS_TO
W2330652693,3,BELONGS_TO
W2350797629,46,BELONGS_TO
W2357006790,33,BELONGS_TO
W2358678889,12,BELONGS_TO
W2358823656,12,BELONGS_TO
W2364023241,42,BELONGS_TO
W2888586085,2,BELONGS_TO
W2895059192,5,BELONGS_TO
W3025191241,0,BELONGS_TO
W3039627223,3,BELONGS_TO
W3088810769,8,BELONGS_TO
W3094440337,3,BELONGS_TO
W3111124944,11,BELONGS_TO
W3126654748,19,BELONGS_TO
W3145787593,2,BELONGS_TO
W3164075327,8,BELONGS_TO
W3165257331,45,BELONGS_TO
W3168575142,11,BELONGS_TO
W3172140456,45,BELONGS_TO
W3182300114,12,BELONGS_TO
W3200335129,5,BELONGS_TO
W3212618266,2,BELONGS_TO
W3213278528,43,BELONGS_TO
W4200523471,25,BELONGS_TO
W4200618519,21,BELONGS_TO
W4206104263,0,BELONGS_TO
W4226071606,4,BELONGS_TO
W4226188354,0,BELONGS_TO
W4232993015,8,BELONGS_TO
W4282049254,24,BELONGS_TO
W4283712137,10,BELONGS_TO
W4285166530,4,BELONGS_TO
W4289259902,8,BELONGS_TO
W4313248409,24,BELONGS_TO
W4386526168,14,BELONGS_TO
W1866945369,5,BELONGS_TO
W2360313292,26,BELONGS_TO
W2361211101,35,BELONGS_TO
W2378196336,33,BELONGS_TO
W2385509500,20,BELONGS_TO
W2393862579,35,BELONGS_TO
W2901074797,5,BELONGS_TO
W2919650154,13,BELONGS_TO
W2920983499,20,BELONGS_TO
W2922114288,23,BELONGS_TO
W2946688566,25,BELONGS_TO
W2986661965,0,BELONGS_TO
W2991391102,8,BELONGS_TO
W3008486894,25,BELONGS_TO
W3049614703,8,BELONGS_TO
W3090567294,22,BELONGS_TO
W3101266795,5,BELONGS_TO
W3101745018,12,BELONGS_TO
W3103923053,5,BELONGS_TO
W3108106393,2,BELONGS_TO
W3121428906,2,BELONGS_TO
W3131024833,0,BELONGS_TO
W3136825017,7,BELONGS_TO
W3138728005,29,BELONGS_TO
W3144716668,6,BELONGS_TO
W3154623413,30,BELONGS_TO
W3173813407,22,BELONGS_TO
W3174610716,1,BELONGS_TO
W3182513543,22,BELONGS_TO
W3183299634,0,BELONGS_TO
W3185964855,25,BELONGS_TO
W3194799677,11,BELONGS_TO
W3199125328,0,BELONGS_TO
W3199266439,7,BELONGS_TO
W3199311694,0,BELONGS_TO
W3199319607,5,BELONGS_TO
W3199786832,35,BELONGS_TO
W3199842824,9,BELONGS_TO
W3199916958,8,BELONGS_TO
W3199924602,14,BELONGS_TO
W3200036129,29,BELONGS_TO
W3200132627,2,BELONGS_TO
W3200297433,7,BELONGS_TO
W3200334949,16,BELONGS_TO
W3200546409,5,BELONGS_TO
W3200660415,0,BELONGS_TO
W3200896269,19,BELONGS_TO
W3205987068,44,BELONGS_TO
W3211579622,46,BELONGS_TO
W3211913869,7,BELONGS_TO
W3213221169,7,BELONGS_TO
W3213652096,7,BELONGS_TO
W3214278109,16,BELONGS_TO
W4200480597,45,BELONGS_TO
W4205707270,4,BELONGS_TO
W4205883349,1,BELONGS_TO
W4205910169,0,BELONGS_TO
W4206556998,18,BELONGS_TO
W4207051394,2,BELONGS_TO
W4214693772,31,BELONGS_TO
W4223496324,21,BELONGS_TO
W4224868083,2,BELONGS_TO
W4225154649,43,BELONGS_TO
W4225286997,3,BELONGS_TO
W4235762531,2,BELONGS_TO
W4281669706,44,BELONGS_TO
W4281670811,37,BELONGS_TO
W4281744049,27,BELONGS_TO
W4283163677,24,BELONGS_TO
W4285045143,31,BELONGS_TO
W4285071776,35,BELONGS_TO
W4285322721,3,BELONGS_TO
W4291178975,2,BELONGS_TO
W4291392888,3,BELONGS_TO
W4292964871,21,BELONGS_TO
W4293169070,0,BELONGS_TO
W4294187916,22,BELONGS_TO
W4294187957,39,BELONGS_TO
W4295123541,21,BELONGS_TO
W4295297541,22,BELONGS_TO
W4295338113,4,BELONGS_TO
W4296713969,39,BELONGS_TO
W4312154904,6,BELONGS_TO
W4312618825,0,BELONGS_TO
W4312656552,45,BELONGS_TO
W4312669879,16,BELONGS_TO
W4313592324,5,BELONGS_TO
W4313681423,0,BELONGS_TO
W4319953710,35,BELONGS_TO
W4320025887,0,BELONGS_TO
W4320727717,12,BELONGS_TO
W4321018829,4,BELONGS_TO
W4324091098,21,BELONGS_TO
W4327890556,4,BELONGS_TO
W4360586542,4,BELONGS_TO
W4362710702,4,BELONGS_TO
W4380083807,8,BELONGS_TO
W4385190558,0,BELONGS_TO
W4385213631,11,BELONGS_TO
W4385496343,35,BELONGS_TO
W4385636594,37,BELONGS_TO
W4386000926,31,BELONGS_TO
W4386846486,37,BELONGS_TO
W4387061466,13,BELONGS_TO
W4387386822,3,BELONGS_TO
W4388001683,8,BELONGS_TO
W4388025992,42,BELONGS_TO
W4388848702,0,BELONGS_TO
W4389580973,4,BELONGS_TO
W4389615139,10,BELONGS_TO
W4389617125,26,BELONGS_TO
W4389625650,10,BELONGS_TO
W4389639153,21,BELONGS_TO
W4390279411,0,BELONGS_TO
W4398142941,4,BELONGS_TO
W4398212550,4,BELONGS_TO
W4401373324,43,BELONGS_TO
W3126587286,31,BELONGS_TO
W2149994558,23,BELONGS_TO
W2108572327,23,BELONGS_TO
W2058651173,28,BELONGS_TO
W4400836185,14,BELONGS_TO
W4288690019,31,BELONGS_TO
W4297982378,24,BELONGS_TO
W2896394903,43,BELONGS_TO
W2979105539,20,BELONGS_TO
W4308588861,12,BELONGS_TO
W4321250367,14,BELONGS_TO
W4372284010,11,BELONGS_TO
W4387846071,21,BELONGS_TO
W4388960576,35,BELONGS_TO
W1533344290,12,BELONGS_TO
W2362499528,32,BELONGS_TO
W2365963606,29,BELONGS_TO
W2373075560,24,BELONGS_TO
W2374087094,11,BELONGS_TO
W2380757258,23,BELONGS_TO
W2383870758,35,BELONGS_TO
W2391077357,3,BELONGS_TO
W4283766228,31,BELONGS_TO
W4385852487,11,BELONGS_TO
W4389781311,40,BELONGS_TO
W4393945422,32,BELONGS_TO
W4412396029,14,BELONGS_TO
W1502995782,18,BELONGS_TO
W1984435726,41,BELONGS_TO
W1997956580,3,BELONGS_TO
W2030518961,3,BELONGS_TO
W2032419638,5,BELONGS_TO
W2238461177,31,BELONGS_TO
W2244433040,10,BELONGS_TO
W2347234847,2,BELONGS_TO
W2348376786,3,BELONGS_TO
W2348569345,9,BELONGS_TO
W2350199653,43,BELONGS_TO
W2351047321,3,BELONGS_TO
W2351093011,4,BELONGS_TO
W2351126356,1,BELONGS_TO
W2351278517,5,BELONGS_TO
W2351290865,26,BELONGS_TO
W2351540729,20,BELONGS_TO
W2352342249,1,BELONGS_TO
W2352522213,23,BELONGS_TO
W2352545256,0,BELONGS_TO
W2353061916,34,BELONGS_TO
W2353502028,6,BELONGS_TO
W2353561656,30,BELONGS_TO
W2353818729,12,BELONGS_TO
W2353894650,15,BELONGS_TO
W2353944961,23,BELONGS_TO
W2354833123,37,BELONGS_TO
W2355152482,38,BELONGS_TO
W2355965641,29,BELONGS_TO
W2356132505,21,BELONGS_TO
W2356306321,23,BELONGS_TO
W2356539505,29,BELONGS_TO
W2357371361,23,BELONGS_TO
W2357372544,3,BELONGS_TO
W2357678823,23,BELONGS_TO
W2357836221,0,BELONGS_TO
W2358949965,0,BELONGS_TO
W2359087034,35,BELONGS_TO
W2359301999,1,BELONGS_TO
W2359846968,35,BELONGS_TO
W2359870859,24,BELONGS_TO
W2360207479,6,BELONGS_TO
W2360762263,4,BELONGS_TO
W2360780799,5,BELONGS_TO
W2360783228,35,BELONGS_TO
W2361125923,29,BELONGS_TO
W2361420054,12,BELONGS_TO
W2361541678,21,BELONGS_TO
W2362133467,45,BELONGS_TO
W2362290456,38,BELONGS_TO
W2362721292,35,BELONGS_TO
W2363053999,3,BELONGS_TO
W2363104073,5,BELONGS_TO
W2363474016,40,BELONGS_TO
W2363823498,33,BELONGS_TO
W2364214456,35,BELONGS_TO
W2364537347,34,BELONGS_TO
W2364671974,2,BELONGS_TO
W2365184061,5,BELONGS_TO
W2365350622,44,BELONGS_TO
W2365569245,33,BELONGS_TO
W2366146598,12,BELONGS_TO
W2366305170,37,BELONGS_TO
W2366916110,35,BELONGS_TO
W2367242519,1,BELONGS_TO
W2368006522,44,BELONGS_TO
W2368316205,14,BELONGS_TO
W2368521880,33,BELONGS_TO
W2368672273,1,BELONGS_TO
W2368714074,33,BELONGS_TO
W2369016698,9,BELONGS_TO
W2369050876,12,BELONGS_TO
W2369130993,1,BELONGS_TO
W2369550981,4,BELONGS_TO
W2370684273,4,BELONGS_TO
W2370806927,24,BELONGS_TO
W2370924989,7,BELONGS_TO
W2371154187,4,BELONGS_TO
W2371491675,0,BELONGS_TO
W2371519688,7,BELONGS_TO
W2371775411,25,BELONGS_TO
W2372384861,34,BELONGS_TO
W2372529671,29,BELONGS_TO
W2372599374,3,BELONGS_TO
W2372696613,9,BELONGS_TO
W2373093024,5,BELONGS_TO
W2373182921,29,BELONGS_TO
W2373224424,24,BELONGS_TO
W2374382594,28,BELONGS_TO
W2374796501,29,BELONGS_TO
W2374836287,12,BELONGS_TO
W2375384992,34,BELONGS_TO
W2375584394,8,BELONGS_TO
W2375632798,5,BELONGS_TO
W2375650764,1,BELONGS_TO
W2375758141,0,BELONGS_TO
W2376427686,42,BELONGS_TO
W2376515337,5,BELONGS_TO
W2376599625,0,BELONGS_TO
W2377113936,25,BELONGS_TO
W2377197450,0,BELONGS_TO
W2377433953,29,BELONGS_TO
W2377678417,0,BELONGS_TO
W2378117118,46,BELONGS_TO
W2378716490,33,BELONGS_TO
W2378909727,9,BELONGS_TO
W2379391670,0,BELONGS_TO
W2379459235,29,BELONGS_TO
W2379523506,21,BELONGS_TO
W2379589344,30,BELONGS_TO
W2379718457,20,BELONGS_TO
W2379740815,29,BELONGS_TO
W2379775804,29,BELONGS_TO
W2379901454,8,BELONGS_TO
W2379962158,1,BELONGS_TO
W2380115358,33,BELONGS_TO
W2381000401,25,BELONGS_TO
W2381072848,5,BELONGS_TO
W2381164319,33,BELONGS_TO
W2381267597,45,BELONGS_TO
W2381599914,15,BELONGS_TO
W2381930509,35,BELONGS_TO
W2381946078,35,BELONGS_TO
W2382443156,5,BELONGS_TO
W2383136295,35,BELONGS_TO
W2383400330,7,BELONGS_TO
W2383688341,35,BELONGS_TO
W2383847036,10,BELONGS_TO
W2383904373,40,BELONGS_TO
W2384553641,3,BELONGS_TO
W2385207352,1,BELONGS_TO
W2385352013,5,BELONGS_TO
W2385808512,1,BELONGS_TO
W2386359715,21,BELONGS_TO
W2386507432,28,BELONGS_TO
W2386611280,5,BELONGS_TO
W2386619164,3,BELONGS_TO
W2386782160,10,BELONGS_TO
W2386878779,13,BELONGS_TO
W2387121626,3,BELONGS_TO
W2387220784,33,BELONGS_TO
W2388280979,27,BELONGS_TO
W2388389568,29,BELONGS_TO
W2388391649,3,BELONGS_TO
W2388532291,29,BELONGS_TO
W2389169406,17,BELONGS_TO
W2389242205,3,BELONGS_TO
W2389824223,28,BELONGS_TO
W2390554934,35,BELONGS_TO
W2391031955,33,BELONGS_TO
W2391062075,26,BELONGS_TO
W2391727592,5,BELONGS_TO
W2391953902,23,BELONGS_TO
W2392238013,32,BELONGS_TO
W2392419092,37,BELONGS_TO
W2393120572,14,BELONGS_TO
W2393254560,10,BELONGS_TO
W2393264722,9,BELONGS_TO
W2393327158,20,BELONGS_TO
W2394082996,0,BELONGS_TO
W2394116664,23,BELONGS_TO
W2394176052,37,BELONGS_TO
W2394290882,21,BELONGS_TO
W2496171072,20,BELONGS_TO
W2555561595,20,BELONGS_TO
W2556584035,20,BELONGS_TO
W2566290954,20,BELONGS_TO
W2592738442,20,BELONGS_TO
W2607391129,20,BELONGS_TO
W2677270484,28,BELONGS_TO
W2734557450,0,BELONGS_TO
W2753396771,16,BELONGS_TO
W2791648898,5,BELONGS_TO
W2811079848,2,BELONGS_TO
W2889093901,27,BELONGS_TO
W2891912056,17,BELONGS_TO
W2901855654,35,BELONGS_TO
W2906247978,17,BELONGS_TO
W2920977915,23,BELONGS_TO
W2921306927,20,BELONGS_TO
W2921438491,20,BELONGS_TO
W2921662358,20,BELONGS_TO
W2921899614,20,BELONGS_TO
W2922328822,20,BELONGS_TO
W2952065493,23,BELONGS_TO
W2953848273,31,BELONGS_TO
W2965644806,2,BELONGS_TO
W2973001791,44,BELONGS_TO
W2977454665,5,BELONGS_TO
W2977816163,31,BELONGS_TO
W2978395531,36,BELONGS_TO
W2979119366,33,BELONGS_TO
W2983539862,21,BELONGS_TO
W2997366206,3,BELONGS_TO
W2997493078,1,BELONGS_TO
W3004515227,30,BELONGS_TO
W3015003805,35,BELONGS_TO
W3015242855,30,BELONGS_TO
W3024115407,0,BELONGS_TO
W3036995321,37,BELONGS_TO
W3041024626,13,BELONGS_TO
W3041450853,18,BELONGS_TO
W3045718937,24,BELONGS_TO
W3080396026,13,BELONGS_TO
W3082965775,0,BELONGS_TO
W3092615877,12,BELONGS_TO
W3102849408,5,BELONGS_TO
W3108806183,3,BELONGS_TO
W3110171308,11,BELONGS_TO
W3111377185,30,BELONGS_TO
W3117627346,8,BELONGS_TO
W3119112299,18,BELONGS_TO
W3119993405,2,BELONGS_TO
W3121710976,3,BELONGS_TO
W3126625127,17,BELONGS_TO
W3130719811,27,BELONGS_TO
W3134302764,0,BELONGS_TO
W3134348723,17,BELONGS_TO
W3135801482,0,BELONGS_TO
W3135971520,7,BELONGS_TO
W3136011744,15,BELONGS_TO
W3139123503,7,BELONGS_TO
W3143512231,21,BELONGS_TO
W3147969751,2,BELONGS_TO
W3148383904,2,BELONGS_TO
W3163768356,12,BELONGS_TO
W3164428607,1,BELONGS_TO
W3165018444,11,BELONGS_TO
W3168287854,25,BELONGS_TO
W3169452727,22,BELONGS_TO
W3169475755,22,BELONGS_TO
W3169793918,5,BELONGS_TO
W3171825034,13,BELONGS_TO
W3174731227,0,BELONGS_TO
W3177081908,44,BELONGS_TO
W3178978547,0,BELONGS_TO
W3179712703,22,BELONGS_TO
W3182536591,22,BELONGS_TO
W3182711012,22,BELONGS_TO
W3183376380,8,BELONGS_TO
W3191323881,5,BELONGS_TO
W3191655728,2,BELONGS_TO
W3193827873,29,BELONGS_TO
W3194974541,29,BELONGS_TO
W3196094549,44,BELONGS_TO
W3196533964,30,BELONGS_TO
W3196831637,25,BELONGS_TO
W3197931863,44,BELONGS_TO
W3198922805,5,BELONGS_TO
W3198928536,27,BELONGS_TO
W3199138090,33,BELONGS_TO
W3199181082,3,BELONGS_TO
W3199213114,7,BELONGS_TO
W3199235166,7,BELONGS_TO
W3199235329,35,BELONGS_TO
W3199301772,35,BELONGS_TO
W3199333285,7,BELONGS_TO
W3199357865,26,BELONGS_TO
W3199422970,14,BELONGS_TO
W3199477842,7,BELONGS_TO
W3199544892,7,BELONGS_TO
W3199626612,5,BELONGS_TO
W3199796492,5,BELONGS_TO
W3199869368,28,BELONGS_TO
W3199887413,7,BELONGS_TO
W3199942263,5,BELONGS_TO
W3199970305,29,BELONGS_TO
W3200021621,5,BELONGS_TO
W3200024512,14,BELONGS_TO
W3200062521,5,BELONGS_TO
W3200127562,29,BELONGS_TO
W3200200655,5,BELONGS_TO
W3200216791,9,BELONGS_TO
W3200248305,26,BELONGS_TO
W3200418864,7,BELONGS_TO
W3200457012,5,BELONGS_TO
W3200534035,5,BELONGS_TO
W3200554915,28,BELONGS_TO
W3200603678,5,BELONGS_TO
W3200607378,5,BELONGS_TO
W3200608939,15,BELONGS_TO
W3200634103,41,BELONGS_TO
W3200644041,5,BELONGS_TO
W3200711057,16,BELONGS_TO
W3200721992,1,BELONGS_TO
W3200731815,29,BELONGS_TO
W3200732705,7,BELONGS_TO
W3200738788,5,BELONGS_TO
W3200854850,0,BELONGS_TO
W3200890767,31,BELONGS_TO
W3200891447,7,BELONGS_TO
W3201015711,14,BELONGS_TO
W3201066843,7,BELONGS_TO
W3201132481,5,BELONGS_TO
W3201159070,21,BELONGS_TO
W3201165683,5,BELONGS_TO
W3201204358,10,BELONGS_TO
W3201236341,5,BELONGS_TO
W3201302514,8,BELONGS_TO
W3201464212,7,BELONGS_TO
W3201474368,34,BELONGS_TO
W3201553504,46,BELONGS_TO
W3201611349,5,BELONGS_TO
W3201885838,17,BELONGS_TO
W3203494247,2,BELONGS_TO
W3204281564,30,BELONGS_TO
W3204380746,31,BELONGS_TO
W3204420088,29,BELONGS_TO
W3204989818,45,BELONGS_TO
W3205098776,8,BELONGS_TO
W3206854113,2,BELONGS_TO
W3207585979,25,BELONGS_TO
W3208435212,35,BELONGS_TO
W3208505995,27,BELONGS_TO
W3210429905,42,BELONGS_TO
W3211403101,26,BELONGS_TO
W3211590055,7,BELONGS_TO
W3211648135,29,BELONGS_TO
W3211671346,32,BELONGS_TO
W3211696272,7,BELONGS_TO
W3211702712,12,BELONGS_TO
W3211878896,5,BELONGS_TO
W3212016922,8,BELONGS_TO
W3212083005,7,BELONGS_TO
W3212222020,7,BELONGS_TO
W3212303430,7,BELONGS_TO
W3212346744,8,BELONGS_TO
W3212358114,7,BELONGS_TO
W3212363074,12,BELONGS_TO
W3212381003,7,BELONGS_TO
W3212390407,7,BELONGS_TO
W3212392119,7,BELONGS_TO
W3212450826,32,BELONGS_TO
W3212916669,22,BELONGS_TO
W3212946760,2,BELONGS_TO
W3213111374,12,BELONGS_TO
W3213391624,33,BELONGS_TO
W3213396050,33,BELONGS_TO
W3213463186,46,BELONGS_TO
W3213578569,2,BELONGS_TO
W3213801758,41,BELONGS_TO
W3213821022,7,BELONGS_TO
W3213864256,12,BELONGS_TO
W3214010329,14,BELONGS_TO
W3214253959,33,BELONGS_TO
W3214396074,7,BELONGS_TO
W3214427605,7,BELONGS_TO
W3216102259,0,BELONGS_TO
W3216209305,2,BELONGS_TO
W4200002544,34,BELONGS_TO
W4200023199,25,BELONGS_TO
W4200249466,5,BELONGS_TO
W4200572625,0,BELONGS_TO
W4200600839,25,BELONGS_TO
W4205125477,25,BELONGS_TO
W4205301466,5,BELONGS_TO
W4205404143,0,BELONGS_TO
W4206414210,5,BELONGS_TO
W4206769389,0,BELONGS_TO
W4207055473,5,BELONGS_TO
W4207065025,32,BELONGS_TO
W4213035113,5,BELONGS_TO
W4213277821,22,BELONGS_TO
W4214758965,21,BELONGS_TO
W4220926051,8,BELONGS_TO
W4221098262,34,BELONGS_TO
W4224025824,2,BELONGS_TO
W4226229689,0,BELONGS_TO
W4226468964,17,BELONGS_TO
W4229530795,5,BELONGS_TO
W4232243370,0,BELONGS_TO
W4232741222,5,BELONGS_TO
W4233209977,0,BELONGS_TO
W4234747297,45,BELONGS_TO
W4236113390,8,BELONGS_TO
W4238437341,30,BELONGS_TO
W4243275109,24,BELONGS_TO
W4243499502,5,BELONGS_TO
W4256296284,31,BELONGS_TO
W4256537277,5,BELONGS_TO
W4281492481,22,BELONGS_TO
W4281786168,3,BELONGS_TO
W4281817358,10,BELONGS_TO
W4282942155,33,BELONGS_TO
W4283206317,29,BELONGS_TO
W4283512790,29,BELONGS_TO
W4283517724,8,BELONGS_TO
W4283581586,4,BELONGS_TO
W4283741100,39,BELONGS_TO
W4283748022,2,BELONGS_TO
W4283754261,22,BELONGS_TO
W4283765845,22,BELONGS_TO
W4283824100,22,BELONGS_TO
W4283832348,22,BELONGS_TO
W4285066667,5,BELONGS_TO
W4285096827,34,BELONGS_TO
W4285191318,42,BELONGS_TO
W4285347500,16,BELONGS_TO
W4285832125,0,BELONGS_TO
W4286001748,0,BELONGS_TO
W4286432852,22,BELONGS_TO
W4286432908,39,BELONGS_TO
W4286432912,22,BELONGS_TO
W4286432916,39,BELONGS_TO
W4286432921,22,BELONGS_TO
W4286432923,39,BELONGS_TO
W4286432932,39,BELONGS_TO
W4286432936,39,BELONGS_TO
W4286432938,39,BELONGS_TO
W4286432944,22,BELONGS_TO
W4286432946,22,BELONGS_TO
W4286432954,39,BELONGS_TO
W4286432961,22,BELONGS_TO
W4286434107,4,BELONGS_TO
W4286493883,2,BELONGS_TO
W4286929179,21,BELONGS_TO
W4287266429,0,BELONGS_TO
W4287640994,5,BELONGS_TO
W4287824222,45,BELONGS_TO
W4289878592,43,BELONGS_TO
W4292373742,39,BELONGS_TO
W4292430115,11,BELONGS_TO
W4292485446,25,BELONGS_TO
W4294187923,39,BELONGS_TO
W4294187926,39,BELONGS_TO
W4294187927,39,BELONGS_TO
W4294187944,22,BELONGS_TO
W4294187950,39,BELONGS_TO
W4294187955,39,BELONGS_TO
W4294187962,22,BELONGS_TO
W4294265846,22,BELONGS_TO
W4294366785,22,BELONGS_TO
W4294368224,0,BELONGS_TO
W4294867768,22,BELONGS_TO
W4295932126,2,BELONGS_TO
W4296564751,24,BELONGS_TO
W4296598416,32,BELONGS_TO
W4296709077,39,BELONGS_TO
W4296712376,22,BELONGS_TO
W4296713779,39,BELONGS_TO
W4301394493,18,BELONGS_TO
W4302847498,20,BELONGS_TO
W4304084373,22,BELONGS_TO
W4304084384,22,BELONGS_TO
W4307521070,32,BELONGS_TO
W4307968637,1,BELONGS_TO
W4308684493,1,BELONGS_TO
W4312073669,19,BELONGS_TO
W4312199594,27,BELONGS_TO
W4312310395,18,BELONGS_TO
W4312600534,29,BELONGS_TO
W4312634760,2,BELONGS_TO
W4312679249,4,BELONGS_TO
W4312835598,7,BELONGS_TO
W4312866422,7,BELONGS_TO
W4312910875,7,BELONGS_TO
W4313148375,13,BELONGS_TO
W4313289507,8,BELONGS_TO
W4313456478,23,BELONGS_TO
W4316589740,10,BELONGS_TO
W4317208165,10,BELONGS_TO
W4319597735,25,BELONGS_TO
W4319603301,4,BELONGS_TO
W4321159612,41,BELONGS_TO
W4321251685,41,BELONGS_TO
W4323029777,18,BELONGS_TO
W4323269635,5,BELONGS_TO
W4323341266,4,BELONGS_TO
W4327890777,4,BELONGS_TO
W4360801681,0,BELONGS_TO
W4361000564,4,BELONGS_TO
W4361801984,29,BELONGS_TO
W4362517101,21,BELONGS_TO
W4362581165,9,BELONGS_TO
W4362650575,21,BELONGS_TO
W4362710830,4,BELONGS_TO
W4364359960,0,BELONGS_TO
W4366448654,26,BELONGS_TO
W4366588309,14,BELONGS_TO
W4367024167,31,BELONGS_TO
W4367366146,11,BELONGS_TO
W4375939788,4,BELONGS_TO
W4375957567,11,BELONGS_TO
W4376127836,28,BELONGS_TO
W4376566290,3,BELONGS_TO
W4376638002,21,BELONGS_TO
W4376891951,11,BELONGS_TO
W4378983058,28,BELONGS_TO
W4379231704,4,BELONGS_TO
W4379514722,10,BELONGS_TO
W4380417077,0,BELONGS_TO
W4380629569,10,BELONGS_TO
W4380886044,0,BELONGS_TO
W4381195669,5,BELONGS_TO
W4381234360,14,BELONGS_TO
W4381250003,4,BELONGS_TO
W4381250021,4,BELONGS_TO
W4381436947,1,BELONGS_TO
W4381546781,32,BELONGS_TO
W4381683241,20,BELONGS_TO
W4382813560,35,BELONGS_TO
W4382985010,5,BELONGS_TO
W4383875588,14,BELONGS_TO
W4384818111,26,BELONGS_TO
W4385235017,21,BELONGS_TO
W4385265498,3,BELONGS_TO
W4385369625,29,BELONGS_TO
W4385372578,13,BELONGS_TO
W4385440069,18,BELONGS_TO
W4385443788,45,BELONGS_TO
W4385845285,25,BELONGS_TO
W4385961554,44,BELONGS_TO
W4386009983,18,BELONGS_TO
W4386060718,24,BELONGS_TO
W4386082118,5,BELONGS_TO
W4386082131,5,BELONGS_TO
W4386098607,5,BELONGS_TO
W4386251985,18,BELONGS_TO
W4386290236,9,BELONGS_TO
W4386536502,5,BELONGS_TO
W4386547305,2,BELONGS_TO
W4386560822,5,BELONGS_TO
W4386616621,6,BELONGS_TO
W4386851484,44,BELONGS_TO
W4386932733,25,BELONGS_TO
W4386939450,8,BELONGS_TO
W4387028138,16,BELONGS_TO
W4387071130,30,BELONGS_TO
W4387103468,9,BELONGS_TO
W4387116947,43,BELONGS_TO
W4387124706,23,BELONGS_TO
W4387315342,27,BELONGS_TO
W4387390226,11,BELONGS_TO
W4387566111,41,BELONGS_TO
W4387586125,11,BELONGS_TO
W4387938158,5,BELONGS_TO
W4388223981,8,BELONGS_TO
W4388309641,18,BELONGS_TO
W4388405219,16,BELONGS_TO
W4388504134,10,BELONGS_TO
W4388998466,3,BELONGS_TO
W4389083570,5,BELONGS_TO
W4389150287,21,BELONGS_TO
W4389689650,31,BELONGS_TO
W4390055640,45,BELONGS_TO
W4390547547,12,BELONGS_TO
W4390598605,15,BELONGS_TO
W4390639711,44,BELONGS_TO
W4390717671,3,BELONGS_TO
W4390755420,0,BELONGS_TO
W4390883270,5,BELONGS_TO
W4390890223,5,BELONGS_TO
W4391185418,5,BELONGS_TO
W4391186569,13,BELONGS_TO
W4391445568,39,BELONGS_TO
W4391826672,0,BELONGS_TO
W4392346811,39,BELONGS_TO
W4392709346,14,BELONGS_TO
W4392709529,32,BELONGS_TO
W4392810746,4,BELONGS_TO
W4392949586,46,BELONGS_TO
W4392985494,0,BELONGS_TO
W4393066106,2,BELONGS_TO
W4393336473,9,BELONGS_TO
W4393384981,25,BELONGS_TO
W4393746121,21,BELONGS_TO
W4393804002,21,BELONGS_TO
W4394784474,31,BELONGS_TO
W4394998404,0,BELONGS_TO
W4395449962,26,BELONGS_TO
W4396619621,29,BELONGS_TO
W4396628329,29,BELONGS_TO
W4396664305,13,BELONGS_TO
W4396700771,27,BELONGS_TO
W4396875764,28,BELONGS_TO
W4397009991,37,BELONGS_TO
W4398228557,13,BELONGS_TO
W4398789713,4,BELONGS_TO
W4399013222,0,BELONGS_TO
W4399751774,18,BELONGS_TO
W4399763896,35,BELONGS_TO
W4399982943,13,BELONGS_TO
W4400130420,10,BELONGS_TO
W4400259404,13,BELONGS_TO
W4400346316,37,BELONGS_TO
W4400389534,5,BELONGS_TO
W4400420277,31,BELONGS_TO
W4400574861,20,BELONGS_TO
W4400733488,41,BELONGS_TO
W4400889849,18,BELONGS_TO
W4400934330,28,BELONGS_TO
W4400937770,21,BELONGS_TO
W4401179614,27,BELONGS_TO
W4401275036,24,BELONGS_TO
W4401470304,0,BELONGS_TO
W4401517445,5,BELONGS_TO
W4401550576,0,BELONGS_TO
W4401617376,0,BELONGS_TO
W4401831013,8,BELONGS_TO
W4401948907,14,BELONGS_TO
W4401959784,5,BELONGS_TO
W4401960308,4,BELONGS_TO
W4402043000,5,BELONGS_TO
W4402129400,10,BELONGS_TO
W4402533417,5,BELONGS_TO
W4402557116,13,BELONGS_TO
W4402847072,5,BELONGS_TO
W4402876258,8,BELONGS_TO
W4402894282,5,BELONGS_TO
W4403071246,30,BELONGS_TO
W4403134195,5,BELONGS_TO
W4403155959,9,BELONGS_TO
W4403457169,10,BELONGS_TO
W4404044791,5,BELONGS_TO
W4404174159,1,BELONGS_TO
W4404367010,9,BELONGS_TO
W4404419098,40,BELONGS_TO
W4404837890,45,BELONGS_TO
W4405130076,0,BELONGS_TO
W4405135580,12,BELONGS_TO
W4405335093,21,BELONGS_TO
W4405378921,7,BELONGS_TO
W4405387853,24,BELONGS_TO
W4405483602,34,BELONGS_TO
W4405592947,5,BELONGS_TO
W4405757553,23,BELONGS_TO
W4405945941,15,BELONGS_TO
W4405957313,3,BELONGS_TO
W4405992004,5,BELONGS_TO
W4406110549,1,BELONGS_TO
W4406734969,26,BELONGS_TO
W4406848700,0,BELONGS_TO
W4406970545,9,BELONGS_TO
W4407060664,9,BELONGS_TO
W4407130410,15,BELONGS_TO
W4407159495,18,BELONGS_TO
W4407370804,0,BELONGS_TO
W4407436069,45,BELONGS_TO
W4407561213,34,BELONGS_TO
W4407670121,40,BELONGS_TO
W4407899193,0,BELONGS_TO
W4407908882,35,BELONGS_TO
W4408000429,1,BELONGS_TO
W4408028742,25,BELONGS_TO
W4408040591,27,BELONGS_TO
W4408078575,0,BELONGS_TO
W4408078682,0,BELONGS_TO
W4408200799,2,BELONGS_TO
W4408235709,6,BELONGS_TO
W4408465787,0,BELONGS_TO
W4408719264,38,BELONGS_TO
W4408722193,1,BELONGS_TO
W4408940629,30,BELONGS_TO
W4408960506,0,BELONGS_TO
W4409008032,5,BELONGS_TO
W4409269297,5,BELONGS_TO
W4409293757,25,BELONGS_TO
W4409377644,18,BELONGS_TO
W4409462844,14,BELONGS_TO
W4409518500,0,BELONGS_TO
W4409675529,46,BELONGS_TO
W4409823968,0,BELONGS_TO
W4409858212,11,BELONGS_TO
W4410061102,18,BELONGS_TO
W4410070026,18,BELONGS_TO
W4410070105,18,BELONGS_TO
W4410228195,2,BELONGS_TO
W4410256716,9,BELONGS_TO
W4410344643,11,BELONGS_TO
W4410442100,4,BELONGS_TO
W4410512910,0,BELONGS_TO
W4410512922,25,BELONGS_TO
W4410512946,0,BELONGS_TO
W4410810274,2,BELONGS_TO
W4410810312,2,BELONGS_TO
W4410810484,8,BELONGS_TO
W4410853424,17,BELONGS_TO
W4410853430,13,BELONGS_TO
W4410853904,13,BELONGS_TO
W4410854975,17,BELONGS_TO
W4410856514,6,BELONGS_TO
W4410891208,37,BELONGS_TO
W4410974180,34,BELONGS_TO
W4411160005,31,BELONGS_TO
W4411207447,19,BELONGS_TO
W4411212850,27,BELONGS_TO
W4411249372,5,BELONGS_TO
W4411289136,18,BELONGS_TO
W4411326098,40,BELONGS_TO
W4411384542,16,BELONGS_TO
W4411413958,42,BELONGS_TO
W4411441940,15,BELONGS_TO
W4411469856,9,BELONGS_TO
W4411567740,1,BELONGS_TO
W4411626102,10,BELONGS_TO
W4411689146,26,BELONGS_TO
W4411707776,27,BELONGS_TO
W4411777799,34,BELONGS_TO
W4411828010,18,BELONGS_TO
W4411880963,27,BELONGS_TO
W4412003814,7,BELONGS_TO
W4412083350,8,BELONGS_TO
W4412161992,21,BELONGS_TO
W4412189097,3,BELONGS_TO
W4412404272,2,BELONGS_TO
W4412569248,18,BELONGS_TO
W4412581388,4,BELONGS_TO
W4412583333,4,BELONGS_TO
W4412834641,1,BELONGS_TO
W4412944887,4,BELONGS_TO
W4412977942,16,BELONGS_TO
W4413106375,20,BELONGS_TO
W4413182358,1,BELONGS_TO
W4413265398,1,BELONGS_TO
W4413373431,18,BELONGS_TO
W4413380470,18,BELONGS_TO
W4413730202,27,BELONGS_TO
W4413844613,13,BELONGS_TO
W4413957744,27,BELONGS_TO
W4413958021,0,BELONGS_TO
W4414020827,12,BELONGS_TO
W4414023483,10,BELONGS_TO
W4414053701,9,BELONGS_TO
W4414060981,0,BELONGS_TO
W4414115402,24,BELONGS_TO
W4414170274,27,BELONGS_TO
W4414206059,40,BELONGS_TO
W4414206818,4,BELONGS_TO
W4414218848,5,BELONGS_TO
W4414218884,5,BELONGS_TO
W4414227725,26,BELONGS_TO
W4414417404,24,BELONGS_TO
W4414595727,6,BELONGS_TO
W4414701392,15,BELONGS_TO
W4414708112,20,BELONGS_TO
W4414753857,31,BELONGS_TO
W4414761507,37,BELONGS_TO
W4414786344,37,BELONGS_TO
W4414883085,14,BELONGS_TO
W4414920857,1,BELONGS_TO
W4415054842,0,BELONGS_TO
W4415093469,38,BELONGS_TO
W4415163764,9,BELONGS_TO
W4415170399,6,BELONGS_TO
W4415196659,46,BELONGS_TO
W4415350151,6,BELONGS_TO
W4415374457,15,BELONGS_TO
W4415383964,3,BELONGS_TO
W4415458934,44,BELONGS_TO
W4415653025,13,BELONGS_TO
W4415675047,44,BELONGS_TO
W4415714390,13,BELONGS_TO
W4415809553,3,BELONGS_TO
W4415927132,34,BELONGS_TO
W4415950711,0,BELONGS_TO
W4416174863,38,BELONGS_TO
W4416208916,34,BELONGS_TO
W4416239940,16,BELONGS_TO
W4416367685,2,BELONGS_TO
W4416426658,16,BELONGS_TO
W4416440837,28,BELONGS_TO
W4416570357,31,BELONGS_TO
W4416734647,6,BELONGS_TO
W4416770216,15,BELONGS_TO
W4416777431,29,BELONGS_TO
W4416780613,5,BELONGS_TO
W4416791975,36,BELONGS_TO
W4416900077,36,BELONGS_TO
W4416953893,18,BELONGS_TO
W4416992823,33,BELONGS_TO
W4416994986,18,BELONGS_TO
W4417007013,21,BELONGS_TO
W4417051617,26,BELONGS_TO
W4417052346,2,BELONGS_TO
W4417052514,2,BELONGS_TO
W4417058714,16,BELONGS_TO
W4417064001,9,BELONGS_TO
W4417088395,6,BELONGS_TO
W4417115218,14,BELONGS_TO
W4417268735,6,BELONGS_TO
W4417297452,1,BELONGS_TO
W4417319514,6,BELONGS_TO
W4417421887,1,BELONGS_TO
W4417423760,27,BELONGS_TO
W4417499288,35,BELONGS_TO
W4417529920,12,BELONGS_TO
W7104585896,43,BELONGS_TO
W7105702010,25,BELONGS_TO
W7108322544,14,BELONGS_TO
W7108328204,14,BELONGS_TO
W7114984711,16,BELONGS_TO
W7115014505,16,BELONGS_TO
W7116293547,0,BELONGS_TO
W7116340925,36,BELONGS_TO
W7116711994,11,BELONGS_TO
W7116876344,13,BELONGS_TO
W7117322308,9,BELONGS_TO
W7117361510,19,BELONGS_TO
W7117457649,24,BELONGS_TO
W7117479710,15,BELONGS_TO
W7117648682,19,BELONGS_TO
W7117660946,12,BELONGS_TO
W7117773889,32,BELONGS_TO
W7117874750,42,BELONGS_TO
W3199183631,0,BELONGS_TO
W4210893619,42,BELONGS_TO
W4387121758,19,BELONGS_TO
W4391474950,1,BELONGS_TO
W4406489951,1,BELONGS_TO
W4283838068,6,BELONGS_TO
W4319794083,15,BELONGS_TO
W3199396396,3,BELONGS_TO
W3131063929,14,BELONGS_TO
W4285266850,2,BELONGS_TO
W4383889516,29,BELONGS_TO
W4281751722,6,BELONGS_TO
W4282555645,42,BELONGS_TO
W4386982640,44,BELONGS_TO
W4387958850,3,BELONGS_TO
W3007337991,7,BELONGS_TO
W3195732444,4,BELONGS_TO
W4210483046,33,BELONGS_TO
W4390939342,6,BELONGS_TO
W4292649377,4,BELONGS_TO
W4309873978,38,BELONGS_TO
W4323866303,1,BELONGS_TO
W4386925533,38,BELONGS_TO
W4391645226,38,BELONGS_TO
W4402124965,15,BELONGS_TO
W4214533025,10,BELONGS_TO
W4381988114,1,BELONGS_TO
W4390502111,36,BELONGS_TO
W4411395085,10,BELONGS_TO
W4361215744,29,BELONGS_TO
W4387967326,24,BELONGS_TO
W4391448534,1,BELONGS_TO
W3184444435,31,BELONGS_TO
W4205438146,2,BELONGS_TO
W4318762606,1,BELONGS_TO
W4392795430,15,BELONGS_TO
W4401099348,6,BELONGS_TO
W4313396687,2,BELONGS_TO
W4313568168,8,BELONGS_TO
W4391926108,15,BELONGS_TO
W4399628261,26,BELONGS_TO
W4399947613,0,BELONGS_TO
W4391854472,38,BELONGS_TO
W3169186654,13,BELONGS_TO
W4284963908,7,BELONGS_TO
W4317914312,3,BELONGS_TO
W4321482630,6,BELONGS_TO
W4385400337,44,BELONGS_TO
W4393004179,13,BELONGS_TO
W4399072097,26,BELONGS_TO
W4406960022,41,BELONGS_TO
W4360620773,29,BELONGS_TO
W4401225747,46,BELONGS_TO
W3197526874,1,BELONGS_TO
W4281285699,42,BELONGS_TO
W4384826006,27,BELONGS_TO
W4389738902,27,BELONGS_TO
W4393932362,16,BELONGS_TO
W4220945563,8,BELONGS_TO
W4283390991,6,BELONGS_TO
W4386889388,1,BELONGS_TO
W4387909652,1,BELONGS_TO
W4396680807,2,BELONGS_TO
W4401892575,27,BELONGS_TO
W4313326743,29,BELONGS_TO
W4386326832,1,BELONGS_TO
W4393318354,21,BELONGS_TO
W4402172457,38,BELONGS_TO
W4403557575,44,BELONGS_TO
W4223646708,13,BELONGS_TO
W4379793938,41,BELONGS_TO
W4387770997,10,BELONGS_TO
W4387810629,35,BELONGS_TO
W4392431566,1,BELONGS_TO
W4402696133,15,BELONGS_TO
W4390501728,12,BELONGS_TO
W4387842287,19,BELONGS_TO
W4398250626,40,BELONGS_TO
W3034501957,3,BELONGS_TO
W4390598901,30,BELONGS_TO
W4404051530,12,BELONGS_TO
W4387614886,30,BELONGS_TO
W4391319779,3,BELONGS_TO
W4396895702,6,BELONGS_TO
W4400887136,38,BELONGS_TO
W4405012377,0,BELONGS_TO
W4407757245,38,BELONGS_TO
W7118163415,20,BELONGS_TO
W7118767696,5,BELONGS_TO
W7118869195,9,BELONGS_TO
W7119357954,30,BELONGS_TO
W7119522653,26,BELONGS_TO
W7119532240,14,BELONGS_TO
W7119692187,0,BELONGS_TO
W7119881577,3,BELONGS_TO
W7123357215,6,BELONGS_TO
W7124221689,12,BELONGS_TO
W7124505868,6,BELONGS_TO
W7125485054,9,BELONGS_TO
W7125778505,4,BELONGS_TO
W7125798761,1,BELONGS_TO
W7125944245,18,BELONGS_TO
W7125983273,3,BELONGS_TO
W7126022358,21,BELONGS_TO
W7126031294,0,BELONGS_TO
W7126085536,2,BELONGS_TO
W7126088191,21,BELONGS_TO
W7126107906,16,BELONGS_TO
W7126151423,35,BELONGS_TO
W7126182670,6,BELONGS_TO
W7126391955,0,BELONGS_TO
W7126404938,0,BELONGS_TO
W7127274448,2,BELONGS_TO
W7127284528,7,BELONGS_TO
W7127288345,8,BELONGS_TO
W7127316044,16,BELONGS_TO
W7127339318,2,BELONGS_TO
W7127339740,2,BELONGS_TO
W7127343450,2,BELONGS_TO
W7127345430,2,BELONGS_TO
W7127352289,2,BELONGS_TO
W7127369706,41,BELONGS_TO
W7127372804,16,BELONGS_TO
W7127377801,16,BELONGS_TO
W7127404728,2,BELONGS_TO
W7127411886,2,BELONGS_TO
W7127415324,2,BELONGS_TO
W7127417295,15,BELONGS_TO
W7127423013,2,BELONGS_TO
W7127432421,2,BELONGS_TO
W7127436591,2,BELONGS_TO
W7127441308,36,BELONGS_TO
W7127632959,6,BELONGS_TO
W7127955044,8,BELONGS_TO
W7127959413,37,BELONGS_TO
W7128391453,20,BELONGS_TO
W7128404636,4,BELONGS_TO
W7128533831,18,BELONGS_TO
W7128534635,0,BELONGS_TO
W7128925053,20,BELONGS_TO
W7129078239,9,BELONGS_TO
W7129553087,6,BELONGS_TO
W7129778683,4,BELONGS_TO
W7130418290,6,BELONGS_TO
W7130506610,13,BELONGS_TO
W7130515890,4,BELONGS_TO
W7131109455,13,BELONGS_TO
W7131416904,20,BELONGS_TO
W7131662221,12,BELONGS_TO
W7131672289,16,BELONGS_TO
W7131786424,36,BELONGS_TO
W7133226126,36,BELONGS_TO
W7133243872,20,BELONGS_TO
W7133946363,26,BELONGS_TO
W7133975914,40,BELONGS_TO
W7134045706,33,BELONGS_TO
W7134116251,9,BELONGS_TO
W7134165910,10,BELONGS_TO
W7134186300,27,BELONGS_TO
W7134190072,6,BELONGS_TO
W7134201769,32,BELONGS_TO
W7134900106,43,BELONGS_TO
W7134947698,18,BELONGS_TO
W7135034164,13,BELONGS_TO
W7135071235,18,BELONGS_TO
W7135509405,11,BELONGS_TO
W7136207794,28,BELONGS_TO
W7136346916,1,BELONGS_TO
W7136710832,15,BELONGS_TO
W7137152070,0,BELONGS_TO
W7137867611,40,BELONGS_TO
W7137929809,34,BELONGS_TO
W7138163378,20,BELONGS_TO
W7138255861,0,BELONGS_TO
W7138309880,19,BELONGS_TO
W7138412182,0,BELONGS_TO
W7138450076,40,BELONGS_TO
W7138834802,20,BELONGS_TO
W7138847349,6,BELONGS_TO
W7138924488,18,BELONGS_TO
W7138924495,0,BELONGS_TO
W7138925389,0,BELONGS_TO
W7138961853,16,BELONGS_TO
W7139012749,4,BELONGS_TO
W7139037461,20,BELONGS_TO
W7139959509,11,BELONGS_TO
W7140080270,20,BELONGS_TO
W7140195147,26,BELONGS_TO
W7140412201,13,BELONGS_TO
W7142477247,36,BELONGS_TO
W7142890397,18,BELONGS_TO
W7143055600,18,BELONGS_TO
W7143830774,27,BELONGS_TO
W7147035534,5,BELONGS_TO
W7147213615,6,BELONGS_TO
W7147295963,18,BELONGS_TO
W7147563121,1,BELONGS_TO
W7147579779,18,BELONGS_TO
W7147608128,18,BELONGS_TO
W7148529802,6,BELONGS_TO
W7150069323,20,BELONGS_TO
W7150709534,0,BELONGS_TO
W7150767546,0,BELONGS_TO
W7150978766,0,BELONGS_TO
W7151601401,24,BELONGS_TO
W7151754142,37,BELONGS_TO
W7152089371,14,BELONGS_TO
W7152500130,2,BELONGS_TO
W7152541672,37,BELONGS_TO
W7152690254,17,BELONGS_TO
W7153243958,31,BELONGS_TO
W7153560386,0,BELONGS_TO
W7154467160,46,BELONGS_TO
W7154494603,23,BELONGS_TO
W7154587972,0,BELONGS_TO
W7154646527,29,BELONGS_TO
W7154937830,28,BELONGS_TO
W7154951097,3,BELONGS_TO
W7155199095,13,BELONGS_TO
W7155200584,13,BELONGS_TO
W7155203564,15,BELONGS_TO
W7155452256,2,BELONGS_TO
W7155517813,18,BELONGS_TO
W7155558618,20,BELONGS_TO
W7155627074,0,BELONGS_TO
W7155917193,11,BELONGS_TO
W7157065387,18,BELONGS_TO
W7157165965,18,BELONGS_TO
W7159099806,40,BELONGS_TO
W7159982177,3,BELONGS_TO
W7159983385,1,BELONGS_TO
W7160027482,9,BELONGS_TO
W7160032096,20,BELONGS_TO
W7160136628,20,BELONGS_TO
W7160165418,13,BELONGS_TO
W7160174753,0,BELONGS_TO
W7160186769,11,BELONGS_TO
W7160251502,16,BELONGS_TO
W7160290327,37,BELONGS_TO
W7160374639,6,BELONGS_TO
W7160384513,42,BELONGS_TO
W7160446495,41,BELONGS_TO
W7160527559,45,BELONGS_TO
W7160625615,3,BELONGS_TO
W7160640994,3,BELONGS_TO
W7160652072,6,BELONGS_TO
W7160763491,14,BELONGS_TO
W7160768306,14,BELONGS_TO
W7160784496,19,BELONGS_TO
W7160839850,45,BELONGS_TO
W7160841569,45,BELONGS_TO
W7160940118,3,BELONGS_TO
W7160949195,27,BELONGS_TO
W7160982211,28,BELONGS_TO
W7161066054,15,BELONGS_TO
W7161111376,1,BELONGS_TO
W7161289029,26,BELONGS_TO
W7161302210,1,BELONGS_TO
W7161307330,9,BELONGS_TO
W7161388772,32,BELONGS_TO
W7161399871,18,BELONGS_TO
W7161414526,32,BELONGS_TO
W7161536198,45,BELONGS_TO
W7161558438,6,BELONGS_TO
W7161583557,45,BELONGS_TO
W7161594234,1,BELONGS_TO
W7161788978,16,BELONGS_TO
W7161797802,5,BELONGS_TO
W7161842826,6,BELONGS_TO
W7161844670,16,BELONGS_TO
W7161973959,4,BELONGS_TO
W7162127376,28,BELONGS_TO
W7162215912,9,BELONGS_TO
W7162243861,0,BELONGS_TO
W7162303146,30,BELONGS_TO
W7162318469,11,BELONGS_TO
W7162326146,45,BELONGS_TO
W7162334731,6,BELONGS_TO
W7162404973,27,BELONGS_TO
W7162411051,37,BELONGS_TO
W7162419195,18,BELONGS_TO
W7162426908,1,BELONGS_TO
W7162442689,6,BELONGS_TO
W7162451130,33,BELONGS_TO
W7162452091,13,BELONGS_TO
W7162538134,15,BELONGS_TO
W7162561748,36,BELONGS_TO
W7162805338,6,BELONGS_TO
W7162814210,15,BELONGS_TO
W7162859516,14,BELONGS_TO
W7162863543,14,BELONGS_TO
W7162875868,0,BELONGS_TO
W7162938210,31,BELONGS_TO
W7163065831,1,BELONGS_TO
W7163067228,31,BELONGS_TO
W7163367857,4,BELONGS_TO
W7163549597,1,BELONGS_TO
W7163582689,28,BELONGS_TO
W7163654284,13,BELONGS_TO
W7163660649,6,BELONGS_TO
W7163735877,17,BELONGS_TO
W7163742943,3,BELONGS_TO
W7163752815,0,BELONGS_TO
W7163867813,0,BELONGS_TO
W7163886815,6,BELONGS_TO
W7163942238,46,BELONGS_TO
W7163995216,45,BELONGS_TO
W7164001604,19,BELONGS_TO
W7164045742,6,BELONGS_TO
W7164178285,0,BELONGS_TO
W7164518188,19,BELONGS_TO
W7164823619,0,BELONGS_TO
W7164884701,1,BELONGS_TO
W7164917283,1,BELONGS_TO
W7164931366,19,BELONGS_TO
W7164944821,23,BELONGS_TO
W7165114816,16,BELONGS_TO
W7165175586,18,BELONGS_TO
W7165199016,12,BELONGS_TO
W7165377796,26,BELONGS_TO
W7165570983,23,BELONGS_TO
W7165623399,14,BELONGS_TO
W7166003581,3,BELONGS_TO
W7166028472,16,BELONGS_TO
W7166029693,16,BELONGS_TO
W7166030371,16,BELONGS_TO
W7166054839,16,BELONGS_TO
W7166095928,16,BELONGS_TO
W7166138059,6,BELONGS_TO
W4411069142,1,BELONGS_TO
W4401467334,38,BELONGS_TO
W4409606618,13,BELONGS_TO
W4411867038,2,BELONGS_TO
W4412389639,33,BELONGS_TO
W4402693339,0,BELONGS_TO
W4405012386,0,BELONGS_TO
W4409644508,26,BELONGS_TO
W4388942254,33,BELONGS_TO
W4404837469,19,BELONGS_TO
W4382937971,45,BELONGS_TO
W4406874864,40,BELONGS_TO
W4406881240,40,BELONGS_TO
W4401351881,1,BELONGS_TO
W4401684825,13,BELONGS_TO
W4402596390,6,BELONGS_TO
W4411379455,9,BELONGS_TO
W4393854948,27,BELONGS_TO
W4394886436,6,BELONGS_TO
W4399490801,1,BELONGS_TO
W4402962879,3,BELONGS_TO
W4404920262,6,BELONGS_TO
W4408185919,10,BELONGS_TO
W4408446899,40,BELONGS_TO
W4318819594,6,BELONGS_TO
W4397002070,16,BELONGS_TO
W4407666597,6,BELONGS_TO
W4410593844,29,BELONGS_TO
W4413004400,27,BELONGS_TO
W4413118057,38,BELONGS_TO
W4414704940,38,BELONGS_TO
W4399691773,6,BELONGS_TO
W4408605524,6,BELONGS_TO
W4385422760,26,BELONGS_TO
W4409898812,20,BELONGS_TO
W4410774379,19,BELONGS_TO
W4414773519,35,BELONGS_TO
W4407717565,15,BELONGS_TO
W4412843188,37,BELONGS_TO
W4415373468,35,BELONGS_TO
W2015390581,23,BELONGS_TO
W2049769420,23,BELONGS_TO
W2167868957,23,BELONGS_TO
W1972364831,28,BELONGS_TO
W2037241957,10,BELONGS_TO
W2037351555,10,BELONGS_TO
W2593957126,28,BELONGS_TO
W3030321203,3,BELONGS_TO
W3171413831,17,BELONGS_TO
W2103748781,23,BELONGS_TO
W2519522313,1,BELONGS_TO
W2116401724,31,BELONGS_TO
W2131291272,0,BELONGS_TO
W2180953235,28,BELONGS_TO
W3175462020,41,BELONGS_TO
W2057397620,23,BELONGS_TO
W2676123895,1,BELONGS_TO
W3038323774,32,BELONGS_TO
W4206307193,17,BELONGS_TO
W2936657119,1,BELONGS_TO
W3135035374,0,BELONGS_TO
W4220909584,3,BELONGS_TO
W4224965222,17,BELONGS_TO
W3049420009,13,BELONGS_TO
W4221088381,0,BELONGS_TO
W4281854534,17,BELONGS_TO
W2893392348,24,BELONGS_TO
W3173640918,42,BELONGS_TO
W4281920079,42,BELONGS_TO
W3159682264,3,BELONGS_TO
W4296081994,3,BELONGS_TO
W2975116785,24,BELONGS_TO
W3203242018,2,BELONGS_TO
W4309737898,15,BELONGS_TO
W3033526964,31,BELONGS_TO
W2626032508,1,BELONGS_TO
W3194522155,3,BELONGS_TO
W4284885794,17,BELONGS_TO
W4283370032,17,BELONGS_TO
W4285149948,17,BELONGS_TO
W4291298303,0,BELONGS_TO
W4226471663,2,BELONGS_TO
W4287219732,2,BELONGS_TO
W4288050251,45,BELONGS_TO
W4361214286,37,BELONGS_TO
W3034897084,2,BELONGS_TO
W3080524420,3,BELONGS_TO
W3133521134,17,BELONGS_TO
W3162355841,1,BELONGS_TO
W3167511430,34,BELONGS_TO
W3172560453,2,BELONGS_TO
W4294982649,2,BELONGS_TO
W4228997162,3,BELONGS_TO
W4293660415,24,BELONGS_TO
W4366607373,3,BELONGS_TO
W4390964192,1,BELONGS_TO
W3083806460,3,BELONGS_TO
W3136985740,8,BELONGS_TO
W3163198494,1,BELONGS_TO
W3205232137,3,BELONGS_TO
W3206545182,2,BELONGS_TO
W4293238711,2,BELONGS_TO
W4312032783,46,BELONGS_TO
W4313203982,4,BELONGS_TO
W4378226923,19,BELONGS_TO
W4382323091,8,BELONGS_TO
W4387212021,38,BELONGS_TO
W4313558926,32,BELONGS_TO
W4379382643,2,BELONGS_TO
W3135837502,0,BELONGS_TO
W4281250804,17,BELONGS_TO
W4321597735,15,BELONGS_TO
W4376873270,38,BELONGS_TO
W4391354445,40,BELONGS_TO
W3118494691,2,BELONGS_TO
W3194129076,0,BELONGS_TO
W3202399060,45,BELONGS_TO
W4220747986,34,BELONGS_TO
W4226057806,4,BELONGS_TO
W4310339445,31,BELONGS_TO
W4321781934,15,BELONGS_TO
W4362541844,6,BELONGS_TO
W4366309491,15,BELONGS_TO
W4388411191,6,BELONGS_TO
W3156106451,3,BELONGS_TO
W4210369429,2,BELONGS_TO
W4313586752,2,BELONGS_TO
W4366090948,8,BELONGS_TO
W3003316963,28,BELONGS_TO
W3107648739,1,BELONGS_TO
W3168655084,8,BELONGS_TO
W3202442685,42,BELONGS_TO
W4200495764,0,BELONGS_TO
W4206403931,2,BELONGS_TO
W4281722354,33,BELONGS_TO
W4285199040,1,BELONGS_TO
W4381833251,40,BELONGS_TO
W4387083611,1,BELONGS_TO
W4391876512,6,BELONGS_TO
W4394996856,44,BELONGS_TO
W3175834700,2,BELONGS_TO
W3214136215,1,BELONGS_TO
W4220938728,0,BELONGS_TO
W4280585400,13,BELONGS_TO
W4303045635,42,BELONGS_TO
W4309782718,15,BELONGS_TO
W4313408409,34,BELONGS_TO
W4317434823,12,BELONGS_TO
W4327814100,16,BELONGS_TO
W4366978331,3,BELONGS_TO
W4383814612,42,BELONGS_TO
W4396898790,19,BELONGS_TO
W3133914281,0,BELONGS_TO
W3161051587,33,BELONGS_TO
W3171219399,3,BELONGS_TO
W4220784121,16,BELONGS_TO
W4225812594,33,BELONGS_TO
W4285275020,6,BELONGS_TO
W4362674680,42,BELONGS_TO
W4366976633,14,BELONGS_TO
W4379184192,1,BELONGS_TO
W4390410811,15,BELONGS_TO
W4392746748,12,BELONGS_TO
W3037126109,46,BELONGS_TO
W3159481389,20,BELONGS_TO
W3170368767,1,BELONGS_TO
W3196636059,24,BELONGS_TO
W3207741785,0,BELONGS_TO
W4221090168,42,BELONGS_TO
W4225156173,29,BELONGS_TO
W4280610068,17,BELONGS_TO
W4283785232,30,BELONGS_TO
W4285025417,36,BELONGS_TO
W4286008072,6,BELONGS_TO
W4291001490,0,BELONGS_TO
W4304128614,1,BELONGS_TO
W4365790216,1,BELONGS_TO
W4385489691,15,BELONGS_TO
W4386416432,10,BELONGS_TO
W4388757718,13,BELONGS_TO
W3089172231,25,BELONGS_TO
W3137746435,46,BELONGS_TO
W3195104377,2,BELONGS_TO
W4205912509,26,BELONGS_TO
W4308874308,32,BELONGS_TO
W4309109511,0,BELONGS_TO
W4311951862,0,BELONGS_TO
W4386411789,1,BELONGS_TO
W4388972587,1,BELONGS_TO
W4392188359,15,BELONGS_TO
W4399685159,19,BELONGS_TO
W3015771813,31,BELONGS_TO
W4290079132,4,BELONGS_TO
W4310653684,35,BELONGS_TO
W4310675866,37,BELONGS_TO
W4312201692,32,BELONGS_TO
W4322489023,4,BELONGS_TO
W4362717669,42,BELONGS_TO
W4386279883,38,BELONGS_TO
W4387971596,10,BELONGS_TO
W4390683198,42,BELONGS_TO
W4392003525,1,BELONGS_TO
W2994822816,0,BELONGS_TO
W4281740790,4,BELONGS_TO
W4296128756,14,BELONGS_TO
W4312508319,0,BELONGS_TO
W4315641599,22,BELONGS_TO
W4319791725,1,BELONGS_TO
W4386170078,1,BELONGS_TO
W4386884764,42,BELONGS_TO
W4387026621,38,BELONGS_TO
W4388805496,3,BELONGS_TO
W4389485812,26,BELONGS_TO
W4392286337,1,BELONGS_TO
W4394568521,1,BELONGS_TO
W4396694066,38,BELONGS_TO
W4402013946,10,BELONGS_TO
W4406828385,0,BELONGS_TO
W3131552615,9,BELONGS_TO
W4221131148,12,BELONGS_TO
W4280646092,4,BELONGS_TO
W4288036364,35,BELONGS_TO
W4292875940,9,BELONGS_TO
W4293143516,2,BELONGS_TO
W4309765389,8,BELONGS_TO
W4310266380,27,BELONGS_TO
W4378448636,6,BELONGS_TO
W4384026714,29,BELONGS_TO
W4387270971,1,BELONGS_TO
W4387326361,6,BELONGS_TO
W4390368114,27,BELONGS_TO
W4393951616,9,BELONGS_TO
W4394982211,1,BELONGS_TO
W4400558697,6,BELONGS_TO
W4401924629,42,BELONGS_TO
W4402131998,42,BELONGS_TO
W4403302339,1,BELONGS_TO
W2917075874,28,BELONGS_TO
W3041914111,3,BELONGS_TO
W3167996336,45,BELONGS_TO
W4214599195,6,BELONGS_TO
W4220917548,8,BELONGS_TO
W4292092699,22,BELONGS_TO
W4292367284,35,BELONGS_TO
W4377002490,6,BELONGS_TO
W4379114914,27,BELONGS_TO
W4380265524,40,BELONGS_TO
W4386183984,6,BELONGS_TO
W4391889662,39,BELONGS_TO
W4395682965,16,BELONGS_TO
W4400422349,36,BELONGS_TO
W4401385427,9,BELONGS_TO
W4402490333,26,BELONGS_TO
W4402796579,6,BELONGS_TO
W4403638785,36,BELONGS_TO
W4406168603,15,BELONGS_TO
W4408232874,0,BELONGS_TO
W4408612729,10,BELONGS_TO
W3159534123,7,BELONGS_TO
W3201357882,11,BELONGS_TO
W3209926259,14,BELONGS_TO
W4200521133,20,BELONGS_TO
W4225614357,17,BELONGS_TO
W4286210329,0,BELONGS_TO
W4298124764,1,BELONGS_TO
W4304958842,0,BELONGS_TO
W4308183904,6,BELONGS_TO
W4317555814,1,BELONGS_TO
W4380086388,1,BELONGS_TO
W4380202673,0,BELONGS_TO
W4381716148,45,BELONGS_TO
W4391844119,20,BELONGS_TO
W4392049362,9,BELONGS_TO
W4393190121,4,BELONGS_TO
W4394595654,15,BELONGS_TO
W4398617804,15,BELONGS_TO
W4399680508,6,BELONGS_TO
W4402435273,8,BELONGS_TO
W4403936788,16,BELONGS_TO
W4404952803,2,BELONGS_TO
W4404993468,38,BELONGS_TO
W4406730626,9,BELONGS_TO
W4212858205,45,BELONGS_TO
W4213129965,4,BELONGS_TO
W4284961454,6,BELONGS_TO
W4308970419,12,BELONGS_TO
W4311711212,7,BELONGS_TO
W4312100761,35,BELONGS_TO
W4312226454,30,BELONGS_TO
W4321184628,1,BELONGS_TO
W4385430763,40,BELONGS_TO
W4386252435,4,BELONGS_TO
W4386292890,19,BELONGS_TO
W4389046658,6,BELONGS_TO
W4390457208,2,BELONGS_TO
W4390702302,7,BELONGS_TO
W4394956844,32,BELONGS_TO
W4401337581,1,BELONGS_TO
W4404649042,12,BELONGS_TO
W4407615544,15,BELONGS_TO
W4407814570,37,BELONGS_TO
W4409211677,12,BELONGS_TO
W4410908416,16,BELONGS_TO
W4295012310,24,BELONGS_TO
W4308342042,44,BELONGS_TO
W4328128687,0,BELONGS_TO
W4377047193,1,BELONGS_TO
W4384108323,1,BELONGS_TO
W4385338636,29,BELONGS_TO
W4387757625,2,BELONGS_TO
W4389200921,2,BELONGS_TO
W4391696950,2,BELONGS_TO
W4393316224,30,BELONGS_TO
W4398179436,6,BELONGS_TO
W4400867540,9,BELONGS_TO
W4402689909,20,BELONGS_TO
W4403291008,15,BELONGS_TO
W4405012419,0,BELONGS_TO
W4408050037,36,BELONGS_TO
W4409968481,1,BELONGS_TO
W4410257773,13,BELONGS_TO
W4411163057,38,BELONGS_TO
W2777233750,28,BELONGS_TO
W4283034560,42,BELONGS_TO
W4312205612,32,BELONGS_TO
W4387519102,2,BELONGS_TO
W4388773911,11,BELONGS_TO
W4388845380,19,BELONGS_TO
W4389624737,26,BELONGS_TO
W4399072242,3,BELONGS_TO
W4401416164,1,BELONGS_TO
W4402693313,0,BELONGS_TO
W4403342469,10,BELONGS_TO
W4404501226,33,BELONGS_TO
W4404522458,1,BELONGS_TO
W4407446995,26,BELONGS_TO
W4408461194,12,BELONGS_TO
W4411493130,38,BELONGS_TO
W4281716388,13,BELONGS_TO
W4283723303,6,BELONGS_TO
W4292688232,1,BELONGS_TO
W4389562580,0,BELONGS_TO
W4396870521,15,BELONGS_TO
W4400010516,1,BELONGS_TO
W4403691949,36,BELONGS_TO
W4404210936,0,BELONGS_TO
W4405256347,20,BELONGS_TO
W4405424906,1,BELONGS_TO
W4407677325,26,BELONGS_TO
W4408345172,19,BELONGS_TO
W4411045134,19,BELONGS_TO
W4413400898,36,BELONGS_TO
W4285095564,4,BELONGS_TO
W4388208017,10,BELONGS_TO
W4388657471,43,BELONGS_TO
W4392971270,1,BELONGS_TO
W4393200312,11,BELONGS_TO
W4399494815,3,BELONGS_TO
W4399659214,6,BELONGS_TO
W4402992762,10,BELONGS_TO
W4404117162,35,BELONGS_TO
W4404666346,9,BELONGS_TO
W4404883326,24,BELONGS_TO
W4405917245,0,BELONGS_TO
W4406864044,17,BELONGS_TO
W4407064793,16,BELONGS_TO
W4407763579,1,BELONGS_TO
W4407779382,33,BELONGS_TO
W4409313923,35,BELONGS_TO
W4409996787,34,BELONGS_TO
W4411037455,1,BELONGS_TO
W4411371012,13,BELONGS_TO
W4412455529,15,BELONGS_TO
W4220805811,0,BELONGS_TO
W4376643991,35,BELONGS_TO
W4377965809,4,BELONGS_TO
W4385718727,1,BELONGS_TO
W4388019680,0,BELONGS_TO
W4390639841,26,BELONGS_TO
W4390678661,2,BELONGS_TO
W4393055469,4,BELONGS_TO
W4393092395,24,BELONGS_TO
W4399057462,29,BELONGS_TO
W4400811689,24,BELONGS_TO
W4400826303,36,BELONGS_TO
W4400832621,1,BELONGS_TO
W4401198054,29,BELONGS_TO
W4401270311,6,BELONGS_TO
W4401617823,37,BELONGS_TO
W4402229499,20,BELONGS_TO
W4403539683,11,BELONGS_TO
W4405460575,24,BELONGS_TO
W4406548207,37,BELONGS_TO
W4408818684,42,BELONGS_TO
W4409554317,1,BELONGS_TO
W4409828992,39,BELONGS_TO
W4409965159,32,BELONGS_TO
W4410014433,3,BELONGS_TO
W4410061006,0,BELONGS_TO
W4410885136,3,BELONGS_TO
W4411498698,24,BELONGS_TO
W4411523722,15,BELONGS_TO
W4412081623,16,BELONGS_TO
W4413501956,6,BELONGS_TO
W4413618970,1,BELONGS_TO
W7133939684,1,BELONGS_TO
W3135539754,0,BELONGS_TO
W3135857415,0,BELONGS_TO
W3136506403,16,BELONGS_TO
W4309460231,4,BELONGS_TO
W4375846765,15,BELONGS_TO
W4384300207,3,BELONGS_TO
W4386865921,28,BELONGS_TO
W4392232552,3,BELONGS_TO
W4393947503,2,BELONGS_TO
W4394010597,25,BELONGS_TO
W4398241260,7,BELONGS_TO
W4399180573,27,BELONGS_TO
W4399589926,7,BELONGS_TO
W4400131583,4,BELONGS_TO
W4400902588,26,BELONGS_TO
W4403764556,14,BELONGS_TO
W4405231722,26,BELONGS_TO
W4406403584,8,BELONGS_TO
W4407997245,6,BELONGS_TO
W4410536451,16,BELONGS_TO
W4411159297,22,BELONGS_TO
W4411626447,36,BELONGS_TO
W4413770120,27,BELONGS_TO
W4414023921,36,BELONGS_TO
W4415379161,20,BELONGS_TO
W4416088264,20,BELONGS_TO
W7124434172,6,BELONGS_TO
W4385496829,4,BELONGS_TO
W4388544034,29,BELONGS_TO
W4398164532,3,BELONGS_TO
W4399236931,45,BELONGS_TO
W4400892685,6,BELONGS_TO
W4404826466,6,BELONGS_TO
W4405281261,23,BELONGS_TO
W4406259285,2,BELONGS_TO
W4407130506,16,BELONGS_TO
W4407877818,15,BELONGS_TO
W4408938301,9,BELONGS_TO
W4409038887,2,BELONGS_TO
W4410124353,2,BELONGS_TO
W4411213793,1,BELONGS_TO
W4411621627,10,BELONGS_TO
W4412174766,6,BELONGS_TO
W4412488217,31,BELONGS_TO
W4412835397,1,BELONGS_TO
W4413401695,11,BELONGS_TO
W4414229364,2,BELONGS_TO
W4414279520,33,BELONGS_TO
W4414426377,1,BELONGS_TO
W4414447663,26,BELONGS_TO
W4414494430,15,BELONGS_TO
W4415222788,14,BELONGS_TO
W4415596303,6,BELONGS_TO
W4415696216,40,BELONGS_TO
W4416462147,6,BELONGS_TO
W7106298988,13,BELONGS_TO
W7124450611,1,BELONGS_TO
W7125821153,1,BELONGS_TO
W7140101445,40,BELONGS_TO
W4400100979,0,BELONGS_TO
W4402785464,0,BELONGS_TO
W4405989709,37,BELONGS_TO
W4406356442,2,BELONGS_TO
W4406804501,3,BELONGS_TO
W4408787427,6,BELONGS_TO
W4409801467,12,BELONGS_TO
W4410320989,1,BELONGS_TO
W4410321139,43,BELONGS_TO
W4411152176,20,BELONGS_TO
W4414011304,30,BELONGS_TO
W4414421852,9,BELONGS_TO
W4415054792,0,BELONGS_TO
W4415470074,35,BELONGS_TO
W7117468647,1,BELONGS_TO
W7125773854,9,BELONGS_TO
W7127632491,25,BELONGS_TO
W7154041191,6,BELONGS_TO
W2078432620,23,BELONGS_TO
W2148435571,23,BELONGS_TO
W1575253570,10,BELONGS_TO
W2083703889,23,BELONGS_TO
W2075394754,31,BELONGS_TO
W2569951461,28,BELONGS_TO
W3129134850,8,BELONGS_TO
W2995333594,41,BELONGS_TO
W3129122531,23,BELONGS_TO
W3165426036,0,BELONGS_TO
W4223557254,17,BELONGS_TO
W3021181631,3,BELONGS_TO
W3093483399,25,BELONGS_TO
W2998711203,8,BELONGS_TO
W3047660184,0,BELONGS_TO
W3158523201,8,BELONGS_TO
W3185593370,1,BELONGS_TO
W4244980571,27,BELONGS_TO
W3006831780,1,BELONGS_TO
W3120966882,29,BELONGS_TO
W3150355272,0,BELONGS_TO
W3196164652,2,BELONGS_TO
W2883076324,28,BELONGS_TO
W3013846497,2,BELONGS_TO
W3049107245,44,BELONGS_TO
W4225660073,8,BELONGS_TO
W3186760671,0,BELONGS_TO
W3194551497,0,BELONGS_TO
W4224230221,19,BELONGS_TO
W3035678663,13,BELONGS_TO
W3082417377,35,BELONGS_TO
W3112625688,38,BELONGS_TO
W3192945546,0,BELONGS_TO
W3207226598,2,BELONGS_TO
W3207721761,2,BELONGS_TO
W4211191715,30,BELONGS_TO
W4224960906,40,BELONGS_TO
W4248037454,25,BELONGS_TO
W2006698604,2,BELONGS_TO
W2949783845,25,BELONGS_TO
W3013165542,25,BELONGS_TO
W3018079424,33,BELONGS_TO
W3128289046,17,BELONGS_TO
W3134816599,0,BELONGS_TO
W3139407296,3,BELONGS_TO
W3192495317,30,BELONGS_TO
W3194352617,0,BELONGS_TO
W3212564068,1,BELONGS_TO
W3214362572,2,BELONGS_TO
W4281388431,3,BELONGS_TO
W4281913321,34,BELONGS_TO
W4310299078,37,BELONGS_TO
W4379468618,17,BELONGS_TO
W4387082937,36,BELONGS_TO
W3106624614,24,BELONGS_TO
W3193714983,0,BELONGS_TO
W3203239892,0,BELONGS_TO
W3206970384,0,BELONGS_TO
W4280619835,19,BELONGS_TO
W4285496039,2,BELONGS_TO
W4290097413,14,BELONGS_TO
W4293158513,25,BELONGS_TO
W4296372825,5,BELONGS_TO
W4307991005,31,BELONGS_TO
W4321054250,7,BELONGS_TO
W4353059269,0,BELONGS_TO
W4386489072,6,BELONGS_TO
W3141743962,13,BELONGS_TO
W3209735081,8,BELONGS_TO
W4205915709,11,BELONGS_TO
W4224117736,0,BELONGS_TO
W4294839230,8,BELONGS_TO
W4313415965,0,BELONGS_TO
W4315781818,29,BELONGS_TO
W4362576283,2,BELONGS_TO
W4382885000,17,BELONGS_TO
W4384928263,29,BELONGS_TO
W4386819867,13,BELONGS_TO
W4388465055,1,BELONGS_TO
W3096351903,2,BELONGS_TO
W3100063371,3,BELONGS_TO
W3109935767,25,BELONGS_TO
W3109970070,44,BELONGS_TO
W3125825717,3,BELONGS_TO
W3135025289,0,BELONGS_TO
W3135821578,0,BELONGS_TO
W3166941946,0,BELONGS_TO
W3217534349,11,BELONGS_TO
W4288457039,2,BELONGS_TO
W4291123701,37,BELONGS_TO
W4297177519,1,BELONGS_TO
W4319603294,4,BELONGS_TO
W4321488493,2,BELONGS_TO
W4379232316,32,BELONGS_TO
W4384209462,16,BELONGS_TO
W4385636643,3,BELONGS_TO
W4385725590,11,BELONGS_TO
W4399465791,9,BELONGS_TO
W3136349206,7,BELONGS_TO
W3143569447,8,BELONGS_TO
W3155716985,44,BELONGS_TO
W3171691420,25,BELONGS_TO
W4220910670,2,BELONGS_TO
W4225646906,17,BELONGS_TO
W4308998671,44,BELONGS_TO
W4311184438,1,BELONGS_TO
W4311364086,2,BELONGS_TO
W4322624037,2,BELONGS_TO
W4380738569,12,BELONGS_TO
W4385356574,24,BELONGS_TO
W4390830216,1,BELONGS_TO
W4397009807,0,BELONGS_TO
W3131228323,0,BELONGS_TO
W3136397549,7,BELONGS_TO
W3200176280,46,BELONGS_TO
W3205272172,4,BELONGS_TO
W4225117901,7,BELONGS_TO
W4283579577,0,BELONGS_TO
W4283772388,27,BELONGS_TO
W4295135458,11,BELONGS_TO
W4310396776,17,BELONGS_TO
W4312874203,46,BELONGS_TO
W4317513554,0,BELONGS_TO
W4367322283,31,BELONGS_TO
W4381281662,6,BELONGS_TO
W4387035570,30,BELONGS_TO
W4387310482,44,BELONGS_TO
W4388138311,30,BELONGS_TO
W4400783551,2,BELONGS_TO
W4403576550,0,BELONGS_TO
W3196864658,22,BELONGS_TO
W3199214587,7,BELONGS_TO
W4214942873,28,BELONGS_TO
W4281867261,22,BELONGS_TO
W4286203355,46,BELONGS_TO
W4307544369,0,BELONGS_TO
W4309613826,12,BELONGS_TO
W4311970573,15,BELONGS_TO
W4312690352,4,BELONGS_TO
W4322506502,5,BELONGS_TO
W4364375921,14,BELONGS_TO
W4377862238,29,BELONGS_TO
W4385580607,30,BELONGS_TO
W4386374716,15,BELONGS_TO
W4388635132,3,BELONGS_TO
W4389310208,10,BELONGS_TO
W4392346702,11,BELONGS_TO
W4392591182,0,BELONGS_TO
W4393322250,37,BELONGS_TO
W3004140216,3,BELONGS_TO
W3182154770,21,BELONGS_TO
W4229439478,27,BELONGS_TO
W4284705287,3,BELONGS_TO
W4291002892,19,BELONGS_TO
W4295260622,25,BELONGS_TO
W4296210247,42,BELONGS_TO
W4318067337,25,BELONGS_TO
W4320709155,1,BELONGS_TO
W4362723292,13,BELONGS_TO
W4364320790,37,BELONGS_TO
W4365138459,14,BELONGS_TO
W4383111694,43,BELONGS_TO
W4385948362,14,BELONGS_TO
W4386246276,8,BELONGS_TO
W4386601257,1,BELONGS_TO
W4387116987,6,BELONGS_TO
W4388463364,0,BELONGS_TO
W4390683333,1,BELONGS_TO
W4403114063,6,BELONGS_TO
W4405417000,1,BELONGS_TO
W4406143081,9,BELONGS_TO
W4406828764,0,BELONGS_TO
W4408278081,9,BELONGS_TO
W2754689785,10,BELONGS_TO
W3003586115,16,BELONGS_TO
W3096149152,2,BELONGS_TO
W3104312140,0,BELONGS_TO
W3172167377,42,BELONGS_TO
W3177014373,19,BELONGS_TO
W3200577445,7,BELONGS_TO
W4226149286,17,BELONGS_TO
W4283330135,45,BELONGS_TO
W4288518463,28,BELONGS_TO
W4290998809,17,BELONGS_TO
W4296061001,6,BELONGS_TO
W4296629887,10,BELONGS_TO
W4304693807,24,BELONGS_TO
W4322746639,39,BELONGS_TO
W4361275219,42,BELONGS_TO
W4362684874,0,BELONGS_TO
W4377861812,11,BELONGS_TO
W4378904270,34,BELONGS_TO
W4379058433,15,BELONGS_TO
W4385588222,8,BELONGS_TO
W4385661509,46,BELONGS_TO
W4385705265,27,BELONGS_TO
W4386031782,19,BELONGS_TO
W4386034709,1,BELONGS_TO
W4388739730,6,BELONGS_TO
W4389629918,30,BELONGS_TO
W4389674456,4,BELONGS_TO
W4394784089,7,BELONGS_TO
W4396617921,15,BELONGS_TO
W4399485661,14,BELONGS_TO
W4400350350,12,BELONGS_TO
W4401525995,9,BELONGS_TO
W4401642591,24,BELONGS_TO
W4401708579,0,BELONGS_TO
W4401798741,1,BELONGS_TO
W4403144078,44,BELONGS_TO
W4406854999,10,BELONGS_TO
W4407638824,2,BELONGS_TO
W4408160180,34,BELONGS_TO
W4409409360,13,BELONGS_TO
W4410274316,36,BELONGS_TO
W3169005697,1,BELONGS_TO
W3173975414,15,BELONGS_TO
W4239180355,1,BELONGS_TO
W4253353920,0,BELONGS_TO
W4281553590,4,BELONGS_TO
W4282920256,29,BELONGS_TO
W4291148458,10,BELONGS_TO
W4293439820,43,BELONGS_TO
W4296210434,37,BELONGS_TO
W4303444857,1,BELONGS_TO
W4311176866,11,BELONGS_TO
W4362596742,0,BELONGS_TO
W4376613100,14,BELONGS_TO
W4385219854,19,BELONGS_TO
W4387788657,37,BELONGS_TO
W4388051817,39,BELONGS_TO
W4390341038,1,BELONGS_TO
W4391342217,6,BELONGS_TO
W4391777722,9,BELONGS_TO
W4394744640,29,BELONGS_TO
W4394804920,17,BELONGS_TO
W4394989468,27,BELONGS_TO
W4395464345,1,BELONGS_TO
W4398243746,6,BELONGS_TO
W4399210653,0,BELONGS_TO
W4401433803,9,BELONGS_TO
W4401742244,1,BELONGS_TO
W4402307212,15,BELONGS_TO
W4402723512,6,BELONGS_TO
W4402988558,0,BELONGS_TO
W4403344039,15,BELONGS_TO
W4403488549,42,BELONGS_TO
W4403843479,9,BELONGS_TO
W4404245825,1,BELONGS_TO
W4405932039,6,BELONGS_TO
W4406047420,16,BELONGS_TO
W4407918048,40,BELONGS_TO
W4410304808,4,BELONGS_TO
W4412356220,6,BELONGS_TO
W3135986232,7,BELONGS_TO
W3165013452,45,BELONGS_TO
W3210289654,1,BELONGS_TO
W4226253103,25,BELONGS_TO
W4226292747,17,BELONGS_TO
W4283773892,13,BELONGS_TO
W4283790096,33,BELONGS_TO
W4293582204,46,BELONGS_TO
W4313592827,39,BELONGS_TO
W4376454465,38,BELONGS_TO
W4385282694,0,BELONGS_TO
W4386123363,24,BELONGS_TO
W4388574092,21,BELONGS_TO
W4391506647,2,BELONGS_TO
W4391608160,4,BELONGS_TO
W4393089136,25,BELONGS_TO
W4394767200,11,BELONGS_TO
W4396585527,31,BELONGS_TO
W4401207717,46,BELONGS_TO
W4402136902,7,BELONGS_TO
W4402414367,1,BELONGS_TO
W4402687087,19,BELONGS_TO
W4403137041,1,BELONGS_TO
W4403714892,11,BELONGS_TO
W4407065569,24,BELONGS_TO
W4407130611,16,BELONGS_TO
W4407170082,14,BELONGS_TO
W4408169239,9,BELONGS_TO
W4408621636,8,BELONGS_TO
W4409109198,16,BELONGS_TO
W4410502105,25,BELONGS_TO
W4410630703,17,BELONGS_TO
W4411096246,37,BELONGS_TO
W4411506904,0,BELONGS_TO
W4412631044,1,BELONGS_TO
W3090257619,40,BELONGS_TO
W3136535389,8,BELONGS_TO
W3200750355,29,BELONGS_TO
W3200882281,5,BELONGS_TO
W4283721719,37,BELONGS_TO
W4285733410,5,BELONGS_TO
W4292373758,22,BELONGS_TO
W4296757415,0,BELONGS_TO
W4313907308,37,BELONGS_TO
W4321609955,21,BELONGS_TO
W4321782111,10,BELONGS_TO
W4379207090,0,BELONGS_TO
W4385556859,1,BELONGS_TO
W4386853765,37,BELONGS_TO
W4386854305,12,BELONGS_TO
W4387258982,42,BELONGS_TO
W4387877661,3,BELONGS_TO
W4388658227,33,BELONGS_TO
W4393941056,1,BELONGS_TO
W4396750923,44,BELONGS_TO
W4396989760,3,BELONGS_TO
W4397008973,22,BELONGS_TO
W4399212597,11,BELONGS_TO
W4399348657,35,BELONGS_TO
W4399493353,37,BELONGS_TO
W4399593830,35,BELONGS_TO
W4400130597,10,BELONGS_TO
W4401007185,3,BELONGS_TO
W4401020933,5,BELONGS_TO
W4401993107,0,BELONGS_TO
W4402341077,37,BELONGS_TO
W4402461726,0,BELONGS_TO
W4404595456,37,BELONGS_TO
W4405312399,3,BELONGS_TO
W4405869633,32,BELONGS_TO
W4406056168,27,BELONGS_TO
W4406609946,9,BELONGS_TO
W4406828371,0,BELONGS_TO
W4407223794,6,BELONGS_TO
W4408117529,32,BELONGS_TO
W4409983690,6,BELONGS_TO
W4410855018,0,BELONGS_TO
W4410916652,0,BELONGS_TO
W4411711385,15,BELONGS_TO
W4415696730,25,BELONGS_TO
W7118452653,14,BELONGS_TO
W7125619734,1,BELONGS_TO
W7137090518,16,BELONGS_TO
W3200524819,40,BELONGS_TO
W3201335432,5,BELONGS_TO
W3212113658,5,BELONGS_TO
W3213241775,7,BELONGS_TO
W3213466285,5,BELONGS_TO
W3214406573,7,BELONGS_TO
W4295941572,2,BELONGS_TO
W4311137246,22,BELONGS_TO
W4383484815,11,BELONGS_TO
W4385891544,4,BELONGS_TO
W4386365428,3,BELONGS_TO
W4390883126,4,BELONGS_TO
W4392734781,0,BELONGS_TO
W4394747446,6,BELONGS_TO
W4399007353,9,BELONGS_TO
W4399665885,3,BELONGS_TO
W4400253720,4,BELONGS_TO
W4401257954,3,BELONGS_TO
W4401665864,26,BELONGS_TO
W4402448177,0,BELONGS_TO
W4402994292,16,BELONGS_TO
W4404299054,0,BELONGS_TO
W4406031591,0,BELONGS_TO
W4406602578,16,BELONGS_TO
W4406739004,28,BELONGS_TO
W4407742590,40,BELONGS_TO
W4408599233,0,BELONGS_TO
W4408797605,10,BELONGS_TO
W4409011317,13,BELONGS_TO
W4409117302,17,BELONGS_TO
W4409178946,9,BELONGS_TO
W4410228494,2,BELONGS_TO
W4410369190,9,BELONGS_TO
W4411025224,6,BELONGS_TO
W4411310108,35,BELONGS_TO
W4411492197,9,BELONGS_TO
W4412422965,34,BELONGS_TO
W4412726646,38,BELONGS_TO
W4412866347,1,BELONGS_TO
W4412995744,20,BELONGS_TO
