node_id,node_type,node_name
LOCAL_A000142,Author,A Adewumi
LOCAL_A000145,Author,A Afia
LOCAL_A000683,Author,A Chamot
LOCAL_A000150,Author,A Cinar
LOCAL_A000405,Author,A D Pham
LOCAL_A000141,Author,A Ezugwu
LOCAL_A000337,Author,A Furnham
LOCAL_A000255,Author,A Hayes
LOCAL_A000257,Author,A Huffcutt
LOCAL_A000223,Author,A Katz
LOCAL_A000340,Author,A Kristof
LOCAL_A000187,Author,A Nouh
LOCAL_A000158,Author,A Nowakowski
LOCAL_A000349,Author,A O'cass
LOCAL_A000172,Author,A Omar
LOCAL_A000310,Author,A Ordanini
LOCAL_A000147,Author,A Ouaarab
LOCAL_A000311,Author,A Parasuraman
LOCAL_A000694,Author,A Shahraki
LOCAL_A000357,Author,A Tsui
LOCAL_A000705,Author,A Wenden
LOCAL_A000008,Author,A-Mei Huang
A5101610614,Author,A. A. EL‐BARBARY
A5112631868,Author,A. A. Kharchanka
A5136436435,Author,A. A. Lavrentyev
A5020036590,Author,A. Behnke
A5080083095,Author,A. Duclos
A5062003821,Author,A. E. Cárcamo Hernández
A5086340912,Author,A. Fedynitch
A5129668892,Author,A. Gálvez Ureña
A5077893525,Author,A. Heri Iswanto
A5000637794,Author,A. I. Kartamyshev
A5130087177,Author,A. I. Kartamyshev
A5126917756,Author,A. Idries
LOCAL_A000293,Author,A. Julbe
A5085027248,Author,A. Julbe
A5025657852,Author,A. Kim
A5129672000,Author,A. Korochkin
A5136966328,Author,A. Matsuzawa
A5109711777,Author,A. N. Schemelev
A5077602107,Author,A. Naesha Nithish
A5077395669,Author,A. Nguyen
A5057050099,Author,A. Novo
A5109980044,Author,A. Oshima
A5049636432,Author,A. Pickering
A5136219938,Author,A. Putta Rangappa
A5113227826,Author,A.A. Lavrentyev
A5043664908,Author,A.O. Fedorchuk
A5042264865,Author,A.P.J. Mol
A5012512059,Author,A.S. El-Shafay
LOCAL_A000585,Author,A.T. Nguyen
A5048485189,Author,A.V. Vyazmin
A5083459846,Author,AMMAR A. RASHIED
A5060002377,Author,ANDREY N. KUZNETSOV
A5053378533,Author,Aarish Maqsood
A5068511935,Author,Aaron T. Ohta
A5044252117,Author,Aaron Tham
A5075548304,Author,Abbas Atapourfard
A5007425238,Author,Abd Ullah
A5023886955,Author,Abdallah A. A. Mohammed
A5078351000,Author,Abdel Rahman Al-Tawaha
A5044748360,Author,Abdelaziz Salah Saidi
A5090107776,Author,Abdolsatar Sorkheh
A5022528171,Author,Abdul Muin Hasan Busri
A5101860760,Author,Abdul Wahab
A5086990384,Author,Abdullah Aamir Hayat
A5087254067,Author,Abdurrahman Adamu Pantamee
A5017369658,Author,Abel Duarte Alonso
A5079670135,Author,Abhik Chatterjee
A5065897099,Author,Abhishek Srivastava
A5013334398,Author,Abhra Chanda
A5034456266,Author,Abou Bakar
A5027038320,Author,Abubokor Hanip
A5091972389,Author,Achouak Bouarar
A5071504081,Author,Adam Blanchard
A5053615849,Author,Adam Cheng
A5010718958,Author,Adam Mauskapf
A5039631988,Author,Adeniyi Temitope Adetunji
A5027651245,Author,Adhikesavan Harikrishnan
A5057678443,Author,Adi Rizal Soleh
A5076717996,Author,Adil Dilawar
A5032750590,Author,Aditya Wisnu Wardana
LOCAL_A000492,Author,"Adom, Philip Kofi"
A5056555278,Author,Adriana Knápková
A5008748101,Author,Adrián Cardíl
A5053488393,Author,Adão Silva
A5113012247,Author,Afia Abida Sultana
A5058710387,Author,Afnan Al Agha
A5068470300,Author,Afshin Ghahramani
A5061565634,Author,Afshin Maleki
A5102021727,Author,Afzal Shah
A5026263106,Author,Agbotiname Lucky Imoize
A5075229392,Author,Agnieszka Maria Koziel
A5007717816,Author,Ahad Hasan Tanim
A5090464440,Author,Ahmad Al-Fadly
A5062663112,Author,Ahmad Baroutaji
A5064374149,Author,Ahmad Ibrahim Aljumah
A5078519359,Author,Ahmed A. Ewees
A5084293052,Author,Ahmed Chemseddine Bouarar
A5059823880,Author,Ahmed Elbeltagi
A5008682765,Author,Ahmed H.E. Hassan
A5033799057,Author,Ahmed M. Galal
A5051081707,Author,Ahmed M. Masoud
A5068412234,Author,Ahmed Qassem Ali Sharhan Al-Sudani
A5065393831,Author,Ahmet Ocak Akdemi̇r
A5005197974,Author,Ai Anh Thu Su
A5092687136,Author,Ai Ngoc Nhan Le
A5003791909,Author,Aijun Zhu
A5087672790,Author,Aixian Li
A5039779616,Author,Aizhan Nazyrova
LOCAL_A000049,Author,Ajamaluddin Malik
A5052248524,Author,Ajay Mandal
A5044657350,Author,Ajaya Bhattarai
A5124022763,Author,Ajaya Bhattarai
A5062084624,Author,Ajit Kumar Patra
A5064393318,Author,Ajmal Koya Pulikkal
A5040269249,Author,Akhil Pradiprao Khedulkar
A5036994574,Author,Akinola S. Akinwumiju
A5004237375,Author,Akinwale T. Ogunrinde
A5079061954,Author,Alan Daugherty
A5109603511,Author,Albert Schömig
A5029518373,Author,Albina Anvarovna Bilyalova
A5034159221,Author,Alcibíades Lara Lafargue
A5058692331,Author,Alessio Morelli
A5023056660,Author,Alexander Hildebrandt
A5070810971,Author,Alexander J. Bradshaw
A5022173691,Author,Alexander Jakob
A5037601612,Author,Alexander Mojcher
A5049249038,Author,Alexander Neumann
A5007062060,Author,Alexander Tong
A5137498136,Author,Alexandr N. Schemelev
A5072683795,Author,Alexandra N. Davis
A5028419754,Author,Alexandre S. Gagnon
A5112130532,Author,Alexandre Ventura
A5110451785,Author,Alfredo F. Sierra
A5070244639,Author,Alfredo Ismael Curbelo Garnica
A5038709614,Author,Ali Elkamel
A5013902945,Author,Ali Jafari
A5104601006,Author,Ali Nouh Mabdeh
A5112902939,Author,Ali Q
A5002781179,Author,Ali Talebi
A5077529549,Author,Alibek Barlybayev
A5122123240,Author,Alice Kammwamba
A5112518881,Author,Alice Sharp
A5126262670,Author,Alina Mona Zenker
A5115998618,Author,Alina Zenker
A5100643970,Author,Alireza Kazemi
A5080542795,Author,Alisa Dabb
A5009230144,Author,Alisdair M. Boag
A5052322742,Author,Allan R. de Caen
A5078980138,Author,Allison B. Andraski
A5089333255,Author,Allison Langham-Putrow
LOCAL_A000079,Author,Alsharif Abuadbba
A5068264867,Author,Amalia Fauqiah Ashari
A5100748218,Author,Aman Ullah
A5032787752,Author,Amanda Mummert
A5045179061,Author,Amar Debbouche
A5045562391,Author,Amar Prasad Yadav
A5058447725,Author,Amartuvshin Renchin-Ochir
A5072945695,Author,Ameen Topa
A5024135624,Author,Amena Sibghatullah
A5011264671,Author,Amgalan Altansukh
A5103802413,Author,Amin Shaban
A5054981597,Author,Aminath Shazly
LOCAL_A000487,Author,Aminath Shazly
A5053995609,Author,Amir Farokh Payam
A5054597879,Author,Amir H. Mohammadi
A5062367420,Author,Amir Karton
A5040443493,Author,Amit Grover
A5048563533,Author,Amitabh Sharma
A5083152805,Author,Amjad Iqbal
A5068645315,Author,Ammar Abdel Amir Al-Salami
A5076400696,Author,Ammar Abulibdeh
A5005886146,Author,Amol R. Jadhav
A5041448847,Author,Ampuan Situmeang
A5126837277,Author,Amruta Aher
A5037259558,Author,Amy Riegelman
A5059673944,Author,Amélia G. Reis
A5065058297,Author,An Duong Thi Binh
A5115980099,Author,An Duy Dam
A5114079096,Author,An G.T. Nguyen
A5029731231,Author,An Nguyen
A5067463039,Author,An Nguyen
A5138264912,Author,An Nguyen Dinh Minh
LOCAL_A000661,Author,An Pham Hoang
A5118149060,Author,An T. Phan
A5081983746,Author,An Thien Ngoc Nguyen
A5110729206,Author,An et al.
A5101366509,Author,An-Tran Pham
A5059592113,Author,Ana Pilipović
A5008382937,Author,Anand Marya
A5028286533,Author,Anastacio Montejo P. Sadura
LOCAL_A000301,Author,Anat Thapinta
A5112976796,Author,Anatoly Lavrentyev
A5076626025,Author,Andi Maryani A. Mustapeng
A5056442046,Author,Andra Rizqiawan
A5052999341,Author,Andra Rizqiawan
A5038218244,Author,Andre Kortum
A5113792609,Author,Andrea Light
A5112445404,Author,Andrea Preuß
A5035756893,Author,Andrea Turner
A5000600923,Author,Andreas Geßner
A5108426113,Author,Andrew H. Travers
A5045270482,Author,Andrew K. Mlynarchik
A5016425455,Author,Andrew Le
A5082563112,Author,Andrew Lian
A5073811795,Author,Andrew Lockey
A5087397357,Author,Andrew Tilker
A5109718495,Author,Andrij O. Selezen
A5044592532,Author,André Fielicke
A5091570362,Author,Andy Nguyen
A5090133883,Author,Angelica E. Lang
A5036386687,Author,Angelie Dela Piedra
A5087749642,Author,Anggraeni Endah Kusumaningrum
A5045689082,Author,Angie Hibbert
A5056482864,Author,Angélica Paula Neumann
A5024327009,Author,Anh Bao The Luu
LOCAL_A000724,Author,Anh Do Thi Ngoc
A5058292518,Author,Anh Duc Le
LOCAL_A000213,Author,Anh Duc PHAM
A5081151430,Author,Anh Duc Pham
A5045611980,Author,Anh Duong
A5013889869,Author,Anh Dzung Nguyen
A5047569226,Author,Anh H. Vo
A5102408214,Author,Anh Ha Le
A5121760197,Author,Anh Hoang Cu
A5120107431,Author,Anh Kim Phan
LOCAL_A000434,Author,Anh Lam Tu Nguyen
A5130900413,Author,Anh Lê
A5024754432,Author,Anh Mai Tuan
A5117389295,Author,Anh Minh Pham-Phan
A5051720799,Author,Anh N. Le
A5008646614,Author,Anh Ngoc Thi
A5033041246,Author,Anh Ngoc Tuan
LOCAL_A000281,Author,Anh Nguyen
A5102765203,Author,Anh Nguyen
A5101951708,Author,Anh Nguyen
A5112982599,Author,Anh Nguyen Cat Nguyen
A5025898651,Author,Anh Nguyen Thi Hoai
A5053901514,Author,Anh Nguyen Tram Tran
A5092859826,Author,Anh Phuong Le Thi
A5016882940,Author,Anh Quoc Le
LOCAL_A000639,Author,Anh Quynh Pham
A5011611673,Author,Anh Son Hoang
A5012956416,Author,Anh T. Vo
LOCAL_A000725,Author,Anh T.D. Nguyen
A5130678885,Author,Anh Thi Dy Nguyen
A5108271314,Author,Anh Thi Hoang Tran
A5108892405,Author,Anh Thi Kim Phan
A5113067823,Author,Anh Thu Nguyen
A5139173248,Author,Anh Thuy Tram Nguyen
A5015253252,Author,Anh Thy Thi Chau
A5012907646,Author,Anh Tram Nguyen Tran
A5101997513,Author,Anh Tran
A5103928365,Author,Anh Triet Nguyen
A5101886347,Author,Anh Tu Nguyen
A5126343199,Author,Anh Tuan Dinh-Xuan
A5065748190,Author,Anh Tuan Nguyen
A5100759043,Author,Anh Tuan Nguyen
A5126193240,Author,Anh Tuan Nguyen
LOCAL_A000099,Author,Anh Tuan Nguyen
A5011791421,Author,Anh Tuan Ta
A5049432618,Author,Anh Tuan Vu
LOCAL_A000441,Author,Anh Tuyet Bui
A5100753115,Author,Anh Tuấn Lê
A5067921618,Author,Anh Van Dang
A5101590309,Author,Anh Van Nguyen
A5101265078,Author,Anh Viet Hoang Nguyen
A5109723297,Author,Anh Vo Thi Tu
A5073647327,Author,Anh Vu Le
A5038661325,Author,Anh Vy Tran
A5083610651,Author,Anh-Dung Chung
A5100846021,Author,Anh-Dung Hoang
LOCAL_A000722,Author,Anh-Duy Huynh
LOCAL_A000721,Author,Anh-Khoa Huynh
A5110290912,Author,Anh-Minh Le
A5101240606,Author,Anh-Thi Cao Tran
A5002312869,Author,Anh-Tu Tran
A5105298433,Author,Anh-Tuan Nguyen Huynh
A5111162167,Author,Anh-Vu LE
A5026969387,Author,Anh‐Duc Pham
A5052867498,Author,Anh‐Khoa Ton
A5112706783,Author,Anh‐Thu Nguyen
A5040773786,Author,Anh‐Tu Le
A5090435705,Author,Anh‐Tu Nguyen
A5036869152,Author,Anh‐Tuan Vu
A5048870921,Author,Ania Lian
A5021368295,Author,Anis Ahmad
A5036004952,Author,Anja Eckstein
A5110699531,Author,Anke Daser
A5016378241,Author,Anna Gustina Zainal
A5115399159,Author,Anna Latysheva
A5030697249,Author,Anna Lempert
A5020977498,Author,Anna Rudawská
LOCAL_A000667,Author,Anne Reid Griffin
A5110671529,Author,Anne Reid Griffin
A5071750358,Author,Anne S. Meyer
A5032316879,Author,Anne-Marie Guerguerian
A5057536910,Author,Anne‐Marie Guerguerian
A5033587154,Author,Anne‐Marie Hede
A5081741097,Author,Ansari Saleh Ahmar
A5029671794,Author,Ansuman Samal
A5071261094,Author,Anthony Abel C. Lawas
A5004964247,Author,Antoine Renucci
A5079805985,Author,Antonino Masaracchia
A5024823282,Author,António M. Lopes
A5031407090,Author,Anuli Njoku
A5123931166,Author,Anwar ul Haq Ali Shah
A5032882089,Author,Anyong Qing
A5076489521,Author,An‐Giang Nguyen
A5007520446,Author,Ao Zhen
A5035585781,Author,Apichart Pattanaporkratana
A5007077248,Author,Apichit Maneengam
A5101189126,Author,Aqeel Ahmad
A5027205370,Author,Aqsa Anees
A5015170656,Author,Aram Dobalian
LOCAL_A000669,Author,Aram Dobalian
A5062801799,Author,Arameh Eyvazian
A5004176765,Author,Arash Hashemifardnia
A5056461673,Author,Archieryan C. Villegas
A5021369042,Author,Arda Halu
A5061674272,Author,Ardian Jayakusuma
A5137477358,Author,Areg A. Totolian
A5123402673,Author,Areg A. Totolian
A5056993916,Author,Arfan Arshad
A5075519026,Author,Ariel J. Lang
A5083960512,Author,Arif Partono Prasetio
A5047381339,Author,Aris Setyawan
A5060225029,Author,Arivalagan Pugazhendhi
A5039479946,Author,Arjun Chakravarthi Pogaku
A5007628074,Author,Armando Reyes‐Serrato
A5113366228,Author,Arnab Patra
A5011618630,Author,Arnold L. Rheingold
A5078046494,Author,Arshian Sharif
LOCAL_A000575,Author,Arul Balasubramanian
A5086428556,Author,Arun Kumar Singh
A5020337708,Author,Asger Granfeldt
A5066981564,Author,Ashok Kumar Das
A5089469659,Author,Ashraf A. El‐Shehawy
A5088308470,Author,Ashraf El‐Hashani
A5055106821,Author,Ashwani Kumar
LOCAL_A000519,Author,"Ashworth, Peta"
A5001105773,Author,Asrop Syafi’i
A5043555012,Author,Asshaima Paramita Devi
A5001635692,Author,Assylbek Nurgabdeshov
A5031703189,Author,Astari Wulandari
A5046705053,Author,Astha Bhatta
A5074350013,Author,Atsushi Ebihara
A5056443847,Author,Atul S Gawande
A5101441808,Author,Au Hai Nguyen
A5080090568,Author,Ayman A. Aly
A5121974717,Author,Ayman Fathima
LOCAL_A000023,Author,Ayman Fathima
A5035154661,Author,Ayman Mutahar AlRassas
A5017884554,Author,Ayse Kortun
A5086626112,Author,Ayumi Chida
LOCAL_A000457,Author,Ayumi Fujiwara
LOCAL_A000489,Author,Ayşe Lisa Allison
A5069176903,Author,Ayşe Lisa Allison
A5108746448,Author,Azhar Baig
A5045740847,Author,Azher M. Abed
LOCAL_A000317,Author,B Afsar
LOCAL_A000148,Author,B Ahiod
LOCAL_A000227,Author,B Avolio
LOCAL_A000229,Author,B Bass
LOCAL_A000680,Author,B Celik
LOCAL_A000244,Author,B Erdogan
LOCAL_A000165,Author,B He
LOCAL_A000333,Author,B Holmes
LOCAL_A000365,Author,B Kodden
LOCAL_A000161,Author,B Setiyono
LOCAL_A000356,Author,B Steijn
A5136918616,Author,B. G. Cheon
A5107276587,Author,B. Hong
A5110548057,Author,B. Le
A5136962949,Author,B. Lubsandorzhiev
A5088838623,Author,B. Moon
A5007222296,Author,B. Rezini
A5133280575,Author,B. V. Gabrelian
A5029945067,Author,B.R. Kumar
A5063988759,Author,B.V. Gabrelian
A5113239988,Author,BAO TRI LE
A5050952324,Author,BUI DINH THANG
A5109654630,Author,Ba Hoang Tran
A5056447969,Author,Ba Huu Dinh
A5086776390,Author,Ba Van Tran
A5062820147,Author,Ba-Phu Nguyen
A5053540902,Author,Babak Mohammadi
A5022825726,Author,Babasaheb M. Matsagar
A5049567040,Author,Bac Cong Truong
A5009575522,Author,Bac Thi Vo
A5034877777,Author,Bac Truong Cong
A5025004943,Author,Bac Truong Cong
A5053950493,Author,Bach Hoang Dinh
A5109801092,Author,Bach Le
A5091611269,Author,Bach Tan Sinh
A5087916376,Author,Baehyun Min
A5075749159,Author,Bagher Ghermezcheshme
A5016349144,Author,Bahman Moradi
A5100012822,Author,Bailey Secker
LOCAL_A000503,Author,Bakary Conteh
A5059910185,Author,Bakary Conteh
A5040180866,Author,Balachandran Manavalan
A5057929288,Author,Balakrishnan Ramalingam
A5087802698,Author,Balbir Barn
A5138149664,Author,Bambang Wahrudin
A5079471980,Author,Bambang Widi Pratolo
A5038559143,Author,Ban Van Phuc
A5096042325,Author,Bang Nguyen Khanh Ha
A5085150492,Author,Bang Quoc Ho
A5112751609,Author,Bang Tam Thi Dao
A5028743344,Author,Bang Tran
A5030966029,Author,Bang V. Dinh
LOCAL_A000493,Author,"Banga, Margaret"
A5030132492,Author,Bao C. Vo
A5010674359,Author,Bao Huynh
A5111800896,Author,Bao Nguyen
A5093797244,Author,Bao The Phung
A5111063999,Author,Bao Tram Tran
A5106269420,Author,Bao Trang Nguyen Thi
A5013499835,Author,Bao Truong
LOCAL_A000063,Author,Bao Vo Nguyen Quoc
A5018119494,Author,Bao Vy Nguyen
A5091968955,Author,Bao-Ngan Nguyen-Ha
A5121014707,Author,Bao-Trang Nguyen Doi
A5033808806,Author,Bao-Tuan Nguyen
A5090559942,Author,Bao‐Son Trinh
A5020785151,Author,Bao‐Tran Tran Pham
LOCAL_A000057,Author,Barbara H. Lang
A5112557251,Author,Barkalov Sergei
A5033150655,Author,Barrak Alahmad
A5054767996,Author,Basil Lang
A5010910230,Author,Batsaikhan Saruuljavkhlan
A5053403067,Author,Bay Vo
A5039876499,Author,Ba‐Dinh Nguyen‐Tran
A5049427526,Author,Behrooz Keshtegar
A5095380028,Author,Bekbolat Kurmetbek
A5003211382,Author,Belle Philibosian
A5128348289,Author,Ben Chu Van
A5123901476,Author,Benadict Rakesh
A5069627644,Author,Benjamin D. Hill
A5074353408,Author,Benyamin Ranjbar
A5043049232,Author,Beom‐Seok Yang
A5021287285,Author,Bernard F. Langan
A5137038659,Author,Bernard Gan
A5089200750,Author,Bernard M. Hang’ombe
A5077280166,Author,Bernd W. Böttiger
A5110058980,Author,Bernhard Schneider
A5025205889,Author,Bert Laeyendecker
A5042843111,Author,Bertram Pitt
A5109692993,Author,Bhumika Das
A5106716948,Author,Bian Guang
A5106361655,Author,Bich Ha Dam
A5027890317,Author,Bich Hang
A5115056502,Author,Bich Ngoc Doan
A5058063287,Author,Bich Ngoc Hong Pham
A5125005209,Author,Bich Thao Thi Pham
A5135160172,Author,Bich Thi Ngoc Ho
A5047100737,Author,Bich-Ngan T. Nguyen
A5062889982,Author,Bich-Thuy-Le Thi
A5116329276,Author,Bich-Tram Vo-Ngoc
A5038791421,Author,Bich-Van Nguyen-Thi
A5081032657,Author,Bicheng Yan
A5032059076,Author,Bich‐Phuong Thi Nguyen
A5016410629,Author,Bidyut Saha
LOCAL_A000498,Author,Bijeesh Kozhikkodan Veettil
A5061049640,Author,Bijeesh Kozhikkodan Veettil
LOCAL_A000525,Author,"Bilik, Petr"
LOCAL_A000523,Author,"Bilík, Šimon"
A5028101406,Author,Bin Gao
A5101651242,Author,Bin Xu
A5100775772,Author,Bin Xu
A5138262578,Author,Binh  Quang Do
A5022868764,Author,Binh An NGUYEN
A5009893388,Author,Binh An Pham
A5050257903,Author,Binh Chi Bui
A5042752687,Author,Binh Duc Vu
A5111033585,Author,Binh N.D. Pham
A5015861324,Author,Binh Quang NGUYEN
A5074761112,Author,Binh Quang Nguyen
A5046621202,Author,Binh Thai Pham
A5044452244,Author,Binh Thanh Dang
A5030715845,Author,Binh Thanh Kieu
A5135155521,Author,Binh Thanh Le
A5081533584,Author,Binh Thanh Nguyen
A5102376855,Author,Binh Van Tran
A5083805250,Author,Binod Adhikari
A5028753652,Author,Bipasha Saha
A5110069127,Author,Birendra Kumar
A5054261847,Author,Bishal Bharadwaj
LOCAL_A000479,Author,Bishal Bharadwaj
A5080037825,Author,Björn Ottersten
A5075291010,Author,Blair L. Bigham
A5011157840,Author,Bo Da
A5049025379,Author,Bo Kang
A5100393094,Author,Bo Liu
A5074353144,Author,Bo Løfgren
A5026950458,Author,Bo Yu
A5102728063,Author,Bo Zhao
A5121951039,Author,Bo-Sheng Chen
A5059002683,Author,Boaz Jessie Jackin
LOCAL_A000496,Author,"Bohlmann, Jessika"
A5056015724,Author,Boo Cheong Khoo
A5085021661,Author,Boonchai Stitmannaithum
A5015152865,Author,Boris Popesko
A5126618891,Author,Boris Pustejovsky
A5103098636,Author,Bo‐Wen Guan
A5085428223,Author,Bradley S. Marino
A5124017476,Author,Brahamdeo Yadav
A5054630782,Author,Brahamdeo Yadav
A5065237636,Author,Brandon A. Furman
A5071482191,Author,Branislav Dudić
A5070496761,Author,Brian Eigel
A5065282480,Author,Brian Garner
A5109947023,Author,Brian J. O’Neil
A5071261948,Author,Brij B. Gupta
A5023129486,Author,Britt Lang
A5062156514,Author,Bryn T. M. Dentinger
A5105370959,Author,Buchari Buchari
A5061140260,Author,Bui D. Hoi
A5002700971,Author,Bui Dai Nghia
A5009549735,Author,Bui Duc Nam
A5054801180,Author,Bui Duong Giang
A5041307201,Author,Bui HUU-TRUNG
A5049578807,Author,Bui Hoang Phuc
A5054226404,Author,Bui Le Ngoc Minh
A5067409197,Author,Bui Minh Quy
A5039918314,Author,Bui Quang Thong
A5077406567,Author,Bui Tan Manh
A5084103582,Author,Bui Thanh Nhan
A5041172470,Author,Bui The Huy
A5097105432,Author,Bui Thi Bao Tram
LOCAL_A000219,Author,Bui Thi Kim Loan
A5007261664,Author,Bui Thi Ngoc Dung
A5052937759,Author,Bui Thi Phuong Quynh
A5117845190,Author,Bui Thi Phuong Thuy
A5101613907,Author,Bui Thuy Trang
A5109586304,Author,Bui Van Hie
A5042854558,Author,Bui Van Hien
A5022564032,Author,Bui Van Thang
A5004575662,Author,Bui Xuan Khuyen
A5047377666,Author,Bui Xuan Thang
A5031635334,Author,Bui‐Linh‐Chi Huynh
A5054095804,Author,Bulbul Ahmed
LOCAL_A000048,Author,Bulbul Ahmed
A5077443977,Author,Bushra Tufail
LOCAL_A000549,Author,Buu Quoc Mai
A5030860493,Author,Byung Moo Lee
A5000994184,Author,Bá Cao Nguyễn
A5059380500,Author,Bá Vương Trương
A5010653031,Author,Bérénice Conversy
A5032440878,Author,Bùi Hữu Phúc
A5007086934,Author,Bùi Sơn Tùng
A5009805440,Author,Bùi Thị Minh Nguyệt
A5041369109,Author,Bùi Thị Phương Thuý
A5067659457,Author,Bùi Vũ Minh
A5128736244,Author,Bạch Thị Quyên
A5125477204,Author,Bảo Nghi Từ
LOCAL_A000347,Author,C Borucki
LOCAL_A000238,Author,C Chow
A5017566261,Author,C E Grim
A5113613159,Author,C E McCoy
LOCAL_A000252,Author,C Fornell
LOCAL_A000222,Author,C Grunert
LOCAL_A000262,Author,C Higgins
LOCAL_A000131,Author,C Jiang
LOCAL_A000358,Author,C O'reilly
LOCAL_A000108,Author,C Obreque
LOCAL_A000117,Author,C Papadimitriou
A5043158224,Author,C Pauzner
LOCAL_A000263,Author,C Thoresen
LOCAL_A000191,Author,C Yang
A5136911064,Author,C. C. H. Jui
A5034636962,Author,C. Cuong
A5045349106,Author,C. H. Wu
A5070261515,Author,C. HUYNH
A5103462837,Author,C. J. Han
A5021660019,Author,C. Keith Ozaki
A5136913741,Author,C. Koyama
A5069952562,Author,C. M. Wang
A5136941845,Author,C. Rott
A5018821709,Author,C. S. Prentice
A5008745879,Author,C. Tran
LOCAL_A000243,Author,C.-H Wu
A5030329332,Author,C.M. Wang
A5100337614,Author,C.M. Wang
A5026934828,Author,C.T. Phan
A5109789023,Author,C.T.A. Xuan
A5081003707,Author,CRISPTOPHER HUGO
A5074800646,Author,CUONG HUU NGUYEN
A5115566123,Author,Ca Thi Thuy
A5078778703,Author,Cai Xing-yuan
A5107575422,Author,Cam Quynh Truong
A5018582414,Author,Cameron Folmar
A5021292806,Author,Cam‐Tu D. Phan
A5083276453,Author,Cang Ngoc Ly
A5075791229,Author,Canh Phuc Nguyen
A5082745090,Author,Cao Bang Vo
LOCAL_A000627,Author,Cao Binh Tran
A5093634125,Author,Cao Bính Trần
A5031192326,Author,Cao C. Tu
A5077097054,Author,Cao Ngoc Minh Trang
A5117543445,Author,Cao Thi Linh
A5116630260,Author,Cao Thi Thang
A5116787028,Author,Cao Tran Thanh Trung
LOCAL_A000216,Author,Cao Tri Nguyen
A5086989944,Author,Cao Văn Ánh
A5057393450,Author,Cao Xuan Bach
A5002945095,Author,Cao Xuan Phuong
A5036481436,Author,Cao Xuan Thuy
A5027351152,Author,Cao-Hien Nguyen
A5101315004,Author,Cao-Hoai-Linh Nguyen
A5056465948,Author,Cap Pham Van
A5071776831,Author,Carla A. F. Amado
LOCAL_A000476,Author,Carla Alexandra da Encarnação Filipe Amado
A5038116070,Author,Carla Coffey
A5035840553,Author,Carla Cristine Porcher
A5086600645,Author,Carlos A. Labarrere
A5023787832,Author,Carlos D. Libhaber
A5052862902,Author,Carolien Kroeze
A5010760857,Author,Carolina Arenas
A5063172188,Author,Caroline Corrêa de Faria
A5035975805,Author,Carrie L. Lang
A5103601073,Author,Carter Rebecca
A5085410675,Author,Cas van Cruchten
A5076866489,Author,Catherine L. Lang
A5029499585,Author,Catherine Lange
A5113029034,Author,Cathie Aime
A5059379004,Author,Cecilia Jimeno
A5010696478,Author,Celeste Fowles Nguyen
A5083849701,Author,Celso Augusto Guimarães Santos
A5064008395,Author,Cesar Bonilla
A5000427458,Author,Ch. Paramaiah
A5028269577,Author,Chadag Vishnumurthy Mohan
A5021771514,Author,Chaitanya B. Pande
A5112927327,Author,Cham Nguyen
A5000515264,Author,Chan Dai Truyen Thai
A5124029635,Author,Chandradip Kumar Yadav
A5056223358,Author,Chandradip Kumar Yadav
A5112623757,Author,Chang Zhao
A5093706060,Author,Chanh Huynh Cong
A5122445446,Author,Chanh M. Nguyen
A5007099952,Author,Chanh M. Nguyen
A5135656182,Author,Chanh Nguyen
A5076004552,Author,Channarong Rodkhum
A5064915286,Author,Chan‐Jin Park
A5032063674,Author,Chao Yang
A5024981821,Author,Chao-Jung Lai
A5015302001,Author,Chaozhu Zhang
A5073238754,Author,Charles Christoph Roehr
A5089854058,Author,Charles D. Deakin
A5108122544,Author,Charles D. Deakin
A5085823166,Author,Charles DiMaggio
A5061151551,Author,Chase W. Kessinger
A5064424890,Author,Chau Ly Thi Huyen
A5017574392,Author,Chau Minh Thuyen
A5051278633,Author,Chau Minh Tran
A5072737254,Author,Chau Ngoc Dang
A5094633734,Author,Chau Nha
A5099127038,Author,Chau Phan Kim Dieu
A5099127039,Author,Chau Phan Kim Hue
A5073151775,Author,Chau Phi Dinh
A5029795725,Author,Chau Si Thien Dong
A5127813669,Author,Chau Thai Mai
A5074595772,Author,Chau Thi Minh Tran
A5082387253,Author,Chawalit Jeenanunta
LOCAL_A000016,Author,Che-Yu Su
A5072923302,Author,Chee Peng Lim
A5126008088,Author,Chee-Kin Then
A5044326088,Author,Cheewita Suwanchawalit
A5103784185,Author,Chen Bao
A5102004265,Author,Chen Cui
A5061201875,Author,Chen Sing
LOCAL_A000718,Author,Chen V. Tran
A5100344370,Author,Chen Wei
A5102212713,Author,Chen Zheng
A5043810535,Author,Chen-Hsien Lin
A5101648450,Author,Cheng Wen
A5040974749,Author,Cheng Yin
A5102899700,Author,Cheng Zhang
A5007792819,Author,Cheng-Chieh Fang
A5110573326,Author,Cheng‐Che E. Lan
A5007973770,Author,Cheng‐Chun Wu
A5015918478,Author,Cheng‐Di Dong
A5102968901,Author,Cheng‐Feng Cheng
A5061359290,Author,Cheng‐Rong Hsing
A5101660391,Author,Cheng‐Ting Huang
A5101420279,Author,Cheng‐Wei Chen
A5052910132,Author,Chenlei Xue
A5070426067,Author,Cheryl Bushnell
A5053430025,Author,Cheryl Cockburn‐Wootten
A5103273709,Author,Che‐Yu Su
A5058626278,Author,Chi Cuong Nguyen
A5031349506,Author,Chi Danh LUU
A5055712333,Author,Chi Lan
A5127851653,Author,Chi M. Phan
A5022353158,Author,Chi M. Phan
A5123640296,Author,Chi M. Phan
A5125178220,Author,Chi M. Phan
A5120906256,Author,Chi Minh Phan
A5102004247,Author,Chi Nguyen Quynh Ho
A5009130748,Author,Chi Nguyen-Thuy-Lan
A5023853430,Author,Chi Nhan Ha Thuc
A5122762361,Author,Chi Pham Quyet
A5049067140,Author,Chi Thanh
A5139065087,Author,Chi Thanh Vo
A5049249147,Author,Chi Thanh Vu
A5018419083,Author,Chi Thi Ngoc Nguyen
A5003341125,Author,Chi Toan Le
A5088238351,Author,Chi Tuong Phan
A5052167850,Author,Chi Văn Nguyên
LOCAL_A000031,Author,Chi-Jen Wu
A5132988667,Author,Chi-Jen Wu
A5019446985,Author,Chi-Jen Wu
A5121970945,Author,Chi-Jen Wu
A5092525310,Author,Chi-Nhan Ha-Thuc
A5135152093,Author,Chia-Hui Liu
LOCAL_A000039,Author,Chia-Lung Shih
A5127820180,Author,Chia-Lung Shih
A5135175869,Author,Chia-Lung Shih
A5129955226,Author,Chia-Lung Shih
A5059518320,Author,Chia-Wei Lo
A5053552469,Author,Chia‐Nan Wang
A5043383799,Author,Chieh‐Chen Huang
A5031717574,Author,Chiem Trong Hien
A5136423173,Author,Chien Phuong Tran
A5064895029,Author,Chien Thi Hong
A5062516283,Author,Chien-Chang Chou
A5125899320,Author,Chien-Cheng Chao
A5130335043,Author,Chien-Han Yuan
A5121972120,Author,Chien-Han Yuan
A5132990251,Author,Chien-Han Yuan
LOCAL_A000034,Author,Chien-Han Yuan
A5129749146,Author,Chien-Han Yuan
A5134553459,Author,Chien-Han Yuan
A5011810216,Author,Chien‐Han Yuan
A5133791329,Author,Chieu Huynh Van Nguyen
A5016982085,Author,Chih-Chi Yang
A5129723627,Author,Chih-Chun Lin
LOCAL_A000033,Author,Chih-Chun Lin
A5137058739,Author,Chih-Hsing Liu
LOCAL_A000030,Author,Chih-Hsuan Chang
A5130406462,Author,Chih-Hsuan Chang
A5132997043,Author,Chih-Hsuan Chang
A5121977166,Author,Chih-Hsuan Chang
A5034056640,Author,Chih-Hsuan Chang
A5130355847,Author,Chih-Yang Wang
A5130102011,Author,Chih-Yang Wang
A5126835975,Author,Chih-Yang Wang
A5129725786,Author,Chih-Yang Wang
A5134550811,Author,Chih-Yang Wang
LOCAL_A000025,Author,Chih-Yang Wang
A5127851075,Author,Chih-Yang Wang
A5126033772,Author,Chih-Yang Wang
A5019567462,Author,Chih-jung Yao
A5100752861,Author,Chih‐Cheng Chen
A5019745875,Author,Chih‐Jen Yang
A5042211118,Author,Chih‐Yang Wang
A5070026123,Author,Chijioke Nwachukwu
A5043825329,Author,Chika Nishiyama
A5078738355,Author,Chikako Idegawa
A5135222137,Author,Ching-Chung Ko
A5085874769,Author,Ching-Chung Ko
LOCAL_A000018,Author,Ching-Chung Ko
A5134548566,Author,Ching-Chung Ko
A5130160039,Author,Ching-Chung Ko
A5130325740,Author,Ching-Chung Ko
A5129739876,Author,Ching-Chung Ko
A5132986591,Author,Ching-Chung Ko
A5073109221,Author,Ching‐Cheng Hsu
A5102884763,Author,Ching‐Chi Hsu
A5018885199,Author,Ching‐Chung Ko
A5025852195,Author,Ching‐Chung Ko
A5010268119,Author,Ching‐Ming Wei
A5058278223,Author,Chinh Chien Nguyen
A5127784211,Author,Chinh Dung Trinh
A5016644403,Author,Chinh Le Xuan
A5092655067,Author,Chinh Ta Huu
A5117935240,Author,Chinh Tam Thai
A5036248676,Author,Chinh Van Dang
A5026678611,Author,Chinnathan Areeprasert
LOCAL_A000497,Author,Chinnathan Areeprasert
A5113845275,Author,Chinonye Love Moses
A5040052703,Author,Chitra Bahadur Baniya
A5051526686,Author,Chizoba Obianuju Oranu
LOCAL_A000484,Author,Chizoba Obianuju Oranu
A5043402758,Author,Chi‐Bao Le
A5010412662,Author,Chi–Hien Dang
A5101153859,Author,Chong Du
A5106258038,Author,Chong Kim Thien Duc
A5133003200,Author,Choon Jin Teh
A5101108089,Author,Chou‐Yuan Ko
A5048030754,Author,Chow‐Yen‐Desmond Sim
A5123559083,Author,Chris Ryan
A5038369638,Author,Christian Huenefeld
A5073928697,Author,Christian Kyle N. Cesa
A5073249579,Author,Christian Vaillancourt
A5049932095,Author,Christina W. Hoven
A5005091829,Author,Christine E. Seidman
A5028857740,Author,Christophe Innocent
A5026242942,Author,Christopher Bell
A5013846032,Author,Christopher Hoang
A5087144106,Author,Chrıstophe Schınckus
A5136827707,Author,Chu Hien Thao
A5092771767,Author,Chu Tuong
A5056133033,Author,Chu Viet Ha
A5128359839,Author,Chu Viet Ha
A5090865034,Author,Chuan Khac Hoang
A5119281888,Author,Chuan Yang
A5100676084,Author,Chuanlang Zhan
A5006218473,Author,Chuan‐Fa Chang
A5004532785,Author,Chuen‐Fa Ni
A5080417608,Author,Chun-Fu Chen
A5126012782,Author,Chun-Mao Lin
A5129709377,Author,Chung-Bao Hsieh
A5102233003,Author,Chung-Bao Hsieh
A5132984408,Author,Chung-Bao Hsieh
LOCAL_A000037,Author,Chung-Bao Hsieh
A5046738686,Author,Chung-Bao Hsieh
A5134528492,Author,Chung-Bao Hsieh
A5121948811,Author,Chung-Bao Hsieh
A5080788166,Author,Chung-Che Wu
A5060701822,Author,Chung-Chieh Chiao
A5054642186,Author,Chung-Ho Lin
LOCAL_A000538,Author,Chung-Ho Lin
A5121974331,Author,Chung-Hsien Lin
A5091390670,Author,Chung-Tu-Nhi Truong
LOCAL_A000532,Author,Chung‐Ho Lin
A5100728493,Author,Chunyi Li
A5054841477,Author,Chun‐Yu Lin
A5124890262,Author,Chuong Duy Nguyen
LOCAL_A000731,Author,Chuong H. Nguyen
A5066553195,Author,Chuong Hoang Nguyen
A5044990778,Author,Chuong Nguyen Thien
LOCAL_A000677,Author,Chuong Van Le
A5042803653,Author,Châu Quang Vũ
A5016346715,Author,Châu Tài Tảo
A5025949224,Author,Chí Minh Hồ
A5100623707,Author,Chương V. Nguyen
A5034492478,Author,Cindy Shavia
A5090710719,Author,Citic Securities
A5006481103,Author,Claudia Goettsch
A5078876786,Author,Claudio Sandroni
A5058972343,Author,Claus Kuperschmidt
A5073228774,Author,Clenth I. Naingue
A5045164373,Author,Cleo L. Bishop
A5028491207,Author,Clifton W. Callaway
A5089932663,Author,Coen Pramono Danudiningrat
A5084694056,Author,Colin Domnauer
A5058872102,Author,Colin Georgi
A5108310133,Author,Colleen Nguyen
A5018802115,Author,Cong Chien Truong
A5049884996,Author,Cong Danh Bui
A5092528512,Author,Cong Hoang Truong Van
A5092236474,Author,Cong Minh
A5121936243,Author,Cong Thanh Nguyen
A5100772703,Author,Cong Tien Nguyen
A5065293686,Author,Cong Tu Nguyen
A5084444623,Author,Cong-Luan Tran
A5061893866,Author,Cong-Trang Nguyen
A5089199473,Author,Cong-Trieu Le
A5045162054,Author,Cuc Kim Trinh
A5002834057,Author,Cuc Thi Le
A5001873550,Author,Cuong Dinh Tran
A5109139032,Author,Cuong Hoang
A5102708623,Author,Cuong Huy Nguyen
A5059958821,Author,Cuong Nguyen
A5113119675,Author,Cuong Phan Minh Le
A5023198807,Author,Cuong Q. Nguyen
A5103966558,Author,Cuong Q. Nguyen
A5020354608,Author,Cuong T. Nguyen
A5043416024,Author,Cuong Tran Quoc Khanh
LOCAL_A000577,Author,Cuong-Le Thanh
A5014209082,Author,Cuu Ho Van
A5038883492,Author,Cynthia Martínez-Garrido
A5015697944,Author,Cyril Vallicari
LOCAL_A000291,Author,Cyril Vallicari
A5000845033,Author,Công Văn Nguyến
A5061596524,Author,Công-Hâu Huynh
A5007280992,Author,Cấn Thu Văn
LOCAL_A000240,Author,D Buhrmester
LOCAL_A000323,Author,D Cable
LOCAL_A000236,Author,D Caldwell
LOCAL_A000325,Author,D Castaneda
LOCAL_A000122,Author,D Cattaruzza
LOCAL_A000271,Author,D Cavenago
LOCAL_A000324,Author,D Derue
LOCAL_A000195,Author,D Essam
A5112073302,Author,D Ganten
LOCAL_A000190,Author,D Gao
LOCAL_A000233,Author,D Kenny
LOCAL_A000253,Author,D Larcker
LOCAL_A000686,Author,D Murphy
LOCAL_A000278,Author,D Organ
LOCAL_A000119,Author,D Smith
A5110590514,Author,D T
LOCAL_A000174,Author,D Wolpert
LOCAL_A000127,Author,D Xu
A5113822792,Author,D-H Ha
A5021191541,Author,D. David
A5015332154,Author,D. Dinh-Cong
A5123725993,Author,D. Duy Nguyen
A5129663908,Author,D. Ikeda
A5132327831,Author,D. Ivanov
A5027527648,Author,D. Kahl
A5129679066,Author,D. Khoa Nguyen
A5016981467,Author,D. Kim
A5027845624,Author,D. L. Sherwood
A5113989777,Author,D. Lesnic
A5133529032,Author,D. M. Hoat
LOCAL_A000047,Author,D. M. Hoat
A5123227832,Author,D. M. Hoat
A5128192943,Author,D. M. Hoat
A5136930533,Author,D. Mazzucco
A5113211574,Author,D. N. Binh
LOCAL_A000642,Author,D. Ngu
A5111758380,Author,D. Niethammer
A5086255445,Author,D. P. Khoi
A5125536071,Author,D. Praveen Kumar
A5080661941,Author,D. R. Bergman
A5136990545,Author,D. R. da Silva
A5132124518,Author,D. Rodeheffer
A5132077295,Author,D. Ryu
A5017284186,Author,D. S. Yee
A5136913435,Author,D. Sato
A5071570842,Author,D. T. Binh
A5037497064,Author,D. T. Binh
A5114222021,Author,D. T. Huong
LOCAL_A000098,Author,D. T. Pham
A5046987451,Author,D. W. Waldram
A5089807232,Author,D. Weinert
A5138166377,Author,D.M. Hoat
A5048993786,Author,D.M. Hoat
A5027148979,Author,D.O. Poletaev
A5044322231,Author,D.P. Hung
A5103978016,Author,D.T. Nguyen
A5035110418,Author,D.Y. Lee
A5001857425,Author,DOAN TRUNG VO
LOCAL_A000636,Author,Da-Huong H. Phan
A5043227923,Author,Dac Quynh Mi Nguyen
A5046940577,Author,Dachel Martínez Asanza
A5089096517,Author,Dacheng Zhou
A5010231114,Author,Dac‐Binh Ha
A5101852052,Author,Dagang Wang
LOCAL_A000013,Author,Dahlak Daniel Solomon
A5009050600,Author,Dahlak Daniel Solomon
A5135237975,Author,Dahlak Solomon Solomon
A5063193184,Author,Dai Jian Guo
LOCAL_A000387,Author,Dai Nghia Bui
A5060646961,Author,Dai Phan Viet
A5061332152,Author,Dai Van Nguyen
A5033052825,Author,Dai-Long Tran
A5130363023,Author,Dai-Phuc Phan Tran
A5103065067,Author,Dai‐Hung Ngo
A5057057975,Author,Dai‐Nghiep Ngo
A5038456548,Author,Dalla Doohan
A5028135770,Author,Dam Minh Linh
A5011524280,Author,Dam Thi Thanh Giang
A5065278638,Author,Damtew Solomon
A5000794649,Author,Dan Le Van
A5048412714,Author,Dan Nguyen-Thihong
A5112840902,Author,Dana R. Crawford
LOCAL_A000011,Author,Dang Bao Nhi Nguyen
A5113567751,Author,Dang Duc Trong
A5124978282,Author,Dang Hai Nguyen
A5063393733,Author,Dang Hoang Quyen
LOCAL_A000388,Author,Dang Huu Phuc
A5117389294,Author,Dang Khoa Dang
A5101861939,Author,Dang Khoa Nguyen
A5065042911,Author,Dang Khoa Tran
A5080811307,Author,Dang Kim Hoang
A5102013370,Author,Dang Le Tri Nguyen
A5111269850,Author,Dang Manh Le
A5113262960,Author,Dang My Thanh
A5049649933,Author,Dang Ngoc Toan
A5112805145,Author,Dang Nguyen Thao Nguyen
A5102650285,Author,Dang Phuc Dam
A5110999034,Author,Dang Phuong Linh
A5080864544,Author,Dang Quoc Cuong
LOCAL_A000076,Author,Dang T. Hue
A5102428787,Author,Dang T. Tran
A5091402697,Author,Dang Thanh Liem
A5025125736,Author,Dang Thi Huyen Trang
A5018512305,Author,Dang Thi Kim Thuy
A5068504606,Author,Dang Thi Ngoc Hoa
A5094282888,Author,Dang Thi Nhu Thao
LOCAL_A000393,Author,Dang Thi Nhu Thao
LOCAL_A000623,Author,Dang Thi Phuong Anh
A5124936434,Author,Dang Thi Thu Hang
A5046042230,Author,Dang Thuan An Nguyen
A5104423471,Author,Dang Thuy Mui
A5137821333,Author,Dang Tien Nguyen
A5104132940,Author,Dang Tran Duc Minh
A5075950807,Author,Dang Trung Hau
A5072742774,Author,Dang Tuan Hiep
A5086905703,Author,Dang Van Soa
A5043955830,Author,Dang Xuan Tung
A5113069412,Author,Dang-Minh-Tri Lai
A5063754238,Author,Danh Bich
A5022245617,Author,Danh C. Vu
A5124896920,Author,Danh Le
A5005768372,Author,Danh Phuoc Huynh
A5129411618,Author,Danh Thanh Nguyen
LOCAL_A000284,Author,Danh Vu
A5021191255,Author,Daniel Benevides da Costa
A5108224525,Author,Daniel David
A5036096394,Author,Daniel G. Anderson
A5007250589,Author,Daniel Höche
A5056885320,Author,Daniel J. Licht
A5088003737,Author,Daniel M. DeLaughter
A5070913859,Author,Daniel Meyrán
A5008074955,Author,Daniel Salinas
A5021997056,Author,Daniel Sims
A5025312667,Author,Daniele Cicuzza
A5036583209,Author,Danièle Bevacqua
A5136027486,Author,Dao Anh Trung Le
A5092228143,Author,Dao Ba Huy
A5058540098,Author,Dao Cuong To
A5080272177,Author,Dao Duy Nam
A5023192051,Author,Dao Hong Duc
A5011756398,Author,Dao Huy Tuan
A5037059087,Author,Dao Le Kieu Oanh
A5042098541,Author,Dao Nam Cao
A5063075392,Author,Dao Van Dung
A5065884707,Author,Dao Van Duong
A5075020121,Author,Dao Van‐Duong
A5068093105,Author,Dao ba Loc
A5116302831,Author,Darcy E. Glenn
A5022527502,Author,Darien Sykes
A5010992089,Author,Darrin Hodgetts
A5071594228,Author,Dat Bao
A5041707620,Author,Dat D. Vo
A5135434178,Author,Dat D. Vo
A5111598709,Author,Dat Nguyen
A5083202029,Author,Dat Tan Nguyen
A5101595253,Author,Dat Thanh Nguyen
A5011724052,Author,Dat Vi Thanh
A5019541405,Author,Dau Thi Phuong Uyen
A5084241302,Author,Dau Van Nguyen
A5064476016,Author,Dau Xuan Duc
A5011347329,Author,David A. Olasehinde
A5028777364,Author,David A. Wood
A5068500779,Author,David B. Saakian
A5045600839,Author,David Berry
A5073228138,Author,David Buntoro Kamadjaja
A5018227404,Author,David Fuchs
A5110731166,Author,David Huchzermeyer
A5018098972,Author,David Janzén
A5051246640,Author,David M. Abramson
A5073498622,Author,David M. Greer
A5076850672,Author,David Markenson
A5066145908,Author,David P. Wright
A5047127247,Author,David Salter
A5012021096,Author,David Salter
A5103277183,Author,David Shum
A5003607184,Author,David Stanton
A5026364638,Author,David Tan
A5101440087,Author,David Wright
A5021828664,Author,David Zideman
A5084369012,Author,DavidBuntoro Kamadjaja
A5053086929,Author,Davide Cassi
A5032538132,Author,Dayong Si
A5100755541,Author,Dayong Wang
LOCAL_A000488,Author,"De-la-Torre, Gabriel Enrique"
A5104084220,Author,Debashis Adhikari
A5019585102,Author,Debdatta Kandar
A5069442872,Author,Deems Okamoto
A5038369716,Author,Deepti Tikariha Jangde
A5070348318,Author,Deng Wen
A5100617481,Author,Deng Zhang
A5082528388,Author,Dennis J. Leary
A5080199946,Author,Dennis R. Salahub
LOCAL_A000377,Author,"Departamento de Ecuaciones Diferenciales y Análisis Numérico, Facultad de Matemáticas, Universidad de Sevilla, C/Tarfia s/n, 41012-Sevilla, Spain"
A5008231286,Author,Detlev Ganten
A5101044326,Author,Devender Kumar
A5074922240,Author,Devendra Kumar
A5010420002,Author,Dewar Finlay
A5029004884,Author,Dewati Ayusri Artha
A5027709025,Author,De‐Thu Huynh
A5064985967,Author,Dhameer A. Mutlak
A5069783085,Author,Dhruvik Agravat
A5101978986,Author,Dian Liu
A5019750138,Author,Diana E. Reingardt
A5035351643,Author,Diane Simon
A5023389293,Author,Dianjun Zhang
A5069302582,Author,Dianne L. Atkins
A5027349486,Author,Dick van Zuilen
A5081951393,Author,Didier Lesueur
A5121830684,Author,Diego R. R. da Silva
A5031994008,Author,Diego Rhamon Reis da Silva
A5018331389,Author,Diem Hong Tran
A5075903963,Author,Diem Ngoc Duong
A5108233925,Author,Diem Ngoc Ngo
A5110849253,Author,Dien Thanh Le
LOCAL_A000283,Author,Dien To
A5043639014,Author,Dien Tran Duc
A5077351891,Author,Dien Vu Thanh TO
A5087502668,Author,Diep Doan
A5082370353,Author,Diep T. Toan
A5062946533,Author,Diep Thi Ngoc Le
A5037185882,Author,Diep Van Nguyen
A5044053378,Author,Diep Xuan Doan
A5065771880,Author,Dieu An Nguyen Thi
A5071070151,Author,Dieu Linh Tran
A5001133335,Author,Dieu Thi My Tran
A5027706693,Author,Dieu Tran Thi My
A5052287713,Author,Dieu-Thuyen Truong
LOCAL_A000499,Author,Dieudonne Shukuru Wasso
A5101732045,Author,Dileep Kumar
A5123912627,Author,Dileep Kumar
A5086434450,Author,Dileep Kumar
A5130062909,Author,Dileep Kumar
A5034663096,Author,Dinesh Joshi
A5066816551,Author,Dinesh Kumar Vishwakarma
A5070442948,Author,Ding Jing-pin
A5028918749,Author,Dinh Chuong Nguyen
A5036720382,Author,Dinh Cong Pho
A5002377783,Author,Dinh Dieu Hong
A5000769140,Author,Dinh Hoa Dang
LOCAL_A000212,Author,Dinh Hung Nguyen
A5136852879,Author,Dinh Huu Loc
LOCAL_A000384,Author,Dinh Huy Nguyen
A5107154585,Author,Dinh Huynh Tu
A5078885223,Author,Dinh Khuong Nguyen
A5009794917,Author,Dinh Luong Khac
A5066757939,Author,Dinh Nhi Bui
A5089334735,Author,Dinh Phamtoan
A5138033626,Author,Dinh Phi Le
A5103014821,Author,Dinh Quang Truong
LOCAL_A000587,Author,Dinh Quoc Huy Pham
A5058905920,Author,Dinh Son Cao
A5021802783,Author,Dinh Sy Nguyen
A5104192946,Author,Dinh Tam Nguyen
A5070708078,Author,Dinh Tan Nguyen
A5016169617,Author,Dinh Thanh Khan
A5001031417,Author,Dinh Thi Tam
A5114202432,Author,Dinh Thi Truong Giang
A5030260489,Author,Dinh Thuy Van
A5035059477,Author,Dinh Tien Dung Nguyen
LOCAL_A000589,Author,Dinh Tien Minh
A5042315945,Author,Dinh Tran Ngoc Hien
A5044845498,Author,Dinh Tran Ngoc Huy
A5038031031,Author,Dinh Trung Nguyen
A5101704561,Author,Dinh Trần Ngọc Huy
A5022561054,Author,Dinh Tuan Le
A5024392587,Author,Dinh Tung Vo
A5045107989,Author,Dinh Tuyen Nguyen
A5003545280,Author,Dinh Van Ho
A5036034688,Author,Dinh Van Tung
A5062017995,Author,Dinh-Hieu Tran
A5008120161,Author,Dinh-Hung Nguyen
LOCAL_A000720,Author,Dinh-Son Tran
A5039502465,Author,Dinh-Thai Do
A5089924692,Author,Dinh-Thanh Nguyen
A5063959328,Author,Dinh-Thien-Vuong Doan
A5008475914,Author,Dinh-minh-tu Nguyen
A5056957912,Author,Dinh‐Hoi Bui
A5071517633,Author,Dinh‐Thuan Do
A5104035119,Author,Dinh‐Tri Mai
A5122246823,Author,Dinushika Madhushani Yapa Abeywardhana
LOCAL_A000490,Author,Dinushika Madhushani Yapa Abeywardhana
A5090960288,Author,Dipa Islam
A5092028947,Author,Dj. Hemidi
A5074371760,Author,Dmitriy A. Martyushev
A5070418471,Author,Do Bao Son
A5122874808,Author,Do Dieu Linh
A5002285759,Author,Do Hoang Viet
A5001474077,Author,Do Hung Manh
LOCAL_A000630,Author,Do Huu Tam
A5031029211,Author,Do Khanh Tung
A5029624791,Author,Do Lam Vy Le
A5069167776,Author,Do Lu Cong Minh
A5071547141,Author,Do Mai Nguyen
A5123684279,Author,Do Minh Hoat
A5039967609,Author,Do Minh-Huy
A5137993674,Author,Do Muoi
A5034148650,Author,Do Muoi
A5108312301,Author,Do Ngoc Hien
A5119048346,Author,Do Quoc Minh Chau
LOCAL_A000069,Author,Do T. Q. Huong
A5113353655,Author,Do The Hung
A5121030745,Author,Do Thi Mai Dung
A5024782599,Author,Do Thi Minh Xuan
LOCAL_A000021,Author,Do Thi Minh Xuan
A5034764343,Author,Do Tuong Ha
A5023973706,Author,Do Van Truong
A5091522531,Author,Doan Dang Phi Hung
A5080892177,Author,Doan Ngu
A5049392649,Author,Doan Nguyet Linh
A5056246280,Author,Doan Son Tran
A5083721261,Author,Doan Thanh Son
A5062880735,Author,Doan Thi Loc
A5079913240,Author,Doan Thi My Hanh
A5055940614,Author,Doan Thi Nhe
A5028442936,Author,Doan Trang
A5073375320,Author,Doan Van Hoang
A5030726191,Author,Doan Xuan Diep
A5041135448,Author,Doan Xuan Tien Nguyen
A5046562648,Author,Doan-An Trieu
A5082583844,Author,Dominic Trépel
A5136043944,Author,Dominic Trépel
A5136773117,Author,Dominic Trépel
A5080704496,Author,Don C. Des Jarlais
A5108077585,Author,Don Des Jarlais
A5025732300,Author,Donal O’Regan
A5005497446,Author,Dong Doan Van
A5022649488,Author,Dong In Kim
A5048344489,Author,Dong Le Van
A5113003739,Author,Dong Phan Tan
A5071609618,Author,Dong Phuong Truong
A5028803174,Author,Dong Van Hoang
LOCAL_A000451,Author,Dong X. Nguyen
A5010181020,Author,Dong Xiao-ying
A5039142428,Author,Dong Xuan Pham
A5067673175,Author,Dong Zhong
A5101103076,Author,Dong-Joo Yang
A5100643561,Author,Dongkyu Lee
A5100342577,Author,Dongsheng Zhang
A5027574307,Author,Doris Fuster-Guillén
A5012999481,Author,Doris Heinrich
A5123202475,Author,Doston Pirnazarov
A5046970229,Author,Douglas G. Fishel
A5113115341,Author,Douglas L. Nguyen
A5044748414,Author,Drahomíra Pavelková
A5054296239,Author,Du Nguyễn Đức
A5027303758,Author,Duc Anh Dinh
A5103029566,Author,Duc Anh Le
A5055050491,Author,Duc Anh Le
A5004993090,Author,Duc Anh Pham
A5074158974,Author,Duc Anh Phan
A5080052377,Author,Duc Bao Tran Pham
LOCAL_A000102,Author,Duc Binh Tran
A5054062927,Author,Duc Duy Nguyen
A5061059537,Author,Duc Hong Vo
A5074116301,Author,Duc Le Anh
A5109917542,Author,Duc M. Vo
A5029774953,Author,Duc Manh Phan
A5101399107,Author,Duc Minh Nguyen
A5079476476,Author,Duc Minh Pham
A5034169259,Author,Duc Ngoc Minh Dang
A5101182142,Author,Duc Pham Anh
A5011868594,Author,Duc Pham-Anh
A5107569559,Author,Duc Phuoc Le
LOCAL_A000205,Author,Duc Phuong Nguyen
LOCAL_A000708,Author,Duc Quang Hoang
A5109713772,Author,Duc Quang Vu
A5000817178,Author,Duc Thanh Hung Duong
A5022241843,Author,Duc Thinh Vu
A5019646634,Author,Duc Tho Pham
LOCAL_A000527,Author,Duc Toan Truong
A5104387604,Author,Duc Toan Truong
A5136314463,Author,Duc Tran
A5109478605,Author,Duc Trong Le
A5080843178,Author,Duc Trong Nguyen Le
A5074435622,Author,Duc Van Le
A5060040851,Author,Duc Van Phan
A5010346711,Author,Duc-Duy Pham
A5102513442,Author,Duc-Hoan Huynh
A5069820449,Author,Duc-Huy Pham
A5058058761,Author,Duc-Nhan Nguyen
A5102780199,Author,Duc-Quang Vu
A5001193118,Author,Duc-Quang Vu
LOCAL_A000655,Author,Duc-Van Phan
A5011427978,Author,DucHieu Le
A5068463807,Author,Duck Cho
A5016298705,Author,Duc‐Anh Le
A5061408196,Author,Duc‐Dung Pham
A5005634790,Author,Duc‐Huynh Phan
A5069277141,Author,Duc‐Long Nguyen
A5062256983,Author,Duc‐Quang Hoang
A5030756029,Author,Dumitru Bǎleanu
A5016209496,Author,Dung Duc Tran
A5075681850,Author,Dung Minh Ha-Tran
A5043809031,Author,Dung My Tran
A5053018788,Author,Dung Nguyen
A5052612735,Author,Dung Phung
A5058526082,Author,Dung Quang Le
A5051697844,Author,Dung Thi Pham
A5102481156,Author,Dung Thi Thuy Nguyen
A5055658324,Author,Dung Thuy Nguyen Pham
LOCAL_A000425,Author,Dung Tien Pham
A5079358556,Author,Dung Van Tran
A5018114538,Author,Duong Anh Minh Vu
A5129587758,Author,Duong Anh Tan
LOCAL_A000285,Author,Duong Anh Tran
A5033103782,Author,Duong Bao Tram
A5078059796,Author,Duong Binh
A5114368828,Author,Duong D. Hoang-Trong
A5058605077,Author,Duong Dinh Pham
A5006545912,Author,Duong Do Van
A5084329073,Author,Duong Hai Vo Tran
A5052439520,Author,Duong Huong Quynh
A5044956941,Author,Duong Khanh
A5071784955,Author,Duong Minh Tri
LOCAL_A000065,Author,Duong Nam Nguyen
A5028381367,Author,Duong Nghia Bang
A5069842035,Author,Duong Nguyen Nguyen
A5038001329,Author,Duong Nhu Quynh Nguyen
A5058620025,Author,Duong Q. Nguyen
A5110281713,Author,Duong Quang
A5109734751,Author,Duong Thanh Hung Duc
A5050703987,Author,Duong Thi Chuyen
A5069345368,Author,Duong Thi Huyen
A5026283144,Author,Duong Thi Lim
A5055240240,Author,Duong Thi Thanh Thanh
A5055888733,Author,Duong Thuy Hoang
A5114023578,Author,Duong Tien
A5020412391,Author,Duong Tran Anh
A5136291996,Author,Duong Tran Anh
A5117509360,Author,Duong Trong Nhan
A5117599546,Author,Duong Truong Phuc
A5059729965,Author,Duong Tuan Anh
A5091266202,Author,Dusit Niyato
A5038764838,Author,Duy Binh Ho
A5102547308,Author,Duy Binh Nguyen
A5015818019,Author,Duy C. Bui
A5044906171,Author,Duy Chinh Nguyen
A5114045903,Author,Duy Cong Vo
A5078951421,Author,Duy Hien Tong
A5074603556,Author,Duy Hien Tran
A5001954729,Author,Duy Huỳnh Nhật
A5138162018,Author,Duy Khanh Nguyen
A5135488699,Author,Duy Khanh Nguyen
A5074327529,Author,Duy Khanh Nguyen
A5119042681,Author,Duy Khanh Nguyễn
A5103258679,Author,Duy Khanh Pham
A5058313792,Author,Duy Khanh Phạm
A5111089455,Author,Duy Khuong Ly
A5053717509,Author,Duy Khánh Phạm
A5023113797,Author,Duy Le Anh Tran
A5093925263,Author,Duy Ly-Khuong
A5128385340,Author,Duy Ly‐Khuong
A5109495255,Author,Duy Ngoc Pham
A5027129342,Author,Duy Ngoc Pham
A5061587506,Author,Duy Nguyen
A5115713811,Author,Duy Nguyen Luc Ha
A5011290352,Author,Duy Nguyen Phan
A5030451807,Author,Duy Nhat Vu
A5035305639,Author,Duy Phuong Nguyen
A5082824466,Author,Duy Quang Dao
A5093677853,Author,Duy Tan La
A5113942299,Author,Duy Thuc Nguyen
A5109475242,Author,Duy Toan Pham
A5038068417,Author,Duy Toàn Phạm
A5087900851,Author,Duy Tue Nguyen
A5087961624,Author,Duy Vu Nguyen
A5000737661,Author,Duy-Binh Ha
A5018054378,Author,Duy-Hung Ha
LOCAL_A000656,Author,Duy-Hung Ha
A5086635649,Author,Duy-Khuong Ly
A5032442216,Author,Duyen My Thi Vo
A5108844516,Author,Duyen Nguyen Thi Thuy
A5113091446,Author,Duyen Thi Kim Huynh
A5103224266,Author,Duyen Thi Ngoc Huynh
A5042447339,Author,Duyen Thi Nhu Huynh
A5108783693,Author,Duyên Thi Kim Nguyêñ
A5070240653,Author,Duy‐Duan Nguyen
A5072249565,Author,Dyann Matson Koffman
A5079848691,Author,Dzung Tran Trung PHAN
A5009757136,Author,Dzung Tri Tran
A5055880156,Author,Dũng Chí Vũ
A5046570834,Author,Dương Ngoc Truong
A5085460338,Author,Dương Quốc Hoàn
A5061256998,Author,Dương Thúc Huy
A5006535949,Author,Dương Thị Anh Đào
A5081814601,Author,Dương Thị Quyên
A5094583818,Author,Dương Thị Thúy Nga
A5011614425,Author,Dương Thị Thủy
A5029896071,Author,Dương Tuấn Quang
A5130888934,Author,Dương Đổng
LOCAL_A000116,Author,E Bottani
A5111869788,Author,E D Frederickson
LOCAL_A000250,Author,E Diener
LOCAL_A000171,Author,E Elsayed
LOCAL_A000248,Author,E Sierminska
LOCAL_A000314,Author,E Williams
A5007201485,Author,E. Boutalbi
A5053530979,Author,E. J. Kim
A5009714575,Author,E. J. Lee
A5062580557,Author,E. James Jebaseelan Samuel
A5132046045,Author,E. Kido
A5111061391,Author,E. L. Conway
A5047142221,Author,E. Löyning
A5056449503,Author,E. M. de PAIVA
A5111866792,Author,E. Weiß
A5027485314,Author,EM Fields
A5014950400,Author,Eddy Lang
A5057837479,Author,Edison Ferreira de Paiva
A5057164223,Author,Edlin M. Villarin
A5012007941,Author,Eduard Kovalski
A5090925538,Author,Edward A. Lebowitz
A5067618941,Author,Edward Gaiser
A5056582727,Author,Edward Park
A5028014897,Author,Edward S. Ramsay
A5088653693,Author,Eghbal Motaei
A5042265263,Author,Ehsan Namaziandost
A5058053647,Author,Ehsan Rahimi
A5039141089,Author,Ehsan Shakerzadeh
A5041560102,Author,Eibun Senaha
LOCAL_A000012,Author,Eibun Senaha
A5102116435,Author,Eileen Chen
A5087859003,Author,Eko Nursanty
A5101914364,Author,Eko Priyo Purnomo
A5050478516,Author,Elaine Gilfoyle
A5010462592,Author,Eleftherios Thalassinos
A5064521237,Author,Elena Aïkawa
A5123433400,Author,Elena N. Serikova
A5137491069,Author,Elena N. Serikova
A5102990924,Author,Elham Tahmasebi
A5059278613,Author,Eliane Pereira dos Santos
A5111719564,Author,Elieser Kaplinsky
A5058149770,Author,Elijah Turner
A5067125998,Author,Elio Di Segni
A5084825086,Author,Elio DiSegni
A5087117056,Author,Elizabeth R. Rogers
A5019197846,Author,Elke Kleideiter
A5038884691,Author,Emadaldin Mohammadi Golafshani
A5049758571,Author,Emenda Sembiring
A5017572945,Author,Emilie Bowman
A5118388860,Author,Emily Wotzka
A5031890617,Author,Emma Roberts
A5059457085,Author,Emmanuel Nduka Amaefule
A5103087729,Author,Emmanuelle Peyvel
A5013811641,Author,Endre Harsanyie
A5063590027,Author,Endro Dwi Hatmanto
A5052590300,Author,Enid Chung Roemer
A5009699300,Author,Enkhbayar Altantsetseg
LOCAL_A000504,Author,"Erasmus, Victoria Ndinelago"
A5105003629,Author,Erhard W. Lang
A5070062505,Author,Eric D. Peterson
A5080893189,Author,Eric J. Lavonas
A5049923319,Author,Erica Kornblith
A5074997780,Author,Erick Prayogo Walton
A5058362925,Author,Erick Saavedra Flores
A5063956844,Author,Ericka L. Fink
A5025664353,Author,Erik Velasco
A5051430246,Author,Erkan Nane
A5015367073,Author,Ern Jell P. Abing
A5106111285,Author,Ernoiz Antriyandarti
LOCAL_A000482,Author,Ernoiz Antriyandarti
A5011627378,Author,Erose Sthapit
A5049257114,Author,Eslam Mohammed Abdelkader
A5103322564,Author,Esther Minayo Ishuga
A5118752430,Author,Ethan Vo
A5054517839,Author,Eugene Tam
A5035240489,Author,Eugene V. Koonin
A5079187530,Author,Eunice M. Singletary
A5008930531,Author,Evangelos Pallis
A5064804073,Author,Evariste Tshibangu‐Kabamba
A5065071509,Author,Everard van Kemenade
A5074260255,Author,Evert Jan Meijer
A5088950452,Author,Evgeny Burnaev
A5082438382,Author,Ewa Kościelniak
A5046366464,Author,Ewald Janssens
A5085741547,Author,Ewane Basil Ewane
A5079958449,Author,Eyal Golan
A5050925561,Author,Ezra Susser
LOCAL_A000129,Author,F Ekstedt
LOCAL_A000124,Author,F Semet
LOCAL_A000228,Author,F Yammarino
A5136977010,Author,F. Bradfield
A5087698693,Author,F. D. da SILVA CURBELO
A5029874126,Author,F. Kakimoto
A5081887421,Author,F. Mekideche-Chafa
A5055267657,Author,F. Sartori
A5005283925,Author,Fabio Gionfra
A5020278447,Author,Fabio Sartori
A5086514385,Author,Fabio Sartori
A5074963113,Author,Fabián N. Murrieta-Rico
A5003546699,Author,Fadeyi Olatunji
A5101942828,Author,Fahad Ahmed Al-Zahrani
A5087200966,Author,Fahimeh Baei
A5008961078,Author,Faiza Sharif
A5027631172,Author,Fan Hui
A5056596042,Author,Fan Jiwzhong
LOCAL_A000289,Author,Fang Shui
A5002238892,Author,Fangpeng Cui
A5022008299,Author,Fangwei Han
A5089444182,Author,Faras Al Balushi
A5112687130,Author,Farhad Mohammad Torab
A5067522840,Author,Farhan Bhanji
A5045541958,Author,Farhan Khan
A5057644436,Author,Farhan Mirza
A5061693096,Author,Farid A. Harraz
A5085454704,Author,Farida Imamutdinovna Gabidullina
A5035255903,Author,Farouc A. Jaffer
A5116462497,Author,Fastabiqul Khairot
A5035395012,Author,Fatemeh Afghah
A5055004314,Author,Fatemeh Soltanifar
A5135221641,Author,Fathima Ayman
A5025159311,Author,Fat‐Moon Suk
A5027290274,Author,Fayaz A. Malla
A5114060515,Author,Fazal-E-Asim
A5075390580,Author,Federico Fracassi
A5076305988,Author,Federico Galvanin
A5035970169,Author,Fei Ji
A5029226423,Author,Fei Ji
A5034129399,Author,Fei Yang
A5025713017,Author,Felicia Hui Ling Chong
A5013742376,Author,Feng Guo
A5100839259,Author,Feng Quan
A5035693571,Author,Feng Quanyua
A5033971798,Author,Fengsheng Chien
A5057860286,Author,Fenqin Zhang
A5082978015,Author,Ferdinand F. Batayola
A5090593514,Author,Fernando Buendía
A5124588332,Author,Fiqha Humairah
A5107436860,Author,Fitria Sari Wulandari
LOCAL_A000036,Author,Fitria Sari Wulandari
A5115399157,Author,Flavia Tavares
A5068485938,Author,Florian K. Zeugswetter
A5020358581,Author,Florian Schlotter
A5061741179,Author,Forqan Ali Hussein Al-Khafaji
A5080054775,Author,Fotima Sapoeva
A5075005049,Author,Francesca Spigarelli
A5015787949,Author,Francesco Scotognella
A5060760122,Author,Francesco Sera
A5072941252,Author,Francisco Palermo
A5021876776,Author,Frank M. Sacks
A5003854144,Author,Frank Verstappen
A5098414159,Author,Frans C. van Ameyden van Duym
A5051113352,Author,Frederic Krabbe
A5054591254,Author,Fredrik Kiil
A5011245031,Author,Frida Sidik
A5072098542,Author,Friederike Gieseke
A5056794023,Author,Friedrich C. Luft
A5082945083,Author,Fulgent P. Coritico
A5001675506,Author,Fumito Chiba
A5006311823,Author,Fèmi E. Hounnou
LOCAL_A000512,Author,Fèmi E. Hounnou
LOCAL_A000700,Author,G &zareian
A5124934837,Author,G Boopalan
LOCAL_A000107,Author,G Campuzano
LOCAL_A000188,Author,G Croes
LOCAL_A000330,Author,G Langie
LOCAL_A000339,Author,G Lee
LOCAL_A000138,Author,G Li
LOCAL_A000193,Author,G Reinelt
LOCAL_A000312,Author,G Rubera
LOCAL_A000115,Author,G Vignali
A5113298949,Author,G. Furlich
A5136898771,Author,G. I. Rubtsov
A5051435891,Author,G. Lettinga
A5036212178,Author,G. P. Hallal
LOCAL_A000615,Author,G. Vinitha
A5011418488,Author,G. W. Kim
A5010707914,Author,G.L. Myronchuk
A5111228622,Author,Gabriel Enrique De-la-Torre
A5135216739,Author,Gabriel S. Diniz
A5120996342,Author,Gabriel Sousa Diniz
A5119797401,Author,Gabriela Natasha Sutandi
A5112843290,Author,Gabrielle Harris
A5074774772,Author,Gabrielle Nuthall
A5111192946,Author,Gai Dai Dinh
A5057758597,Author,Gaizhuo Zhang
A5002161235,Author,Gamal M. Nassar
A5070384492,Author,Gangga Anuraga
A5037837813,Author,Gap‐Sue Kim
LOCAL_A000518,Author,"Gates, Ian D."
LOCAL_A000480,Author,"Gates, Tara"
A5079381636,Author,Gavin D. Perkins
A5101402718,Author,Ge Sang
LOCAL_A000002,Author,Gene Yong-Kwang Ong
A5088677076,Author,George J. Musa
A5089751241,Author,George Mylonakis
A5114010145,Author,Gerald Hörner
A5016561586,Author,Ghita Benchekroun
A5019505457,Author,Ghulam Dastgeer
A5018592470,Author,Gi-Chol Cho
A5119834139,Author,Gia Bao Duong
A5042408344,Author,Gia Hong Tran
A5133427062,Author,Gia Huy Huynh
A5059374909,Author,Gia Huy Ngo
A5015610209,Author,Gia Linh Ha
A5029048793,Author,Gia Luat Diep
A5106785511,Author,Gia Luat Diep
A5055473116,Author,Gia Quyen Phan
A5054990885,Author,Gia Thien Luu
A5104942826,Author,Gia Đức Trương
A5102787852,Author,Gia-Vuong Nguyen
A5121471388,Author,Giang Dang Ngoc Thi
A5113245914,Author,Giang Huong Thi Vu
A5036250530,Author,Giang N. L. Vo
A5102666774,Author,Giang Ngoc Ha
A5086441327,Author,Giang Ngoc Nguyen
A5041738711,Author,Giang Nguyen Hoang Le
A5063551372,Author,Giang Nu To Truong
A5108320384,Author,Giang Thi Huong Ngo
A5123961539,Author,Giang Thi Thu Hong
A5021635788,Author,Giang Tien Nguyen
A5118963635,Author,Giao
A5079426909,Author,Giao Hà Nam Khánh
A5075708496,Author,Giau M. Le
A5052104891,Author,Gilbert M. Mugisho
A5092989807,Author,Gio Serafin Ivan Jimenez Marcaida
A5135276087,Author,Giovane B. Suss
A5120953003,Author,Giovane Beck Suss
A5029534432,Author,Giuliana Furci
A5054097796,Author,Giuseppe Ristagno
A5091701946,Author,Giuseppe Ruta
LOCAL_A000508,Author,"Glenn, Darcy"
A5103749367,Author,Goh Su-Yen
A5121471224,Author,Gorin Sergey
A5026382468,Author,Gowri Sivaramakrishnan
A5015967624,Author,Gregorio H. Cocoletzi
A5064473053,Author,Guangde Yang
A5102220548,Author,Guangwu Xiong
A5112826970,Author,Guanming Qi
A5078680445,Author,Gudrun Demmert
A5084660092,Author,Guido De Roeck
A5035589368,Author,Gul Rahman
LOCAL_A000513,Author,"Guloba, Madina Mwagale"
A5061672192,Author,Gunaratnam Gunashanhar
A5116808724,Author,Gunganist Kongklad
A5038701537,Author,Guo Al-lia
A5051877757,Author,Guo Feng Luo
A5042002273,Author,Guo-Ping Chang Chien
A5123186240,Author,Guo-Ping Chang-Chien
A5100380164,Author,Guohua Li
A5029163162,Author,Gustavo Carlo
A5009690733,Author,Gyeongpyo Ham
LOCAL_A000201,Author,H Adeli
A5031627421,Author,H Becker
LOCAL_A000332,Author,H De Cieri
LOCAL_A000241,Author,H Deng
LOCAL_A000185,Author,H Hasanien
LOCAL_A000691,Author,H Kassem
LOCAL_A000329,Author,H Knipprath
LOCAL_A000692,Author,H Le
LOCAL_A000693,Author,H Manzouri
A5055790770,Author,H N Le
A5060496598,Author,H Quach
LOCAL_A000180,Author,H Rezk
LOCAL_A000366,Author,H Robben
LOCAL_A000239,Author,H Ruhl
A5133126062,Author,H-T. Dinh
A5071030668,Author,H. A. M. van der Heijden
A5136985777,Author,H. B. Kim
A5071619309,Author,H. Brüning
A5055786940,Author,H. Dai
A5104384413,Author,H. He
A5126899755,Author,H. Jung
A5076730030,Author,H. Mineo
A5130242755,Author,H. N. Long
A5069934465,Author,H. N. Long
A5136931926,Author,H. Nakamura
A5110723201,Author,H. Ohoka
A5136930195,Author,H. Oshima
A5025370032,Author,H. P. B. Ngoc
A5088589391,Author,H. Pham
A5032100162,Author,H. Quan
A5045420242,Author,H. S. Le
A5136913949,Author,H. Sagawa
A5041321676,Author,H. Tran
A5001649826,Author,H. Tran-Ngoc
A5042307561,Author,H. Vincent Poor
A5027706324,Author,H. William Strausś
A5100681381,Author,H. Yamaguchi
A5040711397,Author,H.H.M. Rijnaarts
A5109145665,Author,H.M. Nguyen
A5006198476,Author,H.N. Toan
A5120347235,Author,H.N.T. Phung
A5036260987,Author,H.P. Nguyen
A5122310706,Author,HP Nguyen
LOCAL_A000395,Author,HPU2
A5004954278,Author,HU Jian-ming
A5077159769,Author,Ha Che‐Ngoc
A5096362209,Author,Ha Hoang Hieu
A5001975381,Author,Ha Hong Nguyen
A5068570499,Author,Ha Huu
A5126307449,Author,Ha Huu Do
A5054736195,Author,Ha Luong
A5088349333,Author,Ha Manh Bui
A5083516573,Author,Ha Ngo Ngan
A5011071867,Author,Ha Ngoc Giang
A5117757285,Author,Ha Nguyen Ngan
A5035584901,Author,Ha Pham
A5104115904,Author,Ha Som Oh
A5102880338,Author,Ha T.
A5022572064,Author,Ha Thai Thi Thu
A5075235852,Author,Ha Thanh Dong
A5044156341,Author,Ha Thanh Ho
A5102933878,Author,Ha Thanh Tung
A5080404353,Author,Ha Thi Nguyen
A5048414571,Author,Ha Thi Thanh Nguyen
A5007052251,Author,Ha Thi Yen Nhi
A5114202395,Author,Ha Thu Hoang
A5000852799,Author,Ha Viet Dong
A5121476018,Author,Ha Vo Thi
A5015273816,Author,Ha-Nam Nguyen
A5017977010,Author,HaHoang Thi Hong
A5064378058,Author,Hadi Nazaripouya
A5002135635,Author,Haejoon Jung
A5024527852,Author,Hafiz Muhammad Tofil
A5124037743,Author,Hai Bang Truong
A5028355700,Author,Hai Bang Truong
LOCAL_A000619,Author,Hai Bang Truong
A5085948144,Author,Hai Canh Vu
A5121682937,Author,Hai Duong Nguyen
A5012148464,Author,Hai Ha Pham Thi
LOCAL_A000596,Author,Hai Hoang
A5100570849,Author,Hai Le Tran
A5082578116,Author,Hai Minh Nguyen Tran
A5015417417,Author,Hai Minh Nguyen-Tran
A5101149346,Author,Hai Phong Nguyen
A5029407674,Author,Hai T. Nguyen
A5107851161,Author,Hai T. Nguyen
A5080275074,Author,Hai Thanh Pham
A5113058619,Author,Hai Thi Tang
A5016121125,Author,Hai Trung Huynh
A5051047872,Author,Hai Xuan Nguyen
A5102346530,Author,Hai-Bang Truong
LOCAL_A000058,Author,Hai-Ha Pham
A5049270537,Author,Hai-Yen Nguyen-Thi
A5112037077,Author,Haidar Ali
A5072039769,Author,Haihua Ruan
A5067607444,Author,Haika Mohi-Ud-Din
A5100727459,Author,Haiqing Wang
A5100742825,Author,Haiyan Hong
A5050158948,Author,Hakim AL Garalleh
A5029433243,Author,Ham Nguyen
A5018903635,Author,Hamayoun Mahmood
A5078842316,Author,Hamid Assilzadeh
A5052523494,Author,Hamid Mukhlis
A5067559759,Author,Hamoud Al-Hadrami
A5099244504,Author,Han Gia Dang
LOCAL_A000282,Author,Han Luong
A5094582176,Author,Han Minh Chau
A5031370887,Author,Han Thai Minh Nguyen
A5104340853,Author,Han Thi Truong
LOCAL_A000583,Author,Hanaa Ahmed
A5024653854,Author,Handhito Satriyo
A5007005563,Author,Hang Le Thu
A5083529055,Author,Hang Ngoc Thuy Tran
A5069332870,Author,Hang Nguyen Thai Phung
A5069826673,Author,Hang Thi Nguyen
A5103505239,Author,Hang Thi Thu Ho
A5066261564,Author,Hang Thi Thuy Cao
A5101950922,Author,Hang Thi Tran
A5128187188,Author,Hanh Lan Nguyen
A5106344374,Author,Hanh My Le Bui
A5033434650,Author,Hanh Phuc Le
A5102749218,Author,Hanh Thi Hong Nguyen
A5050450168,Author,Hanh Vu Thi Kim
A5069639294,Author,Hanleem Lee
A5036413818,Author,Hans‐Peter Vornlocher
A5042391653,Author,Hanyu Jin
A5084459300,Author,Han‐Suk Kim
A5100629829,Author,Hao Lu
A5100452334,Author,Hao Ma
A5108769132,Author,Hao Phu Dong
A5136015910,Author,Hao Quang Nguyen
A5039649826,Author,Hao Van Le
A5024439777,Author,Hao-Chien Yang
A5002969262,Author,Haoran Hu
A5036483874,Author,Hari Vuthaluru
A5059157179,Author,Harikumar Pallathadka
A5050494962,Author,Harkamal S. Jhajj
A5044574268,Author,Hau Huu Huynh
A5112944835,Author,Hau Tran
A5073009058,Author,Hau Tran Duc
A5126849722,Author,Haw-Ming Huang
A5055538986,Author,Hawwin Muzakki
A5111186868,Author,Hayato Murakami
A5081442162,Author,Hazhari Ismail
A5034305048,Author,He Huang
A5100719060,Author,He Xiao
A5071719715,Author,Heather A. Cook
A5056827171,Author,Heejae Park
A5102781968,Author,Heejung Yu
A5039877065,Author,Heinrich Lang
A5084227679,Author,Helen G. Liley
A5021056526,Author,Helena Chládková
A5075693129,Author,Hem Desai
A5074629462,Author,Hemeng Zhang
A5093416618,Author,Hendra Gonsalve W. Lasar
A5066566618,Author,Hengmin Zhang
A5111817425,Author,Herman O. Klein
A5050981728,Author,Hermes Carvalho
A5060927410,Author,Hesam Kamyab
A5009152095,Author,Hester van Bolhuis
A5035275556,Author,Hibana
A5068659658,Author,Hideki Shimizu
A5065742799,Author,Hidenori Harada
A5029736742,Author,Hideyuki Higashi
A5088732419,Author,Hien A. Tran
A5014591962,Author,Hien D. Tong
A5121514013,Author,Hien Duy Tong
A5101308540,Author,Hien Nguyen
A5031597959,Author,Hien Nguyen
A5087153845,Author,Hien Phuoc Phan
A5136231447,Author,Hien Q. Ta
A5052919611,Author,Hien Quoc Ngo
A5103648741,Author,Hien T. Nguyen
A5079356031,Author,Hien Thi Nguyen
A5070948770,Author,Hien Thi Thu Ta
A5104779246,Author,Hien Thu Nguyen
A5103112755,Author,Hien Tran
A5057023966,Author,Hien Trong Ton Nguyen
A5085740219,Author,Hien V. Nguyen
A5137176937,Author,Hien Van Bui
A5033199664,Author,Hien Van Doan
A5101985554,Author,Hien Van Nguyen
LOCAL_A000402,Author,Hiep Duc Nguyen
A5137326585,Author,Hiep Ha-Hoang
A5091397923,Author,Hiep Minh Dinh
A5013654224,Author,Hiep Nguyen Duc
A5084701281,Author,Hiep Nguyen Thi
A5077488637,Author,Hiep Pham
A5018775716,Author,Hiep‐Hung Pham
A5085036106,Author,Hieu Bui
A5036573017,Author,Hieu Chi Tran
A5045073476,Author,Hieu D. Nguyen
A5101663833,Author,Hieu Duy Nguyen
A5102404071,Author,Hieu Giang Le
A5104433127,Author,Hieu H. Ha
LOCAL_A000081,Author,Hieu Le Ho Trung
A5052421157,Author,Hieu Linh Duong
A5055087826,Author,Hieu Minh
A5007724232,Author,Hieu Minh Vo
A5029157921,Author,Hieu Minh Vu
A5034359529,Author,Hieu NGUYEN TRINH DUC
A5135922283,Author,Hieu Nguyen-Duc
A5061934686,Author,Hieu Nguyen-Ngoc
A5092925734,Author,Hieu Nguyenthi-Kim
A5113031574,Author,Hieu Nhu Mai Vo
A5001693984,Author,Hieu T. Nguyen-Truong
A5046024857,Author,Hieu Tran
LOCAL_A000208,Author,Hieu Tran Trung
A5061345492,Author,Hieu Tran-Trung
A5102537963,Author,Hieu Trung Ho Le
A5101663227,Author,Hieu Trung Nguyen
A5068462237,Author,Hieu Vu-Quang
LOCAL_A000678,Author,Hieu-Duc Nguyen
A5112728667,Author,Himad Ali
LOCAL_A000210,Author,Himad Ali
A5045294363,Author,Hinh Sai Nghiem
LOCAL_A000376,Author,Hiếu Nguyễn Trung
A5114032954,Author,Hiển Nguyễn
A5120630366,Author,Hiệp Duy Phan
A5134781207,Author,Hiệp Nguyễn
A5002699769,Author,Ho Anh Duc Nguyen
A5098756445,Author,Ho Binha
A5021858410,Author,Ho Dang Quy Dung
A5053750142,Author,Ho Dinh Phi
A5102791934,Author,Ho Duy Binh
A5013795804,Author,Ho Duy Binh
A5002869113,Author,Ho Huu Loc
A5070564589,Author,Ho Huyen Ly
A5078266246,Author,Ho K. Nam
A5087106458,Author,Ho Kim Dan
A5139426445,Author,Ho Le Thi
A5040567185,Author,Ho Quang Hoa
A5085001179,Author,Ho Quoc Bang
A5102516866,Author,Ho Thai Son
A5054973662,Author,Ho Thi Kim Van
A5014324941,Author,Ho Thi Ngoc Tram
A5023183230,Author,Ho Thi Phuong Thao
A5117758222,Author,Ho Thi Phuong Thao
A5111119645,Author,Ho Tran Vu
A5099440088,Author,Ho Trung Hieu Le
A5099052586,Author,Ho Van Binh
A5068605413,Author,Ho Vu
A5005871776,Author,Ho-Nam Vu
A5020410686,Author,Ho-Si-Hung Nguyen
A5122903487,Author,Ho-Suk Choi
A5078514638,Author,Hoa Binh Le Nguyen
A5018307990,Author,Hoa Binh Le-Nguyen
A5016165289,Author,Hoa Mai Phuong Nguyen
A5104039630,Author,Hoa N. Nguyen
A5024894161,Author,Hoa Ngoc-Tran
A5101742691,Author,Hoa Nguyen
A5120591746,Author,Hoa Pham Quoc
A5052294575,Author,Hoa T. B. Ngo
A5118149061,Author,Hoa T. Nhu
A5061317037,Author,Hoa Thanh Phan Le
A5065757063,Author,Hoa Thi Thanh Bui
A5030043518,Author,Hoai Nam Dang
A5126004705,Author,Hoai Tran Tu
A5015010937,Author,Hoai-An Truong
LOCAL_A000105,Author,Hoai. N. Pham
A5114155395,Author,Hoan N. Tran
A5004612077,Author,Hoan Nguyen
A5069724897,Author,Hoang Anh Le
A5114995942,Author,Hoang Anh Nguyen
A5045070026,Author,Hoang Anh Son
A5136973147,Author,Hoang Chieu Anh Phan
A5060471872,Author,Hoang Dang Khoa Ta
A5092237489,Author,Hoang Dang Phu
A5024816987,Author,Hoang Hieu Ha
A5110833872,Author,Hoang Khanh Thu Huynh
A5013060777,Author,Hoang Kim Ngoc Anh
A5114594133,Author,Hoang Le
A5050268148,Author,Hoang Le Minh
A5075052743,Author,Hoang Le Vu
A5005258254,Author,Hoang Linh Dao
A5081124735,Author,Hoang Long Ngo
A5042517501,Author,Hoang Mai Nguyen
LOCAL_A000728,Author,Hoang Minh Dong
A5065170284,Author,Hoang Minh Phuc
A5092718174,Author,Hoang Minh Tuyen
A5020086114,Author,Hoang Minh-Anh Dan
A5061719042,Author,Hoang Nam Nguyen
LOCAL_A000468,Author,Hoang Nam Nguyen
A5006585321,Author,Hoang Nghia Quang Huy
A5102660498,Author,Hoang Ngoc Hien
A5079480834,Author,Hoang Ngoc Khue Vu
A5002130582,Author,Hoang Ngoc Mai Nguyen
LOCAL_A000719,Author,Hoang Nguyen Tran Thi
A5037177799,Author,Hoang Nguyen Van Minh
A5114038173,Author,Hoang Nhat Minh Nguyen
A5039189182,Author,Hoang Nhat Phong Vo
A5069939003,Author,Hoang Thanh Hanh
A5012741140,Author,Hoang Thanh Nhon
A5008055301,Author,Hoang Thao Phuong Nguyen
A5068286496,Author,Hoang Tien Nguyen
A5129723596,Author,Hoang Trieu Vo Le
A5136851867,Author,Hoang Trong Chien
A5111347325,Author,Hoang Trung Truong
A5048882203,Author,Hoang Tu Pham
A5047114429,Author,Hoang Tuyet Nhi Thai
A5100766548,Author,Hoang Van Nguyen
A5077653271,Author,Hoang Van Toan
A5139457398,Author,Hoang Van Trung
LOCAL_A000209,Author,Hoang Van Trung
A5031161877,Author,Hoang Viet
A5136238313,Author,Hoang Viet
LOCAL_A000097,Author,Hoang Viet Linh
LOCAL_A000607,Author,Hoang-Anh Nguyen-Viet
A5027239578,Author,Hoang-Anh Pham
A5077090472,Author,Hoang-Dung Tran
A5084438384,Author,Hoang-Duy Le
A5064125102,Author,Hoang-Khoi Nguyen
A5079651930,Author,Hoang-Lan-Anh Le
A5060501800,Author,Hoang-Le Minh
A5084369852,Author,Hoang-Long To
LOCAL_A000470,Author,Hoang-Nhu-Khanh Huynh
A5088959676,Author,Hoang-Phuc Nguyen
A5054287799,Author,Hoang-Thach Vuong
A5062458911,Author,Hoang-Thinh Do
LOCAL_A000723,Author,Hoang-Vinh Nguyen
A5069510364,Author,Hoang-Vinh-Truong Phan
A5116329277,Author,Hoang-Yen Duong-Thi
A5109632243,Author,HoangTu Pham
A5059639534,Author,Hoang‐Jyh Leu
A5102804265,Author,Hoang‐Phuc Nguyen
A5113179272,Author,Hoang‐Phuc Nguyen
A5113089117,Author,Hoc Thai Huynh
A5027988721,Author,Hoc Thang Nguyen
A5077582388,Author,Hoi Vu Le
LOCAL_A000040,Author,Hoi-Bor Chan
A5080027721,Author,Holger Lang
A5010203621,Author,Holm Petzold
A5073087031,Author,Hon Nhien Le
A5083658619,Author,Hong Dien Nguyen
A5099757064,Author,Hong Dung
A5088942436,Author,Hong Hai Pham
A5101838627,Author,Hong Jiang
A5115056501,Author,Hong Le Doan
A5061718849,Author,Hong Nghiep Vu
A5050842566,Author,Hong Ngoc Truong
A5005115625,Author,Hong Nhung Nguyen
A5128165841,Author,Hong Pham
A5112261767,Author,Hong Phong Nguyen
A5101308419,Author,Hong Ren
A5039189916,Author,Hong Thang Chau
A5075064773,Author,Hong Thanh Pham
A5080542895,Author,Hong Thanh Tran
A5065578580,Author,Hong Thi
A5063270063,Author,Hong Tien Vu
A5102002673,Author,Hong Xin-hua
A5072516040,Author,Hong Xuan
A5101344332,Author,Hong Yen Phan
A5015962281,Author,Hong-Giang Hoang
LOCAL_A000438,Author,Hong-Khiem Phan
A5089107968,Author,Hong-Lam Le
A5041960973,Author,Hong-Nghiep Vu
A5012521502,Author,Hong-Nguyen Tran-Thi
A5023168181,Author,Hong-Nhu Nguyen
A5000027231,Author,Hong-Tham T. Pham
A5100417317,Author,Hongli Zhang
A5101533670,Author,Hongling Li
A5102021989,Author,Hongmei Meng
A5100757726,Author,Hongying Liu
A5078138004,Author,Hope Nyambura Njoroge
A5079664614,Author,Hossein Mashhadimoslem
A5000949447,Author,Houjie Zhou
A5000211187,Author,Howard Andrews
A5018186356,Author,Hoàn Dương Quốc
A5090734900,Author,Hoàng Hải Sơn
A5109750908,Author,Hoàng Lan Anh Phạm
A5067682063,Author,Hoàng Long Phan
A5006496190,Author,Hoàng Nghĩa Sơn
A5005819709,Author,Hoàng Nguyễn Huy
A5109750909,Author,Hoàng Phương Thảo Nguyễn
LOCAL_A000392,Author,Hoàng Phước Mai
A5087726456,Author,Hoàng Văn Đức
A5110942797,Author,Hsiao-Yi Lee
A5111334653,Author,Hsien-Chun Tsai
A5071979760,Author,Hsien‐Pin Hsu
A5065648868,Author,Hsin-Liang Liu
LOCAL_A000015,Author,Hsin-Liang Liu
A5048989760,Author,Hsin‐Pin Fu
A5101819600,Author,Hsin‐Yi Chen
A5024110740,Author,Hsuan-Min Kao
A5113393298,Author,Hsuan-Yen Tsai
A5091746122,Author,Hsueh‐Shih Chen
A5006594954,Author,Hu Chaolang
A5110367900,Author,Hu Wei
A5103670294,Author,Hu Wei
A5113453184,Author,Hu Yong
A5087680483,Author,Hua Bai
LOCAL_A000385,Author,Hua Quoc Nam Danh
A5009736760,Author,Hua Van Luong
A5064720446,Author,Huan Huu Nguyen
A5061828397,Author,Huan X. Nguyen
A5044946155,Author,Huang Jiang
A5022071004,Author,Huang Meibo
A5102409685,Author,Huang Shasha
A5083403495,Author,Hucai Zhang
A5110966762,Author,Hue Hoang Thi
A5053412741,Author,Hue Minh Thi Nguyen
A5112268129,Author,Hue Van Nguyen
LOCAL_A000380,Author,"Hue, L. T."
A5108850616,Author,Hue‐Tran Thi Dang
A5088561246,Author,Hui Lin Ong
A5022935112,Author,Hui-Pu Liu
LOCAL_A000019,Author,Hui-Ru Lin
A5134539793,Author,Hui-Ru Lin
A5135227654,Author,Hui-Ru Lin
A5113121460,Author,Hui-Ru Lin
A5130084594,Author,Hui-Ru Lin
A5121964248,Author,Hui-Ru Lin
A5126833535,Author,Hui-Ru Lin
A5130332417,Author,Hui-Ru Lin
A5132998477,Author,Hui-Ru Lin
A5129722438,Author,Hui-Ru Lin
A5089944324,Author,Huichao Yin
A5100704450,Author,Huiping Chen
A5012338314,Author,Huiqing Lian
A5087704967,Author,Humphrey Neame
A5058440573,Author,Hun Jeong
A5028188200,Author,Hung D. Nguyen
A5013241108,Author,Hung Dang
A5134015655,Author,Hung Dinh Nguyen
A5090756733,Author,Hung Do Phu
A5100690079,Author,Hung Duc Nguyen
A5124109688,Author,Hung Huy Nguyen
LOCAL_A000467,Author,Hung Lam Tran
A5088958605,Author,Hung Ngo Minh
A5075466332,Author,Hung Nguyen
A5024910823,Author,Hung Nguyen
A5137438584,Author,Hung Nguyen-Xuan
A5106708348,Author,Hung Pham-Duy
A5119547354,Author,Hung Quang Phung
A5101936200,Author,Hung T. Le
A5027387894,Author,Hung Tan Huynh
A5106164109,Author,Hung Tran-Nam
A5078701490,Author,Hung Tran-Viet
A5103041986,Author,Hung Trong Hoang
A5005583322,Author,Hung Vo Thanh
A5019334343,Author,Hung-Anh Tong
A5102490695,Author,Hung-Bui Van
A5088052580,Author,Hung-Cuong Trinh
A5116628217,Author,Hung-Thinh Pham-Tran
A5135208887,Author,Hung-Yun Lin
A5130098709,Author,Hung-Yun Lin
LOCAL_A000024,Author,Hung-Yun Lin
A5128378047,Author,Hung‐Thinh Pham‐Tran
A5067497938,Author,Hung‐Yun Lin
A5089681202,Author,Hung‐Yun Lin
A5009717125,Author,Huolin Ma
A5102890550,Author,Huong Bui
A5133627928,Author,Huong Diem Thi Nguyen
A5111361534,Author,Huong H. T. Nguyen
A5099594564,Author,Huong Hien Thi Nong
A5081127696,Author,Huong N. D. Thai
A5043214194,Author,Huong Nguyen-Thu
A5085762348,Author,Huong Nhung Dang
A5066204594,Author,Huong T. Bui
A5031233789,Author,Huong T. H. Nguyen
A5037668109,Author,Huong T. H. Nguyen
A5065031193,Author,Huong Thi Pham
A5109620041,Author,Huong Thi Thanh Doan
A5101446353,Author,Huong Thi Thu Le
A5111060140,Author,Huong Thi Thu Tran
A5080743502,Author,Huong Thuy Le
A5101204564,Author,Huong Thuy Nguyen
A5105180206,Author,Huong Tran
A5109665139,Author,Huong‐Vy Thuy Ngo
LOCAL_A000536,Author,Huu Cuong Le
A5076358810,Author,Huu Cuong Le
A5014340937,Author,Huu Hai Ngo
A5123864020,Author,Huu Hung Dinh
A5101913899,Author,Huu Hung Nguyen
A5101472479,Author,Huu Khoa Tran
A5008610676,Author,Huu Lam Phan
A5031297358,Author,Huu Ly Truong
A5017679520,Author,Huu Nghia Pham
LOCAL_A000710,Author,Huu Nguyen Luu
A5010198389,Author,Huu Phuc Dang
A5019381003,Author,Huu Phuc Dang
A5017300335,Author,Huu Quyet Nguyen
A5015900702,Author,Huu Son Le
LOCAL_A000530,Author,Huu Son Le
A5135428161,Author,Huu Tam Do
A5109525017,Author,Huu Thinh
A5030881692,Author,Huu Tien Ho
A5063385963,Author,Huu Tạp Van
A5044784332,Author,Huu Vinh Trinh
A5060172696,Author,Huu Xuan Quan
A5112515358,Author,Huu-Canh Vo
A5026865222,Author,Huu-Dien Nguyen
LOCAL_A000054,Author,Huu-Hung Nguyen
A5120974622,Author,Huu-Phuoc Bui
A5121066759,Author,Huu-Tap Van
LOCAL_A000579,Author,Huu-Tho Nguyen
A5048050751,Author,HuuSon Le
A5077358597,Author,Huu‐Hung Nguyen
A5079824896,Author,Huu‐Nha Nguyen
A5052468815,Author,Huy A. Nguyen
A5101705942,Author,Huy Bui
A5070416393,Author,Huy Cong Nguyen
A5021000959,Author,Huy Duc Van
A5135198317,Author,Huy Gia Huynh
A5114212779,Author,Huy Gia Luong
A5109579113,Author,Huy Gia Ngo
A5009209108,Author,Huy Hung Tran
A5136550729,Author,Huy Le Pham
A5035122431,Author,Huy Minh Le
A5090868432,Author,Huy N. Q. Phan
A5020729122,Author,Huy Nghia Quang Hoang
A5036617503,Author,Huy Nguyen
A5001785029,Author,Huy Nguyen
A5117613150,Author,Huy Nguyen-Ho-Nhat
LOCAL_A000104,Author,Huy Nguyen-Quoc
A5017639225,Author,Huy Q. Tran
A5139175222,Author,Huy Quoc Tran
A5101772613,Author,Huy T. Nguyen
A5076030417,Author,Huy Thai Tran
A5124890289,Author,Huy Thanh Phung
A5113021945,Author,Huy Thảo Nguyễn
A5101900159,Author,Huy Tien Nguyen
A5068124673,Author,Huy Truong Nguyen
LOCAL_A000382,Author,Huy Truong Nguyen
A5080477516,Author,Huy Truong Quang
LOCAL_A000535,Author,Huy Tuan Nguyen
A5137731172,Author,Huy Tuan Nguyen
A5104119779,Author,Huy Van
A5047470642,Author,Huy Viet
LOCAL_A000595,Author,Huy Xuan Chu
A5054853879,Author,Huy Xuan Phan
A5135080598,Author,Huy-Khoa Tran
LOCAL_A000379,Author,Huy-Thao Nguyen
A5009247971,Author,Huy-Thien Phan
A5014549353,Author,Huyen Bach Thi
A5111144535,Author,Huyen Dinh
A5103955201,Author,Huyen Nguye
A5061739783,Author,Huyen Nguyen Thi Thuong
A5112652952,Author,Huyen Thi Bich Vu
A5031764988,Author,Huyen Thi Thanh Tran
A5021847930,Author,Huyen Thi Thu
LOCAL_A000612,Author,Huyen Trinh Nguyen
A5063243962,Author,Huyen Uyen Nhi Nguyen
A5108116590,Author,Huyen-Tran Thi Nguyen
A5059009171,Author,Huynh Anh Huy
A5062039544,Author,Huynh Chi Nhan
A5087460269,Author,Huynh Gia Huy
A5007561046,Author,Huynh Hai Nghi Dang
A5091244134,Author,Huynh Hoang Khanh Thu
A5020164540,Author,Huynh K. Huong
A5037211367,Author,Huynh Long Le
A5070941732,Author,Huynh Mai Tu Dinh
A5083899294,Author,Huynh Nguyen
A5043085038,Author,Huynh Nhat Duy
A5117938566,Author,Huynh Phuong Thao
A5055220887,Author,Huynh Quoc An Thinh
A5116337066,Author,Huynh T. T. Linh
A5077799265,Author,Huynh Tam Hai
A5094236769,Author,Huynh Tan Loi
A5010667167,Author,Huynh Thai Hoc
A5111072575,Author,Huynh Thanh Tam
A5026815034,Author,Huynh Thanh Tien
A5104296153,Author,Huynh Thi Khanh
A5007252074,Author,Huynh Thi Phuong Loan
A5007637679,Author,Huynh Thi Phuong Thuy
A5124201354,Author,Huynh Thi Tram Minh
A5104723824,Author,Huynh Thi Yen Nhi
A5059661400,Author,Huynh V. Phuc
A5129926033,Author,Huynh V. Phuc
A5136527356,Author,Huynh V. Phuc
A5122339110,Author,Huynh V. Phuc
A5038835298,Author,Huynh Van Hoa
A5045277826,Author,Huynh Van Long Luu
A5111021016,Author,Huynh Van Long Luu
A5060923710,Author,Huyuan Zhang
LOCAL_A000440,Author,Huỳnh Dũng Thiêm
A5010384305,Author,Huỳnh Hoàng Khánh Thư
A5028244068,Author,Huỳnh Minh Tuấn
A5088952493,Author,Huỳnh Vủ Thanh Lương
A5036306881,Author,Hyeok-Ju Lee
A5084838089,Author,Hyeryon Lee
A5101114148,Author,Hyoju Kim
A5084325237,Author,Hyonhui Choe
A5077232345,Author,Hyoyoung Lee
A5136180805,Author,Hyun S. Ahn
A5038600660,Author,Hyung-Suk Han
A5054933494,Author,Hyunseung Choo
A5111265074,Author,Hà Minh Anh Ngô
A5088730223,Author,Hà Mạnh Tuấn
A5022117269,Author,Hà Pham-Ngoc
A5049804329,Author,Hà Thanh Tùng
A5050904768,Author,Héctor Manuel Camué Ciria
A5015134079,Author,Héctor Sala
A5128809922,Author,Hòa Anh Vũ Điều
A5040768487,Author,Hùng Anh Lý
A5108865394,Author,Hùng Chí Võ
A5119371024,Author,Hùng Trương Quang
A5085504353,Author,Hùng Trường Triệu
A5044387881,Author,Hüseyin Barış Tecimen
A5114545008,Author,Hüseyin Barış Teciment
A5057289601,Author,Hưng Trần Văn
A5060887728,Author,Hương Phạm Thị
A5091799409,Author,Hương Thị Lan Nguyễn
A5059989774,Author,Hải Phan Thanh
A5056153037,Author,Hồ Nguyễn
A5090696769,Author,Hồ Quốc Dũng
A5072705588,Author,Hồ Thị Thanh Hiền
A5125499069,Author,Hồng Nhung Nguyễn
A5089584186,Author,Hồng Quân Nguyễn
A5016152230,Author,Hồng Trường Lưu
A5119042679,Author,Hữu Phúc Nguyễn
A5024009181,Author,H’Linh Hmŏk
LOCAL_A000194,Author,I Ali
LOCAL_A000345,Author,I Nonaka
LOCAL_A000118,Author,I Oliver
A5071582722,Author,I-Hsien Lee
A5132988298,Author,I-Hung Chen
LOCAL_A000014,Author,I-Jeng Yeh
A5000585437,Author,I-Yen Lu
A5062250884,Author,I. Buckland
A5136947962,Author,I. H. Park
A5090060709,Author,I. Kharuk
A5129934117,Author,I. Komae
A5136940267,Author,I. T. Cruz
A5024153751,Author,Ian D. Gates
A5021323660,Author,Ian Maconochie
A5037542179,Author,Ian R. Drennan
A5017621747,Author,Ian Ramsey
A5082881241,Author,Ibrahim Alhamrouni
A5024927907,Author,Ibrahim Rasool Hani
A5022563807,Author,Ikenna Odiakosa
A5075515533,Author,Ilona Radkowska
A5068736163,Author,Ilwoong Hwang
A5021149547,Author,Imogen Schofield
A5101545411,Author,In Park
A5110947774,Author,In-chief Editor
A5024051545,Author,Indira Karuppasamy
A5052525223,Author,Indra Mulyawan
A5003674306,Author,Indra Noviandri
A5015294864,Author,Ingo Müller
A5015915107,Author,Iqra Rabani
A5049516895,Author,Irteza Qayoom
A5060670572,Author,Isaiah Oboh
A5087016803,Author,Ishak Ahmad
LOCAL_A000509,Author,"Ishuga, Esther"
A5055046244,Author,Iskandar Muda
A5063042707,Author,Ismail Elkhrachy
A5069114387,Author,Isyaku Hassan
A5135121032,Author,Ivan T. Cruz
A5058104633,Author,Ivan Toucedo Cruz
A5090445830,Author,Ivan Zelinka
A5041576959,Author,Ivar Eide
A5026219446,Author,Iván Schmidt
A5057048916,Author,I‐Jeng Yeh
LOCAL_A000334,Author,J Abbott
LOCAL_A000307,Author,J Alm
LOCAL_A000225,Author,J Andreoni
LOCAL_A000179,Author,J Arfaoui
LOCAL_A000237,Author,J Burger
LOCAL_A000258,Author,J Conway
LOCAL_A000684,Author,J Cross
LOCAL_A000370,Author,J George
LOCAL_A000168,Author,J Guo
LOCAL_A000120,Author,J Holland
LOCAL_A000273,Author,J Mccroskey
A5109344144,Author,J Michael Kilgore
LOCAL_A000176,Author,J Pierezan
A5021824756,Author,J Remington
LOCAL_A000367,Author,J Vancouver
LOCAL_A000706,Author,J Yi-Jiun
A5113668081,Author,J Z Miller
LOCAL_A000369,Author,J Zhou
A5129740652,Author,J. A. Matthews
A5113595096,Author,J. C. Christian
A5079289303,Author,J. C. Wells
A5069753167,Author,J. Chandra Priya
A5009738758,Author,J. Fedotova
A5113137129,Author,J. Firth
A5062476242,Author,J. Fuentes
A5012079766,Author,J. Guerrero Sanchez
A5011173370,Author,J. Guerrero-Sánchez
A5078556006,Author,J. M. Siqueiros
A5079183565,Author,J. Matthäus Speck
A5136963529,Author,J. N. Matthews
A5107318322,Author,J. P. Lundquist
A5110180724,Author,J. Portelles
A5025542439,Author,J. R. Fernández-Gamboa
A5021265784,Author,J. Stephen McDougal
A5107052422,Author,J. W. Belz
A5086914152,Author,J. Whang-Peng
A5083743252,Author,J. Y. Moon
A5058809619,Author,J. Zamora
LOCAL_A000342,Author,J.-M Kang
LOCAL_A000341,Author,J.-O Kwon
A5094041631,Author,J.F. Rebellon Watsona
A5051935392,Author,J.F. Rivas‐Silva
LOCAL_A000401,Author,J.M. Siqueiros Beltrones
A5103046309,Author,JI Yu-bin
A5079440745,Author,Jack GAJ van der Vorst
A5113060363,Author,Jack van der Vorst
A5073979930,Author,Jacob Gefen
A5078106534,Author,Jacqueline Bloemhof Ruwaard
A5061865174,Author,Jacqueline M. Bloemhof‐Ruwaard
A5126032981,Author,Jacqueline Whang-Peng
A5050575155,Author,Jacquelyn B. Palmer
A5101480212,Author,Jae-Min Kim
A5100705624,Author,Jaehong Lee
A5064913428,Author,Jae‐Suk Lee
A5038180308,Author,Jae‐Young Chung
A5088916464,Author,Jafar Jafari‐Asl
A5093091534,Author,Jakpong Moonkawin
A5057664957,Author,Jakub Hývl
A5120691164,Author,Jakub Stefansky
A5044546353,Author,Jalal Sadeghian
A5120984488,Author,James Cho
A5136040019,Author,James G. Kahn
A5013073221,Author,James Langan
A5066273011,Author,Jan Breckwoldt
A5084021444,Author,Jan D. Carline
A5112430168,Author,Jan L. Jensen
A5053204545,Author,Jan Maybe C. Mainit
A5047516371,Author,Jan Nedoma
A5116503919,Author,Janchai Wongkaew
A5079259587,Author,Jane A. McElroy
A5028419807,Author,Janet Bray
A5111911511,Author,Janet M. McNicholl
A5068613629,Author,Janet Prvu Bettger
A5011391692,Author,Janice A. Tijssen
A5058820007,Author,Jar Ullah
A5033756063,Author,Jaroslav Zdrálek
A5124033776,Author,Jasana Maharjan
A5012780158,Author,Jasem A. Albanai
A5107928007,Author,Jasgurpreet Singh Chohan
A5025095503,Author,Jasmeet Soar
A5077256081,Author,Jasmine Jacobs-Wingo
A5024725268,Author,Jason Bendall
A5004611183,Author,Jason C. Canoy
A5087155298,Author,Jason E. Buick
A5032430599,Author,Jason E. Lang
A5025759682,Author,Jason M. Hanson
A5023890153,Author,Javad Robatjazi
A5073592697,Author,Javed Masood Khan
A5036640407,Author,Jawad Ali
A5025451580,Author,Jaymit Surve
A5078135589,Author,Jayshri Kulkarni
A5025577220,Author,Jazmine N. Titular
A5030177637,Author,Jean Marcel de Almeida Espinoza
A5014044862,Author,Jean-Pierre Denis
A5043430500,Author,Jeanette N. McClintick
A5088459735,Author,Jean‐Marc Moncalvo
A5007880310,Author,Jeehun Park
A5066772680,Author,Jeewantha Rathnayake
A5095860330,Author,Jeff Hubartt
A5055699158,Author,Jeffrey L. Pellegrino
A5028391766,Author,Jeffrey M. Perlman
A5036815509,Author,Jefry Wahyudi Safril
A5055365606,Author,Jenho Peter Ou
A5004988236,Author,Jennifer A. Dawson
A5090514977,Author,Jennifer Baylon Verances
A5015030111,Author,Jennifer Baylon Verrances
A5061856949,Author,Jeongyong Kim
A5086950255,Author,Jerry P. Nolan
A5046582092,Author,Jerzy Kowalski
A5052092290,Author,Jessica Bomyea
A5075293805,Author,Jessika Bohlmann
A5037329176,Author,Jestin N. Carlson
LOCAL_A000517,Author,"Jeuland, Marc"
A5063894861,Author,Jewon Lee
A5046539676,Author,Jeyon Chung
A5007283022,Author,Ji De Lang
A5101716076,Author,Jiale Lin
A5100905868,Author,Jian Zheng
A5062653189,Author,Jianbei Qiu
A5101487006,Author,Jianbin Chen
A5073077276,Author,Jiang Hong
A5102884219,Author,Jiang Ming
A5083387016,Author,Jiang Si-sheng
A5051884219,Author,Jiang Tianyu
A5088805063,Author,Jiang Xue
A5072771340,Author,Jianguo Wang
A5101455057,Author,Jianhua Ye
A5100374993,Author,Jianjun Liu
A5004952365,Author,Jian‐Ying Chuang
A5075570047,Author,Jiao Qiao
A5102621665,Author,Jiazhen Jiang
A5101356478,Author,Jie Chai
A5101846708,Author,Jie Cui
A5100338420,Author,Jihyun Park
A5129476969,Author,Jim Shiau
A5004341522,Author,Jim Shiau
A5112107553,Author,Jin Ho Chun
A5026736557,Author,Jin Liu
A5125543565,Author,Jin Ming Wang
A5016336795,Author,Jin Seog Gwag
A5101489171,Author,Jin Woo Choi
A5016443118,Author,Jin Yan-juan
A5100366805,Author,Jin-Ho Kim
A5101416013,Author,Jing Kong
A5100336793,Author,Jing Li
A5014308617,Author,Jing Meng
A5108152504,Author,Jing-Shan Lin
A5069951259,Author,Jingyang Zhao
A5069165069,Author,Jinping Liu
A5100390259,Author,Jinsoo Kim
A5104652264,Author,Jinsun Lee
A5074528425,Author,Jirapast Sichaem
A5111567379,Author,Jitesh Parmar
A5100328627,Author,Ji‐Hee Kim
LOCAL_A000666,Author,Joanne C. Langan
A5026652025,Author,Joanne C. Langan
A5006316327,Author,Joanne Iennaco
A5098699139,Author,Joe Eu Heng
A5071281982,Author,Joecyn N. Archival
A5111685187,Author,Joel A. Goebel
A5075075490,Author,Joel Antúnez-García
A5013777042,Author,Joel Chan Cheng Hoong
A5055712772,Author,Joemer Adorna
A5071278301,Author,Johann Greil
A5029852484,Author,John A. Burt
A5001549960,Author,John Baker
A5135570915,Author,John Bolten
A5052869556,Author,John D. Carroll
A5022723002,Author,John E. Billi
A5099225713,Author,John Eylander
A5109419815,Author,John Kirkwood
A5053655626,Author,John Leys
A5007239425,Author,John M. Kirkwood
A5070482335,Author,John Parnell
A5073007383,Author,Johnson Toyin Fasinmirin
A5021544196,Author,Jonathan G. Seidman
A5112753382,Author,Jonathan L. Epstein
A5003722648,Author,Jonathan P. Duff
A5110608596,Author,Jonathan Sánchez Guerrero
A5022508032,Author,Jonathan Witt
A5060189092,Author,Jonathan Wyllie
A5004667230,Author,Jonathon Hutchinson
A5018334271,Author,Jong-Mo Seo
A5033959758,Author,Joo Hwan No
A5041708086,Author,Joost CL van Buuren
A5005385235,Author,Jordan Capnerhurst
A5109542308,Author,Jorge Del‐Pozo
A5082881656,Author,Jorge F. Montenegro
A5107190682,Author,Jorge del Pozo
A5082218840,Author,Jose Maria E. Ferrer
A5120882202,Author,Jose R Fernandez-Gamboa
A5101028042,Author,Joseph Ho
A5015396426,Author,Joseph L. Unthank
A5028396638,Author,Joseph Loscalzo
A5052436567,Author,Joshua C. Reynolds
A5091530626,Author,Joshua D. Hutcheson
A5010808044,Author,Joshua T. Mattila
A5000972753,Author,José A.F.O. Correia
A5079443977,Author,José Claudio O. Silva
A5065506534,Author,José Cláudio Oliveira Silva
A5006282791,Author,José Luis García Bello
A5106234466,Author,José Potting
A5135206950,Author,João Carlos M. Alves
A5055042504,Author,João Carlos Martins Alves
A5057515922,Author,Ju Jiang
A5117365838,Author,Juan Lorell Ngadio
LOCAL_A000035,Author,Juan Lorell Ngadio
A5085494628,Author,Juan Marchant González
A5073646553,Author,Judit Oláh
A5010409421,Author,Judith Finn
A5059660065,Author,Judith van Leeuwen
A5006188990,Author,Jui-Fang Chang
A5112653162,Author,Jui‐Chung Kao
A5115399158,Author,Julia Lieser
A5081626037,Author,Juliana Costi
A5033052795,Author,Julie Considine
A5080968099,Author,Julio Guerrero
A5055887373,Author,Julius L. Decano
A5102861347,Author,Jun Chen
A5042900753,Author,Jun Lu
A5100642380,Author,Jun Wang
A5121943369,Author,Junanda Waikhom
A5054540603,Author,Jung Sik Choi
A5042743185,Author,Jung-Mu Kim
A5110409610,Author,Junichi Toyoda
A5071115771,Author,Junko Akada
A5041027404,Author,Junsu Kim
A5024816582,Author,Juveriya Parmar
A5030044183,Author,Jyh Hoang Leu
A5023075536,Author,Jyotendra Kunwar
A5110748521,Author,Jyun‐Yi Yeh
A5006223967,Author,Jéssica Paola Palacios Garay
A5018665089,Author,Jörn Bankwitz
LOCAL_A000234,Author,K Baytemir
LOCAL_A000235,Author,K Bollen
LOCAL_A000247,Author,K Doorley
LOCAL_A000173,Author,K Elsayed
LOCAL_A000196,Author,K Kasmarik
LOCAL_A000265,Author,K Kim
LOCAL_A000170,Author,K Mahamud
LOCAL_A000343,Author,K Na
A5056343785,Author,K Popović
A5124906951,Author,K R Jaganbharathi
A5101884633,Author,K. Abe
A5028627559,Author,K. Bhavana Raj
A5016854536,Author,K. Derrar
A5129736816,Author,K. Endo
A5133262214,Author,K. F. Kalmykova
A5110833308,Author,K. Fujisue
A5134549678,Author,K. Fujita
A5045339304,Author,K. H. Lee
A5132017636,Author,K. Hibino
A5014247682,Author,K. I. Hahn
A5043204255,Author,K. Kadota
A5082263749,Author,K. Kasahara
A5132079624,Author,K. Kawata
A5136905975,Author,K. Komatsu
A5129737777,Author,K. Komori
A5104753098,Author,K. Kwak
A5077856417,Author,K. Le‐Cao
A5130041802,Author,K. M. Anis-Ul-Haque
A5077549606,Author,K. M. Anis‐Ul‐Haque
A5009283189,Author,K. M. Borow
A5102744968,Author,K. N. Vishnudath
A5136898255,Author,K. Nakazawa
A5006699792,Author,K. Pflug-Rolfes
A5108143130,Author,K. T. V. Oanh
A5012042206,Author,K. Y. Chae
A5000572041,Author,K.-Y. Park
A5005475639,Author,K.H. Lee
A5047032205,Author,K.R. Jaya Sheeba
LOCAL_A000100,Author,KHOA DANG NGUYEN
A5129840241,Author,KS Nguyễn Hoàng Huy
A5130001086,Author,KS Nguyễn Đức Tiến
A5041023060,Author,Ka Yin Chau
A5102559764,Author,Kabita Chaudhary
A5132980108,Author,Kai-Fu Chang
A5129823529,Author,Kai-Fu Chang
LOCAL_A000029,Author,Kai-Fu Chang
A5121929092,Author,Kai-Fu Chang
A5125908715,Author,Kai-Fu Chang
A5130396600,Author,Kai-Fu Chang
A5135098546,Author,Kai-Fu Chang
A5000758877,Author,Kai‐Fu Chang
A5083147348,Author,Kamel Mouloudj
LOCAL_A000501,Author,"Kammwamba, Alice"
A5041470006,Author,Kamrul Hasan
A5026429087,Author,Karam Alsafadi
A5115399160,Author,Karen Brenner
A5064602782,Author,Karen Kent
A5088433291,Author,Karthikeyan Elangovan
A5029517462,Author,Karthikrajan Senthilnathan
A5085026472,Author,Kartika Afrida Fauzia
A5022972729,Author,Katalin Kinga Horváth
A5023990485,Author,Katarzyna Kujawa-Roeleveld
A5108726909,Author,Katarzyna Kujawa-Roeleveld
A5009356185,Author,Katherine M. Berg
A5013302470,Author,Katherine McCleary
A5056762239,Author,Kathy Haley
A5047250540,Author,Katie N. Dainty
A5051054748,Author,Katsutsugu Matsuyama
A5035120699,Author,Kazem Godini
A5090037972,Author,Kazem Mahmoud
A5004627844,Author,Keaton Tremble
LOCAL_A000003,Author,Kee-Chong Ng
A5113885004,Author,Kee-Chong Ng
A5052072118,Author,Keely Cheslack‐Postava
A5082595015,Author,Kefa G. Mkongwa
A5010398085,Author,Keith Couper
A5068776863,Author,Kelly A. Wolgast
A5136294812,Author,Kelly Thorp
A5058673187,Author,Kenji Kawai
A5021979532,Author,Kenji Kinashi
A5025049120,Author,Kenneth M. Borow
A5068287338,Author,Kenneth M. Langa
A5065893608,Author,Kenny Bolo
A5002407497,Author,Kent Francis R. Lumantao
A5072079980,Author,Kenzie B. Friesen
LOCAL_A000506,Author,Keophousone Phonhalath
A5044269266,Author,Keophousone Phonhalath
A5025022818,Author,Kerstin Stähr
A5088757599,Author,Kevin C.‐W. Wu
A5108812264,Author,Kevin Nation
A5032092538,Author,Kevin Nguyen
A5004189991,Author,Khac Manh Nguyen
A5025713091,Author,Khac-Cuong Nguyen
A5072982996,Author,Khac-Phuc Le
A5085301677,Author,Khai Cong Dinh
A5136188560,Author,Khai H. Do
A5048027237,Author,Khai Nguyen Hoang
A5000774558,Author,Khai Tran Dinh
A5001144676,Author,Khaled Edbey
A5073170321,Author,Khaled Mohamed Khedher
A5052253557,Author,Khalia Monk
A5063136501,Author,Khalid Aziz
A5120616452,Author,Khang Chi Duong
A5013842891,Author,Khang D. Pham
A5112982600,Author,Khang Diep Nhat Nguyen
A5039060442,Author,Khang H. Lu
LOCAL_A000732,Author,Khang H. Pham
A5137142487,Author,Khang Pham
A5101278247,Author,Khang Pham
A5018614044,Author,Khang Sinh Nguyen
A5123199436,Author,Khanh An Thi Doan
A5066185060,Author,Khanh Bui
A5101907055,Author,Khanh Duy Nguyen
A5136933084,Author,Khanh Duy Pham
A5126290397,Author,Khanh Le-Minh
A5109595474,Author,Khanh Linh Vu
A5120924308,Author,Khanh Nguyen
A5088454026,Author,Khanh Nguyen Hung
LOCAL_A000597,Author,Khanh Thien Tran
A5061376260,Author,Khanh V. Doan
A5113227108,Author,Khanh V. Hoang
A5050247722,Author,Khanh Van Le Thanh
A5113037102,Author,Khanh-Bang Nguyen Ha
A5045509692,Author,Khanh-Linh Nguyen
LOCAL_A000439,Author,Khanh-Ngan Nguyen
A5093920008,Author,Khanh-Ngoc Vy
A5104136263,Author,Khiem Hong Phan
A5110937181,Author,Khiem Mai Van
A5121793322,Author,Khiem Nguyen
A5123188130,Author,Khiet An Vuong
A5020643866,Author,Khoa D. Nguyen
A5122678371,Author,Khoa D. Nguyen
A5060086486,Author,Khoa D. Nguyen
A5049698133,Author,Khoa Dang Duong
A5101594165,Author,Khoa Dang Nguyen
A5135672485,Author,Khoa Dang Nguyen
A5046981823,Author,Khoa Dang Nguyen
A5136546160,Author,Khoa Ha Anh
A5045302320,Author,Khoa Le
A5121658844,Author,Khoa M. Tran
A5072370418,Author,Khoa Manh Dinh
A5047541214,Author,Khoa T. Phan
LOCAL_A000078,Author,Khoa T. Phan
A5112402325,Author,Khoa Tran
A5031178621,Author,Khoa Tran
A5092794894,Author,Khoa Truong Minh
A5112992444,Author,Khoa V. Vu
A5087428803,Author,Khoa Van Pham
A5120194609,Author,Khoi Ngoc Minh Pham
A5037126039,Author,Khoiriya Latifah
A5107198922,Author,Khue Dinh Pham
A5131269179,Author,Khuong-Duy Ly
A5005108080,Author,Khurshid Khudoykulov
A5068152663,Author,Khương Quoc Võ
A5068838532,Author,Khởi Nghĩa Nguyễn
A5035968290,Author,Ki Woo Kim
A5017438640,Author,Kiara N. Broudy
A5040640883,Author,Kien Hoang Pham
A5080590087,Author,Kien Pham Van
A5086880424,Author,Kien Pham Van
A5036760861,Author,Kien Quan Tran
A5021261421,Author,Kien T. Nguyen
A5081592766,Author,Kien Trung Nguyen
A5101725627,Author,Kien Trung Pham
LOCAL_A000654,Author,Kien Van Pham
A5092949062,Author,Kien Vu Duy
A5014860684,Author,Kiet Ho
A5056839415,Author,Kiet T. Nguyen
A5120715242,Author,Kiet Vo Thanh
A5090824386,Author,Kiettipum Phontree
A5085044386,Author,Kieu Huu Dung
LOCAL_A000423,Author,Kieu Kim Thanh Nguyen
A5029794080,Author,Kieu My Bui
A5001802727,Author,Kieu Thanh Binh
A5123569809,Author,Kieu Tran Thi Thuy
A5114995951,Author,Kieu Trinh Ngo
A5135603184,Author,Kieu Van Tu
LOCAL_A000617,Author,Kieu-My Bui
LOCAL_A000321,Author,Kim
A5040535770,Author,Kim Dan Ho
A5102642642,Author,Kim Hoang
A5016282504,Author,Kim Hoang
A5109035078,Author,Kim L. Nguyen
A5070636138,Author,Kim Lien Nguyen Thi
A5106161395,Author,Kim Loan Bui Thi
A5042837158,Author,Kim Q. Tran
A5114168431,Author,Kim-Khang Huynh
A5117346098,Author,Kim-Ngan Nguyen Thi
A5110573321,Author,Kim-Phi-Phung Nguyen
A5104142688,Author,Kim-Phuong T. Dang
A5045975445,Author,KimHoang Do
A5112070802,Author,Kimberly R. Harrison
A5012087265,Author,Kioumars Taheri
A5024457808,Author,Kirby Jasper Remo
A5019703024,Author,Kirsty Roe
A5046255585,Author,Kittisak Jermsittiparsert
LOCAL_A000542,Author,Kiến Thành Lâm
A5041861160,Author,Kiều Văn Tu
A5081347313,Author,Koen Wetser
A5088508486,Author,Koenraad G. Monsieurs
A5031337674,Author,Koichi Funakubo
A5005289149,Author,Koppaka Ganesh Sai Apuroop
A5059732519,Author,Kothai Ramalingam
A5101975004,Author,Kouichi Konno
A5047790977,Author,Kouros Nekoufar
A5102754824,Author,Krishna Prakash Arunachalam
A5039896793,Author,Krishna R. Salin
A5010221839,Author,Kristine M Schmit
A5055337948,Author,Kristine Yaffe
A5023052681,Author,Kristor Leong
A5074200091,Author,Kuan Shiong Khoo
A5126824066,Author,Kuan Wang
A5126021229,Author,Kuan Wang
A5000259040,Author,Kuan-Ting Wang
A5119281887,Author,Kuang Wu
A5077520883,Author,Kumala Mahda H
A5023847482,Author,Kuniaki Uehara
A5083124889,Author,Kun‐Yi Andrew Lin
A5031315212,Author,Kuo-Cheng Kuo
A5082418119,Author,Kurochka Pavel
A5057274224,Author,Ku‐Fan Chen
A5045478080,Author,Kwanghee Lee
A5100443627,Author,Kwangsoo Kim
A5092372479,Author,Ky Nguyen Tran
A5032288969,Author,Ky Son Hoang
A5082336411,Author,Ky Trung Nguyen
A5111361533,Author,Ky-Nhu Ly
A5049138961,Author,Kyo-in Koo
A5129434995,Author,Kyungchun Lee
A5063848301,Author,Kyungchun Lee
A5003130042,Author,Kyunghwa Baek
A5075420892,Author,Kyuro Sasaki
A5061007639,Author,Kyu‐Ho Park
LOCAL_A000177,Author,L Coelho
LOCAL_A000137,Author,L Liao
LOCAL_A000272,Author,L Mccroskey
A5087870646,Author,L Phelan
LOCAL_A000155,Author,L Strak
LOCAL_A000095,Author,L T Hue
LOCAL_A000704,Author,L Vandergrift
LOCAL_A000125,Author,L Xu
LOCAL_A000135,Author,L Yang
LOCAL_A000167,Author,L Yin
LOCAL_A000351,Author,L Yuan
A5050692751,Author,L. Ait-Gougam
A5103150367,Author,L. Brown
A5051704996,Author,L. H. Khiem
A5024558444,Author,L. Haydon
A5113811229,Author,L. Hung
A5109469192,Author,L. L. D. Thi
A5075983792,Author,L. Minh Dang
A5052168970,Author,L. T. H. Phong
LOCAL_A000067,Author,L. T. Hue
A5064437476,Author,L. T. K. Ngoc
A5111250556,Author,L. T. T. Phuong
A5108681897,Author,L. Truong
A5033393657,Author,L. Xayavong
A5000164844,Author,L. Yang
A5022579647,Author,L. Zazzeron
A5019688833,Author,L.N.Q. Thinh
LOCAL_A000665,Author,L.T. Hue
A5066830587,Author,L.T.T. Ngan
A5006955283,Author,L.V. Bau
A5054917454,Author,LI Shu-yan
A5062050270,Author,LI Xiao-x
A5074982789,Author,LI Xing-mi
A5117078370,Author,Lac Van Vo
A5082843977,Author,Lahouari Benabou
A5084044708,Author,Lai P. Son
A5047030006,Author,Lai Van Phut
A5069928094,Author,Laihyuk Park
A5085860696,Author,Laike Yang
A5043643766,Author,Laine Thomas
A5023403556,Author,Laith Abualigah
A5019391401,Author,Lam Dai Phong
A5087580314,Author,Lam Hoang Phuc
A5056522373,Author,Lam K. Huynh
A5118694700,Author,Lam Kien Thanh
A5084208478,Author,Lam Kieu Van
A5005919150,Author,Lam Le
A5045258763,Author,Lam Minh Trung
A5069853519,Author,Lam Nguyen Dinh
A5112961804,Author,Lam Nguyen Hong Anh
A5062358076,Author,Lam Nguyen‐Dinh
A5075250567,Author,Lam Pham
A5080048400,Author,Lam Van Tan
A5110577305,Author,Lam-Tam-Nhu Nguyen
A5071493756,Author,Lam‐Thanh Tu
A5058586048,Author,Lan Anh Thuy Nguyen
A5091850427,Author,Lan Chi Nguyen
A5102004284,Author,Lan Chi Thuy Nguyen
A5137576630,Author,Lan Huong Nguyen
A5101994945,Author,Lan Huong Nguyen
LOCAL_A000565,Author,Lan Huong Nguyen
A5109658764,Author,Lan Hương Đào
A5005897892,Author,Lan Mai Tran
A5054984885,Author,Lan N. Pham
A5101775830,Author,Lan Ngoc-Nguyen
A5006965773,Author,Lan Nguyen
A5016269396,Author,Lan Thi Mai Nguyen
A5051802781,Author,Lan Thi Nguyen
A5103520002,Author,Lan Tran
A5134759489,Author,Lan Đào
A5055240207,Author,Lan-Anh Thi Nguyen
A5052254001,Author,Lan-Huong Nguyen
A5076720627,Author,Lan-Huong Thi Pham
A5042452558,Author,Lana M. Gent
A5093981255,Author,Landon Balkwill
LOCAL_A000306,Author,Lang
A5053135691,Author,Lang Ho Lee
A5089709445,Author,Lang Lee
A5100383607,Author,Lang Li
A5100383604,Author,Lang Li
A5124887268,Author,Lang Nhat Tan
A5133822558,Author,Lang Song Vu
A5100689692,Author,Lang Wang
A5101781623,Author,Lang Yan
A5009432444,Author,Lang Zhong-wu
A5030536732,Author,Lang Zhou
A5021059255,Author,Langgeng Agung Waskito
A5100546631,Author,Langlai Xu
A5098695042,Author,Lara G. Moussa
A5024332433,Author,Lara Sujud
A5074537027,Author,Lars W. Andersen
A5012062329,Author,Laurent Bruckmann
A5077878204,Author,Laurie J. Morrison
A5085208410,Author,Laurn Langhofer
A5073614585,Author,Lawrence Amsel
A5012575818,Author,Le Anh Duc
A5080190481,Author,Le Anh Duc
A5012612250,Author,Le Anh Luyen
LOCAL_A000062,Author,Le Anh Luyen
A5093464640,Author,Le Anh Thu Doan
A5117599545,Author,Le Ba Nhat Minh
A5063440476,Author,Le Buu Ky
A5056158177,Author,Le C. Nhan
A5056681282,Author,Le Chi Kien
A5011268524,Author,Le Chi Thanh
A5075078838,Author,Le Cong Hieu
A5088435831,Author,Le Dang Quynh Nhu
A5020362824,Author,Le Dinh Long
A5091398943,Author,Le Do Phuong An
A5059158135,Author,Le Doan Minh Duc
A5064354848,Author,Le Gia Trung
A5124301476,Author,Le Hanh Uyen
A5071928109,Author,Le Hieu Hoc
A5099116976,Author,Le Hoai
A5019098023,Author,Le Hoang Sinh
A5040689665,Author,Le Hong Dung
A5066381765,Author,Le Hong Hanh
A5117094630,Author,Le Hong Phu
A5071064677,Author,Le Hong Trang
A5083861519,Author,Le Hung Tien
A5076098136,Author,Le Hung Tien
A5052953385,Author,Le Huong Duong
A5009833099,Author,Le Huong Hoa
A5114060108,Author,Le Huu Minh Quan
A5124912806,Author,Le Huu Son Hai
A5123952632,Author,Le Kim Hoang Pham
A5009547395,Author,Le Minh Khang
A5042273592,Author,Le N. Tam
A5126087650,Author,Le Ngoc Thanh Ngan
A5065210241,Author,Le Ngoc Trinh Nguyen
A5070599449,Author,Le Ngoc Vien
A5071364715,Author,Le Nguyen Hoa Binh
A5129696686,Author,Le Nguyen Ngoc Anh
A5040850954,Author,Le Nguyen Thanh Nhan
A5117757286,Author,Le Nguyen Thi Diem
A5090662722,Author,Le Nhan Pham
A5075020324,Author,Le Nhat Thanh
A5006299836,Author,Le Phuc Chien
A5137605807,Author,Le Phuong Hoang
A5132746810,Author,Le Phuong Phuong Long
A5072476761,Author,Le Phuong Thanh Luu
A5138125595,Author,Le Phuong Truong
A5123185333,Author,Le Phuong Truong
A5063030612,Author,Le Phuong Truong
A5133483751,Author,Le Phuong Truong
A5010835990,Author,Le Quang Huy
A5108738049,Author,Le Quang My
A5116397599,Author,Le Quoc Huy
A5053992934,Author,Le Si Ngoc
A5132943204,Author,Le T. Hoa
A5093276916,Author,Le T. Hong Gam
A5101189684,Author,Le T.P.
A5123242141,Author,Le T.T. Phuong
A5071977845,Author,Le T.T. Phuong
A5083954845,Author,Le Thai Hung
A5059510291,Author,Le Thanh Dien
A5048509987,Author,Le Thanh Duy
A5079032924,Author,Le Thanh Nguyen Huynh
A5055876350,Author,Le The Dung
A5039113161,Author,Le The Dung
A5069810619,Author,Le Thi Bao Tran
A5117543447,Author,Le Thi Bich Phuong
A5124327425,Author,Le Thi Bich Thom
A5107919035,Author,Le Thi Cam Huong
A5107588231,Author,Le Thi Hau
A5092774130,Author,Le Thi Hoai Tram
A5016399927,Author,Le Thi Hong Diep
A5112701559,Author,Le Thi Hong Phong
A5123927654,Author,Le Thi Hong Thuy
A5046942020,Author,Le Thi Hong Thuy
A5122391746,Author,Le Thi Kim Oanh
A5002515116,Author,Le Thi Kim Oanh
A5066264424,Author,Le Thi My Duyen
A5058364233,Author,Le Thi Ngoc Diep
A5010890291,Author,Le Thi Ngoc Lan
A5112650189,Author,Le Thi Nguyen
A5057625755,Author,Le Thi Phuong Loan
A5086009373,Author,Le Thi Thanh Truc
A5067373966,Author,Le Thi Thao Nhi
A5067117391,Author,Le Thi Them
A5135981851,Author,Le Thi Thuy
A5005894205,Author,Le Thi Viet Nga
A5004230431,Author,Le ThiKimOanh
A5104293876,Author,Le Thien Quoc
A5078162843,Author,Le Tri Dat
A5103193588,Author,Le Tu
A5136992181,Author,Le Tu Linh Pham
LOCAL_A000460,Author,Le Tuan Anh
LOCAL_A000616,Author,Le V. Hung
A5123232411,Author,Le V. Hung
A5113047463,Author,Le Van
LOCAL_A000446,Author,Le Van Chuong
LOCAL_A000729,Author,Le Van Doai
A5010210073,Author,Le Van Giap
A5017280670,Author,Le Van Huong
A5073756344,Author,Le Van Linh
A5137920385,Author,Le Van Tan
A5036684171,Author,Le Van Tan
A5029071674,Author,Le Van Thanh Sơn
A5071477512,Author,Le Van Tho
A5006098346,Author,Le Van Vinh
A5097712967,Author,Le Vinh Dien
A5111951056,Author,Le Vu Anh
A5059821967,Author,Le Vu Huong Giang Le Vu Huong Giang
A5092892831,Author,Le Vu Lan Oanh
A5041489201,Author,Le Vu Linh Toan
A5035910808,Author,Le Võ Phương Thuận
LOCAL_A000315,Author,Le-Chi Bao
A5057317030,Author,Le-Thi Anh-Dao
A5000210296,Author,Le-Thuy-Thuy-Trang Hoang
A5061433920,Author,Leahlou E. Narvios
A5113357766,Author,Lean Hong Tan
A5000602333,Author,Lech Rowiński
LOCAL_A000322,Author,Lee
A5115601874,Author,Lei Guo
A5075223103,Author,Lei Shu-yu
A5082133635,Author,Lelia Green
A5110201827,Author,Leon I. Goldberg
A5088984994,Author,Leonid V. Averyanov
A5010077597,Author,Le–Kim–Thuy Nguyen
A5002509297,Author,Li D
A5108103361,Author,Li Hong
A5100361027,Author,Li Li
A5101870783,Author,Liang Feng
A5100425283,Author,Liang Zhang
A5103106651,Author,Liao Xiao-ling
A5053354763,Author,Libing Yang
A5050404183,Author,Lidya Kristiani
A5092090247,Author,Liem Dinh Tien
A5092295668,Author,Liem Huy
A5104115221,Author,Liem Pham
A5071122568,Author,Lien Le Phuong Nguyen
A5101677513,Author,Lien Nguyen
A5121474607,Author,Lien Nguyen Phuong
A5017509727,Author,Lien Nguyen-Phuong
A5076784188,Author,Lien Pham Hong Nguyen
LOCAL_A000646,Author,Lien Phuong NGUYEN
A5102530480,Author,Lien Thi Bich Bui
A5013750406,Author,Lien Thi Kim Nguyen
A5113864661,Author,Lien Thi Le
A5047214901,Author,Lien Thi Quynh Le
LOCAL_A000427,Author,Lien Thi Xuan Truong
A5044391214,Author,Liliana Tedjosaputro
A5023875296,Author,Lim Yi
A5101940487,Author,Lin Bai
A5000067885,Author,Lin Chun-xian
A5062581235,Author,Lin Qi
A5101440733,Author,Lin Qi
A5100970994,Author,Lin Zl
A5110361679,Author,Lina Dong
A5060576424,Author,Linda Abramovitz
A5090904750,Author,Linda Schnaubelt
A5112293344,Author,Lindsay Mildenhall
A5085306572,Author,Lindsey Rowley
A5101080410,Author,Ling Lyu
A5079163262,Author,Lingyan Jia
A5055424683,Author,Linh Anh Nguyen
A5069067099,Author,Linh Bui Thi Thuy
LOCAL_A000634,Author,Linh C. Phan
LOCAL_A000418,Author,Linh Cao
A5000022585,Author,Linh Dang
A5037307550,Author,Linh Duy Nguyen
LOCAL_A000292,Author,Linh Duy Nguyen
A5116777687,Author,Linh Ha Manh
A5131048753,Author,Linh Le Dieu PHAM
A5045269843,Author,Linh Nguyen
A5051920398,Author,Linh Nguyen
A5102013689,Author,Linh Nguyen Thi My
A5054511774,Author,Linh Nguyen Thi My
A5003874380,Author,Linh Nguyen Tran Cam
A5103840607,Author,Linh Nguyen Vu
A5137032582,Author,Linh Nguyễn Thị Nhã
A5019298056,Author,Linh Pham
LOCAL_A000442,Author,Linh Thi Hoai Tran
A5113092365,Author,Linh Thi Thuy Bui
A5112588341,Author,Linh Thuy Hoang
A5098911047,Author,Linh Tieu Loan Tieu
A5076315053,Author,Linh V. Nguyen
A5065973639,Author,Linh Van Hong Bui
A5112326314,Author,Linh Viet HOANG
A5028482510,Author,Linyi Huang
A5004839227,Author,Lisa Stammeleer
A5041603130,Author,Lisa Tzu-Chi Chang
A5135500547,Author,Lislee Valle
A5117610020,Author,Lislee Valle
A5039791776,Author,Lismadiana Lismadiana
A5059489963,Author,Listz Araújo
A5121012343,Author,Listz Simões Araújo
A5114377952,Author,Liu Fei
A5104280858,Author,Liu Yanan
A5016122031,Author,Liwei Hsu
A5100732442,Author,Lixiang Wang
A5100692135,Author,Liying Song
A5100698220,Author,Liyu Chen
A5056350822,Author,Lloyd W. Sumner
A5103184608,Author,Loan Dang
A5116441306,Author,Loan Hong Ngo
A5068991338,Author,Loan Luong
A5057330116,Author,Loan Nguyen
A5078708416,Author,Loan Phuong Thi Le
A5039042106,Author,Loan Thi Cam Bui
LOCAL_A000660,Author,Loan Vo Thi Kim
A5050803572,Author,Loc Huynh Ba
A5051565588,Author,Loc Le Quang
A5055078097,Author,Loc Nguyen
A5103195189,Author,Loc Tran
A5024408684,Author,Loi Huynh Tan
A5036649104,Author,Loi Nguyen Tan
A5137464092,Author,Loi T. Huynh
A5074751857,Author,Lois Wright Morton
A5043763268,Author,Long Binh Vong
A5055510228,Author,Long D. Nguyen
A5073182215,Author,Long Giang Bạch
A5086866654,Author,Long H. B. Nguyen
LOCAL_A000409,Author,Long Hoang Phan
A5103857970,Author,Long Huynh
A5068935522,Author,Long Le‐Hoai
A5062199270,Author,Long Nguyen Phan Bao
A5116777686,Author,Long Pham Van
A5019323166,Author,Long Tran Thanh
A5002827253,Author,Long Van Duong
A5081826415,Author,Lorenzo Compagnucci
A5078122387,Author,Lu Hoang Khang
A5091625480,Author,Lu Thi Tiep
A5036081937,Author,Luan Hong Pham
A5111016928,Author,Luan Huynh Nguyen
A5053429667,Author,Luan Nguyen-Huynh
A5058034466,Author,Luan Thanh
A5101199251,Author,Luan Thanh Nguyen
A5026143976,Author,Luc Phan Tan
LOCAL_A000625,Author,Luca Battaglia
A5090518122,Author,Luciano Gattinoni
A5044564966,Author,Ludmila A. Sundeeva
A5110369816,Author,Lui Wei
A5092349333,Author,Lukas Hlavaty
A5101945330,Author,Luo Hong
A5099127041,Author,Luong Do Huynh
A5074819339,Author,Luong Minh Lan
A5089526105,Author,Luong Thi Khai
LOCAL_A000730,Author,Luong Thi Yen Nga
A5087366501,Author,Luong Thị Quynh Nga
A5109383268,Author,Luong Van Hai
A5016461160,Author,Luong Vuong Nguyen
A5009526572,Author,Luu Chi Danh
A5016844947,Author,Luu Cuong Tran
A5014200305,Author,Luu Hong Minh
A5011862544,Author,Luu Phuc Thinh Tran
A5001139341,Author,Luu Thi Thanh
A5009326662,Author,Luu Thu Quang
A5136988705,Author,Luu Tran Thi Quynh
LOCAL_A000064,Author,Luu Truong Giang
A5080175796,Author,Luu Vu Cam Hoan
A5017294870,Author,Luyen Pham Dinh
A5118883091,Author,Lwin Mar Saing
LOCAL_A000670,Author,Ly Duc Minh
A5015976746,Author,Ly Hoang Diem
A5004005170,Author,Ly Huu Pham
A5108502319,Author,Ly Kieu Van
A5055726223,Author,Ly Ngoc Cang
A5023751804,Author,Ly Nhat Tam Duong
A5124964039,Author,Ly Thi Huyen Chau
A5092800839,Author,Ly Tran Ai Vy
A5112971315,Author,LÊ BÁ LONG
A5050043464,Author,László Baranyai
A5054482402,Author,Lê Anh Tuấn
A5118272989,Author,Lê Cong Yen
A5118143934,Author,Lê Hoàng Bảo Trần
A5091597013,Author,Lê Huỳnh Mỹ Vân
A5043243286,Author,Lê Hùng Vũ
A5051004413,Author,Lê Hồ Trung Hiếu
A5030334886,Author,Lê Hữu Bình
A5028563714,Author,Lê Lâm Sơn
A5118143933,Author,Lê Minh Nhật Nguyễn
A5087070774,Author,Lê Minh Đào
A5067640205,Author,Lê Quang Luân
A5102734020,Author,Lê Thanh Sơn
A5110569154,Author,Lê Thi Lien
A5020833933,Author,Lê Thành Long
A5024813208,Author,Lê Thị Hòa
A5128704412,Author,Lê Thị Kim Oanh
A5030511837,Author,Lê Thị Kim Ánh
A5112918103,Author,Lê Thị Lan Anh
A5053219066,Author,Lê Thị Ngọc Bảo
A5063678665,Author,Lê Thị Phương Loan
A5016501250,Author,Lê Thị Thanh Hải
A5049764226,Author,Lê Thị Thủy
A5132713198,Author,Lê Thị Trung Đính
A5117428844,Author,Lê Thị Tuyết
A5086812774,Author,Lê Tiến Hà
A5050425757,Author,Lê Trung Hiếu
A5078092289,Author,Lê Văn Hiếu
A5003502568,Author,Lê Văn Thọ
A5036824452,Author,Lê Văn Tân
A5087917590,Author,Lê Văn Vĩnh
A5080877722,Author,Lê Văn Đại
A5039312494,Author,Lê Vũ Trường Sơn
A5083079358,Author,Lê Xuân Thắm
A5040349893,Author,Lê Đức Giang
A5129617498,Author,Lê-Quyên Thi Pham
A5068914974,Author,Lívia Silva Araújo Passos
A5024924822,Author,Lý Hải Sơn
A5063801562,Author,Lưu Hữu Nguyên
A5104942827,Author,Lệ Khanh Lưu
A5100015837,Author,Lệ Khanh Lưu
A5134498492,Author,Lệ Khanh Lưu
LOCAL_A000183,Author,M Abdelkader
LOCAL_A000109,Author,M Aguayo
LOCAL_A000197,Author,M Akhand
LOCAL_A000319,Author,M Alenezi
A5101353051,Author,M Arifur Rahman
LOCAL_A000264,Author,M Barrick
LOCAL_A000154,Author,M Bui
LOCAL_A000181,Author,M Dhaifallah
LOCAL_A000687,Author,M Duong
LOCAL_A000254,Author,M French
LOCAL_A000143,Author,M Frncu
A5111497739,Author,M Ho
LOCAL_A000182,Author,M Ibrahim
LOCAL_A000152,Author,M Kiran
LOCAL_A000270,Author,M Martini
LOCAL_A000123,Author,M Ogier
LOCAL_A000328,Author,M Pinxten
LOCAL_A000651,Author,M Q Pham
LOCAL_A000184,Author,M Qais
LOCAL_A000352,Author,M Rademakers
LOCAL_A000701,Author,M Shahrokhi
LOCAL_A000350,Author,M Song
LOCAL_A000363,Author,"M Van, Ruiter"
A5061134783,Author,M. A. Stanley
A5063960876,Author,M. Abdel-Wahab
A5129646369,Author,M. Allen
A5109776893,Author,M. Batouche
A5030005142,Author,M. Catherine Aime
A5129722229,Author,M. Chanh Nguyen
A5036072460,Author,M. D. Lamawansa
A5033343758,Author,M. Djafri
LOCAL_A000643,Author,M. Donghua
A5033819945,Author,M. Fukushima
A5086419990,Author,M. J. Kim
A5129771426,Author,M. Kudenko
A5136945458,Author,M. Kuroiwa
A5136985834,Author,M. Kuznetsov
A5017672291,Author,M. M. Degtyarik
A5136962121,Author,M. M. F. Saba
A5107942006,Author,M. Mofijur
A5129723091,Author,M. Mori
A5113033300,Author,M. N. Phan
A5136936495,Author,M. Onishi
A5073331310,Author,M. Piasecki
A5136948813,Author,M. Potts
A5056388805,Author,M. Przybylak
A5035021719,Author,M. S. Kwag
A5136928618,Author,M. S. Pshirkov
A5110845742,Author,M. Syahputra
A5079813953,Author,M.A and Hoang Thi Hoa Chau Thanh Nha
A5077330100,Author,M.B. Bahari
A5084547760,Author,M.M. Marchioretto
A5054964486,Author,MAXIM S. NURALIEV
A5001562845,Author,MINH QUAN DANG
A5092809842,Author,Ma B. Nhu
A5057714841,Author,Ma Bich Tien
A5047015242,Author,Ma Deng
A5015097286,Author,Ma Xiao-Ping
A5025936190,Author,Maaret Castrén
A5038741719,Author,Mabkhoot Alsaiari
A5101739118,Author,Madhuparna Chakraborty
A5017992365,Author,Madina Guloba
A5043012596,Author,Mads Sloth Vinding
A5038668071,Author,Magd Abdel Wahab
A5008596384,Author,Mahasweta Nandi
A5102449057,Author,Mahbub Kabir
A5085674671,Author,Mahidzal Dahari
A5133317571,Author,Mahmood Sami Salah
A5090037543,Author,Mahmoud A.O. Dawood
A5097051672,Author,Mai
LOCAL_A000082,Author,Mai -Lan T. Nguyen
A5124364946,Author,Mai An Pham
A5135945475,Author,Mai Ba Khanh Trinh
A5106932605,Author,Mai Dang Thu Hien
A5058516893,Author,Mai Dinh Tri
LOCAL_A000381,Author,Mai Dinh Tri
A5053761995,Author,Mai Dong Tran
A5048385480,Author,Mai Hong Nguyen
A5061704682,Author,Mai Huynh Ngoc Phuong
A5113015228,Author,Mai Lê Ngọc Hà
A5050040097,Author,Mai Nguyen
LOCAL_A000399,Author,Mai Nguyen
A5061056422,Author,Mai Nguyen Lisovich
LOCAL_A000406,Author,Mai Nguyen-Hoang
A5090773160,Author,Mai Thai Son
LOCAL_A000411,Author,Mai Thanh Doan Nguyen
A5077930392,Author,Mai Thanh Loan
A5008510437,Author,Mai Thi Phuong Nguyen
A5086169122,Author,Mai Thi Thanh Tran
A5071521088,Author,Mai Thi Thu Trang
A5096680269,Author,Mai Thi Tuyet Vo
A5122635273,Author,Mai Tran
A5006458816,Author,Mai V. Hoang
A5098817519,Author,Mai Vinh
A5046047434,Author,Mai Xuan Nhat Chi Nguyen
A5130918484,Author,Mai Xuan Thi LE
A5006405976,Author,Mai-Anh Ho Pham
A5072396416,Author,Makatar Wae-hayee
A5041315606,Author,Makoto Orii
A5062032042,Author,Malik Abdul Rub
A5063478996,Author,Man Minh Doan
A5083435065,Author,Man Minh Tran
A5016811667,Author,Manab Chakravarty
A5022642033,Author,Manh Cuong Hoang
A5101726934,Author,Manh Hung Tran
A5004568971,Author,Manh Nguyen Van
A5001939335,Author,Manh Pham Hong
A5104179689,Author,Manh Quan Nguyen
A5026427058,Author,Manh Quang Vu
A5091576742,Author,Manh Tri Pham
A5033642366,Author,Manh Xuan Trinh
A5089967345,Author,Manh‐Huong Phan
A5077980145,Author,Manish Kumar Sah
A5021153739,Author,Manoj Singh Adhikari
A5034249017,Author,Mansour K. Gatasheh
A5065084903,Author,Manuel Carlos de Brito
LOCAL_A000539,Author,Maosheng Gao
A5101588922,Author,Marc Bui
A5047251015,Author,Marc Cretin
A5011083260,Author,Marc Jeuland
A5053686396,Author,Marcela Fang
A5113863931,Author,Marcelo F. DiCarli
A5121050176,Author,Marcelo M. F. Saba
A5120968951,Author,Marcelo Magalhães Fares Saba
A5066407131,Author,Marcia Caetano Langfeldt
A5088536141,Author,Marcus Korb
A5039969130,Author,Marek Dzida
A5089278605,Author,Maren Buschmeier
A5044856217,Author,Margaret A. Petty
A5004179658,Author,Margaret Banga
A5060302514,Author,Maria Alessandra Ragusa
A5037481542,Author,Maria Carmela Aprile
A5055505215,Author,Maria Carmo Pereira Nunes
A5081246759,Author,Maria Dalgaard Mikkelsen
A5071898408,Author,Maria Fernanda Branco de Almeida
A5048472994,Author,Maria Jade Catalan Opulencia
A5007693704,Author,Maria Sameiro Carvalho
A5064898960,Author,Maria Thomas
A5052527227,Author,Marian A. Evans
A5111200579,Author,Mariana Denysyuk
A5021698878,Author,Mariane Yvonne Schneider
A5137964415,Author,Maricar Osabel
A5034254599,Author,Mark C. Blaser
A5110345358,Author,Mark N. Lobato
A5051445017,Author,Martha Lucia Palacios Peñaranda
A5069022584,Author,Martin Drobek
A5099120825,Author,Martin Fajkus
A5000049016,Author,Martin Gevonden
A5005695272,Author,Martine van Zijll Langhout
LOCAL_A000526,Author,"Martinek, Radek"
A5040423202,Author,Mary Ann Peberdy
A5037640754,Author,Mary E. Mancini
A5109354723,Author,Mary Fran Hazinski
A5053823405,Author,Mary Shadrach Omofowa
A5103531940,Author,Mary V. Davis
A5059108095,Author,Marzieh Naem Hasani
A5083021064,Author,María Lozano Mantecón
A5078250747,Author,Masaaki Kawachi
A5069867157,Author,Masahiro Hori
A5079116380,Author,Masaki Kita
A5112177412,Author,Masaki Sasaki
A5064861833,Author,Masanori Aikawa
A5034073288,Author,Masatoshi Nomura
A5038772426,Author,Mashari
A5062199751,Author,Masoomeh Mirrashid
A5048556948,Author,Massimiliano Turchetto
A5072269422,Author,Massoud Moslehpour
A5120691163,Author,Matej Sindelar
A5017851662,Author,Mateusz Chwastyk
A5038719267,Author,Mathew J. Reeves
A5066757164,Author,Mathias J. Holmberg
A5089952804,Author,Mathiyazhagan Narayanan
A5014429224,Author,Matthew E. Meyer
A5021556130,Author,Matthew G. Cowan
A5081805441,Author,Matthew Huei‐Ming
A5022072785,Author,Matthew R. Distasi
A5065970712,Author,Matthew Riley
A5073839152,Author,Matthias Pfeiffer
A5057183308,Author,Matthias Schwab
A5028212671,Author,Mau-Tra Nguyen
A5015667422,Author,Maurice Cottier
A5081876084,Author,Maurizio Comoli
A5111317906,Author,Maurício Oliveira Righi da Silva
LOCAL_A000416,Author,Maurício Righi da Silva
A5091975690,Author,Maxim Bushinskij
A5069753355,Author,Maximillian A. Rogers
A5014407605,Author,Maynard P. Berbisada
A5007722052,Author,Mayuki Aibiki
A5032368950,Author,Mayuri Srivastava
A5102015735,Author,Mazhar Abbas
A5024748232,Author,Md Abdul Goni
A5130155980,Author,Md Abdul Goni
A5129852678,Author,Md Al Amin Hossain
A5126611252,Author,Md Sharif Hassan
A5048707344,Author,Md. Abdul Goni
A5012013451,Author,Md. Abdul Mottalib
A5129952168,Author,Md. Anamul Hoque
A5100623456,Author,Md. Anamul Hoque
A5072567250,Author,Md. Habibur Rahman
A5101974080,Author,Md. Maruf Hassan
A5011087520,Author,Md. Mohosin Ali
A5129896200,Author,Md. Nasir Uddin
A5101572022,Author,Md. Rafikul Islam
A5011324375,Author,Md. Sharif Hassan
A5085893079,Author,Md. Tuhinur R. Joy
A5091227553,Author,Megan Ryan
A5061370494,Author,Meghan O’Connell
A5018056862,Author,Mehdi Khoshbakht
A5019298120,Author,Mehdi Sepehri
A5008300007,Author,Mehrdad Arashpour
A5060527763,Author,Mehtab Singh
A5060339388,Author,Mei-Jung Wang
A5044033680,Author,Men Thi Hoang
A5045175158,Author,Meng Donghua
LOCAL_A000026,Author,Meng-Chi Yen
A5053533713,Author,Mengbo You
A5077289428,Author,Mengfang Liang
A5078382134,Author,Meng‐Chi Yen
A5028976017,Author,Meng–Chou Lee
A5067800126,Author,Merched Azzi
A5054960739,Author,Meshal M. Abdullah
A5019108633,Author,Mi Nguyen‐Tra Le
A5101359005,Author,Miao Luo
A5034684238,Author,Michael A. Smyth
A5016409419,Author,Michael Creager
A5049779869,Author,Michael Melkonian
A5100617659,Author,Michael Michael
A5084339206,Author,Michael Murgolo
A5046825896,Author,Michael N. Cocchi
A5019495317,Author,Michael Oeverhaus
A5052145396,Author,Michael Parr
A5005077971,Author,Michael R. Sayre
A5007649355,Author,Michael Rautenberg
A5073649293,Author,Michael S. Watt
A5042434513,Author,Michael Scott Demyan
A5108757199,Author,Michael W. Donnino
A5045616383,Author,Michaeline Bresnahan
A5126349317,Author,Michał Piasecki
A5088692992,Author,Michele Bellingeri
A5047445885,Author,Michele Ferrari
A5002775135,Author,Michelle L. Hermiston
A5071253475,Author,Michelle Marlena Wilhelmina Feijen
A5023207047,Author,Michelle Welsford
A5026745688,Author,Midhun Mohan
A5135158832,Author,Miguel B. Guimarães Neto
A5091046899,Author,Miguel da Guia Albuquerque
A5044825873,Author,Miguel de Brito Guimaraes Neto
A5072701601,Author,Mihalj Poša
A5043525540,Author,Mikhail L. Zheludkevich
A5052291165,Author,Mikhaël Bechelany
A5087105083,Author,Milei Wang
A5039111818,Author,Miltiadis Langousis
A5117799111,Author,Milton S. Gonzalez-Serrano
A5100383157,Author,Min Gyu Kim
A5000392422,Author,Ming Jiang
A5101727536,Author,Ming Yang
A5109582787,Author,Ming-Cheng Tsai
A5068826746,Author,Ming-Hsien Hsueh
A5049942941,Author,Minggang Du
A5022132012,Author,Mingxu Cao
A5040018532,Author,Ming‐Fa Lin
A5060777701,Author,Ming‐Ju Hsieh
A5112206530,Author,Ming‐Xun Ren
A5047754943,Author,Minh Anh Quang Tran
A5070681699,Author,Minh C. Tran
A5121050124,Author,Minh Duc Ly
A5118908313,Author,Minh Dung Ha-Tran
A5125541114,Author,Minh Duy Đoàn
A5050404323,Author,Minh Hai Tran
A5012274597,Author,Minh Hanh Le
A5040172783,Author,Minh Hieu Thi Nguyen
A5044936759,Author,Minh Hiệu Nguyễn
A5101325666,Author,Minh Ho Tran
LOCAL_A000653,Author,Minh Hoa Truong
A5041542952,Author,Minh Hong Le Thi
A5081382082,Author,Minh Hong Nguyen
A5107042390,Author,Minh Huy Lê
A5079379433,Author,Minh Kim Nguyen
A5100715903,Author,Minh Le
A5078505911,Author,Minh Ly
A5042141088,Author,Minh Ly Duc
LOCAL_A000631,Author,Minh Ly Duc
A5136593842,Author,Minh Ly Duc
A5126923270,Author,Minh Ly Duc
A5130078012,Author,Minh Ly Duc
A5135380258,Author,Minh Ly Duc
A5107943446,Author,Minh Nghia Pham
A5121813198,Author,Minh Ngoc Thuy Tran
A5101955675,Author,Minh Nguyen
A5005258745,Author,Minh Nguyen
LOCAL_A000295,Author,Minh Nguyen Thanh
A5040962133,Author,Minh Nguyen Thu
A5085620432,Author,Minh Nguyen Thu Nguyet
LOCAL_A000622,Author,Minh Nguyen-Duc
A5112740426,Author,Minh Nguyet Phan
A5138020603,Author,Minh Nhat Nguyen
A5103560974,Author,Minh Nhut Nguyen
A5059748553,Author,Minh Pham Quang
LOCAL_A000218,Author,Minh Phan Nguyen Nguyet
A5065859187,Author,Minh Phung Dang
LOCAL_A000085,Author,Minh Phuong Nguyen
A5002160190,Author,Minh Phương Nguyễn
A5048753083,Author,Minh Quan Duong
A5089369458,Author,Minh Quan Hoang
A5122423602,Author,Minh Quan Pham
A5016925074,Author,Minh Quang Diep
LOCAL_A000397,Author,Minh Quy Bui
A5097335407,Author,Minh Sơn Nguyễn
A5120946312,Author,Minh T. Nguyen
A5039561939,Author,Minh Thai Duong
A5065225644,Author,Minh Thai Nguyen
A5055671335,Author,Minh Thang Le
A5101479540,Author,Minh Thanh Nguyen
A5042970296,Author,Minh Thanh Vo
LOCAL_A000412,Author,Minh The Quang Nguyen
LOCAL_A000389,Author,Minh Thi Tran
A5101662082,Author,Minh Thi Tran
A5138204528,Author,Minh Tho Nguyen
A5062616301,Author,Minh Tho Nguyen
A5003396849,Author,Minh Tho Nguyen
A5125402023,Author,Minh Tho Nguyen
A5136998865,Author,Minh Tho Nguyen
A5127824099,Author,Minh Tho Nguyen
A5125177715,Author,Minh Tho Nguyen
A5107334594,Author,Minh Thư Phạm
A5101888078,Author,Minh Tien Nguyen
A5127869048,Author,Minh Toàn Phan
A5047638529,Author,Minh Tran
A5106977164,Author,Minh Tran
A5015953024,Author,Minh Tran
A5135708090,Author,Minh Tran
A5068820312,Author,Minh Tri Phan
A5123209213,Author,Minh Triet Dang
A5122877860,Author,Minh Triet Dang
A5015269024,Author,Minh Triết Đặng
A5109033530,Author,Minh Truong Dao
A5052434957,Author,Minh Truong Vo
A5116144841,Author,Minh Tuan Luc
A5124393123,Author,Minh Tuan Luong
A5034087931,Author,Minh Tuan Pham
A5036830029,Author,Minh Tuan Tran
A5107899843,Author,Minh Tâm Tran
A5101541497,Author,Minh Van Nguyen
LOCAL_A000084,Author,Minh Viet Nguyen
A5102772323,Author,Minh Viet Nguyen
A5080025175,Author,Minh Vuong Phan
A5007017513,Author,Minh Xuan Tran
LOCAL_A000520,Author,"Minh, Ly Duc"
LOCAL_A000707,Author,Minh-Anh Bui
A5048155073,Author,Minh-Hiep Dinh
A5112681572,Author,Minh-Hoang Truong
A5109724358,Author,Minh-Hong Tran
A5123940368,Author,Minh-Ky Nguyen
A5101205933,Author,Minh-Ngan Vu
A5024654850,Author,Minh-Phung Bui
A5128730894,Author,Minh-Quan Le
A5036924759,Author,Minh-Tam Tran Doan
A5025155792,Author,Minh-Thanh Cao
A5050610976,Author,Minh-Thanh Vo
A5024027185,Author,Minh-Thu T. Huynh
A5047566421,Author,Minh-Tien Tran
A5050055502,Author,Minh-Trong Tran
A5061584198,Author,Minh-Ty Nguyen
LOCAL_A000445,Author,MinhKet Tran
A5015461915,Author,Minhyun Kim
A5008728596,Author,Minh‐Dung Truong
A5032091221,Author,Minh‐Ky Nguyen
A5102793218,Author,Minh‐Nghia Nguyen
A5070726803,Author,Minh‐Ngoc Vu
A5059615758,Author,Minh‐Quan Thai
A5086143812,Author,Minh‐Sang Van Nguyen
A5037139048,Author,Minh‐Thuan Pham
A5045269587,Author,Minh‐Trang Thi Phan
A5100394494,Author,Minsung Kim
A5028577107,Author,Miroslav Müller
A5072201492,Author,Miroslav Vozn̆ák
A5091523962,Author,Mohamad Haafiz Mohamad Kassim
A5060162053,Author,Mohamad Reza Soltanian
A5112893838,Author,Mohamad Soltanian
A5045513289,Author,Mohamed Abbas
A5100645455,Author,Mohamed Abbas
A5057217204,Author,Mohamed Abd Elaziz
A5061973812,Author,Mohamed Bayati
A5068268080,Author,Mohamed El Amine Ben Seghier
A5009533013,Author,Mohamed Gamal Elsehrawy
A5019242451,Author,Mohamed R. Eletmany
A5081105220,Author,Mohamed Saiyad Musthafa
A5067485345,Author,Mohammad Bin Amin
A5104001656,Author,Mohammad Majibur Rahman
A5024312801,Author,Mohammad Mehrad
A5085914326,Author,Mohammad Rahimi
A5034938372,Author,Mohammad Uzzaman
A5067624332,Author,Mohammed A. A. Al‐qaness
A5010532815,Author,Mohammed Achite
A5088345418,Author,Mohammed Ananzeh
A5109514994,Author,Mohammed Batouche
A5074219943,Author,Mohammed Hadi
A5041057723,Author,Mohan Rajesh Elara
A5033684516,Author,Mohd Zahid Ansari
A5063236562,Author,Mohmad Shafi Sheikh
A5023462796,Author,Mohmed Isaqali Karobari
A5035648668,Author,Mohsen Dibaei Saber
A5014472521,Author,Mokbul Morshed Ahmad
A5074474395,Author,Monica E. Kleinman
A5117323253,Author,Monica Gita Konipa
A5071407430,Author,Monica Rozzell
A5020053167,Author,Monica Suleiman
A5035316905,Author,Monjit Borthakur
LOCAL_A000485,Author,Monjit Borthakur
A5054723226,Author,Montri Aiempanakit
A5029649717,Author,Mordecai P. Blaustein
A5018757905,Author,Morimichi Furudate
A5104084941,Author,Morris Weinberger
A5064103828,Author,Morteza Biklarian
A5102896013,Author,Morteza Jamshidi
A5006178080,Author,Mosab Kaseem
A5085509570,Author,Mosayeb Naseri
A5068882573,Author,Mostafa M. Fouda
A5066814201,Author,Mostefa Bouchetara
A5081530810,Author,Moustafa H. Aly
A5059897834,Author,Mrinmoy Goswami
A5112827539,Author,Ms Nguyen
A5110152999,Author,Mu. Naushad
A5065836015,Author,Muchamad Taufiq Anwar
A5030164268,Author,Mufei Xiao
LOCAL_A000510,Author,"Mugisho, Gilbert"
A5045312477,Author,Muh Ibnu Sholeh
A5036595306,Author,Muh Sholeh
A5028272884,Author,Muhammad Ali
A5060053093,Author,Muhammad Atif Nawaz
A5039756985,Author,Muhammad Fadhlullah Mursalim
A5015670985,Author,Muhammad Fahd Diyar Husni
A5074050779,Author,Muhammad Faheem Maqsood
A5085127149,Author,Muhammad Fareed
A5116462496,Author,Muhammad Irwansyahputra
A5036024169,Author,Muhammad Jehanzaib
A5014271929,Author,Muhammad Moniruzzaman
A5042960304,Author,Muhammad Rashid
A5024449095,Author,Muhammad Sadiq
A5013475006,Author,Muhammad Shafeeque
A5040248665,Author,Muhammad Shoaib Tahir
A5123993505,Author,Muhammed Arshad
A5010730262,Author,Muhammed Salim Keezhatta
LOCAL_A000516,Author,"Mulagetta, Yacob"
A5107918911,Author,Munirah D. Albaqami
A5008780017,Author,Munyaradzi Munochiveyi
A5117182966,Author,Mustika Dwiki Herning Hapsari
A5076286685,Author,My Dung Jusselme
A5050096200,Author,My Hanh Nguyen Thi
A5000170087,Author,My Hoang Nguyen
A5058668108,Author,My Khanh Nguyen
A5092900286,Author,My Pham Ngoc Tra
LOCAL_A000555,Author,My Phuong Pham-Ho
A5080476765,Author,My Phuong Pham‐Ho
A5123217918,Author,My Thoa Le
A5003970144,Author,My Van Vo
A5026900647,Author,My Vu Nguyen
A5120448212,Author,My-Kristyna Nguyen-Thao
A5078263828,Author,My-Nuong Thi Nguyen
A5118648875,Author,MyTien TranThi
A5084718407,Author,Mya Mya Htay
A5076032909,Author,Myra H. Wyckoff
A5016661114,Author,Mạnh Dũng Trần
A5101974200,Author,Mạnh Quân Nguyễn
A5121620694,Author,Mỹ Ngân Tăng
A5093538491,Author,N . C. Hoi
LOCAL_A000679,Author,N Azim
LOCAL_A000266,Author,N Cundiff
A5125097696,Author,N Dong Phuong Nguyen
LOCAL_A000348,Author,N Konno
LOCAL_A000368,Author,N Schmitt
LOCAL_A000200,Author,N Siddique
LOCAL_A000703,Author,N Simasangyaporn
LOCAL_A000260,Author,N Stone
LOCAL_A000360,Author,N Thanh
LOCAL_A000359,Author,N Tuan
A5080989266,Author,N V Dang
LOCAL_A000681,Author,N Yidliz
A5133110342,Author,N-K-K. Nguyen
A5022877453,Author,N. Ayyanar
A5029402778,Author,N. Bui
A5036952833,Author,N. Bui
A5025220393,Author,N. GASH
A5136943832,Author,N. Globus
A5106982387,Author,N. H. Nang
A5056170160,Author,N. H. Pham
A5107976280,Author,N. H. T. Nha
A5107947365,Author,N. H. T. Nha
A5071255604,Author,N. H. Thao
A5136911368,Author,N. Hayashida
A5086241692,Author,N. Iwasa
A5136910116,Author,N. Kieu
A5054983995,Author,N. Mai‐Duy
A5107841618,Author,N. Okazaki
A5040929731,Author,N. Phan‐Thien
A5091726191,Author,N. Q. San
A5136914265,Author,N. Sakaki
A5136896145,Author,N. Sakurai
A5111348471,Author,N. T. Dang
A5034987468,Author,N. T. Le
A5108531741,Author,N. T. M. Thanh
A5112633397,Author,N. T. N. Linh
LOCAL_A000531,Author,N. T. N. Thu
LOCAL_A000591,Author,N. Tran
LOCAL_A000537,Author,N. V. Dang
A5001100117,Author,N.K. Uyen
A5112560699,Author,N.Q. Dung
A5110918074,Author,N.Q. Tuan
A5011004624,Author,N.T. Liem
LOCAL_A000590,Author,N.V. Dang
A5071460878,Author,N.X. Phuc
A5027082692,Author,NGA THI DOAN
A5109666631,Author,NGA THI THUY DUONG
LOCAL_A000302,Author,NGOC HOAI PHAM
LOCAL_A000304,Author,NGUYEN HOANG PHUONG
A5002233566,Author,NGUYEN PHAM QUYNH TRANG
A5064483608,Author,NGUYEN PHUC BINH
A5043301027,Author,NGUYỄN KHÁNH HOÀNG
A5013417975,Author,NGỌC-SÂM LÝ
A5048741163,Author,NIKOLAY A. VISLOBOKOV
A5077974169,Author,NORMAN GASH
A5089075317,Author,NORMAN GASH
LOCAL_A000606,Author,Na Hong Thi Phung
A5101640847,Author,Na Ma
A5100461427,Author,Na Wang
A5034514715,Author,Nabiha I. Abdo
A5056304959,Author,Nabil Chems Eddine
A5023894442,Author,Nabil Khossossi
A5071788034,Author,Nader Marzban
A5036952576,Author,Nafees Ali
A5004625284,Author,Nahaa M. Alotaibi
A5044034763,Author,Naji El Beyrouthy
A5027956814,Author,Nakorn Niamnont
A5051831286,Author,Nam Cong‐Nhat Huynh
A5112763625,Author,Nam H. Ho
A5103518993,Author,Nam H. Tran
A5001863172,Author,Nam Nguyen Trong
A5079609169,Author,Nam Nhut Phan
LOCAL_A000453,Author,Nam Phuong Truong
A5073205104,Author,Nam Q.H. Doan
A5040857467,Author,Nam T. P. Le
A5061799227,Author,Nam T. S. Phan
A5020793898,Author,Nam Thang Ha
A5012114425,Author,Nam Tien Duong
A5067253160,Author,Nam V. Nguyen
A5112470311,Author,Nam Van Thai
A5101906855,Author,Namkeun Kim
A5012833011,Author,Nam‐Trung Nguyen
A5030774861,Author,Nancy Barnes
A5010772869,Author,Nancy S. Redeker
A5126791070,Author,Nandana Bayu Abhista
A5122288736,Author,Nang Xuan Ho
A5015193720,Author,Nang-Nguyen Huu
A5007065483,Author,Nanthi Bolan
A5024526613,Author,Naoki Shimizu
A5045109374,Author,Naoto Tsutsumi
A5048243071,Author,Narciso Antonio Villar Goris
A5101481517,Author,Nargis Khatun
A5074567656,Author,Nassim Boudaoud
A5075910447,Author,Natalie Hood
A5081445314,Author,Natalja Čerkasova
A5108190409,Author,Nathan P. Charlton
A5102764900,Author,Nathaniel E. Smith
A5078012911,Author,Nattaporn Chattham
A5107908640,Author,Natthanan Promsuk
A5033056152,Author,Naveen Chilamkurti
A5126282675,Author,Naveen Kumar
A5116037833,Author,Nazerke Gazizova
A5034421354,Author,Neelam Shahi
A5121950089,Author,Neethu Palekkode
LOCAL_A000022,Author,Neethu Palekkode
A5075279250,Author,Neetu Srivastava
A5099594565,Author,Neevanh Saynavong
A5074534697,Author,Nehal Elshaboury
A5085179438,Author,Nele Van den Steen
A5068022071,Author,Nerissa Ko
A5039382955,Author,Nermeen Abdullah
A5088868434,Author,Newton E. Kendig
A5027981134,Author,Nga Do-Thi
A5037702503,Author,Nga Duong
A5012120874,Author,Nga Nguyen Hong
A5067924169,Author,Nga Nguyen Quynh Tra
A5023945815,Author,Nga Nguyen Thi Thanh
A5035799063,Author,Nga Thi Thanh Tran
A5114329407,Author,Nga Thi Thu
A5098960318,Author,Nga Thu Thi
A5082290380,Author,Nga Thuy Tran
LOCAL_A000414,Author,Nga Viet Nguyen
A5028487735,Author,Ngan Hong Ta
LOCAL_A000410,Author,Ngan Kim Hoang Nguyen
A5023725893,Author,Ngan Le
A5136161517,Author,Ngan Nguyen Le
A5067110618,Author,Ngan Nguyen Le
A5022413759,Author,Ngan Nguyen-Truong
A5059209425,Author,Ngan T. K. Nguyen
A5101267559,Author,Ngan Thi Kim Phan
A5101292188,Author,Ngan Thi Thu Phan
A5076831599,Author,Ngan Thi Vu
A5106649352,Author,Ngan Truong Thi Pham
A5020203529,Author,Ngan Tuan Nguyen
A5128329689,Author,Nghi Huu Nguyen
A5125090196,Author,Nghi Nha Ho
A5123720576,Author,Nghi Phan Bich Hoang
A5136968872,Author,Nghi Thuc Thuy To
A5063002763,Author,Nghia Huu Le
A5103170579,Author,Nghia Huynh
A5100596949,Author,Nghia Khoi Nguyen
A5050246251,Author,Nghia Nguyen‐Trong
LOCAL_A000592,Author,Nghia Van Nguyen
LOCAL_A000059,Author,Nghiem Trung Dung
A5087208424,Author,Nghiep Vu Hong
A5038225521,Author,Nghin Van Dang
A5039582436,Author,Ngo Chi Thanh
A5106802150,Author,Ngo Diem
A5076303094,Author,Ngo Hoang Tu
A5013224610,Author,Ngo Minh Hung
A5089656800,Author,Ngo Nghia Pham
A5026614237,Author,Ngo Nhat Phuong Quynh
A5081961625,Author,Ngo Phuong Minh Thuan
A5109782608,Author,Ngo Quang Trung
A5027768275,Author,Ngo Quang Trung
A5033679750,Author,Ngo Thi Cam
A5120172106,Author,Ngo Thi Ngoc Thuy
LOCAL_A000567,Author,Ngo Thi Ngoc Thuy
A5088337340,Author,Ngo Thi Thanh Hoa
LOCAL_A000551,Author,Ngo Van Hoa
A5026229677,Author,Ngo Van Hoa
A5108592072,Author,Ngo Van Huong Binh
A5116571599,Author,Ngo Vinh Doan The
A5087370518,Author,Ngo-Thi-Thu-Trang
A5122306876,Author,Ngoan Tran Le
A5104075392,Author,Ngoc Anh Dao
A5101529135,Author,Ngoc Anh Le
A5107937189,Author,Ngoc Anh Le
LOCAL_A000640,Author,Ngoc Bao Quynh Pham
A5068385014,Author,Ngoc Bao Thi Le
A5085841822,Author,Ngoc Bich Hoang
A5082000443,Author,Ngoc Bich Pham
LOCAL_A000374,Author,Ngoc Bon Trinh
LOCAL_A000005,Author,Ngoc Cam Hoang
A5018713405,Author,Ngoc Dang Khoa Nguyen
A5036083952,Author,Ngoc Dang Khoa Tran
A5025726068,Author,Ngoc Duc Vu
A5083452888,Author,Ngoc Duy Nguyen
A5101644358,Author,Ngoc Duy Pham
A5125404860,Author,Ngoc Ha Nguyen
A5139102677,Author,Ngoc Hien Tran
A5104351126,Author,Ngoc Hieu Nguyen
A5113932182,Author,Ngoc Ho
A5092136044,Author,Ngoc Hoang My
A5092900285,Author,Ngoc Hoang Thi
A5035740729,Author,Ngoc Hoang Vy Nguyen
A5081127782,Author,Ngoc Hong Nguyen
A5065688594,Author,Ngoc Hong Nguyen
A5045025427,Author,Ngoc Huy Nguyen
A5113341526,Author,Ngoc Huyen Nguyen
A5065522973,Author,Ngoc Khanh Van Truong
A5089615125,Author,Ngoc Kien Bui
A5070368948,Author,Ngoc Kim Cuong Tran
A5112322690,Author,Ngoc Lan Thi Dang
A5019250403,Author,Ngoc Lethikim
A5080870118,Author,Ngoc Lieu Le
A5133178690,Author,Ngoc Loan Phan
A5092395055,Author,Ngoc Mai Nga To
LOCAL_A000547,Author,Ngoc Minh Truong
LOCAL_A000386,Author,Ngoc Minh Vo
A5054780283,Author,Ngoc My Tran
A5101590240,Author,Ngoc Nguyen
A5103002149,Author,Ngoc Nha Thao Nguyen
A5054805148,Author,Ngoc Nhu Quynh Ngu
A5038942051,Author,Ngoc Phu Doan
A5089700327,Author,Ngoc Phung Ly
A5116034918,Author,Ngoc Phuong Ho
A5009671191,Author,Ngoc Phuong Nguyen
LOCAL_A000628,Author,Ngoc Quang Dong
A5138069038,Author,Ngoc Que Anh Le
A5043987756,Author,Ngoc Quy Hoang
A5107608257,Author,Ngoc Quynh Nhu Pham
A5060158506,Author,Ngoc Son Hai Nguyen
A5090060128,Author,Ngoc Tan Nguyen
A5042094599,Author,Ngoc Thach Le
A5109606945,Author,Ngoc Thach Pham
A5101279534,Author,Ngoc Thach Thanh Nguyen
A5117424208,Author,Ngoc Thai Binh Pham
A5103269673,Author,Ngoc Thanh Binh Tran
A5106610329,Author,Ngoc Thanh Hai Lam
A5102958072,Author,Ngoc Thanh Thuy Tran
A5056220381,Author,Ngoc Thanh Tran
A5052548763,Author,Ngoc Thao-Anh Hoang
A5033928651,Author,Ngoc Thi Nguyen
A5101369867,Author,Ngoc Thi Thanh Nguyen
A5077326623,Author,Ngoc Tho Tran
LOCAL_A000053,Author,Ngoc Tran Bao
A5109863810,Author,Ngoc Trung Anh Tran
A5021228869,Author,Ngoc Trung Tran
A5027646035,Author,Ngoc Uyen Nhi Nguyen
LOCAL_A000041,Author,Ngoc Uyen Nhi Nguyen
A5051552397,Author,Ngoc Vo Thi Minh
LOCAL_A000672,Author,Ngoc Xuan Nguyen
A5111275451,Author,Ngoc Yen Nguyen
A5036249628,Author,Ngoc-Han T. Huynh
A5078079634,Author,Ngoc-Hue Nguyen
A5072861318,Author,Ngoc-Kim-Khanh Nguyen
A5044305514,Author,Ngoc-Long Nguyen
A5104158761,Author,Ngoc-Minh-Thu Vuong
A5130341667,Author,Ngoc-Nhi Phuong
A5101315003,Author,Ngoc-Phuc Nguyen
A5058465231,Author,Ngoc-Phuong-Thao Nguyen
A5127062529,Author,Ngoc-Trung Nguyen
A5036761658,Author,Ngoc-Tu Do
A5034342997,Author,Ngoc-Van-Trang Dao
A5002965978,Author,Ngoc‐Anh Le
A5031177860,Author,Ngoc‐Hong Nguyen
A5064050048,Author,Ngoc‐Loan Phan
A5042275039,Author,Ngoc‐Van Thi Nguyen
A5049478123,Author,Ngon Trong Truong
A5093585054,Author,Ngu Thi Tra Giang
A5124273116,Author,Nguyen Anh Khoa Truong
A5086230780,Author,Nguyen Anh Triet
A5135945670,Author,Nguyen Bao Ngoc Khue
A5113850859,Author,Nguyen Binh Truong
A5025937752,Author,Nguyen Cao Lien Phuoc
LOCAL_A000624,Author,Nguyen Chi Ben
A5124933293,Author,Nguyen Chi Hai
A5007251700,Author,Nguyen Chi Toan
A5113318434,Author,Nguyen Cong Dat Vinh
A5021110208,Author,Nguyen Cong Giang
A5089793687,Author,Nguyen Cong Luong
LOCAL_A000206,Author,Nguyen Cong Thanh
A5017922376,Author,Nguyen Cong-Hau
LOCAL_A000074,Author,Nguyen D. Chau
A5136412233,Author,Nguyen D. Hien
A5009564069,Author,Nguyen Dac Anh Chuong
A5034086695,Author,Nguyen Dang Huyen Tran
A5108912822,Author,Nguyen Dang Khoa
A5052811415,Author,Nguyen Dang Tu Le
A5108864193,Author,Nguyen Diem Quynh
A5091133342,Author,Nguyen Dinh Hien
A5059158387,Author,Nguyen Dinh Huy
A5041778801,Author,Nguyen Dinh Toan
A5000459728,Author,Nguyen Dinh Trung
A5083864523,Author,Nguyen Dinh Tuan Vuong
A5103588120,Author,Nguyen Dinh Tung Luan
A5053009670,Author,Nguyen Doan
A5136227825,Author,Nguyen Doan Anh Thy
A5100037796,Author,Nguyen Doan Quang Anh
LOCAL_A000373,Author,Nguyen Doan Quoc Anh
A5111340704,Author,Nguyen Duc Duy Anh
A5107377625,Author,Nguyen Duc Hai
A5108640854,Author,Nguyen Duc Hanh
LOCAL_A000573,Author,Nguyen Duc Hieu
A5124256204,Author,Nguyen Duc Khanh Huynh
A5017596097,Author,Nguyen Duc Phuong
A5039705052,Author,Nguyen Duc Tai
A5089058918,Author,Nguyen Duc Thien
A5024404261,Author,Nguyen Duc Thinh
A5013383889,Author,Nguyen Dung Chinh
A5041050732,Author,Nguyen Duy Dat
A5042961006,Author,Nguyen Duy Dat
LOCAL_A000599,Author,Nguyen Duy Khanh
A5079947544,Author,Nguyen Duy Ly
A5035362471,Author,Nguyen Duy Thien An
A5043004126,Author,Nguyen Duy Tien
A5075415764,Author,Nguyen Duy Tue
A5102070282,Author,Nguyen Duy Tung
A5011297917,Author,Nguyen Duy Vy
A5133515580,Author,Nguyen Hai Dang
A5120569387,Author,Nguyen Hai Dang
A5037328649,Author,Nguyen Hai Dang
A5138152850,Author,Nguyen Hai Dang
A5011741622,Author,Nguyen Hai Long
A5128356792,Author,Nguyen Hai Ly
LOCAL_A000475,Author,Nguyen Hai Ngan Tran
A5039831806,Author,Nguyen Hai Ngan Tran
A5117543446,Author,Nguyen Hanh Hoa
A5052605854,Author,Nguyen Hao Quang
A5036377736,Author,Nguyen Hay
A5078128767,Author,Nguyen Ho Quang
A5068081123,Author,Nguyen Ho Thanh
A5007945291,Author,Nguyen Ho Viet Anh
A5111310324,Author,Nguyen Hoang
A5066574572,Author,Nguyen Hoang
A5007637251,Author,Nguyen Hoang Hai
LOCAL_A000594,Author,Nguyen Hoang Hieu
A5023652148,Author,Nguyen Hoang Luc
A5135913429,Author,Nguyen Hoang Minh
A5113308037,Author,Nguyen Hoang Phu
A5015551812,Author,Nguyen Hoang Tien
A5100637269,Author,Nguyen Hoang Tuan
LOCAL_A000473,Author,Nguyen Hoang Tuan
A5028059172,Author,Nguyen Hong Bich
LOCAL_A000553,Author,Nguyen Hong Mai
A5102484757,Author,Nguyen Hong Ngoc
A5072707677,Author,Nguyen Hong Nhu
A5076108578,Author,Nguyen Hong Nhung
LOCAL_A000620,Author,Nguyen Hong Quan
A5116777688,Author,Nguyen Huan Xuan
A5135683200,Author,Nguyen Hue
A5076831357,Author,Nguyen Huu Can
A5084615254,Author,Nguyen Huu Khanh Nhan
A5007383712,Author,Nguyen Huu Nghi
A5057088209,Author,Nguyen Huu Tho
LOCAL_A000559,Author,Nguyen Huu Trung
A5136197888,Author,Nguyen Huu Tue
A5103146667,Author,Nguyen Huy Hung
A5046033495,Author,Nguyen Huy Tuan
A5100637272,Author,Nguyen Huy Tuan
A5112575468,Author,Nguyen Huyen Ngoc Tran
A5064027518,Author,Nguyen Huynh Tuong
A5067800187,Author,Nguyen Khac Manh
A5057592175,Author,Nguyen Khanh Ly
A5094282889,Author,Nguyen Khanh My
A5063957902,Author,Nguyen Kieu Viet Que
A5014446590,Author,Nguyen Kim Uyen
A5086418672,Author,Nguyen Ky Phuc Phan
A5042648484,Author,Nguyen LE-VY
A5088701092,Author,Nguyen Le Thai
A5000226189,Author,Nguyen Long Tuyen
LOCAL_A000637,Author,Nguyen Luu Huu
A5000752224,Author,Nguyen Mai Dang
A5021331415,Author,Nguyen Mau Thanh
A5054399289,Author,Nguyen Minh Chuong
A5042559130,Author,Nguyen Minh Hoat
A5067502210,Author,Nguyen Minh Ly
A5124953506,Author,Nguyen Minh Phuc
LOCAL_A000092,Author,Nguyen Minh Quang
A5136377972,Author,Nguyen Minh Quang Hoang
A5015668847,Author,Nguyen Minh Thien
A5136203748,Author,Nguyen Minh Trung
A5051185903,Author,Nguyen Minh Ty
A5021501825,Author,Nguyen N. Hieu
A5084022579,Author,Nguyen Ngoc Anh
A5013667478,Author,Nguyen Ngoc Diem
A5109467550,Author,Nguyen Ngoc Duy
A5104026243,Author,Nguyen Ngoc Huy
A5104881614,Author,Nguyen Ngoc Lenh
A5122646940,Author,Nguyen Ngoc Nguyen
A5104855964,Author,Nguyen Ngoc Phuc
A5012907404,Author,Nguyen Ngoc Phuong Thao
A5074378322,Author,Nguyen Ngoc Tri
A5106257856,Author,Nguyen Ngoc Y Phung
A5101690410,Author,Nguyen Nguyen
A5107446421,Author,Nguyen Nguyen
A5117757563,Author,Nguyen Nguyen Thi Bich
A5072983548,Author,Nguyen Nguyet Minh
A5051420985,Author,Nguyen Nguyet Minh Phan
A5116552325,Author,Nguyen Nhat Huy Pham
A5000043086,Author,Nguyen Nho Dung
A5055683391,Author,Nguyen Nhu Dat
A5092800840,Author,Nguyen Pham Huyen Thoai
A5063308163,Author,Nguyen Pham Quynh Anh
A5096293397,Author,Nguyen Phuc Hai Bang
A5124906508,Author,Nguyen Phuc Nguyen
A5035112064,Author,Nguyen Phuoc Long
LOCAL_A000733,Author,Nguyen Phuong Hang
A5003055047,Author,Nguyen Phuong Lan
LOCAL_A000533,Author,Nguyen Phuong Mai
A5056058108,Author,Nguyen QUANG-HIEU
A5056041188,Author,Nguyen QUOC-DUY
LOCAL_A000645,Author,Nguyen Quang Bac
A5033264739,Author,Nguyen Quang Dang
A5035311348,Author,Nguyen Quang Phich
LOCAL_A000632,Author,Nguyen Quang Sang
A5102384455,Author,Nguyen Quang Sang
A5104314850,Author,Nguyen Quang Thinh Le
A5111282879,Author,Nguyen Quang Tien
A5135925100,Author,Nguyen Quoc Huy
LOCAL_A000009,Author,Nguyen Quynh Mai
A5055532716,Author,Nguyen Si Hoai Vu
LOCAL_A000077,Author,Nguyen T. A. Nhung
A5082803859,Author,Nguyen T. Hiep
A5060864160,Author,Nguyen T. Minh-Nguyet
LOCAL_A000068,Author,Nguyen T. T. Hai
A5077608549,Author,Nguyen T.H. Nhi
LOCAL_A000586,Author,Nguyen TIEN-GIANG
A5124913994,Author,Nguyen Thai Anh
A5065666743,Author,Nguyen Thai Bao
A5104270940,Author,Nguyen Thai Cong
A5007907047,Author,Nguyen Thai Hai
A5061957366,Author,Nguyen Thai Nguyet Thanh
A5083662095,Author,Nguyen Thai Thanh Vo
A5048757265,Author,Nguyen Thang Hoa
A5109472612,Author,Nguyen Thanh
A5017259848,Author,Nguyen Thanh
A5139202772,Author,Nguyen Thanh Danh
A5124436291,Author,Nguyen Thanh Danh
A5037558820,Author,Nguyen Thanh Duoc
A5070927179,Author,Nguyen Thanh Hoai
A5125156133,Author,Nguyen Thanh Luan
A5122895977,Author,Nguyen Thanh Son
A5101868998,Author,Nguyen Thanh Son
LOCAL_A000046,Author,Nguyen Thanh Son
A5117907413,Author,Nguyen Thanh Tan
A5107881229,Author,Nguyen Thanh Tan
A5125946113,Author,Nguyen Thanh Tien
A5046846003,Author,Nguyen Thanh Triet
A5109158453,Author,Nguyen Thanh Truong
A5101710140,Author,Nguyen Thanh Tuan
A5113862126,Author,Nguyen The Luan
A5137570767,Author,Nguyen The Manh
A5128349832,Author,Nguyen The Toan
A5094396568,Author,Nguyen Thi
A5072077918,Author,Nguyen Thi Ai Nhung
A5108286478,Author,Nguyen Thi Bao Tran
A5066684419,Author,Nguyen Thi Bao Trang
A5122907744,Author,Nguyen Thi Bich Ngoc
A5070562619,Author,Nguyen Thi Cam Phu
A5069800548,Author,Nguyen Thi Han
A5135930978,Author,Nguyen Thi Hoang Mai
A5101740969,Author,Nguyen Thi Hong
A5022294297,Author,Nguyen Thi Hong Hoa
A5011444388,Author,Nguyen Thi Hong Huong
LOCAL_A000566,Author,Nguyen Thi Hue
A5033765445,Author,Nguyen Thi Huong
A5110798012,Author,Nguyen Thi Huyen Thu
A5053330063,Author,Nguyen Thi Huynh
A5111288522,Author,Nguyen Thi Khanh Ly
A5019911546,Author,Nguyen Thi Kim Huong
A5033896757,Author,Nguyen Thi Kim Lien
A5101990554,Author,Nguyen Thi Kim Phuong
A5044871381,Author,Nguyen Thi Lam
A5053119189,Author,Nguyen Thi Lan
A5101761853,Author,Nguyen Thi Lan
A5016164354,Author,Nguyen Thi Mai Huong
A5006331869,Author,Nguyen Thi My An
A5030423329,Author,Nguyen Thi My Hanh
A5112860829,Author,Nguyen Thi My Xuyen
A5085078871,Author,Nguyen Thi My Yen
A5112505328,Author,Nguyen Thi Ngoc
LOCAL_A000638,Author,Nguyen Thi Ngoc Anh
A5072778651,Author,Nguyen Thi Ngoc Han
A5063300125,Author,Nguyen Thi Ngoc Hue
A5021691466,Author,Nguyen Thi Ngoc My
A5108814981,Author,Nguyen Thi Phuong
A5072224443,Author,Nguyen Thi Phuong Loan
A5130026653,Author,Nguyen Thi Phuong Thao
A5136539897,Author,Nguyen Thi Phuong Thao
LOCAL_A000629,Author,Nguyen Thi Phuong Thao
A5083456347,Author,Nguyen Thi Quynh Chau
LOCAL_A000006,Author,Nguyen Thi Thanh Huong
A5043362152,Author,Nguyen Thi Thanh Huyen
A5134246626,Author,Nguyen Thi Thanh Thuy
A5016059020,Author,Nguyen Thi Thanh Tu
A5129409195,Author,Nguyen Thi Thanh Tu
LOCAL_A000571,Author,Nguyen Thi Thu
A5026319239,Author,Nguyen Thi Thu Quyen
A5006515236,Author,Nguyen Thi Thuong Huyen
A5130149376,Author,Nguyen Thi Thuy Linh
A5057481424,Author,Nguyen Thi Thuy Tram
A5040190344,Author,Nguyen Thi Tinh
A5045159073,Author,Nguyen Thi Uyen Uyen
A5103133298,Author,Nguyen Thi Xuan Huynh
LOCAL_A000060,Author,Nguyen Thi Yen Lien
A5069511944,Author,Nguyen Thi Yen Linh
LOCAL_A000298,Author,Nguyen Thoi Trung
A5126085233,Author,Nguyen Thu Tra
A5073611407,Author,Nguyen Thuy Dung
LOCAL_A000308,Author,Nguyen Tien
A5040375274,Author,Nguyen Tien Tran
A5043478466,Author,Nguyen Tri Tai
A5070234669,Author,Nguyen Trinh Duc Hieu
LOCAL_A000378,Author,Nguyen Trong Hien Ton
A5126099983,Author,Nguyen Trong Tinh
LOCAL_A000572,Author,Nguyen Trong Tuan
A5108143070,Author,Nguyen Trong Tuan
A5053794733,Author,Nguyen Trung Hiep
A5087658530,Author,Nguyen Trung Viet
A5010733986,Author,Nguyen Truong Co
A5101908614,Author,Nguyen Truong Long
A5124290475,Author,Nguyen Truong Phuoc Phan
A5007969668,Author,Nguyen Tuan Hiep
A5119568657,Author,Nguyen Tung Thao
LOCAL_A000652,Author,Nguyen V. Hieu
LOCAL_A000070,Author,Nguyen V. Hoang
LOCAL_A000073,Author,Nguyen V. Phu
A5043160132,Author,Nguyen Van An
LOCAL_A000217,Author,Nguyen Van Chi
A5110600308,Author,Nguyen Van Chuong
A5062877716,Author,Nguyen Van Dao
A5086210076,Author,Nguyen Van Dien
A5000375848,Author,Nguyen Van Duc
A5081622130,Author,Nguyen Van Hoang
A5001310284,Author,Nguyen Van Le
A5115720696,Author,Nguyen Van Phuoc
LOCAL_A000644,Author,Nguyen Van Phuong
LOCAL_A000711,Author,Nguyen Van Quynh
LOCAL_A000726,Author,Nguyen Van Tam
LOCAL_A000089,Author,Nguyen Van Thang
A5133244710,Author,Nguyen Van Thanh
A5107946858,Author,Nguyen Van Thong
A5041803184,Author,Nguyen Van Tien
A5054786913,Author,Nguyen Van Tung
A5103205999,Author,Nguyen Van Tuyen
A5028849339,Author,Nguyen Van Vinh
A5121361644,Author,Nguyen Viet Anh
A5060808788,Author,Nguyen Viet Dang
A5071543919,Author,Nguyen Viet Linh Le
A5065553213,Author,Nguyen Viet Tinh
A5090730240,Author,Nguyen Viet Vu
A5068477180,Author,Nguyen Vo Anh Duy
A5050886449,Author,Nguyen Vo Son Binh
A5021733333,Author,Nguyen Vu Linh
A5138392795,Author,Nguyen Vu Thanh Tam
A5032903751,Author,Nguyen Xuan Ha
A5038993769,Author,Nguyen Xuan Phuc
LOCAL_A000300,Author,Nguyen Đinh Thanh
LOCAL_A000455,Author,"Nguyen, Duy-Ly"
LOCAL_A000454,Author,"Nguyen, Huu-Ha"
A5076309514,Author,Nguyen-Anh-Thu Do
A5062189282,Author,Nguyen-Hieu Hoang
A5104338666,Author,Nguyen-Hong-Son Le
A5104313465,Author,Nguyen-Minh-Hieu Tran
A5110933354,Author,Nguyen-Nhu-Ngoc Ngo
A5079553187,Author,Nguyen-Phong Vo
A5047733972,Author,Nguyen-Thi THANH-DIEU
LOCAL_A000096,Author,Nguyen-Thoi Trung
A5119821511,Author,Nguyen-Trung-Tien Dieu
A5051137028,Author,Nguyen‐Hai Nam
A5086822781,Author,Nguyen‐Kim‐Tuyen Pham
A5050411356,Author,Nguyen‐Son Vo
A5114156207,Author,Nguyet Minh Phan Tran
A5136234928,Author,Nguyet N. T. Pham
A5022483359,Author,Nguyet N. T. Pham
A5116116783,Author,Nguyet Phan Minh
A5104125128,Author,Nguyet-Minh Nguyen
A5090829303,Author,Nguyet-Minh Nguyen
A5033621300,Author,Nguyet-Minh Phan
A5047648157,Author,Nguyet-Thu Thi Nguyen
A5100777969,Author,Nguyêñ Thị Thu Hương
A5030792313,Author,Nguyễn An Sơn
A5083914774,Author,Nguyễn Anh Dũng
A5100632425,Author,Nguyễn Anh Tuấn
A5101480393,Author,Nguyễn Chí Thành
A5035438749,Author,Nguyễn Duy Liêm
A5074508126,Author,Nguyễn Hiệp Thương
A5065465017,Author,Nguyễn Hoàng Minh Thuận
A5100613572,Author,Nguyễn Hoàng Nam
A5100637270,Author,Nguyễn Hoàng Tuấn
A5035120821,Author,Nguyễn Hoàng Định
A5069929256,Author,Nguyễn Huy Hùng
A5059082065,Author,Nguyễn Hồng Khôi Nguyên
A5000167478,Author,Nguyễn Hồng Nga
A5104288554,Author,Nguyễn Hữu Hùng
A5110800043,Author,Nguyễn Hữu Thiện
A5045704987,Author,Nguyễn Khởi Nghĩa
A5086796749,Author,Nguyễn Lâm Tú Anh
A5049922872,Author,Nguyễn Minh Hải
A5012861326,Author,Nguyễn Minh Sơn
A5067149669,Author,Nguyễn Minh Thu
A5101608931,Author,Nguyễn Minh Trí
A5014938626,Author,Nguyễn Minh Tâm
A5052409320,Author,Nguyễn Mạnh Hùng
A5010882179,Author,Nguyễn Ngọc Duy
A5001365679,Author,Nguyễn Ngọc Hà
A5101736122,Author,Nguyễn Ngọc Khánh Anh
A5020787018,Author,Nguyễn Ngọc Linh
A5009658681,Author,Nguyễn Ngọc Tuấn
A5059777868,Author,Nguyễn Phi Hùng
A5108236710,Author,Nguyễn Phước Dân
A5002949972,Author,Nguyễn Phụ Thượng Lưu
A5029178928,Author,Nguyễn Quang Hưng
A5128716151,Author,Nguyễn Quốc Dũng
A5111420624,Author,Nguyễn Quốc Tuấn
A5088350962,Author,Nguyễn Thanh Dương
A5072303686,Author,Nguyễn Thanh Hường
A5010264989,Author,Nguyễn Thanh Liêm
A5026693488,Author,Nguyễn Thanh Phong
A5100610737,Author,Nguyễn Thanh Tùng
A5100610739,Author,Nguyễn Thanh Tùng
A5009714502,Author,Nguyễn Thu Nguyệt Minh
A5102006115,Author,Nguyễn Thu Phương
A5000192304,Author,Nguyễn Thành Luân
A5090982786,Author,Nguyễn Thành Tiên
A5101815460,Author,Nguyễn Thành Tâm
A5077994859,Author,Nguyễn Thành-Nho
A5048355279,Author,Nguyễn Thái Minh
A5029804035,Author,Nguyễn Thùy Linh
A5112844608,Author,Nguyễn Thúy Lan
A5102984408,Author,Nguyễn Thế Vinh
A5043650731,Author,Nguyễn Thị Bích
A5128753364,Author,Nguyễn Thị Chi Nhân
A5056915949,Author,Nguyễn Thị Giang An
A5112633710,Author,Nguyễn Thị Hoà
A5010505038,Author,Nguyễn Thị Huyền Trang
A5015751719,Author,Nguyễn Thị Hòa
A5068322618,Author,Nguyễn Thị Hồng Hạnh
A5083712493,Author,Nguyễn Thị Hồng Nhung
A5044887879,Author,Nguyễn Thị Hồng Vân
A5101613703,Author,Nguyễn Thị Kim Ngân
A5031633765,Author,Nguyễn Thị Kim Ngân
A5109208912,Author,Nguyễn Thị Lâm
A5001507533,Author,Nguyễn Thị Mai Hương
A5024056764,Author,Nguyễn Thị Minh Hiền
A5117428845,Author,Nguyễn Thị Nga
A5019292270,Author,Nguyễn Thị Ngọc Hoa
A5075383762,Author,Nguyễn Thị Ngọc Lan
A5107900056,Author,Nguyễn Thị Ngọc Ánh
A5002305257,Author,Nguyễn Thị Phương Thảo
A5101412722,Author,Nguyễn Thị Phương Thảo
A5101412720,Author,Nguyễn Thị Phương Thảo
A5101412721,Author,Nguyễn Thị Phương Thảo
A5102794571,Author,Nguyễn Thị Thanh Bình
A5101569965,Author,Nguyễn Thị Thanh Huyền
A5101569963,Author,Nguyễn Thị Thanh Huyền
A5076833967,Author,Nguyễn Thị Thanh Hải
A5058684461,Author,Nguyễn Thị Thanh Thủy
A5082154225,Author,Nguyễn Thị Thanh Tâm
A5101567168,Author,Nguyễn Thị Thu Hiền
A5070885088,Author,Nguyễn Thị Thu Hiền
A5100777968,Author,Nguyễn Thị Thu Hương
A5101624945,Author,Nguyễn Thị Thu Phương
LOCAL_A000407,Author,Nguyễn Thị Thùy Linh
A5036310727,Author,Nguyễn Thị Thùy Linh
A5019007060,Author,Nguyễn Thị Thương Huyền
A5072933384,Author,Nguyễn Thị Thủy
A5072452119,Author,Nguyễn Thị Thủy Trâm
A5073166210,Author,Nguyễn Thị Trung Thu
A5022332552,Author,Nguyễn Thị Xuân Diệu
A5004094067,Author,Nguyễn Thị Ái
A5062184716,Author,Nguyễn Tiến Trung
A5101788557,Author,Nguyễn Tiến Đạt
A5030402937,Author,Nguyễn Trung Kiên
A5116456162,Author,Nguyễn Trọng Hiền Tôn
A5100771609,Author,Nguyễn Trọng Nghĩa
A5047923619,Author,Nguyễn Tùng Linh
A5012179893,Author,Nguyễn Tấn Phong
A5041882067,Author,Nguyễn Việt Anh
A5101801606,Author,Nguyễn Văn Hiếu
A5103096805,Author,Nguyễn Văn Huế
A5101637383,Author,Nguyễn Văn Hòa
A5090308354,Author,Nguyễn Văn Liệp
A5070726452,Author,Nguyễn Văn Mạnh
A5101972755,Author,Nguyễn Văn Nghĩa
A5083902869,Author,Nguyễn Văn Nghĩa
A5029793479,Author,Nguyễn Văn Phòng
A5029148446,Author,Nguyễn Văn Qúy
A5100648337,Author,Nguyễn Văn Thành
A5034048261,Author,Nguyễn Văn Đăng
A5081765985,Author,Nguyễn Vĩnh Khương
A5101465468,Author,Nguyễn Xuân Ca
A5035101973,Author,Nguyễn Xuân Cường
A5010307491,Author,Nguyễn Xuân Hải
A5006023366,Author,Nguyễn Xuân Trường
A5068268537,Author,Nguyễn Xuân Tòng
A5081664588,Author,Nguyễn Đoàn Quốc Anh
A5003489886,Author,Nguyễn Đình Trung
A5061277637,Author,Nguyễn Đăng Khoa
LOCAL_A000448,Author,Nguyễn Đức Trường
A5086743869,Author,Nguyễn Đức Vũ Quyên
LOCAL_A000471,Author,"Nguyễn, Thị Thao"
A5137004518,Author,Ngân Lê Ngọc Thanh
A5134781418,Author,Ngân Nguyễn
A5078539417,Author,Ngô Minh Tuấn
A5028344237,Author,Ngô Thái Minh Quân
A5064645144,Author,Ngô Xuân Quảng
A5124128619,Author,Ngọc Khánh Nguyễn
A5128872648,Author,Ngọc Kiều Diễm Hồ
A5112230202,Author,Ngọc Minh Lê
A5102791402,Author,Ngọc Minh Nguyễn
LOCAL_A000435,Author,Ngọc Phúc Nguyễn
A5090498564,Author,Ngọc Phúc Nguyễn
A5083180919,Author,Ngọc Quyển Trần
A5134506871,Author,Ngọc Thảo Vy Vũ
A5103712019,Author,Ngọc Tuấn Nguyễn
A5042362477,Author,Nha Dai Trang Nguyen
A5101219574,Author,Nha T. NGUYEN
A5104010371,Author,Nha Thai-Quang
A5138992584,Author,Nha Thi Ngoc Tran
A5088410956,Author,Nhan Duc Nguyen
A5016568572,Author,Nhan Duc Nguyen
A5050155021,Author,Nhan Huynh
A5102008622,Author,Nhan Lu-Chinh Phan
A5026216458,Author,Nhan T. Nguyen
A5071961095,Author,Nhan T. T. Ho
A5014754170,Author,Nhan TT
A5122875143,Author,Nhan Thanh Nguyen
A5028661130,Author,Nhan Thinh Hoang
A5104122021,Author,Nhan Thong Tang
A5007516284,Author,Nhan Tri Phat
A5015069505,Author,Nhanh Van Nguyen
A5074437529,Author,Nhat Minh Dang
A5134527313,Author,Nhat Minh Nguyen
A5126973597,Author,Nhat Pham Vu
A5106845809,Author,Nhat Phuong Quynh Ngo
A5101851526,Author,Nhat Thang Thi Nguyen
A5008909699,Author,Nhat Tran
A5091402542,Author,Nhat Truong Pham
A5117858545,Author,Nhat Truong Truong
A5033957854,Author,Nhat-Ha T. Pham
LOCAL_A000635,Author,Nhat-Linh N. Dao
A5050688178,Author,Nhat-Minh Le-Phan
A5025741771,Author,Nhat-Tan Vo
A5026676431,Author,Nhat-Tien Nguyen
A5003092345,Author,NhatTan Nguyen
A5033734566,Author,Nhat‐Phi Doan
A5092900287,Author,Nhi Nguyen Thi Tuyet
A5117757287,Author,Nhi Thai Hoang Tuyet
A5114132723,Author,Nhi Tran Thi Yen
A5074093573,Author,Nhi Truong
A5073305924,Author,Nhi Van Vo
A5090872335,Author,Nhi-Vo Van
A5101352949,Author,Nho Tran Dinh Pham
A5106774781,Author,Nhon Hoang Thanh
A5015033686,Author,Nhu B.
A5004191876,Author,Nhu Bich
A5108109013,Author,Nhu D. Le
LOCAL_A000568,Author,Nhu Hai Pham
A5046633562,Author,Nhu Ky Ly
A5101617017,Author,Nhu Ngoc Nguyen
A5002666870,Author,Nhu Nguyen
A5113339637,Author,Nhu P. Nguyen
A5114194696,Author,Nhu T. M. Nguyen
A5048137524,Author,Nhung H. Nguyen
A5052968307,Author,Nhung Hai Truong
A5053472969,Author,Nhung Hong
LOCAL_A000086,Author,Nhung Nguyen Thi
A5079519299,Author,Nhung T. H. Pham
A5026663888,Author,Nhung Thi Tuyet Pham
A5096196814,Author,Nhung Tran Cam
A5060870949,Author,Nhung Trinh
A5041064801,Author,Nhung Vu
A5012509568,Author,Nhut Nhu Nguyen
A5037677437,Author,Nhut Tran Minh
A5018823341,Author,Nhu‐Ngoc Dao
A5110810020,Author,Nhân Văn Võ
A5087028337,Author,Ni Putu Mira Sumarta
A5029362407,Author,Niamat Hussain
A5010632118,Author,Niamh Mac Fhionnlaoich
A5038934404,Author,Nicholas Duy
A5106740255,Author,Nicola Burmeister
A5117543448,Author,Nicolas Salesse
A5053364755,Author,Niher Tabassum Snigdha
LOCAL_A000601,Author,Nikita Makarov
A5069007853,Author,Nikki Heherson A. Dagamac
A5069741011,Author,Nikki Rider
A5060829860,Author,Nikolay Korovkin
A5056999212,Author,Nikolay V. Silin
A5017221030,Author,Ning Chang-chun
A5025344010,Author,Ningbo Jiang
A5049531721,Author,Ninh Ngo Hai
A5034679255,Author,Ninh Tran
A5109666639,Author,Ninh Tran Khanh Dao
A5021775879,Author,Niu Mi
A5023913918,Author,Njoku PAUL
LOCAL_A000507,Author,"Njoroge, Hope"
A5003667222,Author,Noor Haida Mohd Kaus
A5024930700,Author,Nopparuj Suetrong
A5017536350,Author,Nor Shaipah Abdul Wahab
A5030054157,Author,Norbert Schwab
A5133198721,Author,Norimichi Takenaka
A5047512380,Author,Noriyuki Тanaka
A5101722766,Author,Noriyuki Тanaka
A5008973458,Author,Norma D. McNair
A5028273918,Author,Nosheen Rahman
A5057264704,Author,Noël Challamel
A5122303994,Author,Noël Challamel
A5112978882,Author,Nur Adila
A5032625001,Author,Nur Fatimah
A5113930059,Author,Nurlidia Mansor
A5002233700,Author,Nurul Neesa Idris
A5014715890,Author,Nurzada Amangeldy
A5005345397,Author,Nuttapon Khongdee
A5033733596,Author,Nwachukwu Chijioke
A5135197974,Author,Ny T. Kieu
A5120981353,Author,Ny Thi Kieu
A5063760978,Author,Nyaladzani Nkhwanana
LOCAL_A000500,Author,Nyaladzani Nkhwanana
A5018401587,Author,Nájila Souza da Rocha
LOCAL_A000159,Author,O Ilmandira
A5129686486,Author,O. Kalashev
A5091026666,Author,O. Nikan
A5030900211,Author,Oanh Le Thi Kim
A5134286694,Author,Oanh Le Vu Lan
A5017544315,Author,Oanh Thi Kieu Doan
A5012381405,Author,Oanh Thi Kim Le
A5067691424,Author,Oanh Thi Kim Vu
A5129503416,Author,Oanh Thi Tuong Do
A5005323032,Author,Oanh Tran
A5081459010,Author,Oanh Vu Thi Kim
A5110846094,Author,Oanh Đinh Le
A5094279601,Author,Obaid Moraya Saeed Al Qahtani
A5137873774,Author,Oh Shim Joo
A5054358107,Author,Olaf Heidenreich
A5003162913,Author,Olalekan Adekola
A5078584137,Author,Olatunji Fadeyi
A5008976102,Author,Olatunji Fadeyi
A5126318146,Author,Oleg Khyzhun
A5032504273,Author,Olga Bykanova
A5021838259,Author,Oliver Weeger
A5066114368,Author,Omaima Nasif
A5075431871,Author,Omar Bouzit
A5022950828,Author,Omid Aboubakri
A5101464450,Author,Ondřej Svoboda
A5029663721,Author,Ontran Sumantri Riyanto
A5030383833,Author,Ooi Chee Keong
A5091410883,Author,Oriana Rivera‐Lozada
A5133376077,Author,Osama Ahmed Mohamed
A5030291168,Author,Osamah Alsalman
A5034050904,Author,Osamu Kakusho
A5046213612,Author,Osman Cem Altıncı
A5018169142,Author,Oyisi Okatahi
A5010116708,Author,Oyundolgor Khorloo
A5069645890,Author,O‐Joun Lee
LOCAL_A000346,Author,P Byosiere
A5129448426,Author,P Coertzen
LOCAL_A000130,Author,P Damaschke
LOCAL_A000336,Author,P Drucker
A5068896645,Author,P Duong
LOCAL_A000702,Author,P Malekian
LOCAL_A000648,Author,P N T Dung
LOCAL_A000364,Author,P Peters
LOCAL_A000277,Author,P Podsakoff
LOCAL_A000259,Author,P Roth
LOCAL_A000355,Author,P Senge
A5079194244,Author,P. G. Doyne
LOCAL_A000050,Author,P. G. Hien
A5002732389,Author,P. H. Dung
A5111991433,Author,P. Le Hoang
A5030919137,Author,P. Li
A5036415036,Author,P. Malekzadeh
A5111093469,Author,P. N. Thu
A5109333181,Author,P. N. Truong
A5103028918,Author,P. Nguyen
A5056322359,Author,P. R.Krehbiel
A5077185547,Author,P. Silvestrini
LOCAL_A000671,Author,P. T. Hoa
LOCAL_A000207,Author,P. T. T. Hai
A5076796223,Author,P. T. Vinh
A5035626329,Author,P.H. Nguyen
A5104687879,Author,P.P. Yupapin
A5030875962,Author,P.T. Phong
A5084985533,Author,P.T. Tho
A5137525102,Author,PT Tho
A5020360390,Author,Pairod Singhatanadgid
A5113049027,Author,Palmero Ha
A5016901707,Author,Pamela W. Duncan
A5109689211,Author,Pan Long An
A5103166964,Author,Pan Lv
A5058225154,Author,Panos Kloukinas
A5135236530,Author,Paola B. Lauria
A5033922417,Author,Paola Beatriz Lauria
A5043580746,Author,Pascal Cassan
A5059661066,Author,Patricia Friedmann
A5005403550,Author,Patrick Gannon
A5072883137,Author,Patrick Johnston
A5034275358,Author,Patrick Van de Voorde
A5055097412,Author,Patrizia Tettamanzi
A5024767943,Author,Pattanapon Kayansamruaj
A5060295199,Author,Pattiya Sangpo
A5047902084,Author,Pau Loke Show
A5069373806,Author,Paul A. Gildea
A5033221741,Author,Paula P. Schnurr
A5027385468,Author,Paulo Sampaio
A5088934266,Author,Pavel Krömer
A5044406931,Author,Pavithra S. Pitumpe Arachchige
A5086096942,Author,Pawan Kumar Singh
A5061509700,Author,Paweł Żukowski
A5109507730,Author,Payal Vyas
A5108706799,Author,Peimin Zhu
A5034407820,Author,Pei‐Ming Yang
A5025132197,Author,Pemika Hirankittiwong
A5069741452,Author,Peng Chen
A5090643890,Author,Peng Zhang
A5101639650,Author,Pengcheng Zhang
A5071090412,Author,Peng‐Lang Shui
A5057884284,Author,Peppino Fazio
A5086503053,Author,Peta Ashworth
A5045240225,Author,Peter A. Meaney
A5067116161,Author,Peter C. Mattson
A5090948020,Author,Peter Faust
A5071384938,Author,Peter G. Mason
A5042670765,Author,Peter J. Kudenchuk
A5098041131,Author,Peter J. van Wiechen
A5058935102,Author,Peter K. Henke
A5043201732,Author,Peter Libby
A5044607532,Author,Peter Lievens
A5062168310,Author,Peter Rohmeiss
A5058772199,Author,Peter Savolainen
A5060548857,Author,Peter Schall
A5067287880,Author,Peter T. Morley
A5015416684,Author,Petr Bilík
A5089263417,Author,Petr Šilhavý
A5004702190,Author,Petra Boukamp
A5002689322,Author,Pha Nguyen
A5036337561,Author,Pham Anh Duc
A5120017289,Author,Pham Anh Tuan
A5047547190,Author,Pham Cam Nam
A5012355715,Author,Pham Dinh Khang
A5087385345,Author,Pham Duc Thinh
A5012152789,Author,Pham Duy Hai
A5077666944,Author,Pham Hoai Linh
A5110193080,Author,Pham Hoai Nam
A5094057503,Author,Pham Hoang An
A5099116975,Author,Pham Hoang Tu
A5107286799,Author,Pham Hong Quyen
A5115946236,Author,Pham Hong Thao
A5061425102,Author,Pham Huong Quynh
A5096494840,Author,Pham Huong Trang
A5041295651,Author,Pham Huu Nghia
A5022369934,Author,Pham Huu Tung
A5067080251,Author,Pham Huu Ty
A5116174086,Author,Pham Minh Cuong
LOCAL_A000045,Author,Pham Minh Tan
A5056016594,Author,Pham Minh Tan
A5120978819,Author,Pham Ngoc Son
A5007920755,Author,Pham Ngoc Tuan
A5018634287,Author,Pham Nguyet Anh
A5045268600,Author,Pham Quang Huy
A5124880789,Author,Pham Quang Minh
A5007149615,Author,Pham Quang Ngan
A5083362726,Author,Pham Quang Tuyen
LOCAL_A000593,Author,Pham Quoc Hoa
A5038733482,Author,Pham Quoc Khanh
LOCAL_A000675,Author,Pham T. Trang
A5065353383,Author,Pham T. Vinh
A5035626331,Author,Pham T.B. Nguyen
A5031031874,Author,Pham Thanh Tuan
A5022176740,Author,Pham Thi Anh
A5055305566,Author,Pham Thi Bach Hue
A5007410147,Author,Pham Thi Ha An
A5102010814,Author,Pham Thi Ha An
A5099073090,Author,Pham Thi Hoai Thuong
A5119701105,Author,Pham Thi Hong Thuy
A5129859482,Author,Pham Thi Huyen
A5116630261,Author,Pham Thi Kim Ngan
A5039967759,Author,Pham Thi Kim Thuy
A5058325292,Author,Pham Thi Song Thuyet
A5057475080,Author,Pham Thi Tham
A5023810707,Author,Pham Thi Thu Ha
A5117543444,Author,Pham Thi Thuy Dung
A5000577107,Author,Pham Thi Thuy Loan
A5057056307,Author,Pham Thi Thuy Trang
A5036059136,Author,Pham Thi Tram Anh
A5028411206,Author,Pham Thien Vu
A5005562712,Author,Pham Thu Hien
A5119701106,Author,Pham Thu Trang
A5081588326,Author,Pham Thuc Tuyen
A5089869571,Author,Pham Toan Thang
A5056461250,Author,Pham Tran Thien Phu
A5054360822,Author,Pham Tuan Anh
A5101469019,Author,Pham Tuan Dung
A5112876838,Author,Pham Van Day
A5090489273,Author,Pham Van Hai
LOCAL_A000461,Author,Pham Van Huy
LOCAL_A000316,Author,Pham Van Kien
A5060950462,Author,Pham Van Kien
A5107125627,Author,Pham Vo Hong Nghi
A5045047983,Author,Pham Văn Thinh
A5076541729,Author,Pham Xuan Dong
LOCAL_A000404,Author,"Pham, Ngoc Hoai"
A5022457847,Author,Pham-Hung Duong
A5124878754,Author,Phan Binh Nguyen Lam
A5019777897,Author,Phan Chí Hiếu
A5025365223,Author,Phan Dien Vy
A5101641106,Author,Phan Duy Nguyen
A5093294021,Author,Phan Huu Luan
A5046526189,Author,Phan Ke Long
A5104346383,Author,Phan Le
A5119568655,Author,Phan Le Quynh Hoa
A5076923993,Author,Phan Lien
A5080808397,Author,Phan Nguyen Ky Phuc
A5002032651,Author,Phan Nguyen Vinh
A5009869107,Author,Phan Nguyễn Quỳnh Anh
A5102396654,Author,Phan Nhat Minh
A5063563629,Author,Phan Phuoc Hien
A5093290377,Author,Phan Q.P. Hanh
A5053225960,Author,Phan Quan Viet
A5065585303,Author,Phan Quang Thang
A5067398066,Author,Phan Quoc Lam
LOCAL_A000004,Author,Phan T. H. Linh
LOCAL_A000072,Author,Phan T. Quy
A5050662303,Author,Phan T.T. Truc
A5064618445,Author,Phan Thanh Cong
A5117757326,Author,Phan Thanh Ngan
A5032425379,Author,Phan Thi Cat Tuong
A5110647737,Author,Phan Thi Hanh
LOCAL_A000093,Author,Phan Thi Kim Thao
A5068908636,Author,Phan Thi Thanh Huyen
A5102017380,Author,Phan Thi Thuy
A5016877301,Author,Phan Thuy Kieu
A5048239767,Author,Phan Thành Nam
A5050840755,Author,Phan Thế Công
A5008034575,Author,Phan Thị Kim Thư
A5029981257,Author,Phan Tu Qui
A5056072889,Author,Phan Tu Vuong
A5034194161,Author,Phan Tứ Quý
LOCAL_A000091,Author,Phan Van Duc
A5101932598,Author,Phan Van-Duc
A5006705698,Author,Phan Xuan Le
LOCAL_A000215,Author,"Phan, Q.L."
LOCAL_A000522,Author,"Phan-Hong Vo, Kiet"
A5024548193,Author,Phan-Tu Quy
A5101290167,Author,Phat Nguyen Cuong Nguyen
A5018810877,Author,Phat Nguyen-Huynh
A5101289673,Author,Phat Tan Tran
A5100744810,Author,Phi Duong Nguyễn
A5114129464,Author,Phi Duong Nguyễn
A5119564603,Author,Phi Long Nguyen
LOCAL_A000432,Author,Phi Ngoc Quang Tran
A5121763713,Author,Phi Ngoc Quang Tran
LOCAL_A000588,Author,Phi Tran
LOCAL_A000581,Author,Phi-Hung Nguyen
A5049441779,Author,Philip G. Oguntunde
A5011034168,Author,Philip Kofi Adom
A5082542863,Author,Philipp Hadwiger
A5051157727,Author,Philippe Reiffsteck
A5133156427,Author,Pho Thi Nguyen
A5079571573,Author,Phone Thiha Kyaw
A5071378698,Author,Phong Luu
A5032779199,Author,Phong Nguyen Dinh
A5085218551,Author,Phong Nguyen Thanh
A5136018359,Author,Phong Nguyen Thanh
A5108824078,Author,Phong Nguyễn Thanh
A5073961077,Author,Phong Q. Le
A5036520383,Author,Phong Quoc Le
A5030197858,Author,Phong Thanh Nguyen
A5004974582,Author,Phong Thanh Tran
A5072294451,Author,Phong Vo Quoc
A5044476993,Author,Phong-Thanh Ngo
A5024162646,Author,Phu Sy Truong
A5113888338,Author,Phu Thuong Luu Nguyen
A5039592401,Author,Phu Tran Tin
A5011303321,Author,Phu X. Nguyen
A5110750141,Author,Phu-Tan Nguyen
A5062478922,Author,Phu-Vinh Phan
A5054924786,Author,Phuc Dang Huu
LOCAL_A000375,Author,Phuc Dang Huu
A5043963174,Author,Phuc Dinh Tran Ngoc
A5066394609,Author,Phuc Do
A5029102618,Author,Phuc H. Vo
LOCAL_A000611,Author,Phuc Hoang Bui
A5052492423,Author,Phuc Hoang Minh
LOCAL_A000061,Author,Phuc Huu Dang
A5089855087,Author,Phuc Huu Truong
A5100977585,Author,Phuc Ngoc Nguyen
A5009228968,Author,Phuc Quang Truong
A5125432835,Author,Phuc T. Tran
A5104243157,Author,Phuc-Nguyen Nguyen
A5114195715,Author,PhucThien Nguyen
A5071489355,Author,Phung Dao
A5104197221,Author,Phung Ngoc Thao Ho
A5106841018,Author,Phung Thi Thanh Xuan
A5027033593,Author,Phung Ton That
A5035960995,Author,Phung Van Phuc
LOCAL_A000560,Author,Phung Van Trung
A5133005158,Author,Phung Vo Ngoc Thien
A5129644697,Author,Phung Vo Ngoc Thien
A5066150494,Author,Phuoc Ha Vinh
A5108902976,Author,Phuoc Hong Tran
A5094127272,Author,Phuoc Le Thien
A5063584493,Author,Phuoc Luong Le
A5052038865,Author,Phuoc Quy Phong Nguyen
LOCAL_A000561,Author,Phuoc-Dat Duong
A5043693171,Author,Phuoc-Hien Phan
A5130362156,Author,Phuoc-Quyen Le
A5043481464,Author,Phuoc‐Anh Le
A5119657244,Author,Phuong Anh Pham-Tran
A5116783865,Author,Phuong Anh Tran-Mai
A5023570581,Author,Phuong Bui
A5106596649,Author,Phuong D. Tran
A5013127410,Author,Phuong Duy
A5101340227,Author,Phuong H.M. Nguyen
A5113377787,Author,Phuong Ha
A5067395177,Author,Phuong Hac Nguyen
A5112687318,Author,Phuong Hoa Ly Thi
A5029307415,Author,Phuong Hoai Ha
A5082139032,Author,Phuong Hoai Hoang
A5041894479,Author,Phuong Hoang Lam
A5107867309,Author,Phuong Huyen Nguyen
A5112469672,Author,Phuong Kim Bui
A5081343112,Author,Phuong Kim-Thi
A5077456883,Author,Phuong Le
A5101451102,Author,Phuong Le Thi
A5101813011,Author,Phuong Minh Binh Nguyen
A5017384034,Author,Phuong Nguyen Bao Cuc
A5076809954,Author,Phuong Nguyen Duc
A5137339313,Author,Phuong Nguyen Thi Hong
A5102525038,Author,Phuong Nguyen Thi Hong
A5028027304,Author,Phuong Nhat Tran
A5134886675,Author,Phuong T M Ha
A5118149059,Author,Phuong T. D. Thach
A5066453892,Author,Phuong T. M. Ha
A5091627176,Author,Phuong T. Tran
LOCAL_A000398,Author,Phuong Thao Nguyen
A5003463460,Author,Phuong Thi Le
A5112403918,Author,Phuong Thi Le
A5039949041,Author,Phuong Thu Ha
A5089531486,Author,Phuong Thuy Viet Nguyen
A5063263505,Author,Phuong Tran
A5073800051,Author,Phuong Tran Hoang
A5086818392,Author,Phuong Trieu
A5041697858,Author,Phuong Tuyet Nguyen
A5109019942,Author,Phuong-Dung Ly
A5112861862,Author,Phuong-Ngoc Nguyen
A5066152930,Author,Phuong-Thao Nguyen
A5068122335,Author,Phuong-Thuy T. Phan
A5046399932,Author,Phuong‐Thao Ho
A5025776689,Author,Phuong‐Trang Nguyen‐Thi
A5102865733,Author,Phuong‐Tung Nguyen
A5070137442,Author,Phu‐Cuong Nguyen
A5073610437,Author,Phùng Thị Tuyến
A5035696819,Author,Phùng Văn Trung
A5072521375,Author,Phương Hạnh Nguyễn
A5112911020,Author,Phương Nguyễn Thị
A5101629727,Author,Phương Ngọc Nguyễn
A5074162455,Author,Phương Tùng Nguyễn
A5044058358,Author,Phạm Hồng Nam
A5041279466,Author,Phạm Khắc Liệu
A5112560700,Author,Phạm Minh
A5010458646,Author,Phạm Minh Quân
A5006309811,Author,Phạm Minh Đạt
A5005045485,Author,Phạm Ngọc Chức
A5088192772,Author,Phạm Ngọc Sơn
A5113027053,Author,Phạm Quang Minh
A5013024980,Author,Phạm Thanh Hiệp
A5060222747,Author,Phạm Thế Chính
A5057683641,Author,Phạm Thị
A5059831731,Author,Phạm Thị Anh Thư
A5022545715,Author,Phạm Thị Bích Thảo
A5065459150,Author,Phạm Thị Hà Vân
A5110835806,Author,Phạm Thị Hằng
A5076966340,Author,Phạm Thị Mai Hương
A5101958583,Author,Phạm Văn Tuấn
A5052932812,Author,Phạm Văn Tất
A5045162218,Author,Phạm Vũ Nhật
A5074180869,Author,Phạm Vũ Phi Hổ
A5028867378,Author,Phạm Đăng Nhật Thái
LOCAL_A000038,Author,Pi-Chan Ko
A5014695848,Author,Pieterjan Claes
A5037669071,Author,Pietro Caironi
A5101626772,Author,Pinaki Saha
A5100687895,Author,Ping Ning
A5101609039,Author,Ping Ning
A5102150319,Author,Pingping Zuo
A5081641836,Author,Pinhas Sareli
A5113544583,Author,Pinhas Sareli
A5049716230,Author,Po-Kai Chuang
A5133053510,Author,Poh Kiong Tee
A5040778010,Author,Pornpat Sam-ang
A5054711582,Author,Poulumi Dey
A5023835965,Author,Prabakaran Veerajagadheswar
A5003625164,Author,Prabhakar Sharma
A5091396479,Author,Prabhu Paramasivam
A5036551566,Author,Prabodh Satyal
A5044608756,Author,Pramesh Dhungana
LOCAL_A000486,Author,Pramesh Kumar Dhungana
A5047208892,Author,Prasenjit Dewanjee
A5091336030,Author,Prasiddha Mahardhika El Fadhlallah
A5027281024,Author,Pratiwi Soesilawati
A5092443615,Author,Prerana Bhaumik
A5021440982,Author,Proloy Deb
A5090622402,Author,Promise O. Longe
A5015622316,Author,Punneeporn Wasinrapee
A5055350688,Author,Putri Mutira
LOCAL_A000153,Author,Q Nguyen
LOCAL_A000650,Author,Q T Tran
LOCAL_A000689,Author,Q Tran
A5045459799,Author,Q. Duyet Tran
A5133109930,Author,Q. Nguyen
A5007840514,Author,Q. S. Vu
A5112645301,Author,Q. T. Ngo
A5104337962,Author,QING HUANG
A5046049487,Author,QU Qing-biao
LOCAL_A000390,Author,QUANG TAM TRUONG
A5101648172,Author,QUI NHAT NGUYEN
A5062041023,Author,Qamar Yasin
A5019101426,Author,Qiang Dong-mei
A5100415670,Author,Qiang Han
A5104386707,Author,Qiang Wu
A5003423239,Author,Qiang Wu
A5039870293,Author,Qiao Wang
A5101812738,Author,Qingfu Wang
A5101414185,Author,Qinghua Li
A5078129675,Author,Qingling Liu
A5030154211,Author,Qingxia Li
A5100662935,Author,Qingyang Yu
A5043677244,Author,Qizhen Du
A5089374005,Author,Quach Van Hoi
A5129705205,Author,Quan A. Nguyen
A5043189560,Author,Quan Dong Ta
A5002058256,Author,Quan Ke Thai
A5041461727,Author,Quan Le
A5035378097,Author,Quan Minh To
A5082854198,Author,Quan Zhou
A5061906200,Author,Quang Anh Nguyen
A5106931559,Author,Quang Chi Bui
A5128362655,Author,Quang Dai Tuyen
A5089706471,Author,Quang Dung Le
A5096746289,Author,Quang Duy Luong
A5124377472,Author,Quang Hai Nguyen
A5005067091,Author,Quang Hai Tran
A5107919436,Author,Quang Hieu Vu
A5087293091,Author,Quang Huy
A5023113227,Author,Quang Huy Ho
A5042835508,Author,Quang Huy Truong
A5134791404,Author,Quang Hằng
A5110917966,Author,Quang Khieu Dinh
A5078615031,Author,Quang Le Dang
A5064657974,Author,Quang Lê Đăng
A5102896814,Author,Quang Minh Dinh
A5113457602,Author,Quang Minh Pham
A5101648170,Author,Quang Nguyen
A5026941681,Author,Quang Nguyen
A5038711387,Author,Quang Nguyen Hao
A5084280578,Author,Quang Nguyen-The
A5124888030,Author,Quang Nhat Tran
LOCAL_A000450,Author,Quang Phich Nguyen
A5037098982,Author,Quang Phich Nguyen
A5104242419,Author,Quang Shi Vu
A5024825570,Author,Quang Tam Truong
A5067718322,Author,Quang Thao Le
A5051166280,Author,Quang Thien Luu
A5051245111,Author,Quang Thien Tran
A5069093485,Author,Quang Thuan Huynh
A5050464986,Author,Quang Tran Vuong
A5088949909,Author,Quang Tri Le
A5112947648,Author,Quang Trí Nguyễn
A5001795239,Author,Quang Tung Dao
A5058088271,Author,Quang Viet Ly
A5090147142,Author,Quang-An Ha
A5076947041,Author,Quang-Huy Dang
A5056302319,Author,Quang-Huy Le
A5081893974,Author,Quang-Nhat Tran
A5074621625,Author,Quang-Phich Nguyen
A5137034080,Author,Quang-Thien-Buu Nguyen
A5014186775,Author,Quang-Viet Vu
A5114074337,Author,Quang-Vinh Dinh
A5072203401,Author,Quanhong Li
A5011848775,Author,Que Anh Pham
A5092241114,Author,Que Ly Nguyen
A5019049009,Author,Que Nguyen Kieu Viet
A5114995941,Author,Que Quan Huynh
A5015095214,Author,Qui X. Lieu
A5071311283,Author,Quirino Estrada
A5087438050,Author,Quoc Bao Diep
A5042425451,Author,Quoc Bao Pham
A5077585613,Author,Quoc Hoa Pham
A5124944636,Author,Quoc Huy Vu
A5073095832,Author,Quoc Khanh Ly
A5069934157,Author,Quoc Long Pham
A5101153572,Author,Quoc Thang Nguyen
A5029912738,Author,Quoc Thanh Truong
A5085765783,Author,Quoc Thinh Tran
A5035085724,Author,Quoc-Bao Bui
LOCAL_A000465,Author,Quoc-Bao Nguyen
A5101205934,Author,Quoc-Bao Nguyen
A5071849699,Author,Quoc-Dang Quan
A5042237838,Author,Quoc-Dung Tran
A5024850056,Author,Quoc-Hoa Pham
A5112057266,Author,Quoc-Hung Nguyen
A5083291115,Author,Quoc-Huy Ninh
LOCAL_A000444,Author,Quoc-Ky Truong
LOCAL_A000464,Author,Quoc-Minh Thi Nguyen
A5055316375,Author,Quoc-Tuan Tran
A5009585629,Author,Quoc‐Thai Nguyen
A5039829241,Author,Quoc‐Viet Le
A5062525719,Author,Quoc‐Viet Pham
LOCAL_A000605,Author,Quy Quyen Ngo
A5105820446,Author,Quyen D. K. Nguyen
A5068549213,Author,Quyen Doan Thuc
A5136234150,Author,Quyen Le Kha
LOCAL_A000299,Author,Quyen N. Tran
A5046308015,Author,Quyen Ngoc Hoang
A5117603944,Author,Quyen Ngoc Thi Hua
LOCAL_A000101,Author,Quyen Ngoc Tran
A5045964701,Author,Quyen Phu Thi Phan
A5122807415,Author,Quyen Thi Nguyen
A5003989156,Author,Quyen Thi Nguyen
A5065502298,Author,Quyen Vu
A5133342206,Author,Quyet Quang Nguyen
A5042349140,Author,Quyet-Nguyen Van
A5016501138,Author,Quynh Anh T. Nguyen
A5061363296,Author,Quynh Doan Huong
A5027556039,Author,Quynh Le‐Van
A5013382990,Author,Quynh Nga Le
A5134314768,Author,Quynh Nguyen Ngoc Nhu
A5097356205,Author,Quynh Nhu Pham
LOCAL_A000403,Author,Quynh Thi Nguyen
A5101289672,Author,Quynh Vo My Nguyen
A5109484736,Author,Quynh-Anh Nguyen
A5068862407,Author,Quynh-Mai Nguyen
A5128336422,Author,Quynh‐Xuan Thi Nguyen
A5119371022,Author,Quý Hoàng Ngọc
A5001160212,Author,Quốc Bảo Nguyễn
A5015225298,Author,Quốc Cường Huỳnh
A5068804587,Author,Quốc Duy Hồ
A5094151435,Author,Quốc Trị Trần
LOCAL_A000230,Author,R Bagozzi
LOCAL_A000232,Author,R Baron
LOCAL_A000354,Author,R Bruce
LOCAL_A000164,Author,R Chen
LOCAL_A000162,Author,R Danandjojo
LOCAL_A000249,Author,R Emmons
A5030296089,Author,R F Moore
LOCAL_A000146,Author,R Faizi
LOCAL_A000160,Author,R Farisi
LOCAL_A000276,Author,R Horton
LOCAL_A000362,Author,R Ingen
LOCAL_A000251,Author,R Larsen
LOCAL_A000268,Author,R Maccallum
LOCAL_A000114,Author,R Montanari
LOCAL_A000275,Author,R Montoya
A5090361625,Author,R Ninio
LOCAL_A000226,Author,R Petrie
LOCAL_A000128,Author,R Salman
LOCAL_A000113,Author,R Santis
LOCAL_A000156,Author,R Skinderowicz
A5056025737,Author,R. Gopi
A5037482393,Author,R. H. G. Ranil
A5136925850,Author,R. Higuchi
A5037620294,Author,R. Krishna Priya
A5109127716,Author,R. Lang
A5132104550,Author,R. LeVon
A5007640729,Author,R. López‐Noda
A5062292777,Author,R. M. S. R. Chamara
A5015756945,Author,R. Mouacher
A5011706579,Author,R. Padanyi
A5126219837,Author,R. Ponce-Pérez
A5073605632,Author,R. Ponce‐Pérez
A5053741823,Author,R. R. MAGALHÃES
A5043173692,Author,R. R. Sickler
A5136932902,Author,R. Sakamoto
A5074230194,Author,R. Taugner
A5129715936,Author,R. U. Abbasi
A5120992317,Author,R. U. Abbasi
A5082519416,Author,R.H. Bosma
A5067638085,Author,R.J. Maarschalkerweerd
A5110094777,Author,RM Lang
A5059034951,Author,Rabeea Noor
A5006039089,Author,Rabia Akram
A5018594029,Author,Radek Fajgаr
A5042254735,Author,Radek Martínek
A5019922027,Author,Radek Šilhavý
A5085954814,Author,Raeesa Moolla
LOCAL_A000511,Author,Raeesa Moolla
A5110701424,Author,Raffo Escalante
A5026652437,Author,Rahul Bhandari
LOCAL_A000502,Author,"Rai, Rajesh Kumar"
A5111866351,Author,Rainer Dietz
A5015337386,Author,Rainer Rettig
A5027936517,Author,Rajeev Kumar Dohare
A5026384627,Author,Rajeev Yadav
LOCAL_A000716,Author,Rajesh Kumar Rai
LOCAL_A000478,Author,Rajinder Dass
A5019820840,Author,Rakesh Gupta
A5067977804,Author,Ramesh L. Gardas
A5049558646,Author,Ramiro Pillco Zolá
A5028937831,Author,Ramona Trestian
A5016510429,Author,Ranfeng Qiu
A5029980919,Author,Ranh Nguyen Thi
A5009897964,Author,Ranh Truong Van
A5121922326,Author,Ranil Rajapaksha
A5004174989,Author,Ranjna Sirohi
A5011528405,Author,Raquel C. Gardner
A5135174498,Author,Rasha U. Abbasi
A5002248149,Author,Ravi Naidu
A5055431798,Author,Ravi P. Agarwal
A5101961231,Author,Rawshan Ali
A5089470104,Author,Ray Cheng Chern Xi
A5074171210,Author,Raymond D. Ward
A5038895380,Author,Raymond Yeong Wei Wen
A5014186524,Author,Raúl J. Gazmuri
A5123919836,Author,Reetu Saini
A5115912140,Author,Rehab Gaber Ismael
A5137959653,Author,Relgen Obiasada
A5101800295,Author,Ren Jiang
A5016901918,Author,Renata Skýpalová
A5031344072,Author,Renato Antonio Bertão
A5102895643,Author,Renhai Wang
A5102084027,Author,Rense Lange
A5086706877,Author,René Jaroš
A5104076001,Author,René Remmelt Willie Johan van der Hulst
A5039423577,Author,Retno Mawarini Sukmariningsih
A5013517307,Author,Reza Bahramloo
A5041017487,Author,Reza Ershadnia
A5000286137,Author,Reza Rezaee
A5004759226,Author,Reza Saadati
A5002019686,Author,Ricardo Hallal Fakury
A5028284310,Author,Riccardo Ferriani
A5102951176,Author,Riccardo Natoli
A5086095919,Author,Richard Aickin
A5026340579,Author,Richard Betts
A5048245818,Author,Richard P.J.H. Struijk
A5106803393,Author,Richard Ramsawak
A5030946527,Author,Richard Selase Agboga
A5007358249,Author,Ricky Indra Alfaray
A5091100497,Author,Rigel Keith C. Baluyot
A5078525116,Author,Riichiro Mizoguchi
A5083804370,Author,Rijan Ojha
A5130078744,Author,Ripa Akter
A5052611963,Author,Rita AKHIDUE-OGOGO
A5086509701,Author,Rita Omon Akhidue Ogogo
A5039058211,Author,Rizwan Safdar
A5058693463,Author,Robert A. Berg
A5090660367,Author,Robert Bingham
A5012751492,Author,Robert Greif
A5057073317,Author,Robert J Henry
A5082627916,Author,Robert J. Atterbury
A5006970624,Author,Robert J. Rowley
A5061514881,Author,Robert S. Hansen
A5066817807,Author,Robert W. Neumar
A5042115750,Author,Roberta Proffitt Lavin
A5033921756,Author,Roberto Alfieri
A5049765310,Author,Roberto M. Lang
A5036233313,Author,Roberto Núñez-González
A5109974992,Author,Roderick W. Childers
A5053882063,Author,Roksanur Akter
A5045970281,Author,Roland Veelken
A5020231952,Author,Roman Šenkeřík
A5061756650,Author,Romana Garma
A5017002382,Author,Romergryko G. Geocadin
A5012676647,Author,Ron Blankstein
A5062884692,Author,Ron Z. Goetzel
A5036292398,Author,Ronaldo S. Alipin
A5016128874,Author,Ronghua Jin
A5066780149,Author,Rongjun Wu
A5006375556,Author,Roozbeh Moazenzadeh
A5088917647,Author,Rosario Trijuliamos Manalu
LOCAL_A000290,Author,Roseline Esmilaire
A5058888535,Author,Roseline Esmilaire
A5087806761,Author,Roya Ebrahimi
A5109304397,Author,Ruan Wen
A5005018946,Author,Rubina Kousar
A5064006808,Author,Ruby Lieu
A5089220341,Author,Rudolph P. Frizzi
A5046497176,Author,Rudolph W. Koster
A5101588421,Author,Rui Qi
A5101615863,Author,Ruihan Zhang
A5016345523,Author,Rumpa Saha
A5021354106,Author,Runzhang Qi
A5077085496,Author,Ruoji Zhao
A5035626095,Author,Rupert Handgretinger
A5110556117,Author,Russell E. Griffin
A5089557187,Author,Ruth Gostelow
A5007830940,Author,Ruth Guinsburg
A5076135647,Author,Ryan Berke
A5088363082,Author,Ryan Kling
LOCAL_A000695,Author,S &fatemi
A5109215282,Author,S A Daugherty
LOCAL_A000318,Author,S Alajmi
LOCAL_A000186,Author,S Alghuwainem
LOCAL_A000280,Author,S Aryee
LOCAL_A000198,Author,S Ayon
LOCAL_A000144,Author,S Bouzbita
LOCAL_A000267,Author,S Choi
LOCAL_A000327,Author,S Craps
LOCAL_A000326,Author,S Cuellar
LOCAL_A000685,Author,S Derry
LOCAL_A000269,Author,S Hong
LOCAL_A000151,Author,S Korkmaz
LOCAL_A000224,Author,S Lovascio
A5112800545,Author,S Láng
LOCAL_A000697,Author,S Nowrouzi
LOCAL_A000353,Author,S Scott
LOCAL_A000199,Author,S Shahriyar
LOCAL_A000698,Author,S Tam
LOCAL_A000169,Author,S Yasear
A5087849832,Author,S. Adarsh
A5010001093,Author,S. Bae
A5041758579,Author,S. C. Chen
A5079259160,Author,S. H. Rhim
A5036850374,Author,S. Hayakawa
A5131974323,Author,S. Jeong
A5111349661,Author,S. M.
A5102762185,Author,S. M. Murigendrappa
A5110454044,Author,S. M. Rafiul Islam
A5028500163,Author,S. M. Riazul Islam
A5038617538,Author,S. N. Deepa
A5136921011,Author,S. Nagataki
A5136981193,Author,S. Ogio
A5076195331,Author,S. Ozawa
A5033082045,Author,S. Rajaram
A5020825456,Author,S. Sakurai
A5136948187,Author,S. W. Kim
A5009865975,Author,S. Y. Park
A5103017171,Author,S.A. Vorobyova
A5028951593,Author,SERGEY S. KALYUZHNY
A5069659660,Author,SVETLANA P. KUZNETSOVA
A5034076654,Author,Saad M. Alshehri
A5101719668,Author,Sachin Kumar
A5134489233,Author,Sachin Kumar
A5104330936,Author,Sachin Kumar
A5129674933,Author,Sachin Kumar
A5129878561,Author,Sachin Kumar
LOCAL_A000020,Author,Sachin Kumar
A5132976383,Author,Sachin Kumar
A5135133994,Author,Sachin Kumar
A5126799033,Author,Sachin Kumar
A5127802930,Author,Sachin Kumar
A5130343899,Author,Sachin Kumar
A5126009246,Author,Sachin Kumar
A5025285609,Author,Sadikou Agbere
LOCAL_A000505,Author,Sadikou Agbere
A5045306957,Author,Saeed Althamer
A5089022716,Author,Saengchan Senapin
A5088853821,Author,Safwan Mohammed
A5078120613,Author,Sahil Nazir Pottoo
A5021863822,Author,Sahri Sahri
A5138180568,Author,Sahri Sahri
A5003678121,Author,Saifullahi Shehu Imam
A5056919969,Author,Saikh Mohammad Wabaidur
A5103249297,Author,Saja Fadhil Abbas
A5020702633,Author,Sajad Ebrahimnia Taremsari
A5066638282,Author,Salah Fatouh Abou‐Elwafa
A5001907851,Author,Salim Heddam
LOCAL_A000668,Author,Sallie Shipman
A5014097779,Author,Sam Minh Thai
A5052970907,Author,Sam Phan Hai Nguyen
A5091148818,Author,Samantha Conley
A5117644945,Author,Samantha J. Windle
A5124206567,Author,Samantha Suranjan
A5033627409,Author,Samar Adnan
A5069734411,Author,Samarendra Nath Sur
A5022798909,Author,Sameh M. Osman
A5031094477,Author,Samer Kiwan
A5056304373,Author,Sami Hennawi
A5116250663,Author,Samia Ayed Aljaeed
A5015882055,Author,Samia Elattar
A5108293775,Author,Samia M. Ibrahim
A5027283721,Author,Samir Khatir
A5025977132,Author,Samir Tiachacht
A5069149378,Author,Sandeep Kumar Dey
A5065323250,Author,Sandhya Babel
A5124248425,Author,Sandip Behera
A5028063152,Author,Sandip Kumar Behera
A5103046358,Author,Sandip Kundu
A5051848349,Author,Sandra Iverson
A5032288237,Author,Sandra Kordowich
A5104107891,Author,Sang Ho
A5032941002,Author,Sang Quang Nguyen
A5004131008,Author,Sang V. Nguyen
A5084775306,Author,Sangchoon Jeon
A5069847897,Author,Sanjay Kalra
A5036727378,Author,Sanjib Saha
A5136085905,Author,Sanjib Saha
A5089524326,Author,Sankar Hari Prakash
A5048785235,Author,Sanskriti Dey
A5072008290,Author,Santanu Mukherjee
A5000823484,Author,Santanu Mukherjee
A5071754735,Author,San‐Lang Wang
A5024588356,Author,San‐Nan Yang
A5074064328,Author,Sara Ajmal
A5045898489,Author,Sarah Bur
A5017263869,Author,Sarah Linsky
A5078661947,Author,Sarah M. Perman
A5117424256,Author,Sardi Juanda
A5036538864,Author,Sarita Gajbhiye Meshram
A5088300934,Author,Sartaj Hussain
LOCAL_A000483,Author,Sarva Mangala Praveena
A5122224274,Author,Sarva Mangala Praveena
A5045131495,Author,Sarvar Inatullaevich Nazarkosimov
A5015707475,Author,Sasha A. Singh
A5061233140,Author,Satiprasad Sahoo
A5089109767,Author,Saúl Drajer
A5063075884,Author,Scott Eley
A5065438450,Author,Scott McDonald
A5107906105,Author,Sean Watts
A5136285735,Author,Sebastian Rushawn Odaine Marshall
A5019965004,Author,Sebastian Scharf
A5104311871,Author,Selvaraj David
A5108029911,Author,Selvaraj Mohana Roopan
A5010689925,Author,Selwan M. El‐Sayed
LOCAL_A000449,Author,Seonghun Kang
A5103213810,Author,Seong‐Gon Kim
A5067390924,Author,Septian Pradana
A5004928802,Author,Sergey V. Muravyov
A5037459239,Author,Seth Powsner
A5004271260,Author,Seung Hyeon Park
A5100434395,Author,Seung Jae Lee
A5021296526,Author,Sevenpri Candra
A5062542939,Author,Seyed Hossein Hoseinifar
A5029995327,Author,Seyed Mohammad Nasir Mousavi
A5091500375,Author,Seyedali Mirjalili
A5075332753,Author,Shabir Ahmad
A5012583826,Author,Shadfar Davoodi
A5110579458,Author,Shadieh Mohammadi
A5066599245,Author,Shadrach OMOFOWA
A5072566978,Author,Shafi Mohamad
A5000866983,Author,Shahbaz Nasir Khan
A5019183004,Author,Shahed Rana
A5056209905,Author,Shahid Mumtaz
A5134226784,Author,Shahla Hosseini Bai
A5076877524,Author,Shahnaz Bashir
A5090352762,Author,Shalini A. L. King
A5081831852,Author,Shamim Mahbub
A5024054120,Author,Shamshul Ansari
A5042163751,Author,Shangxian Yin
A5113482366,Author,Shankar Bhat
A5028650701,Author,Shannon A. Mahan
A5018189411,Author,Shaohua Marko Hsu
A5020851663,Author,Shaoxian Song
A5035774373,Author,Sharad Karandikar
A5059773332,Author,Shariff E. Kabir
A5064913339,Author,Sharon Deppe
A5072878768,Author,Shelvi Rusdiana
A5126812074,Author,Sheng-Yang Lee
A5100696961,Author,Shengjie Wang
A5110951526,Author,Sherif Ahmed Abu El-Magd
A5019473435,Author,Sherri Kovach
A5063655240,Author,Sherri Wheeler
A5017957987,Author,Shi Bao-xia
A5077149091,Author,Shi Guoqin
A5101468353,Author,Shi Zhong
A5089872679,Author,Shigeharu Hosono
A5108227773,Author,Shigeo Fujii
A5011794101,Author,Shih-Hsun Walter Hung
A5100604668,Author,Shilang Xu
A5051606464,Author,Shinichiro Ohshimo
A5103573643,Author,Shinji Goto
A5032662195,Author,Shinya Echigo
A5073470573,Author,Shiping Yin
A5037715406,Author,Shi‐Yong Dong
A5064560837,Author,Sho Tsujimura
A5018766595,Author,Shoaib Ali
A5021197768,Author,Shobhit K. Patel
A5022638034,Author,Shova Neupane
A5067957815,Author,Shreyas Mukka Ramachanra
A5051509129,Author,Shu-Han Li
A5100762383,Author,Shu-Ming Zhang
A5112965708,Author,Shubhayan Roy Chowdhury
A5103066046,Author,Shufang Zhao
A5101793667,Author,Shuhan Li
A5049222685,Author,Shuichiro Tagane
LOCAL_A000028,Author,Shun-Fa Yang
A5014260545,Author,Shun‐Fa Yang
A5058591249,Author,Shu‐Huei Kao
A5069711950,Author,Si-Phu Le
A5037131073,Author,Si-Yeong Jun
A5009080326,Author,Sierra F. Patterson
A5076385003,Author,Siham Acharki
A5049339151,Author,Silvio Raciti
A5088899338,Author,Simon C. Body
A5004526884,Author,Simon R. Bush
A5009716584,Author,Simona G. Lang
A5066757856,Author,Sin Jin Tan
LOCAL_A000521,Author,"Sindelar, Matej"
A5053245824,Author,Sinh Duc Hoang
LOCAL_A000103,Author,Sinh Khang Nguyen
A5039725259,Author,Siriluck Usaha
A5058199474,Author,Sitara Afzal
A5047998559,Author,Siti Aqilah Husna Md Azman
A5031148394,Author,Siti Mariyam
A5039424904,Author,Siva Avudaiappan
A5063909702,Author,Sizwe D. Mabaso
LOCAL_A000491,Author,Sizwe Mabaso
A5102771088,Author,Sk Mehebub Rahaman
A5078984352,Author,Smail Mouloudj
A5070675941,Author,Sobar M. Johari
A5034916559,Author,Sobia Nisar
A5122261563,Author,Sobia Rose
LOCAL_A000481,Author,Sobia Rose
A5006566365,Author,Soheil Rastan
A5085537455,Author,Sokip Sokip
A5022771633,Author,Sol I. Rajfer
A5066978200,Author,Son Dinh‐Van
A5053690387,Author,Son H. Nguyen
A5112157787,Author,Son K
A5093472703,Author,Son Le Huu
A5047353442,Author,Son Nguyen Truong
A5078613366,Author,Son Quang Van
A5029957844,Author,Son T.
LOCAL_A000603,Author,Son T. Mai
A5113268349,Author,Son Tuan Nguyen
A5136974579,Author,Song Minh Nguyet Nguyen
A5075629036,Author,Song Pham Van
A5104101705,Author,Songlin Yang
A5003259785,Author,Songlin Yang
A5041832298,Author,Son‐Tung Nguyen
A5100450639,Author,Soo Young Kim
A5022270322,Author,Soobin Lim
A5063712871,Author,Soolmaz Nourabadi
A5059676139,Author,Soontorn Suvokhiaw
A5058934086,Author,Sophie Alvarez
A5062852134,Author,Sophie Cerneaux
A5060343625,Author,Sophie St‐Hilaire
A5002715032,Author,Sophie Tingry
A5046084609,Author,Spencer M. Unabia
A5061026929,Author,Srael M. Verdida
A5017779359,Author,Sri Mulyani
A5053892732,Author,Sriniketh Konduri
A5038674343,Author,Stacey Martin
A5047693293,Author,Stefan E. Schulz
A5006811097,Author,Stefan Guldin
A5002976413,Author,Stefan Mattheis
A5037786157,Author,Stefanie M. Rog
LOCAL_A000524,Author,"Stefansky, Jakub"
A5017046939,Author,Stephan Kellnberger
A5030649192,Author,Stephan Lang
A5038298046,Author,Stephanie Morgan
A5044462379,Author,Stephen M. Schexnayder
A5068309504,Author,Stephen White
A5103958108,Author,Stephen White
A5003822713,Author,Steven A. Frost
A5008079426,Author,Steven B. Feinstein
A5010395979,Author,Steven C. Brooks
A5106181325,Author,Steven J. Miller
A5056865763,Author,Steven R. Jarrett
A5027163198,Author,Stéphane Bordas
A5119371023,Author,Sub Lee Jong
A5008510859,Author,Subhaschandra Kattimani
A5053333628,Author,Subhendu Dhibar
A5077352345,Author,Sudhakar Pachiappan
A5015961088,Author,Suhaib A. Bandh
A5101984598,Author,Suhyun Jung
A5113714554,Author,Suk Ho Choi
A5053883070,Author,Sukumar Nandi
A5012969367,Author,Sulaiman Ali Alharbi
A5111820289,Author,Sulaiman Wadi Harun
A5021666100,Author,Sulieman Ibraheem Shelash Al-Hawary
A5101024767,Author,Sun Jialin
A5017339857,Author,Sunarti Sunarti
A5042206762,Author,Sung Phil Chung
A5100430160,Author,Sunghwan Kim
A5129411191,Author,Sunghwan Kim
A5009549644,Author,Sung‐Uk Choi
A5012959918,Author,Suong Ke Ngo
A5024140904,Author,Suparit Tangparitkul
A5009080751,Author,Suranjan Fernando
A5040102344,Author,Surender Rangaraju
A5036239936,Author,Surendiran Mohan
A5034642372,Author,Suresh Sagadevan
A5102806354,Author,Suresh V. Kuchipudi
A5071688512,Author,Susan C. Nagel
A5016763122,Author,Susan Lane-Outlaw
A5066533851,Author,Susana Carvalho
A5058555117,Author,Susanne Viebahn
A5030073755,Author,Susantha Udagedara
A5089611382,Author,Sushant Gautam
A5078872062,Author,Susilo Nur Aji Cokro Darsono
A5014433518,Author,Sutha Shobana
A5050585586,Author,Svitlana S. Petrovska
A5089477886,Author,Swee Han Lim
A5087405854,Author,Sy Dzung Nguyen
A5050533579,Author,Sy Van Vu
A5035262683,Author,Sy Vo Van
A5030680943,Author,Sy-Ngoc Nguyen
LOCAL_A000621,Author,Sy-Ngoc Nguyen
A5018538544,Author,Syed Tam Husain
A5016154330,Author,Symeon Chatzinotas
A5050137620,Author,Sérgio P. Santos
LOCAL_A000477,Author,Sérgio Pereira dos Santos
A5015142652,Author,Sílvia Beatriz Alves Rolim
A5101663684,Author,Sơn Vũ
LOCAL_A000221,Author,T Anderson
LOCAL_A000245,Author,T Bauer
A5108186826,Author,T C Lien
LOCAL_A000331,Author,T Davenport
LOCAL_A000256,Author,T Hinkin
LOCAL_A000261,Author,T Judge
LOCAL_A000338,Author,T Kim
A5080706652,Author,T Le
LOCAL_A000361,Author,T Loc
A5110958467,Author,T M Ngo
A5103945707,Author,T N M Vo
A5128700301,Author,T N P Nguyen
LOCAL_A000696,Author,T Ngo
LOCAL_A000178,Author,T Nguyen
LOCAL_A000335,Author,T Pettit
LOCAL_A000094,Author,T Phong Nguyen
LOCAL_A000313,Author,T Scandura
A5025614310,Author,T T Ho
LOCAL_A000649,Author,T T T Dinh
A5064996552,Author,T T T Nguyen
LOCAL_A000688,Author,T Tran
A5107908300,Author,T V Nhan-Hao
A5136905343,Author,T. Abu‐Zayyad
A5126871406,Author,T. D. Stark
A5130252883,Author,T. D. Tham
A5112361199,Author,T. Dang
A5132049969,Author,T. Fujii
A5030683099,Author,T. G. Minevich
A5107408554,Author,T. H. Le
A5129663707,Author,T. Hanaoka
A5010151535,Author,T. Hua-Huy
A5108870180,Author,T. Hue L.
A5101783382,Author,T. L. Bunn
A5014633603,Author,T. Le-Xuan
A5103884475,Author,T. My-Thao Nguyen
A5136964667,Author,T. Nakamura
A5136954205,Author,T. Nakayama
A5033485941,Author,T. Ngoc Han Pham
A5128214906,Author,T. Nguyen-Thoi
A5053998535,Author,T. Nguyen‐Thoi
A5136952759,Author,T. Nonaka
LOCAL_A000066,Author,T. Phong Nguyen
A5113496089,Author,T. Phuong
A5019304743,Author,T. Seddik
A5111002528,Author,T. T. Dieu
A5025851364,Author,T. T. Hien Ho
A5016874352,Author,T. T. Hong
A5108652190,Author,T. T. Hong
A5048623965,Author,T. T. Loi
A5109994888,Author,T. T. Thao
A5062984662,Author,T. T. Thuc
A5108008350,Author,T. T. Truong
A5108992345,Author,T. T. Vu
A5042295571,Author,T. Thanh Lam
A5112894832,Author,T. Thu-Trang Ho
A5049415464,Author,T. Tran‐Cong
A5008653388,Author,T. Trinh Quang
A5050385284,Author,T. V. Nhan Hao
A5023271480,Author,T. Vuong
A5059455259,Author,T.A. Ho
A5101880043,Author,T.D. Nguyen
A5112855604,Author,T.F.E. Tjong Tjin Tai
A5030190819,Author,T.H. Nguyen
A5134174412,Author,T.Sako
A5069162937,Author,T.T. Yen Le
A5128617275,Author,T. C. Phuong Tran
A5128342307,Author,T. T. Nguyen Nguyen
A5128645162,Author,T. T. Nguyen Nguyen
A5033629831,Author,TATIANA V. MAISAK
A5072290797,Author,THANH NGOC HUYNH
A5130080333,Author,THS Lê Đỗ Phương An
A5130058879,Author,THS Nguyễn Hùng Linh
A5026770074,Author,TRAN-THE BACH
A5100920364,Author,TT Nguyen
A5033058790,Author,Ta Ngoc Bach
A5071926923,Author,Ta Nguyen Binh Duong
A5045602523,Author,Ta Thi Huyen Trang
A5113659799,Author,Ta To Tran
A5039180885,Author,Ta Van Phuong
A5114134175,Author,Ta-Binh Vo
A5101280028,Author,TaTo Tran
A5100438985,Author,Tae Hyun Kim
A5136190142,Author,Tae Kyu Kim
A5108140676,Author,Taegeun Oh
A5102747977,Author,Taejoon Kim
A5101287236,Author,Taeyoon Lim
A5049003532,Author,Tae‐Hyung Lee
A5135268164,Author,Tagianne P. da Silva
A5052329546,Author,Tagianne Patricia da Silva
A5015546142,Author,Tahani Mazyad Almutairi
A5054722451,Author,Tahereh Heydarnejad
A5070587435,Author,Taherul Islam
A5067918460,Author,Tai Hoang Nguyen
LOCAL_A000204,Author,Tai Nguyen
A5023010845,Author,Tai Tan Nguyen
A5036887999,Author,Tai The Diep
A5075209004,Author,Tai Vovan
A5102826855,Author,Taieb Seddik
A5012875627,Author,Taira Batista Luna
A5082446801,Author,Tajmul Hasan
A5029670464,Author,Takafumi Sassa
A5044829491,Author,Takaomi Kobayashi
A5114549543,Author,Takashi Matsumoto
A5003021924,Author,Takashi Matsumoto
A5025654358,Author,Takehito Okui
A5112241048,Author,Takemura Jiro
A5072611129,Author,Takeshi Matsuhisa
A5028938519,Author,Taku Iwami
A5049806976,Author,Tak‐San Ho
A5042948921,Author,Talal Al‐Awadhi
A5087442163,Author,Talip DOĞAN
A5034798042,Author,Talla M. Aldeehani
A5136968278,Author,Tam Bao Trinh
A5042031508,Author,Tam D. Nguyen
A5128210291,Author,Tam Duong Le Ha
A5130697482,Author,Tam Huu Do
A5019165820,Author,Tam Le Thi Thanh
LOCAL_A000576,Author,Tam Minh Nguyen
LOCAL_A000417,Author,Tam Nguyen
A5030678711,Author,Tam Nguyen Van
A5102804031,Author,Tam T. Truong
A5074978546,Author,Tam Thai Thanh Tran
A5057145784,Author,Tam V.‐T.
A5109295168,Author,Tam Van Nguyen
A5137083886,Author,Tam Van Nguyen
A5039887490,Author,Tamara Lezama
A5050195883,Author,Tan Gia Nguyen
A5100677169,Author,Tan H. Nguyen
A5117639584,Author,Tan Le Minh
A5040081743,Author,Tan Loi Huynh
A5101399124,Author,Tan M. Nguyen
A5014849714,Author,Tan Minh Phan
A5100701432,Author,Tan N. Nguyen
LOCAL_A000657,Author,Tan N. Nguyen
A5100701430,Author,Tan N. Nguyen
A5128405095,Author,Tan Nguyen
A5125450163,Author,Tan Nguyen
A5101523512,Author,Tan Nguyen
A5056627231,Author,Tan Pham
A5057116918,Author,Tan Phan‐Van
A5066490148,Author,Tan Phat Chau
A5021286794,Author,Tan Phat Dao
A5114183992,Author,Tan Thanh Trinh
A5055103179,Author,Tan Tien Nguyen
A5065997378,Author,Tan Vo‐Thanh
A5017559788,Author,Tan-Hanh Le
A5030882676,Author,Tan-Phong Ngo
LOCAL_A000674,Author,Tan-Thi Pham
A5071682792,Author,Tang Ha Minh Quan
A5009716673,Author,Tang-Tin Dao
A5080595139,Author,Tansir Ahamad
A5015381463,Author,Tan‐Viet Pham
A5108048174,Author,Tao Zhang
A5071023394,Author,Tao Zhang
A5115602156,Author,Tao Zhang
A5042273243,Author,Tara D. Gates
A5128356196,Author,Tarek Al-Arbi Ganat
A5132605860,Author,Tarek Ganat
A5054946215,Author,Tarek Ganat
A5015660461,Author,Tarig Ali
A5093287777,Author,Tasya Khoerunnisa
A5031742904,Author,Tat-Bao-Thien Nguyen
A5034643812,Author,Tatiana Yakushkina
A5006308177,Author,Tat‐Dat Bui
A5015523916,Author,Tawfiq Khatir
A5002451590,Author,Ted Feldman
A5050886317,Author,Ted Hammett
A5018545038,Author,Teerapat Tosuai
LOCAL_A000495,Author,Telesphore Kabera
A5009945961,Author,Telesphore Kabera
A5061220760,Author,Tener Goodwin Veenema
A5064910317,Author,Terry W. Henkel
A5069865145,Author,Tessa Könning
A5071186378,Author,Tetsuo Hatanaka
A5040371822,Author,Tetsuya Isayama
A5008986510,Author,Tetsuya Sakamoto
A5082750409,Author,Thac Quang Nguyen
A5104075025,Author,Thach N. Nguyen
A5134569039,Author,Thach Ngoc Tran Duong
A5067894346,Author,Thach Thao Than
A5048867490,Author,Thach Thi Ngoc Phan
A5003620404,Author,Thach Tran
A5097874829,Author,Thach UT DONG
A5033543615,Author,Thai Bao Ngoc Lam
A5066740309,Author,Thai Hoang Tuyet Nhi
A5128343243,Author,Thai Nam An
A5093360005,Author,Thai Nguyen Dac
A5098732947,Author,Thai Nguyen-Dinh
A5096741207,Author,Thai Nguyen-Minh
A5050579769,Author,Thai Phan Bao Han
A5038261244,Author,Thai Son Tran
A5109730740,Author,Thai T. T. An
A5082263577,Author,Thai Thanh Sang
A5124048792,Author,Thai Van Anh
A5107415755,Author,Thai Vo
A5088136225,Author,Thai Vu Binh
A5048794912,Author,Thai Vu Hong Nguyen
A5061019153,Author,Thai-Ha Luong
A5011855564,Author,Thai-Hoc Vu
A5040523210,Author,Thai-Thi-Tuyet Trinh
A5101236199,Author,ThaiVan Nguyen
A5041058125,Author,Tham C. Hoang
A5112799690,Author,Tham Hong Duong
A5110680345,Author,Tham Tran Hong
A5006709815,Author,Tham Vo
A5123902480,Author,Thamilselvan Annadurai
A5036002983,Author,Thammarat Aree
A5043412244,Author,Than Le
A5060429609,Author,Thanatip Ruksilp
A5115633054,Author,Thang Diep
A5055109098,Author,Thang Doan Van
A5007967745,Author,Thang Ha
A5121465761,Author,Thang Ha Nam
A5057952428,Author,Thang Huynh Quoc
A5064908437,Author,Thang Le-Dinh
LOCAL_A000413,Author,Thang Pham Chien
A5111341143,Author,Thang Tran
A5018426724,Author,Thang Trung Nguyen
A5060143737,Author,Thang Vu Van
A5113339823,Author,Thanh An Truong
A5069939265,Author,Thanh Bao Nguyen
A5041445983,Author,Thanh Binh Ly
A5101790883,Author,Thanh Binh Nguyen
A5028473390,Author,Thanh Bui Trung
A5015920621,Author,Thanh Bui-Tien
A5133348079,Author,Thanh C. Bui
A5101464227,Author,Thanh Cong Nguyen
LOCAL_A000080,Author,Thanh Cong Nguyen
A5044266379,Author,Thanh Cong Truong
A5063689926,Author,Thanh Cuong‐Le
A5101962558,Author,Thanh D. Vo
LOCAL_A000286,Author,Thanh Dang Duc
A5069873921,Author,Thanh Dang Tran
A5101609050,Author,Thanh Danh Le
A5045408352,Author,Thanh Duc Dang
A5006096258,Author,Thanh Duc Tran
LOCAL_A000202,Author,Thanh Duy Nguyen
LOCAL_A000709,Author,Thanh Hai Hoang
A5016906942,Author,Thanh Hai Truong
A5136886963,Author,Thanh Hung Duc Duong
A5052029634,Author,Thanh Huy Nguyen
A5024514559,Author,Thanh Huynh Ngoc
A5076945065,Author,Thanh Khoa Phung
A5096130234,Author,Thanh Khoi Tu
A5136269085,Author,Thanh Khuc Thien
LOCAL_A000408,Author,Thanh Kien Lam
A5130658184,Author,Thanh Kien Lam
A5114137577,Author,Thanh Kim Nguyen Le
A5044711213,Author,Thanh Le Minh
A5036823105,Author,Thanh Le Minh
A5112933551,Author,Thanh Le Viet
A5047172220,Author,Thanh Long Duong
LOCAL_A000662,Author,Thanh Luan Nguyen
A5048321637,Author,Thanh Luong Van
A5123198465,Author,Thanh Luu Huynh
A5067058159,Author,Thanh Minh Le
A5066718144,Author,Thanh Minh Nguyen
A5118587893,Author,Thanh Nam Dang
A5073069376,Author,Thanh Ngo
A5072572935,Author,Thanh Ngoc Nguyen
A5004161082,Author,Thanh Ngoc Pham
A5067909189,Author,Thanh Nguyen-Ngoc Phan
A5063554916,Author,Thanh Nhan Dinh
A5068331641,Author,Thanh Nhut
A5109802312,Author,Thanh Pham
A5015211989,Author,Thanh Phong Ho
A5139018057,Author,Thanh Phong Pham
LOCAL_A000529,Author,Thanh Phuc Nguyen
A5060017962,Author,Thanh Phuc Nguyen
A5114217690,Author,Thanh Phuong Tran
LOCAL_A000071,Author,Thanh Q. Bui
A5032768223,Author,Thanh Q. Bui
A5024433704,Author,Thanh Q. C. Nguyen
A5114098797,Author,Thanh Quang Dang
A5022979224,Author,Thanh Quang Ngo
A5025906301,Author,Thanh Quang Nguyen
A5059133436,Author,Thanh Quoc Trinh
A5039659391,Author,Thanh Quy Nguyen
A5058979345,Author,Thanh Sang-To
A5015224146,Author,Thanh Son Doan
A5002530601,Author,Thanh T. Banh
A5101966547,Author,Thanh T. H. Le
LOCAL_A000090,Author,Thanh T. Nguyen
A5041034605,Author,Thanh Tam CAO
A5041231861,Author,Thanh Tam Nguyen
A5068433944,Author,Thanh Tam Toan Tran
A5118272990,Author,Thanh Thao Thi Nguyen
A5102660187,Author,Thanh Thi Bui
A5001033800,Author,Thanh Thi Ha NGUYEN
A5085593383,Author,Thanh Thi Nguyen
A5061293056,Author,Thanh Tho Le
A5026299963,Author,Thanh Tran
LOCAL_A000456,Author,Thanh Tran
A5124951340,Author,Thanh Tran Cong
A5113849259,Author,Thanh Truc Tran
A5065874722,Author,Thanh Truong Hoang
A5008496546,Author,Thanh Tuan Chu
A5078074629,Author,Thanh Tuan Le
A5067527606,Author,Thanh Tuan Pham
A5000054820,Author,Thanh Tung Nguyen
A5102588048,Author,Thanh Tú Trần
A5039137182,Author,Thanh V Vo
A5035983964,Author,Thanh Van Vo
A5109517914,Author,Thanh Vo Van
A5112851593,Author,Thanh Xuan Bui
A5085817694,Author,Thanh Xuan Vu
LOCAL_A000083,Author,Thanh –Hoang Nguyen
A5100613698,Author,Thanh-Binh Nguyen
A5101410064,Author,Thanh-Cong Nguyen
A5017932855,Author,Thanh-Cong Nguyen
A5008093246,Author,Thanh-Dat Le
A5083127097,Author,Thanh-Dat Le
A5101475545,Author,Thanh-Dong Pham
A5101211304,Author,Thanh-Dung Tran
LOCAL_A000443,Author,Thanh-Dung Tran
A5019689277,Author,Thanh-Hieu Nguyen
A5077593563,Author,Thanh-Hung Nguyen
A5011077680,Author,Thanh-Khiet L. Bui
A5111144764,Author,Thanh-Lanh Le
A5049982885,Author,Thanh-Long Nguyen
A5018943018,Author,Thanh-Long Phan
A5010793698,Author,Thanh-Minh Phan
A5113359591,Author,Thanh-Nha Nguyen Hua
A5021434198,Author,Thanh-Nha Tran
A5065939774,Author,Thanh-Nhan Le-Phuoc
A5043055992,Author,Thanh-Phong Dao
A5073610685,Author,Thanh-Phong Ngo
A5010228370,Author,Thanh-Phong Nguyen
A5084269594,Author,Thanh-Quang Nguyen
A5116329274,Author,Thanh-Tam Nguyen-Thi
A5113010213,Author,Thanh-Tan Le
A5116329275,Author,Thanh-Tan Nguyen-Ngoc
A5024590295,Author,Thanh-The Ngo
LOCAL_A000658,Author,Thanh-Trung Nguyen
A5021571129,Author,Thanh-Trung Nguyen
A5008248931,Author,Thanh-Trung Tran
A5046152034,Author,Thanh-Tuyen Ha
A5047968074,Author,ThanhSon Doan
A5025425560,Author,Thanh‐Hieu Nguyen
A5043003589,Author,Thanh‐Hung Do
A5086500382,Author,Thanh‐Luu Pham
A5041972283,Author,Thanh‐Nam Tran
A5034973872,Author,Thanh‐Sang Vo
A5026149302,Author,Thanh‐Son Dao
A5008199788,Author,Thanh‐Thao Vu
A5087547039,Author,Thanh‐Truong Nguyen
A5035821509,Author,Thanh–Danh Nguyen
A5084819749,Author,Thantrira Porntaveetus
A5006213260,Author,Thao Ho Phung Ngoc
A5114186846,Author,Thao Nguyen
A5051010639,Author,Thao Nguyen Da Vo
A5136484967,Author,Thao Nguyen-Trang
A5007636550,Author,Thao Nguyen‐Trang
A5101227434,Author,Thao Nhi Nguyen
A5002099463,Author,Thao P. Ho-Le
A5101695585,Author,Thao P. Nguyen
A5112856865,Author,Thao Phuong Huynh Ngo
A5108954551,Author,Thao Phuong Nguyen
A5007295809,Author,Thao Phuong Nguyen
A5103990701,Author,Thao Quang Le
A5108638252,Author,Thao Quoc Tran
A5079721281,Author,Thao T. P. Nguyen
A5002340134,Author,Thao T. THAN
A5066384363,Author,Thao Thanh Le
A5101879339,Author,Thao Thi Nguyen
A5103057827,Author,Thao Thi Thu Nguyen
A5032455988,Author,Thao Thu
LOCAL_A000303,Author,Thao Thu Mai
A5107618613,Author,Thao Thuy Duong Dinh
A5050948507,Author,Thao V. Nguyen
A5135706046,Author,Thau Nguyen
LOCAL_A000570,Author,The Anh Luu
LOCAL_A000396,Author,The Bao Phung
A5087265810,Author,The Han Nguyen
A5010537634,Author,The Hung Phan
A5058840176,Author,The Linh Pham
A5124133344,Author,The Van Pham
LOCAL_A000578,Author,The-Hung Nguyen
A5061640316,Author,The-Hung Nguyen
A5021287146,Author,The-Long Phan
A5012675535,Author,Theint Theint Thu
A5052958591,Author,Theodore M. Hammett
A5035104463,Author,Theodoros Xanthos
A5087546110,Author,Theresa M. Olasveengen
A5022001106,Author,Therese Tordjman
A5035286000,Author,The‐Bao Luong
A5054227606,Author,The‐Long Phan
A5079788081,Author,Thi Ai Ngoc Bui
A5018664401,Author,Thi Anh Em Bui
A5056525180,Author,Thi Anh Le
A5101299685,Author,Thi Anh Xuan Chu
LOCAL_A000463,Author,Thi Bang Suong Nguyen
A5050946182,Author,Thi Bang Tam Dao
A5000830586,Author,Thi Bao Uyen Nguyen
A5136378533,Author,Thi Be Ta Truong
A5013260322,Author,Thi Bich
A5099440089,Author,Thi Bich Hai Vu
A5006110409,Author,Thi Bich Ngoc Ha
A5041272794,Author,Thi Bich Ngoc Nguyen
A5060980928,Author,Thi Bich Tram Tran
LOCAL_A000584,Author,Thi Binh An Duong
A5138039220,Author,Thi Cam Ngo Ngo
A5060394256,Author,Thi Cam Nhung Tran
A5101207218,Author,Thi Cam Thanh Tran
A5083945787,Author,Thi Cam Thuy Ngo
A5065231184,Author,Thi Cam Tu Dang
A5113014466,Author,Thi Cuc Luu
A5103976840,Author,Thi Cuc Phuong Tran
A5047320410,Author,Thi Dan Thy Kieu
A5031189170,Author,Thi Doan Trinh Nguyen
A5051317969,Author,Thi Dy Anh Nguyen
A5121452694,Author,Thi H. Ho
A5135400802,Author,Thi H. Ho
A5039052968,Author,Thi H. Ho
A5135526446,Author,Thi H. Ho
A5102673704,Author,Thi Ha An Pham
A5070501321,Author,Thi Ha Ly Nguyen
A5024651450,Author,Thi Hanh Pham
A5107760606,Author,Thi Hien Nguyen
A5026074930,Author,Thi Hoang Uyen
A5099757065,Author,Thi Hong Dung
A5113344629,Author,Thi Hong Duyen Lai
LOCAL_A000569,Author,Thi Hong Thuy Pham
A5123935196,Author,Thi Hong Thuy Pham
A5082293385,Author,Thi Hong Trang Pham
A5046868741,Author,Thi Hong Tuoi
A5053707822,Author,Thi Hong Van Le
A5090965257,Author,Thi Hong Van Pham
A5052439876,Author,Thi Hong Van Phan
A5053982776,Author,Thi Hong-Tham Nguyen
A5109758958,Author,Thi Hue An Tran
A5109679550,Author,Thi Hue Lo
A5037769855,Author,Thi Huong Giang Duong
A5101314574,Author,Thi Huong Nhai Nguyen
LOCAL_A000429,Author,Thi Huyen Bui
A5010287332,Author,Thi Huynh Loc Nguyen
A5046435599,Author,Thi Khanh Phuong Tan
A5136160460,Author,Thi Kim Anh Phung
A5033494582,Author,Thi Kim Chi Nguyen
A5016008264,Author,Thi Kim Cuong Phu
A5091622578,Author,Thi Kim Ngan Tran
A5120712991,Author,Thi Kim Ngân Trịnh
A5007523071,Author,Thi Kim Oanh Le
A5101235995,Author,Thi Kim Oanh Nguyen
LOCAL_A000613,Author,Thi Kim Phung Luong
LOCAL_A000641,Author,Thi Kim Xuan Truong
A5031811244,Author,Thi L. Ho
A5037688862,Author,Thi Lan Anh Luu
A5005524833,Author,Thi Lan Anh Trinh
A5100717750,Author,Thi Lan Huong Nguyen
A5088418938,Author,Thi Lan Ngo
A5110190664,Author,Thi Lan Phuong
A5052778502,Author,Thi Lan-Huong Nguyen
LOCAL_A000659,Author,Thi Le Hang Nguyen
A5133248498,Author,Thi Le Nguyen
A5102448148,Author,Thi Lien Nguyen
A5011655568,Author,Thi Loc Bui
A5020523273,Author,Thi Long
A5111034568,Author,Thi Long Trinh
A5065361608,Author,Thi Luu Luyen Doan
A5021931433,Author,Thi Ly
A5112990496,Author,Thi Mai Linh Le
A5028460070,Author,Thi Mai Vy Luu
A5120116412,Author,Thi Man Duong
A5103253581,Author,Thi Maï Tran
A5107575423,Author,Thi Minh Hien Tran
A5081485853,Author,Thi Minh Ngoc Ta
LOCAL_A000564,Author,Thi Minh Phuong Nguyen
A5010612728,Author,Thi Minh-Anh Tran
A5107933958,Author,Thi Mong Diep Nguyen
A5029895401,Author,Thi Muoi Vo
A5036038715,Author,Thi My-Uyen Lam
A5123693668,Author,Thi Nga Phung
A5112388401,Author,Thi Ngoc Anh Le
LOCAL_A000618,Author,Thi Ngoc Bao Dung
A5137961821,Author,Thi Ngoc Bao Le
A5104233841,Author,Thi Ngoc Cam Le
A5103220984,Author,Thi Ngoc Dung Pham
A5103731291,Author,Thi Ngoc Ha Tran
A5011654520,Author,Thi Ngoc Han Bui
A5064282135,Author,Thi Ngoc Lan Pham
A5063440811,Author,Thi Ngoc Mai Pham
A5047692459,Author,Thi Ngoc Thach Phan
A5113194675,Author,Thi Ngoc Tram Ho
A5110786089,Author,Thi Nha Truc Phan
A5028926914,Author,Thi Nhan Tran
A5084065970,Author,Thi Niem My My Tran
A5039299102,Author,Thi Phuong Anh Dang
A5060773603,Author,Thi Phuong Dung Ha
LOCAL_A000552,Author,Thi Phuong Lan Nguyen
A5087389811,Author,Thi Phuong Loan Nguyen
A5100651745,Author,Thi Phuong Nguyen
A5072952199,Author,Thi Phuong Phong Nguyen
LOCAL_A000055,Author,Thi Phuong Thuy Bui
A5135073893,Author,Thi Quyen Vu
LOCAL_A000614,Author,Thi Quynh Hoa Nguyen
A5120716071,Author,Thi Quynh Trang Vuong
A5112708761,Author,Thi Quynh Trang Vuong
A5123998661,Author,Thi Quynh Trang Vuong
A5092593524,Author,Thi Tam Khieu
A5016226095,Author,Thi Thanh Dat Pham
A5004798557,Author,Thi Thanh Ha
A5012841844,Author,Thi Thanh Hang Hoang
A5110945029,Author,Thi Thanh Huyen Le
A5128142112,Author,Thi Thanh Huyen Nguyen
A5019746336,Author,Thi Thanh Kieu Nguyen
A5042953536,Author,Thi Thanh Mai Nguyen
A5067226256,Author,Thi Thanh Mai Tran
A5103138840,Author,Thi Thanh Nga Tran
A5074131915,Author,Thi Thanh Nga Vo
A5042739922,Author,Thi Thanh Nhi Le
A5020507166,Author,Thi Thanh Thuy Ngo
A5015536551,Author,Thi Thanh Thuy Pham
A5081945254,Author,Thi Thanh Van Nguyen
A5093677854,Author,Thi Thanh Xuan Phung
A5015666823,Author,Thi Thao Nguyen
A5062647756,Author,Thi Thao Truong
A5011606020,Author,Thi Thu Ha
A5018935783,Author,Thi Thu Hang Nguyen
A5028391259,Author,Thi Thu Hang Phan
A5091554286,Author,Thi Thu Hien Phan
A5057019956,Author,Thi Thu Hong Dinh
A5074941223,Author,Thi Thu Huong DINH
A5065444985,Author,Thi Thu Huong Dinh
A5124365524,Author,Thi Thu Huong Tran
LOCAL_A000546,Author,Thi Thu Huyen Nguyen
A5100705891,Author,Thi Thu Nga Nguyen
A5108738732,Author,Thi Thu Suong Huynh
LOCAL_A000714,Author,Thi Thu Thao Tran
A5028120119,Author,Thi Thu Thao Tran
A5104246908,Author,Thi Thuy
A5101876204,Author,Thi Thuy Hang Nguyen
A5081255705,Author,Thi Thuy Lieu Nguyen
A5125409075,Author,Thi Thuy Mai Tran
A5101884386,Author,Thi Thuy Trang Pham
A5005940245,Author,Thi Tinh Thuong Pham
A5013984891,Author,Thi Tran
A5052848551,Author,Thi Trang Le
A5112875977,Author,Thi Trang Le
A5056432086,Author,Thi Truc Linh Nguyen
A5074702103,Author,Thi Truc Thao NGUYEN
A5087602214,Author,Thi Tu Quyen Huynh
A5061860430,Author,Thi Tu Uyen Luu
A5103934844,Author,Thi Tuyet Hanh Nguyen
A5004270298,Author,Thi Tuyet Le
A5015187278,Author,Thi Viet Bac Phung
A5059979748,Author,Thi Viet Ha Luu
A5002766078,Author,Thi Xuan Hương Le
A5007262927,Author,Thi Xuan Lien Truong
A5001311957,Author,Thi Xuan Trang Bui
A5010372016,Author,Thi Xuan Tu Cao
A5101795004,Author,Thi Yen Nhi Tran
A5039339494,Author,Thi-Anh-Minh Nguyen
A5113118238,Author,Thi-Anh-Thu Tran
A5051097584,Author,Thi-Bao-Tran Nguyen
LOCAL_A000431,Author,Thi-Bich Nguyen
A5074035628,Author,Thi-Bich Pham
A5078522070,Author,Thi-Bich-Ngoc Dao
A5113118240,Author,Thi-Bich-Van Tran
A5019874446,Author,Thi-Binh Than
A5101235577,Author,Thi-Cham Bui
A5013681893,Author,Thi-Hai-Duyen Vu
A5044178581,Author,Thi-Hau Nguyen
A5104038142,Author,Thi-Hien Nguyen
A5070354745,Author,Thi-Hong Trinh
A5079727585,Author,Thi-Hong-Anh Nguyen
A5109766802,Author,Thi-Hong-No Nguyen
A5135692394,Author,Thi-Kim-Chi Huynh
A5101186189,Author,Thi-Kim-Dung Hoang
A5101310980,Author,Thi-Kim-Ngan Pham
A5104139448,Author,Thi-Lan-Anh Luu
A5006133207,Author,Thi-Lan-Huong Nguyen
A5104158762,Author,Thi-My-Dieu Tran
A5091841688,Author,Thi-My-Nhung Nguyen
LOCAL_A000558,Author,Thi-Ngoc-Mai Tran
A5110830995,Author,Thi-Ngoc-Mai Tran
A5015647530,Author,Thi-Phi Giao Vo
A5036410800,Author,Thi-Phuong Nguyen
A5089901216,Author,Thi-Phuong Tran
A5112495549,Author,Thi-Phuong-Thao Le
A5054634942,Author,Thi-Quynh Nguyen
A5101304286,Author,Thi-Tam-Duyen Nguyen
A5066909635,Author,Thi-Tham Nguyen
A5109464542,Author,Thi-Thiet Pham
A5058096520,Author,Thi-Thu-Ha Nguyen
A5073095780,Author,Thi-Thuy Do
A5112986970,Author,Thi-Thuy Ngo
A5049489715,Author,Thi-Trang Le
A5113118239,Author,Thi-Tuong-Vi Tran
A5066979288,Author,Thi-Tuyet-Mai Nguyen
A5073871936,Author,Thi-Tuyet-Trinh Thai
A5045532432,Author,Thi-Uyen-Uyen Nguyen
A5063159047,Author,Thi-Xuyen Vo
A5112607197,Author,Thi-Yen-Nghi Le
A5120054875,Author,Thien Huynh-The
A5059877507,Author,Thien Huynh‐The
LOCAL_A000673,Author,Thien Khanh Tran
A5006699363,Author,Thien Khanh Tran
A5101821143,Author,Thien Nguyen
A5017687000,Author,Thien Tran Van
A5032035172,Author,Thien Tran‐Duc
A5013125404,Author,Thien Trinh
A5088690923,Author,Thien Vu
A5101298039,Author,Thien khanh Tran
A5032639542,Author,Thien-Vy Phan
A5110780252,Author,Thien‐Y Vu
A5139188409,Author,Thinh Chi Phan
A5013901116,Author,Thinh Gia Hoang
A5077509813,Author,Thinh Le Van
A5112608982,Author,Thinh N. Doan
A5065869162,Author,Thinh Q. Thai
A5041694698,Author,Thinh Thai
A5077108852,Author,Thinh Vu Tien
A5110956725,Author,Thinh-Phat Vo
A5104159172,Author,Thiên Trang Trần
A5092078833,Author,Thiện Nguyễn Minh
A5015099323,Author,Thi‐Anh‐Tuyet Nguyen
A5080211232,Author,Thi‐Cam‐Thu Nguyen
A5051597492,Author,Thi‐Hiep Nguyen
A5101205557,Author,Thi‐Hoai‐Thu Nguyen
A5073530367,Author,Thi‐Hong‐An Nguyen
A5016102178,Author,Thi‐Hong‐Tuoi Do
A5041639816,Author,Thi‐Huong Nguyen
A5042395512,Author,Thi‐Kim‐Chi Huynh
A5085832671,Author,Thi‐Kim‐Dung Hoang
A5027177538,Author,Thi‐Kim‐Dung Le
A5087097985,Author,Thi‐Minh‐Dinh Tran
A5104309497,Author,Tho Hoan Pham
LOCAL_A000574,Author,Tho Huu Nguyen
A5000897610,Author,Tho Huu-Hoang Nguyen
A5016330319,Author,Tho Ngoc Tran
A5102955956,Author,Tho Pham
LOCAL_A000734,Author,Tho Truong Pham
A5014397493,Author,Tho-Hue Le
A5113921883,Author,Thoa Nguyen
A5085941799,Author,Thoai Tam Nguyen
A5034986304,Author,Thomas D. Richards
A5071644998,Author,Thomas Kaiser
A5033054759,Author,Thomas Louis‐Goff
A5045215148,Author,Thomas Länger
A5052836637,Author,Thomas Unger
A5002295771,Author,Thomaz Bittencourt Couto
A5091637262,Author,Thong Le Minh Pham
A5103742538,Author,Thong Quoc Nguyen
A5018026493,Author,Thu Anh Bui
A5101608786,Author,Thu Anh Nguyen
LOCAL_A000437,Author,Thu Anh Nguyen Tran
A5089075576,Author,Thu D. H. Truong
A5100612152,Author,Thu Ha Nguyen
LOCAL_A000545,Author,Thu Ha Nguyen
A5100578712,Author,Thu Ha Thi Pham
LOCAL_A000424,Author,Thu Hoang Anh Lam
A5023727753,Author,Thu Hong Thi Pham
A5066842174,Author,Thu Hà Bùi
A5114194697,Author,Thu M. Pham
A5022607270,Author,Thu Ngoc Anh Ly
A5054882120,Author,Thu Nguyen Anh
A5022909195,Author,Thu Nguyen Minh Pham
LOCAL_A000372,Author,Thu Nguyet Minh Nguyen
A5005903867,Author,Thu T. Nguyen
A5028400794,Author,Thu Thi Minh Phan
A5053164561,Author,Thu Thi-Kim Le
LOCAL_A000042,Author,Thu Trang Pham
A5123995324,Author,Thu Trang Pham
LOCAL_A000713,Author,Thu Van Can
A5021889240,Author,Thu-Hang Hoang
A5064176753,Author,Thu-Phuong Phan
A5103258061,Author,Thu-Thao Thi Vo
LOCAL_A000626,Author,Thu-Trang Pham
A5111281452,Author,Thuan Chi Nguyen
A5009778531,Author,Thuan Nguyet Phan
A5034454292,Author,Thuan Pham
A5061856161,Author,Thuan Thanh Nguyen
A5043100261,Author,Thuan Thi Nguyen
A5056815476,Author,Thuan Van Tran
A5069983339,Author,Thuan-Loc Tran
A5135356426,Author,Thuat T. Trinh
A5085566730,Author,Thuat T. Trinh
LOCAL_A000309,Author,Thuc
LOCAL_A000426,Author,Thuc Dong Nguyen
A5106155927,Author,Thuc Nguyen Duy
A5051450131,Author,Thuc‐Huy Duong
A5072708707,Author,Thuong C. Lam
A5114971328,Author,Thuong C. Lam
A5086553552,Author,Thuong C. Lam
A5005987402,Author,Thuong L. T. Nguyen
A5124118104,Author,Thuong Thanh Vo
A5068398026,Author,Thuong Thi Nguyen
A5093492663,Author,Thuong Thu-Do
A5015110890,Author,Thuy
A5063731624,Author,Thuy Bao Ngoc Vo
A5061478001,Author,Thuy Chau To
LOCAL_A000087,Author,Thuy Dan Khanh Pham
LOCAL_A000220,Author,Thuy Dung
A5109594304,Author,Thuy Dung
A5066391854,Author,Thuy Dung Pham Thi
A5015830577,Author,Thuy Dung Vo
A5113721342,Author,Thuy Huong Nguyen
A5059754168,Author,Thuy Khanh Linh
A5041441406,Author,Thuy Lan Chi NGUYEN
A5110817724,Author,Thuy Lan Chi Nguyen
A5040031185,Author,Thuy Lethi-Thu
A5024203074,Author,Thuy Linh Nguyen
A5074325383,Author,Thuy Nguyen
A5043524211,Author,Thuy Nguyen
A5110015524,Author,Thuy Thi Phan
LOCAL_A000556,Author,Thuy Thi Thanh Nguyen
A5120542484,Author,Thuy Thi Thanh Phan
LOCAL_A000010,Author,Thuy Thi-Nhu Huynh
A5101705534,Author,Thuy Thu Nguyen
A5113031575,Author,Thuy Thu Thi Thanh
A5056368956,Author,Thuy Thuy Trang Thai
A5101038118,Author,Thuy Trang Nguyen
A5109716671,Author,Thuy Trang T. Vuong
A5114045481,Author,Thuy-Dung Nguyen
A5053044038,Author,Thuy-Huong Nguyen
A5015220416,Author,Thuy-Trang Le-Thi
A5057600108,Author,Thuy‐Kieu Thi Le
LOCAL_A000106,Author,Thuy‐Trang Thi Ho
A5100612147,Author,Thu‐Ha Nguyen
A5102008169,Author,Thu‐Ha Thi Nguyen
A5086911502,Author,Thu‐Huong Nguyen
A5052138057,Author,Thu‐Huong Thi Hoang
A5122525206,Author,Thành Phát Nguyễn
A5101918597,Author,Thành Tâm Nguyên
A5110879294,Author,Thùy Anh Nguyễn
A5135701536,Author,Thương Nguyễn Thị Liên
A5079271587,Author,Thượng Vũ Nguyễn
A5012533041,Author,Thảo Nguyễn Thị
A5137004542,Author,Thảo Trần Hà Phương
A5063300406,Author,Thắng Dương Đình
A5101260642,Author,Thế Duy Dương
A5119368558,Author,Thế Lê Tài
A5065588110,Author,Thị Bich Hanh Nguyen
LOCAL_A000419,Author,Thị Bách Đinh
A5076450937,Author,Thị Cẩm Tú Phan
A5052054550,Author,Thị Dung Nguyễn
A5099167405,Author,Thị Gấm Lê
LOCAL_A000420,Author,Thị Hồng Hương Nguyễn
A5061176218,Author,Thị Kim Loan Bùi
A5109626592,Author,Thị Lý Phan
A5086326009,Author,Thị Ngọc Anh Nguyễn
A5038671220,Author,Thị Ngọc Quí Nguyễn
A5086776190,Author,Thị Như Ngọc Trương
A5074775195,Author,Thị Thu Hiền Chu
A5100670952,Author,Thị Thu Hương Phạm
A5112844475,Author,Thị Thu Nguyễn
A5125476879,Author,Thị Thu Trang Trần
A5025379392,Author,Thị Thùy Trang Lê
A5031708507,Author,Thị Tuyết Nguyễn
A5101260643,Author,Thị Xuân Lan Nguyễn
A5010213012,Author,Thị Xuân Liên Trương
A5118143932,Author,Thị Xuân Mai Lê
A5051486060,Author,Tian‐Huei Chu
A5112077621,Author,Tien B. Tran
A5135130984,Author,Tien Bich Ma
A5106284058,Author,Tien Dat Chu
A5112323416,Author,Tien Dat Hoang
A5049275505,Author,Tien Dat Nguyen
A5090836028,Author,Tien Ha Le
A5009063961,Author,Tien Hai Ly
A5101505292,Author,Tien Hoa Nguyen
A5103808536,Author,Tien Hoang Ngo
A5138214688,Author,Tien Hoang Nguyen
A5012248664,Author,Tien Le Hung
A5117757562,Author,Tien Mai Thuy
A5057348645,Author,Tien Minh Dinh
A5100840424,Author,Tien Minh Nguyen
LOCAL_A000676,Author,Tien Nguyen Anh
A5110985355,Author,Tien Nguyen Van
A5001918418,Author,Tien Nu Hoang Lo
A5038357686,Author,Tien Pham Van
A5091544796,Author,Tien Phat Pham
A5135244611,Author,Tien Quoc Nguyen
A5074976419,Author,Tien T. Dang
A5014156347,Author,Tien Thi Kieu Nguyen
A5101835954,Author,Tien Tran
A5102966597,Author,Tien Van Cao
A5134644764,Author,Tien Van Tran
A5110789313,Author,Tien-Binh Truong
A5086262788,Author,Tien-Cong Nguyen
A5084294716,Author,Tien-Duc Vu
LOCAL_A000580,Author,Tien-Dung Nguyen
A5073556653,Author,Tien-Dung Nguyen
A5104242462,Author,Tien-Khanh Bui
A5053616239,Author,Tien-Thuy Thi Vo
A5129417776,Author,Tien-Zung Nguyen
A5012628404,Author,Tien‐Anh Tran
A5012852285,Author,Tien‐Trung Nguyen
A5110923917,Author,Tien‐Vu Truong
A5014062090,Author,Tiep M. Hoang
A5130089632,Author,Tieu Minh Son
A5050227832,Author,Timon Hussain
A5041924362,Author,Tin Chanh Duc Doan
A5081731365,Author,Tin H. Ho
A5129726591,Author,Tin T. Phan
A5035497954,Author,Tinh Huu Ho
LOCAL_A000715,Author,Tinh T.T Le
A5037701642,Author,Tinh T.T Le
A5113306497,Author,Tini V. Phan
A5107520148,Author,Tiến Dũng Nguyễn
A5100709068,Author,Tiến Dũng Nguyễn
A5050879879,Author,Tiến Hoa Nguyễn
A5108307825,Author,Tiến Quang Trần
A5124956555,Author,Tiến Đạt Đỗ
A5034683151,Author,Tjandra Setiadi
A5086283782,Author,To Minh Quan
A5071773232,Author,To Ngoc Mai Nga
A5052442705,Author,To Tran Ta
A5046696824,Author,To Trang LAM
A5021654534,Author,To Van Nguyen
A5008470911,Author,To Vu Thanh Dien
A5111242591,Author,To-Thi Hien
A5005051343,Author,Toan Ha
A5136926768,Author,Toan Le Vu Linh
A5001226600,Author,Toan Linh Vu Le
A5037995503,Author,Toan Minh Pham
A5083661698,Author,Toan Nguyen-Minh
A5102959200,Author,Toan Quang Le
A5017913111,Author,Toan Trieu
A5063548021,Author,Toan V. Pho
A5091955267,Author,Toan-Em Quach-Van
A5039286027,Author,Tobias Rüffer
A5072109908,Author,Tolassa Temesgen Hordofa
A5053050741,Author,Tom A. Warner
A5044103447,Author,Tom M.Y. Lin
A5044270780,Author,Tomasz N. Kołtunowicz
A5108908629,Author,Tomás Caraballo
A5085582592,Author,Tomás Caraballo
A5014564005,Author,Ton Huu Duc Nguyen
A5107125626,Author,Ton Ngoc Trieu
LOCAL_A000428,Author,Ton Nguyen Trong Hien
A5137511902,Author,Ton Tran
A5089407510,Author,Ton Tran
A5048731153,Author,Tong Deng-ke
A5137106802,Author,Tong Duy Hien
A5018725411,Author,Tong Hai
A5026183594,Author,Tong Hung Anh
A5014333309,Author,Tong Phuoc Hoang Son
A5006468960,Author,Tong Phuoc Khai M.A. and Nguyen Thi Nam Thi
A5027584112,Author,Tong Thanh Danh
A5000225753,Author,Tongyan Yue
A5014499824,Author,Tongyin Han
A5003886399,Author,Tonia Nicholson
A5066866928,Author,Tony Long
A5118143935,Author,Toàn Định Phạm
A5055437349,Author,Tra Huong Thi Le
A5037989297,Author,Tra Quoc Khanh
A5133814960,Author,Tra Thanh Pham
A5018984230,Author,Tracey J. Dickson
A5136903939,Author,Tram Bao Huynh Nguyen
A5092550508,Author,Tram Bui-Ngoc
A5049349769,Author,Tram T. B. Nguyen
A5033554224,Author,Tram Thi Thuy Nguyen
A5080769160,Author,Tran Anh Minh
A5135945642,Author,Tran Anh Quang
A5081206508,Author,Tran Anh Tien Hoang
A5046435904,Author,Tran Bao Ngoc
A5015706750,Author,Tran Bao Ngoc
LOCAL_A000459,Author,Tran Bao Pham
A5008819672,Author,Tran C. Binh
A5030825815,Author,Tran Cam Tu
A5055133700,Author,Tran Cao Nguyen
A5081987033,Author,Tran Che Linh
A5110803276,Author,Tran Chi Hieu
A5113903887,Author,Tran Dai Quang
A5082958436,Author,Tran Dinh Ke
A5009681520,Author,Tran Dinh Ly
A5007129032,Author,Tran Dinh Manh
A5019463062,Author,Tran Dinh Tri
A5109753108,Author,Tran Duc Dung
A5072884424,Author,Tran Duc Manh
A5109724952,Author,Tran Duc Tuan
A5055641789,Author,Tran Duong Anh-Tai
A5062048651,Author,Tran Duy Linh
A5063544628,Author,Tran Hoang Anh
A5016256744,Author,Tran Hoang Ngau
A5063325493,Author,Tran Hong Phuoc
LOCAL_A000602,Author,Tran Hung Lam
A5091523509,Author,Tran Hung Lam
A5027548516,Author,Tran Huyen Trang
A5126081921,Author,Tran Huynh Trung
A5029072011,Author,Tran Khanh Dang
A5111151930,Author,Tran Khanh Ninh Dao
A5058677337,Author,Tran Luu Cuong
A5010818401,Author,Tran Manh Hoang
A5116303657,Author,Tran Minh Ket
A5135852227,Author,Tran Minh Quang
A5114050306,Author,Tran Minh-Ly Nguyen
A5101504996,Author,Tran Ngoc
A5080471605,Author,Tran Ngoc Binh
A5080092209,Author,Tran Ngoc Huynh
A5113182779,Author,Tran Ngoc Minh Thu
A5117757327,Author,Tran Ngoc My
A5116174049,Author,Tran Ngoc Quang Phi
A5073172349,Author,Tran Ngoc Thach
A5030522798,Author,Tran Ngoc Viet
A5025886183,Author,Tran Ngoc Viet
A5121460221,Author,Tran Nguyen Dang Huyen
A5011946964,Author,Tran Nguyen Hai Ngan
A5053664482,Author,Tran Nguyen Minh An
A5106781066,Author,Tran Nguyen Tram Anh
A5062887483,Author,Tran Nhat Luan
A5023139055,Author,Tran Nhat Phuong
A5049116546,Author,Tran Ni Kha
LOCAL_A000075,Author,Tran Q. Huy
LOCAL_A000609,Author,Tran Quang Hung
A5101654962,Author,Tran Quang Hung
A5040500724,Author,Tran Quang Van
A5111354010,Author,Tran Quoc Khanh Cuong
A5070660416,Author,Tran Quoc Thinh
A5010057346,Author,Tran Si Thanh
A5058766877,Author,Tran Tan Dat
A5064606348,Author,Tran Thai Ha Nguyen
A5125158520,Author,Tran Thanh Hiep
A5107581936,Author,Tran Thanh Hiep
A5101937289,Author,Tran Thanh Long
A5112331051,Author,Tran Thanh Phuong
A5109960792,Author,Tran Thanh Trang
A5037074523,Author,Tran The Long
A5010415543,Author,Tran Thi Ai My
A5021469380,Author,Tran Thi An
A5002467172,Author,Tran Thi Bich Hoa
A5102341962,Author,Tran Thi Ha Giang
LOCAL_A000452,Author,Tran Thi Hoai Diem
A5102885587,Author,Tran Thi Hoang Nguyen
A5111252189,Author,Tran Thi Hong
A5101438067,Author,Tran Thi Huong
A5112266228,Author,Tran Thi Huong
A5017305518,Author,Tran Thi Khieu
A5036382252,Author,Tran Thi Kim
A5119326618,Author,Tran Thi Kim Cuc
A5081835298,Author,Tran Thi Kim Oanh
A5061980990,Author,Tran Thi Lien
A5137599796,Author,Tran Thi Minh Hien
A5137928570,Author,Tran Thi Minh Thu Thi-Minh Tran
A5006348959,Author,Tran Thi My Dieu
A5045080368,Author,Tran Thi My Hiep
A5092236475,Author,Tran Thi Nang
A5113201220,Author,Tran Thi Ngoc Nha
A5119566593,Author,Tran Thi Nguyen Ny
A5120676815,Author,Tran Thi Nhu Bang
A5092677217,Author,Tran Thi Quynh Luu
LOCAL_A000534,Author,Tran Thi Thanh Van
A5073742421,Author,Tran Thi Thu Hang
A5027335588,Author,Tran Thi Thuy Trang
A5136251515,Author,Tran Thi Tuyet Trinh
A5136194177,Author,Tran Thi Uyen Phuong
LOCAL_A000001,Author,Tran Thi Van Anh
A5085524233,Author,Tran Thi Viet Thanh
LOCAL_A000598,Author,Tran Thien Khanh
A5124895427,Author,Tran Thien Thanh
A5116540098,Author,Tran Thien Thanh
A5007663091,Author,Tran Thu Hien
A5122902852,Author,Tran Thu Thuy
A5129735939,Author,Tran Thu Trang
A5088188698,Author,Tran Thuy Hong Nguyen
LOCAL_A000663,Author,Tran Tin Phu
A5123417145,Author,Tran Ton
A5010072711,Author,Tran Trong Khue
A5021210951,Author,Tran Trung Duy
LOCAL_A000562,Author,Tran Trung Nguyen
A5080314531,Author,Tran Tuan Kiet
A5018716044,Author,Tran Van Anh
A5061545552,Author,Tran Van Chen
A5080120497,Author,Tran Van Hung
A5002151461,Author,Tran Van Kha
A5074698039,Author,Tran Van Khai
A5056909844,Author,Tran Van Phong
A5017887478,Author,Tran Viet Anh
A5085607636,Author,Tran Viet Dung
A5034971656,Author,Tran Vinh Thien
A5113287346,Author,Tran Vu
A5103558942,Author,Tran Vu Hoang
A5116628216,Author,Tran Vu-Hoang
A5115945200,Author,Tran Vuong The Vinh
A5128606674,Author,Tran Vu‐Hoang
A5025948063,Author,Tran Đuc Dien
A5086375063,Author,Tran-Lan-Khue Pham
A5135069444,Author,Tran-Nguyen Minh-An
A5066433757,Author,Tran-Thai-Duong Le
A5081829534,Author,Tran-Trung Nguyen
A5056823419,Author,Trang Do
A5137322044,Author,Trang Do Mai
A5066871783,Author,Trang Duong Thi Thuy
A5023756965,Author,Trang H.D. Nguyen
A5045777504,Author,Trang Hoang
A5114117904,Author,Trang Huynh Nguyen
A5066642825,Author,Trang Le
A5014568710,Author,Trang Le-Thu
A5113071500,Author,Trang M Le
A5067247554,Author,Trang Ngoc Cao
A5104331230,Author,Trang Ngoc Doan Tran
A5113430687,Author,Trang Ngoc Minh Cao
A5100770603,Author,Trang Nguyen
A5003254637,Author,Trang Nguyen
A5081819949,Author,Trang Nguyen
A5050158366,Author,Trang Nguyen
A5060405566,Author,Trang Nhat Uyen Doan
A5024291260,Author,Trang Thanh Pham
A5066154677,Author,Trang Thi Cam Truong
A5007439601,Author,Trang Thi Phuong Phan
A5027154276,Author,Trang Thi Thanh Chu
A5037510069,Author,Trang Thi Thuy Nguyen
A5055270754,Author,Trang Thi-Thuy Duong
A5023227947,Author,Trang Thu Tran
A5102851626,Author,Trang Thu Tran
A5078113857,Author,Trang Tran Thu
A5136910678,Author,Trang-Le Thi Thao
A5061269743,Author,Trang-Nhung Pham
A5101860187,Author,Tran‐Van‐Anh Nguyen
A5091724281,Author,Tren Van Hoang
A5084884218,Author,Tri Ba Tran
A5077324612,Author,Tri D. Le
A5068073864,Author,Tri M. Hoang
LOCAL_A000528,Author,Tri M. Hoang
A5007404256,Author,Tri Nguyen-Quang
A5056454683,Author,Tri Nhut
A5023835346,Author,Tri Quoc Truong
A5110131349,Author,Tri T. Phan
A5010338533,Author,Tri Truong
A5007187694,Author,Tri Van Le
LOCAL_A000633,Author,Tri-Thuc D. Nguyen
A5048214234,Author,Tribhuwan Kumar
A5017615722,Author,Triet Hy Van
A5026125675,Author,Trieu N. H. Phong
A5056625994,Author,Trieu Ngoc Ton
A5060415594,Author,Trieu Nhat Huynh
A5138052135,Author,Trieu Thao Du
A5116933738,Author,Trieu Thi Phuong
A5075214747,Author,Trinh Cong Dan
A5113009765,Author,Trinh Dung Chinh
A5112689304,Author,Trinh Duong
A5026404081,Author,Trinh Duy Nguyen
A5130391613,Author,Trinh K. T. Nguyen
A5119227694,Author,Trinh Le Anh
A5102806749,Author,Trinh Ngoc Bon
A5030671712,Author,Trinh Ngoc Tuyen
A5003473737,Author,Trinh Quang Vinh
A5113245593,Author,Trinh T. Nhung
A5065243635,Author,Trinh Thi Huan
A5103221637,Author,Trinh Thi My Nguyen
A5096325752,Author,Trinh Thi Phuong Dao
A5088783066,Author,Trinh Trong Nguyen
A5018288108,Author,Trinh Van Chien
A5018388816,Author,Trinh Xuan Hoan
A5008258299,Author,Trishna Mandal
A5004618448,Author,Tri‐Hai Nguyen
A5067057339,Author,Trong Binh Ho
A5111016325,Author,Trong Hien Ton Nguyen
A5138020952,Author,Trong Hong Phuc Nguyen
A5052843620,Author,Trong Lam Vu
A5126967423,Author,Trong Mai To
A5126973237,Author,Trong Nhan Duong
A5139063661,Author,Trong Nhan Le
A5065581277,Author,Trong-Ha Nguyen
A5065962329,Author,Trong-Nhat Phan
A5101863198,Author,TrongNhan Tran
A5067890490,Author,TrongNhan Tran
A5063172364,Author,Truc Anh Dang
A5108934667,Author,Truc Ngoc Hoang
A5102008168,Author,Truc Nguyen
A5033921165,Author,Truc Nhan
A5115451748,Author,Truc Phuong Nguyen
A5109136467,Author,Truc T. Nguyen
LOCAL_A000433,Author,Truc Thi Hoang Nguyen
A5124079671,Author,Truc Thi‐Thanh Le
A5059207282,Author,Truc Trinh
LOCAL_A000469,Author,Truc-Vy Mai
A5135088089,Author,Truc-Vy Mai
A5129721131,Author,Trun Truong Hoang
A5088223152,Author,Trung Do Nguyen
LOCAL_A000647,Author,Trung Dung Nguyen
A5091253663,Author,Trung Ha
A5104233840,Author,Trung Hiep Nguyen
A5072465650,Author,Trung Hieu Bui
A5086688190,Author,Trung Huy Nguyen
A5101053869,Author,Trung Kien Hoang
A5125196382,Author,Trung Kien Nguyen
LOCAL_A000296,Author,Trung Kien Pham
A5067434970,Author,Trung Kien Pham
A5081588915,Author,Trung Kien Tran
LOCAL_A000557,Author,Trung Kiên Nguyễn
A5038633272,Author,Trung Lam
A5066565612,Author,Trung Le Canh
A5011289611,Author,Trung Le Tran
A5050737114,Author,Trung Nghia Tran
LOCAL_A000394,Author,Trung Nguyen
A5136268330,Author,Trung Nguyen Thoi
A5137019412,Author,Trung Nguyen-Thoi
A5128247676,Author,Trung Nguyen-Thoi
A5049089848,Author,Trung Q. Duong
A5121038845,Author,Trung Quang Ngo
A5124063539,Author,Trung Quang Vo
A5111309295,Author,Trung Son Luong
A5102498822,Author,Trung Tan Nguyen
A5101826892,Author,Trung Thanh Tran
A5046932726,Author,Trung Thành Nguyễn
A5087105119,Author,Trung Thành Nguyễn
A5085634489,Author,Trung Tran
A5133026678,Author,Trung Truong Hoang
A5135251830,Author,Trung Tue Tran
A5056682277,Author,Trung Van Nguyen
A5111347523,Author,Trung Viet Nguyen
LOCAL_A000727,Author,Trung-Kien Pham
A5067606131,Author,Trung-Tin Tran
A5020835202,Author,Truong Anh Tuan
A5034981153,Author,Truong Chinh Le
A5053113069,Author,Truong Giang Duong
A5020463942,Author,Truong H. V. Phan
A5034192580,Author,Truong Hai Nhung
A5022284216,Author,Truong Hoang Khoi
A5129782021,Author,Truong Hoang Trun
A5076130025,Author,Truong Huy HOANG
A5084344101,Author,Truong Khang Nguyen
LOCAL_A000554,Author,Truong Long Nguyen
A5004067290,Author,Truong Minh Le
A5116174048,Author,Truong Nhut Khue
A5121616489,Author,Truong Q. Hung
A5103514725,Author,Truong Quoc Tri
A5084751540,Author,Truong Thi Cam Trang
A5018679710,Author,Truong Thi Ngan
LOCAL_A000211,Author,Truong Thi Nhu Ngoc
A5091163237,Author,Truong Thi Xuan Lien
A5079972402,Author,Truong Thinh Pham
A5135723552,Author,Truong Tran
A5086812375,Author,Truong Van Dat
A5059892810,Author,Truong Van Minh
A5047027947,Author,Truong Van Tuan
A5124971450,Author,Truong Viet Vu
A5102840591,Author,Truong X. Tran
A5026380019,Author,Truong Xuan Dai
A5055651175,Author,Truong Xuan Le
A5035306169,Author,Truong Xuan Vuong
A5048690673,Author,Truong-Minh Doan
A5033547388,Author,Truong-Nhan Ngu
A5046789775,Author,Truong-Tam Cao
LOCAL_A000548,Author,Truong-Tho Pham
A5015666278,Author,Truyen Thanh Pham
A5084347766,Author,Trà Văn Đồng
A5010581356,Author,Trân Đình Thăng
A5044054195,Author,Trương Bình Nguyên
A5036229455,Author,Trương Gia Hân
A5112950777,Author,Trương Hoàng Trung
A5012519187,Author,Trương Minh Hoàng
A5069990651,Author,Trương Ngọc Minh
A5128707607,Author,Trương Ngọc Minh Thư
A5042789478,Author,Trương Thi Khanh Ha
A5078787236,Author,Trương Thị Hạnh
A5110277318,Author,Trương Trung Tính Trần
A5052374056,Author,Trương Tuyết
A5066953147,Author,Trương Việt Anh
A5117428933,Author,Trương Vương Quốc Vinh
A5113627912,Author,Trần Công Luận
LOCAL_A000472,Author,"Trần Cẩm, Thi"
A5117364495,Author,Trần Danh Nhân
A5006420582,Author,Trần Huy Thái
A5012259174,Author,Trần Kim Toại
A5029154290,Author,Trần Minh Đức
A5102818446,Author,Trần Ngọc Tuyền
A5025952021,Author,Trần Ngọc Đăng
A5008529454,Author,Trần Quốc Toàn
A5103064996,Author,Trần Thanh Bình
A5075877402,Author,Trần Thanh Trúc
A5040168155,Author,Trần Thanh Tâm Toàn
A5062713436,Author,Trần Thu Hương
A5006513255,Author,Trần Thành Thái
A5011814353,Author,Trần Thái Hòa
A5010191491,Author,Trần Thị Bích Quyên
A5103323474,Author,Trần Thị Hoàng Yến
A5034939841,Author,Trần Thị Hà
A5005681997,Author,Trần Thị Hương Giang
A5132567939,Author,Trần Thị Kim Anh
A5132703250,Author,Trần Thị Mai
A5055541043,Author,Trần Thị Minh
A5012589054,Author,Trần Thị Ngọc Lắm
A5101053857,Author,Trần Thị Ngọc Thảo
A5113354082,Author,Trần Thị Như Hoa
A5113139645,Author,Trần Thị Thu Hà
A5030713822,Author,Trần Thị Thu Trang
A5026150255,Author,Trần Thị Thuý Hằng
A5007920882,Author,Trần Thị Vân Anh
A5058150074,Author,Trần Thị Yến Nhi
A5136296185,Author,Trần Văn Thiện
A5086554424,Author,Trần Đăng Thành
A5087000202,Author,Trần Đức Tài
A5134502036,Author,Trịnh Bích Liên Lê
A5102981857,Author,Trịnh Thùy Anh
A5119042680,Author,Trọng Nhân Dương
A5040035619,Author,Tsunemi Watanabe
A5051963851,Author,Tsutomu Kinoshita
A5110098746,Author,Tu Anh Phan
A5016189943,Author,Tu Dang-Thi-Cam
A5043579879,Author,Tu Dong Xuan
A5129678195,Author,Tu H. K. Nguyen
A5062560716,Author,Tu Le
A5032570574,Author,Tu Le Duy
A5114625656,Author,Tu Le-Tuan
A5093305250,Author,Tu My Vuu
A5060832511,Author,Tu T. C. Nguyen
A5109776692,Author,Tu V. Truong
A5043386804,Author,Tu-Phuoc-Nguyen Vo
A5057408423,Author,Tuan A. Duong
A5128559504,Author,Tuan A. Pham
A5041664690,Author,Tuan A. Vu
A5101757963,Author,Tuan Anh Hoang
A5101786594,Author,Tuan Anh Nguyen
A5100759389,Author,Tuan Anh Nguyen
A5139150702,Author,Tuan Anh Pham
LOCAL_A000203,Author,Tuan Anh Tran
A5043793311,Author,Tuan Cong Le
A5010770404,Author,Tuan Duc Nguyen
A5003360104,Author,Tuan Hai Nguyen
A5003495146,Author,Tuan Hoang Anh Dinh Tuan Hoang Anh Dinh
A5101972901,Author,Tuan Hoang Nguyen
A5083924160,Author,Tuan Hoang Nguyen
A5005952694,Author,Tuan Huu Nguyen
A5119314122,Author,Tuan Huynh-Thanh
A5036356696,Author,Tuan Khang Nguyen
A5109622472,Author,Tuan L. Vo
A5035159452,Author,Tuan Le
LOCAL_A000430,Author,Tuan Le
A5066900397,Author,Tuan Le-Hoang
LOCAL_A000712,Author,Tuan Nam Tran
A5086572621,Author,Tuan Ngo
A5102592280,Author,Tuan Ngoc Doan
LOCAL_A000383,Author,Tuan Nguyen Anh
A5078920305,Author,Tuan Nguyen Hoang
LOCAL_A000540,Author,Tuan Nguyen-Sy
A5100776154,Author,Tuan Nguyen‐Sy
LOCAL_A000391,Author,Tuan Pham Van
LOCAL_A000582,Author,Tuan Phong Nham
A5035470871,Author,Tuan Quoc Vo
LOCAL_A000610,Author,Tuan Thanh Dang
A5024205395,Author,Tuan Thanh Dang
A5068483265,Author,Tuan V. Nguyen
A5136580768,Author,Tuan V. Vu
A5017773373,Author,Tuan V. Vu
A5136407418,Author,Tuan V. Vu
A5129989055,Author,Tuan V. Vu
A5135480789,Author,Tuan V. Vu
A5139451528,Author,Tuan V. Vu
A5122355350,Author,Tuan V. Vu
A5137183534,Author,Tuan V. Vu
A5012795098,Author,Tuan Van Pham
A5046483870,Author,Tuan-Anh Nguyen
A5048092944,Author,Tuan-Anh Nguyen Pham
A5061255396,Author,Tuan-Dat Nguyen
A5110319120,Author,Tuan-Duc Nguyen
A5050116381,Author,Tuan-Minh Nguyen
LOCAL_A000608,Author,Tuan-Viet Tran
A5070324389,Author,Tuan‐Dung Hoang
A5001700413,Author,Tue Duy Nguyen
A5111907929,Author,Tue H. Nguyen
A5042992750,Author,Tue Nguyen Duy
A5115041579,Author,Tuetakoun Aphistih
A5008687474,Author,Tulasi Prasad Niraula
A5040003914,Author,Tung Bui
A5101538445,Author,Tung Do
A5101103252,Author,Tung Do Thanh
A5049752209,Author,Tung Gia Pham
A5068068488,Author,Tung Khac Truong
A5082307315,Author,Tung M. Nguyen
A5101925339,Author,Tung Nguyen
A5056888335,Author,Tung Nguyen Van
A5023335428,Author,Tung Nhu Nguyen
A5065186859,Author,Tung P. Nguyen
A5003187325,Author,Tung T. Nguyen
A5025021236,Author,Tung Tran Anh
LOCAL_A000466,Author,Tung Van Dinh
A5126852895,Author,Tung-Cheng Chang
A5070837537,Author,Tung‐Yuan Chen
A5126253702,Author,Tuoc Ngoc Vu
A5070181852,Author,Tuom Thi Tinh Truong
A5033598598,Author,Tuong Le
A5109742382,Author,Tuong Minh Ly Le
A5110130160,Author,Tuong My Cat Vu
A5074503531,Author,Tuong-Minh Ly-Le
A5079216361,Author,Tushar Saha
A5011576276,Author,Tuyen C. Kha
A5081322932,Author,Tuyen Dai Quang
A5120690682,Author,Tuyen Dao Ngoc
LOCAL_A000422,Author,Tuyen Huu Nguyen
A5092080606,Author,Tuyen Huynh Ngoc
A5036734449,Author,Tuyen L. T. Nguyen
A5030979939,Author,Tuyen Ngoc Truong
A5025438611,Author,Tuyen Thanh Nguyen
A5089950338,Author,Tuyen Thi Kim Le
A5114245107,Author,Tuyen Thi Thanh Nguyen
A5055449699,Author,Tuyen Thi Thanh Tran
A5101258839,Author,Tuyet Hong Nguyen
A5076701661,Author,Tuyet Kha Vuong
A5101288712,Author,Tuấn Hải Tăng
A5101983590,Author,Tuấn Nguyễn Văn
A5111112361,Author,Tuấn Trần Minh
A5018635438,Author,Tzong-Luen Wang
A5036662627,Author,Tzong-Luen Wang
A5057105630,Author,Tzung‐Pei Hong
A5124054050,Author,Tính Nguyễn Trọng
A5003871391,Author,Tô Thanh Sơn
A5083592049,Author,Tôn Nguyễn Trọng Hiền
A5074060298,Author,Tôn Nữ Mỹ Phương
A5046667713,Author,Tú Anh Hà
A5117603954,Author,Tú Anh Nguyễn
A5016895866,Author,Tạ Ngọc Đôn
A5092815858,Author,Tạ Thị Hiệp
A5113069115,Author,Tấn Nguyễn Thành
LOCAL_A000157,Author,U Boryczka
A5023142347,Author,U-Xuan Tan
A5004646516,Author,Uladzislaw E. Gumiennik
A5029419036,Author,Ulemj Damiran
LOCAL_A000514,Author,Ulemj Damiran
A5031687662,Author,Ulf‐G. Gerdtham
A5123359358,Author,Ulf‐Göran Gerdtham
A5025524243,Author,Ulrich Klotz
A5113709518,Author,Umakant Mishra
A5027797037,Author,Umar Ashraf
A5063525316,Author,Ummi Salina Farini Bahaman
A5041914128,Author,Uoc Tran
A5046987906,Author,Ursula Ganten
A5023887333,Author,Ute Bangerter
A5036126619,Author,Uyen Do Thi Ngoc
A5090616142,Author,Uyen Hoang Dinh Nguyen
A5134315448,Author,Uyen Hoang Thi Ly
A5103064879,Author,Uyen Le
A5087172256,Author,Uyen Minh Ngo Pham
A5136217108,Author,Uyen T. T. Doan
A5090389160,Author,Uyen Thi To Nguyen
A5120524910,Author,Uyen-Phuong Le Do
A5108265219,Author,V A N-D U N G LE
LOCAL_A000699,Author,V Nimehchisalem
LOCAL_A000274,Author,V Richmond
A5059455917,Author,V T Phung
A5000068956,Author,V. A. Suvorov
A5089906507,Author,V. B. Nguyen
A5104011371,Author,V. D. Phan
A5064878852,Author,V. H. Binh
A5084845414,Author,V. H. Phong
A5139404053,Author,V. Hung Le
A5114110828,Author,V. K. Le
A5075390584,Author,V. Lakshmi
A5090251360,Author,V. N. Maksimenko
A5007924087,Author,V. Oren
A5008876218,Author,V. S. Davydenko
A5101105129,Author,V. T. Nguyen
A5130238958,Author,V. V. Vien
A5090732320,Author,V. V. Vien
A5000632223,Author,V.A. Tkach
A5000321582,Author,V.H. Tran
A5084048258,Author,V.T.D. Chi
A5083170304,Author,VAN CANH NGUYEN
A5025509748,Author,VAN HUONG BUI
A5068665609,Author,VAN KHUONG NGUYEN
A5094583817,Author,VO VAN BAM
A5106502439,Author,VU Van Vien
A5079062419,Author,Vachara Peansupap
A5055988466,Author,Vadakasi Subramanian
A5104242418,Author,Valentin S. Chaika
A5052572077,Author,Valeriy S. Rukavishnikov
A5058762592,Author,Valery Antonov
A5083002277,Author,Van Bac Nguyen
A5113986794,Author,Van Binh Nguyen
A5121799310,Author,Van Bon Nguyen
A5128178653,Author,Van Cao
A5124943248,Author,Van Chien Nguyen
A5075072315,Author,Van Chuan Phan
A5050026611,Author,Van Cuong Nguyen
A5121806418,Author,Van Dat Doan
A5076310748,Author,Van De Tran
A5076120969,Author,Van Dien Dang
A5040784486,Author,Van Dong Tra
A5116701399,Author,Van Du Ha
A5042985909,Author,Van Giao Nguyen
A5044423283,Author,Van Ha Nguyen
A5011206551,Author,Van Hieu Bui
A5110671768,Author,Van Hoang Thu LE
A5000275860,Author,Van Hung Hoang
A5111189285,Author,Van Huong Tran
LOCAL_A000563,Author,Van Huu Tap
A5068564087,Author,Van Huynh Ha Le
A5135136621,Author,Van K. Nguyen
A5049382316,Author,Van Ke Tran
LOCAL_A000214,Author,Van Khai Tran
A5029262393,Author,Van Khai Tran
A5110933537,Author,Van Khien Nguyen
A5032599875,Author,Van Kien Pham
A5030044861,Author,Van Liem Bui
LOCAL_A000462,Author,Van Luon Nguyen
A5112492572,Author,Van Man Tran
A5100810839,Author,Van Manh Nguyen
A5035577823,Author,Van Minh Le
LOCAL_A000717,Author,Van Minh Nguyen
A5101386108,Author,Van Ngoan Nguyen
A5106155928,Author,Van Nguyen Van
A5006103601,Author,Van Nhanh Nguyen
A5056175362,Author,Van Nhieu Le
A5106206940,Author,Van Pham Thi Hai
A5049616479,Author,Van Tai Tang
A5118256435,Author,Van Tai Vo
LOCAL_A000056,Author,Van Tat Pham
LOCAL_A000052,Author,Van Thanh Nguyen
A5034572659,Author,Van The Pham
A5126146973,Author,Van The Pham
LOCAL_A000088,Author,Van The Pham
A5103072436,Author,Van Thi Hong Pham
A5058220593,Author,Van Thi Hong Pham
A5030758686,Author,Van Thi Thuy Pham
A5057673381,Author,Van Thinh Nguyen
A5124362125,Author,Van Thinh Pham
LOCAL_A000447,Author,Van Thinh Tran
A5016633616,Author,Van Tho Le
A5016425643,Author,Van Thuan Le
A5099351333,Author,Van Thuc
LOCAL_A000305,Author,Van Thuc
A5110964815,Author,Van Tien Nguyen
A5139063594,Author,Van Tien Tran
A5101402518,Author,Van Tinh Nguyen
A5088212360,Author,Van Toan Dinh
A5100631783,Author,Van Toan Nguyen
A5109711025,Author,Van Tung
A5103120340,Author,Van Van Huynh
LOCAL_A000664,Author,Van Vinh Nguyen
A5075533872,Author,Van Vu Duc THIEU
A5012438728,Author,Van Y Tang
LOCAL_A000371,Author,"Van, Tuan Pham"
A5034547214,Author,Van-An Nguyen-Le
A5104187193,Author,Van-Anh Tran Nguyen
A5005360975,Author,Van-Ca Phan
A5046502643,Author,Van-Cuong Bui
A5123725179,Author,Van-Dinh Nguyen
A5087959841,Author,Van-Doan Nguyen
A5044678839,Author,Van-Duc Bui
A5077989995,Author,Van-Duc Phan
A5135077615,Author,Van-Dung Le
A5083500033,Author,Van-Hoang Le
A5085028163,Author,Van-Hung Pham
A5027433720,Author,Van-Huy Pham
A5104181817,Author,Van-Khanh Vo
A5000531779,Author,Van-Kien Pham
A5135086837,Author,Van-Kieu Nguyen
A5132687538,Author,Van-Kieu Nguyen
A5005047524,Author,Van-Muoi Bui
LOCAL_A000044,Author,Van-Quy Hoang
A5077817519,Author,Van-Quy Nguyen
A5074560142,Author,Van-Son Huynh
A5043157568,Author,Van-Thanh Vo
A5007737431,Author,Van-Trung Nguyen
A5064289811,Author,Van-Trung Tran
A5017407091,Author,Van-Vang Le
A5037825941,Author,Van-Viet Lam
A5049528580,Author,VanHung Tran
A5083727054,Author,VanThanh Dang
A5118648874,Author,VanTrang Dam
A5102547534,Author,VanVan Lương
A5073115693,Author,Vang V. Le
A5027018014,Author,Vanna Teck
A5083053786,Author,Vannak Seng
A5079955478,Author,Vanthan Nguyen
A5087019672,Author,Van‐An Duong
A5076045469,Author,Van‐Dat Doan
A5037305946,Author,Van‐Dinh Nguyen
A5054233093,Author,Van‐Dung Le
A5072082220,Author,Van‐Giang Le
A5062937996,Author,Van‐Kieu Nguyen
A5081148659,Author,Van‐Nham Phan
A5008604791,Author,Van‐Quynh Nguyen
A5006254056,Author,Van‐Tai Nguyen
A5101353641,Author,Van‐Thanh Nguyen
A5019526804,Author,Van‐Truong Truong
A5088894961,Author,Van‐Tuan Tran
A5065602862,Author,Van–Su Dang
A5078022401,Author,Vassana Musa
A5050217515,Author,Vediyappan Veeramani
A5114377555,Author,Velibor Spalevıć
A5036038477,Author,Vere Borra
A5016621990,Author,Vesna Tepavčević
A5059104200,Author,Vi N. D. Nguyen
A5091945662,Author,Vi Thi Thuan
A5111216846,Author,Vi Vu Doan
A5076572310,Author,Vi-Minh Luong
A5018716310,Author,Victoria Ndinelago Erasmus
A5123784405,Author,Vien Vo
A5044593104,Author,Vien Vo
A5123683358,Author,Viet  Khoa Nguyen
LOCAL_A000600,Author,Viet Anh Truong
LOCAL_A000550,Author,Viet Bac T. Phung
A5059493647,Author,Viet Bach Nguyen
A5112690050,Author,Viet Dung Trinh
A5066957498,Author,Viet Ha Ho
A5104243858,Author,Viet Hoa Dang
A5103324738,Author,Viet Hoang
A5123655582,Author,Viet Hoang
A5123939718,Author,Viet Hoang
LOCAL_A000043,Author,Viet Hoang
A5101583696,Author,Viet Hoang Pham
A5101149266,Author,Viet Nguyen
A5066821118,Author,Viet Q. Bui
A5032415906,Author,Viet Quoc Dang
A5091027836,Author,Viet Quoc Hoang
A5103059530,Author,Viet Quoc Nguyen
A5101381093,Author,Viet Thanh Duy Nguyen
A5058794010,Author,Viet Tho Le
A5005338149,Author,Viet Tinh Nguyen
A5124156341,Author,Viet Tran
A5092858813,Author,Viet Tri Vo
A5050136807,Author,Viet Trinh Tran
A5116540100,Author,Viet V. Lam
A5102516062,Author,Viet-Duc Dang
A5124453177,Author,Viet-Ha Chu
A5104201126,Author,Viet-Ha Thi Le
A5101980585,Author,Viet-Hung Nguyen
A5010817506,Author,Viet-Thanh Le
A5114215421,Author,Viet-Vu Nguyen
A5024527579,Author,Viet‐Linh Tran
A5029973339,Author,Viet–Thanh Pham
A5036240913,Author,Vigneswaran Dhasarathan
A5061433803,Author,Vikas Kumar Rana
A5000548221,Author,Vikram Puri
A5023592446,Author,Vinay Nadkarni
A5014767912,Author,Vinh An Le
A5104075933,Author,Vinh Doan
A5079652119,Author,Vinh Hien Huynh
A5053336588,Author,Vinh Hien Nguyen
A5117757559,Author,Vinh Linh Yuen
A5038960846,Author,Vinh Mai
A5014362711,Author,Vinh N. T. Pham
A5138750666,Author,Vinh N.T. Pham
A5061034390,Author,Vinh Ngoc Tran
A5102819254,Author,Vinh Ngọc Nguyễn
A5091922471,Author,Vinh P. Ho-Van
A5132643128,Author,Vinh Van Tran
A5108782097,Author,Vinh Xuan Vo
LOCAL_A000458,Author,Vinh-Thien Tran
A5031646882,Author,Vishal Kapadia
A5023909031,Author,Vitalii Petranovskii
A5006503198,Author,Vivek Gupta
A5066581436,Author,Việt Dũng Trần
A5048072243,Author,Việt Hoàng
LOCAL_A000436,Author,Việt Hoàng
A5007233714,Author,Vladimir Burkov
A5098157644,Author,Vo
A5118514486,Author,Vo Chi Hung
A5009617428,Author,Vo Dang Nhat Huy
A5135511189,Author,Vo Dinh Cao Nguyen
A5001746495,Author,Vo Duy Nhan
A5116224403,Author,Vo Duyen Thao Vy
A5022723572,Author,Vo Hong Nghiep
A5116174047,Author,Vo Huyen Bao Tran
A5023492471,Author,Vo Khuong Dien
A5097765031,Author,Vo Minh Hieu
A5119568656,Author,Vo Minh Hung
A5062012235,Author,Vo Ngoc Mai Anh
A5035354610,Author,Vo Ngoc Minh
A5129903790,Author,Vo Ngoc Thien Phung
A5107591587,Author,Vo Nguyen Quoc Bao
A5124970310,Author,Vo Nguyen Quoc Bao
A5102730698,Author,Vo Nguyen Quoc Bao
A5004083201,Author,Vo Nguyen Quoc Bao
A5114705828,Author,Vo Nguyen Quoe Bao
A5014568924,Author,Vo Nhat Huy
A5002522804,Author,Vo Pham Hoang Huy
A5065649299,Author,Vo Phuoc Tuan
A5086061422,Author,Vo Quang Nha
A5030631827,Author,Vo T. T. Vi
A5102898390,Author,Vo T. T. Vi
A5136549000,Author,Vo T. T. Vi
A5114054713,Author,Vo T.T.
A5073906374,Author,Vo Thang Nguyen
A5104034403,Author,Vo Thang Nguyen
A5121846813,Author,Vo Thanh Kiet
A5025951446,Author,Vo Thi Ha
A5020187786,Author,Vo Thi Hoa
A5039122925,Author,Vo Thi Kim Loan
A5014184732,Author,Vo Thi Thanh Thuy
A5114527443,Author,Vo Thi Thu Hang
A5107768506,Author,Vo Thi Thuy Hong
A5114767761,Author,Vo Thi Thuy Hong
A5023323877,Author,Vo Thi Xuyen
A5133821499,Author,Vo Trung Hung
A5101258999,Author,Vo Trung Nguyen
A5037488103,Author,Vo Van
A5129576085,Author,Vo Van An
A5034541869,Author,Vo Van Au
A5049791266,Author,Vo Van Giau
A5122193922,Author,Vo Van Lac
A5132655044,Author,Vo Van Lac
A5067025192,Author,Vo Van Tai
A5059312578,Author,Vo Van Toi
A5062934357,Author,Vo Van Tuan
LOCAL_A000474,Author,Vo Viet Tri
A5000269339,Author,Vo Viet Tri
A5085629269,Author,Vo Vãn Hoa
A5124912709,Author,Vo-Nguyen Quoc Bao
A5061887361,Author,Vu Ba Duong
A5138226202,Author,Vu Bao Tran
A5129724645,Author,Vu H. A. Truong
A5110733360,Author,Vu H. Tran
A5089897389,Author,Vu Hieu Minh
A5063751724,Author,Vu Hoa Anh Dien
A5024466583,Author,Vu Khac Hoang Bui
A5007977315,Author,Vu Khac Trai
A5099851173,Author,Vu Lan Le Oanh
A5110402647,Author,Vu Lan Nguyen
A5113048693,Author,Vu Lan Oanh LE
A5035049724,Author,Vu Manh Hoai Nguyen
A5053295960,Author,Vu Minh Ngo
A5013790137,Author,Vu N. D. Kieu
A5012479711,Author,Vu Ngoc Hung
A5091407554,Author,Vu Nguyen
A5084006403,Author,Vu Nguyen Doan
A5009202157,Author,Vu Nguyen Manh Hoai
A5132551954,Author,Vu Nguyen-Si
A5115435966,Author,Vu Quoc Huy
A5080858949,Author,Vu Song Thuy Nguyen
A5013912685,Author,Vu T. Nguyen
A5001223994,Author,Vu Thi Anh Tuyet
A5108761377,Author,Vu Thi Kim Hanh
A5018528890,Author,Vu Thi Kim Hanh
A5103852709,Author,Vu Thi Kim Lien
A5116933739,Author,Vu Thi Van Anh
A5101409609,Author,Vu To-Anh Phan
A5031952416,Author,Vu Tram Anh Le
A5084059075,Author,Vu Tran–Thanh
A5117087722,Author,Vu Truc Phuc
A5002005365,Author,Vu Tuan Kien
A5076082548,Author,Vu Tung Tran
A5032051091,Author,Vu Van Tuan
A5104635098,Author,Vuong Ba Pham
A5095604805,Author,Vuong Minh Duc
A5092080605,Author,Vuong Nguyen Đinh
A5045944169,Author,Vuong Thi Kim Oanh
LOCAL_A000515,Author,"Vuthaluru, Hari"
A5124084838,Author,Vy Anh Tran
A5054046541,Author,Vy Anh Tran
A5079210120,Author,Vy Ha Nguyen Tran
A5121798944,Author,Vy Ngoc Thuy Tran
LOCAL_A000051,Author,Vy Nguyen Ngoc Hoang
A5133435331,Author,Vy Thi Thao Huynh
A5113279192,Author,Vy Tran
A5101768172,Author,Vy Tran
A5138215236,Author,Vy Tran Ha
A5082250333,Author,Vy Uyen Thanh Nguyen
LOCAL_A000007,Author,Vy-Rin Nguyen
A5011543714,Author,Václav Snåšel
A5109280766,Author,Võ Thanh Tùng
A5015278628,Author,Võ Văn Tài
LOCAL_A000543,Author,Văn Chinh Nguyễn
A5064935874,Author,Văn Chí Nguyễn
A5124070504,Author,Văn Chương Lê
A5060719743,Author,Văn Dũng Lương
LOCAL_A000541,Author,Văn Hiệp Nguyễn
A5033647992,Author,Văn Hùng Bùi
A5047468382,Author,Văn Mãi Đỗ
A5104004303,Author,Văn Nam Thái
A5112953474,Author,Văn Nhật Nguyễn
A5030100270,Author,Văn Sơn Đặng
A5100634151,Author,Văn Thành Nguyễn
A5059041759,Author,Văn Thành Trần
A5089409625,Author,Văn Đức Nguyễn
A5013855040,Author,Vũ Hiệp Đặng
A5031270481,Author,Vũ Hùng Hải
A5070562283,Author,Vũ Ngọc Ánh
A5016799901,Author,Vũ Phi Hổ Phạm
A5117428843,Author,Vũ Phương Anh
A5011841596,Author,Vũ Quang Huy
A5031822796,Author,Vũ Thị Hồng Hà
A5028160757,Author,Vũ Thị Ngân
A5110045504,Author,Vũ Đình Lãm
A5092778074,Author,Vũ Định Đinh
LOCAL_A000163,Author,W Deng
LOCAL_A000192,Author,W Gui
LOCAL_A000690,Author,W Holden
LOCAL_A000112,Author,W Lee
LOCAL_A000175,Author,W Macready
A5136928656,Author,W. Campbell
A5109230591,Author,W. E. Lange
A5132294692,Author,W. Hanlon
A5136930714,Author,W. Hopple
A5109216007,Author,W. Jiang
A5004868082,Author,W. Liu
A5014526200,Author,W. Ouerghui
A5136946130,Author,W. Rison
A5052671761,Author,W.H. Rulkens
A5090217780,Author,W.J. Lang
A5078038327,Author,WU Gang-qiang
A5100962753,Author,WU Ya
A5056529592,Author,WU Zhan-guo
A5045498018,Author,Wakeel Hussain
A5084793653,Author,Waleed A. Bayoumi
A5101966424,Author,Wali Ullah Khan
A5072055957,Author,Walid Nabgan
A5112038070,Author,Walter Kloeck
A5123991349,Author,Wan-Ju Yu
A5103768228,Author,Wang Chih‐Yang
A5104000316,Author,Wang Dan
A5056344750,Author,Wang Jia-yong
A5100727651,Author,Wang Jian-min
A5092439237,Author,Wang Jinliang
A5102001542,Author,Wang Shao-hua
A5100626681,Author,Wang Yu
A5063807725,Author,Wang Yu
A5078016706,Author,Wang Yu-zhu
A5110085228,Author,Wann Yih Wu
A5089711572,Author,Wannee Nitiyanant
A5109301306,Author,Wan‐Jou Shen
A5040810553,Author,Waqas Khalid
A5073908772,Author,Warinthorn Chavasiri
A5122254251,Author,Wasso Dieudonné Shukuru
A5084339087,Author,Wataru Sakai
A5057972238,Author,Watchanan Chantapakul
A5027047123,Author,Watheq J. Al‐Mudhafar
A5056985800,Author,Wattana Panphut
A5118601678,Author,Weeam Alshidi
A5100344338,Author,Wei Chen
A5060570144,Author,Wei Liu
A5101437812,Author,Wei Liu
A5100608566,Author,Wei Liu
LOCAL_A000421,Author,Wei Zhang
A5100741130,Author,Wei Zhang
A5039307851,Author,Wei-Ci Li
A5130028438,Author,Wei-Yi Lee
A5055525972,Author,Wei‐Hung Chiang
A5071723663,Author,Wei‐Jan Wang
A5058891664,Author,Wei‐Tien Chang
A5079146545,Author,Wen Luo
A5065309436,Author,Wen Tiefeng
A5055094158,Author,Wen-Hsin Hsu
A5103159189,Author,Wenhong Chen
A5048664845,Author,Wenzhu Li
A5080830696,Author,Wen‐Hsin Hsu
A5070144964,Author,Wen‐Min Lu
A5084471393,Author,Weston Craig
A5057749394,Author,Widya Ernayati Kosimaningrum
A5051291679,Author,Wilen Melsedec O. Narvios
A5113563018,Author,Wilhelm Friedrich
A5077694527,Author,William B. Noseworthy
A5110325729,Author,William Lang
A5020096319,Author,William Montgomery
A5040005212,Author,William N. Setzer
A5134019745,Author,William N. Setzer
LOCAL_A000544,Author,William N. Setzer
A5000973793,Author,Wilson Freddy Makaya
A5043749543,Author,Winda Fitri
A5051000539,Author,Wita Wardani
LOCAL_A000494,Author,Witness Dlamini
A5122295020,Author,Witness Dlamini
A5070999622,Author,Wolfgang Rascher
A5074304527,Author,Wonbin Kim
A5100403280,Author,Wonseok Lee
A5042786686,Author,Worapong Lohpaisankrit
A5107174257,Author,Wu Kai
A5028914131,Author,Wunan Zhou
LOCAL_A000682,Author,X Bao
LOCAL_A000139,Author,X Dong
LOCAL_A000149,Author,X Yang
LOCAL_A000246,Author,X Yao
LOCAL_A000189,Author,X Zhou
LOCAL_A000297,Author,X. M. Dao
A5128503682,Author,X. Cuong Nguyen
A5077465191,Author,XU Xi-wang
A5091071937,Author,Xavier Barthélémy
A5081094991,Author,Xi Zhou
A5100352418,Author,Xian Wu
A5089298247,Author,Xiang-Rong Cai
A5007702645,Author,Xiao Chao
A5102221833,Author,Xiao Hong
A5100411480,Author,Xiao Wang
A5102027458,Author,Xiao Wang
A5023109138,Author,Xiao Yan
A5100612055,Author,Xiaodong Shao
A5065463000,Author,Xiaodong Wu
A5100455479,Author,Xiaohong Wang
A5042417560,Author,Xiaohua Su
A5033714280,Author,Xiaomei Guo
A5100634247,Author,Xiaoming Zhang
A5101579465,Author,Xiaowu Chen
A5033033828,Author,Xiaoxin Zheng
A5100449436,Author,Xiaoying Zhang
A5053036468,Author,Xie An
A5100569874,Author,Xie Qi
A5089575397,Author,Ximin Cui
A5033467314,Author,Xin Guan
A5101610795,Author,Xin Lu
A5101547642,Author,Xing Wei
A5100754504,Author,Xiu Li
A5023755501,Author,Xiufang Zhang
A5041986292,Author,Xu Hai
A5100301925,Author,Xu LangLai
A5100437263,Author,Xu Zhang
A5124939854,Author,Xuan An Bui
A5097638246,Author,Xuan Bac
A5139195928,Author,Xuan Chanh Tran
A5022231076,Author,Xuan Cuong Nguyen
A5093054692,Author,Xuan Huu
A5092020621,Author,Xuan Luo
A5034704196,Author,Xuan Nam Tran
A5103009774,Author,Xuan Ngoc Nguyen
A5073587956,Author,Xuan Tai
A5045332874,Author,Xuan Thang Cao
A5077733475,Author,Xuan Thang Trinh
A5101499505,Author,Xuan Truong Nguyen
A5093656409,Author,Xuan Vinh Trinh
A5042145631,Author,Xuan-Chien Do
A5040078698,Author,Xuan-Kien Dang
A5004755597,Author,Xuan-Lam Duong
A5136363689,Author,Xuan-Ngoc Nguyen
A5048057078,Author,Xuan-Thang Cao
A5091512952,Author,Xuan‐Hao Bui
A5080216121,Author,Xuan‐Thanh Bui
A5093113482,Author,Xuan‐Thao La
A5101843477,Author,Xue‐Feng Ding
A5100390651,Author,Xun Zhang
A5065984932,Author,Xuyen Thi Vo
A5097683438,Author,XuyenThi NGUYEN
A5063218061,Author,Xuân Mai Nguyễn
A5048178300,Author,Xuân Tạo Vũ
LOCAL_A000140,Author,Y Cai
LOCAL_A000242,Author,Y Guan
LOCAL_A000110,Author,Y Hu
LOCAL_A000166,Author,Y Liu
LOCAL_A000136,Author,Y Wu
LOCAL_A000111,Author,Y Yao
LOCAL_A000231,Author,Y Yi
LOCAL_A000121,Author,Y Yuan
A5019008914,Author,Y. Chen
A5117527759,Author,Y. D. Mitskevich
A5082083737,Author,Y. Fujimura
A5136905539,Author,Y. J. Kwon
A5130098630,Author,Y. Kusumori
A5124059558,Author,Y. Le Phan
A5107949962,Author,Y. Nakayama
A5052000517,Author,Y. Q. Nguyen
A5005120026,Author,Y. Q. Nguyen
A5109361678,Author,Y. Yamazaki
A5060317298,Author,Y. de Armas Figueroa
LOCAL_A000344,Author,Y.-H Kang
A5061989511,Author,Ya-Jung Shih
A5122189634,Author,Yacob Mulagetta
A5059745870,Author,Yacov Rabi
A5055323888,Author,Yalalem Assefa
A5101555441,Author,Yan Ding
A5042636879,Author,Yan Tao
A5058571639,Author,Yan Xiao
A5035772870,Author,Yan-ling Guo
A5088461473,Author,Yanfeng Song
A5115588329,Author,Yang Hai
A5100294403,Author,Yang Jinlong
A5103137371,Author,Yang Li
A5100421249,Author,Yang Li
A5034064963,Author,Yang Ming
A5043910551,Author,Yang Ming
A5059100699,Author,Yang Su
A5054223932,Author,Yang Xu
A5100402379,Author,Yang Ye
A5100354734,Author,Yang Zhang
A5081680183,Author,Yang Zong
A5007080908,Author,Yanhua Zhao
LOCAL_A000294,Author,Yanliang SHANG
A5101863680,Author,Yansong Gao
A5102657472,Author,Yao Cheng
A5109357060,Author,Yao-Hui Huang
A5124225233,Author,Yao-Moan Huang
A5039672274,Author,Yaovi Holade
A5080831219,Author,Yao‐Moan Huang
A5104277836,Author,Yarui Li
A5100314779,Author,Yarui Li
A5109107978,Author,Yasser Farhat
A5046613313,Author,Yassin A. Jeilani
A5103217838,Author,Ye Feng
A5102214222,Author,Ye Hong
A5112744355,Author,Yen Nguyen Thi
A5009692670,Author,Yen Nhi Ha
A5122389452,Author,Yen Nhi Nguyen
LOCAL_A000400,Author,Yen Nhi Nguyen
A5029249233,Author,Yen Nhu Lam
A5093706061,Author,Yen Nhu Thi Hoang
A5102761696,Author,Yen Thi Hoang Hua
A5104301123,Author,Yen Thi Kim Nguyen
A5036010540,Author,Yen Tran
A5049701520,Author,Yen-Hui Wang
A5008944931,Author,Yeni Dian Lesmaya
A5022946961,Author,Yerhee Kim
A5082221333,Author,Yeseul Hong
A5100705609,Author,Yi Chen
A5071127149,Author,Yi Cui
A5103152813,Author,Yi Liao
A5101870214,Author,Yi Zou
A5109960742,Author,Yi-Chun Chiang
LOCAL_A000027,Author,Yi-Chun Chiang
A5102388480,Author,Yi-Lin Yang
A5011154592,Author,Yimeng An
A5069029743,Author,Ying Kai Liao
A5073925871,Author,Ying Ma
A5020723643,Author,Ying Xian
A5100441311,Author,Ying Yin
LOCAL_A000604,Author,Yogesh Chaudhary
A5120906618,Author,Yohandys A. Zulueta
A5028948267,Author,Yohandys A. Zulueta
A5110679012,Author,Yong Cao
A5073290826,Author,Yong Jie Wong
A5034944739,Author,Yong Sup Lee
A5018164756,Author,Yong-Soo Yoon
A5050179474,Author,Yongchun Zhou
A5100424203,Author,Yongjun Wang
A5051691002,Author,Yong‐Ill Lee
A5062225876,Author,Yong‐Jin Won
A5071852839,Author,Yosep Hwang
A5052946148,Author,Yoshi Takahashi
A5085568555,Author,Yoshiki Sawada
A5025363291,Author,Yoshio Yamaoka
A5109594464,Author,Yoshio Yamaoka
A5035224025,Author,Yoshiyuki Kawazoe
A5065568852,Author,Young Dok Kim
A5026538440,Author,Youngjong Kang
A5052578911,Author,Young‐Chul Lee
A5030209618,Author,Young‐Soo Seo
A5004913719,Author,Yousef A. Baker El–Ebiary
A5068032370,Author,Yousef G. Alghamdi
A5034313357,Author,Youtang Li
A5100914650,Author,Youwen Tang
A5106172262,Author,Yu Chen
A5113955270,Author,Yu Hong
LOCAL_A000287,Author,Yu Jin
A5113747468,Author,Yu Min Shui
A5125342398,Author,Yu-Chen S.H. Yang
LOCAL_A000032,Author,Yu-Cheng Ho
A5101893134,Author,Yu-Jie Yuan
A5134546392,Author,Yu-Wei Liu
A5121968098,Author,Yu-Wei Liu
A5067379892,Author,Yu. V. Ostankova
A5113169613,Author,Yuanyuan Sun
A5065841119,Author,Yue Wang
A5089071501,Author,Yueh‐Jung Wu
A5073055413,Author,Yuen-Jung Wu
A5065302871,Author,Yujie Guo
A5137480998,Author,Yulia V. Ostankova
A5123414799,Author,Yulia V. Ostankova
A5017599839,Author,Yulong Zhao
A5101466206,Author,YunQian Zhang
A5132979210,Author,Yung-Kuo Lee
A5135106888,Author,Yung-Kuo Lee
A5130388406,Author,Yung-Kuo Lee
LOCAL_A000017,Author,Yung-Kuo Lee
A5129810714,Author,Yung-Kuo Lee
A5102556818,Author,Yung-Kuo Lee
A5060090368,Author,Yungang Li
A5026391773,Author,Yung‐Kuo Lee
A5028440843,Author,Yung‐Ning Yang
A5072903915,Author,Yung‐Pin Tsai
A5071238214,Author,Yunhee Cho
A5032689906,Author,Yunlai Zhou
A5038430822,Author,Yuseob Kim
A5037587230,Author,Yusuf Gürefe
A5015697783,Author,Yusuke Hioki
A5101868875,Author,Yusuke Mizuno
A5054072407,Author,Yuya Yamato
A5012207972,Author,Yu‐Cheng Ho
A5042185009,Author,Yu‐Chi Chung
A5072119812,Author,Yu‐Li Wang
A5010525452,Author,Yu‐Te Tu
LOCAL_A000133,Author,Z Peng
LOCAL_A000132,Author,Z Wan
LOCAL_A000279,Author,Z Xiong Chen
LOCAL_A000126,Author,Z Xu
LOCAL_A000134,Author,Z Yuan
A5015962889,Author,Z. Avazzadeh
A5129700560,Author,Z. Gerber
A5044172436,Author,Z. P. Luong
A5002953807,Author,Z. W. Ge
A5049076609,Author,Zahiraniza Mustaffa
A5056677817,Author,Zaira I. Bedolla‐Valdez
A5009289774,Author,Zakaryae Haman
A5074122666,Author,Zdenka Prokopová
A5079461216,Author,Zehra Gülseven
A5110373196,Author,Zhai Guo
A5119281889,Author,Zhanbin Li
A5006572715,Author,Zhang Dian-jun
A5076578682,Author,Zhang Fan-hua
A5100418954,Author,Zhang Li
A5100418969,Author,Zhang Li
A5101539552,Author,Zhang Shu
A5110369264,Author,Zhang Zu
A5005028168,Author,Zhang Zuyen
LOCAL_A000288,Author,Zhao Bing
A5100939206,Author,Zhao Gan
A5107701557,Author,Zhao Liang
A5059838493,Author,Zhao Rui-min
A5060026159,Author,Zhao Shou-yun
A5100520720,Author,Zhengda Sun
A5102702020,Author,Zhengxin Hu
A5023521273,Author,Zhengyang Du
A5036074751,Author,Zheng‐Yu Zuo
A5013697617,Author,Zhentian Lei
A5008497258,Author,Zhenxue Dai
A5103063003,Author,Zhi Li
A5030069786,Author,Zhien Zhang
A5002904166,Author,Zhiguo Ding
A5100632122,Author,Zhijie Yang
A5032333683,Author,Zhilun Peng
A5012747702,Author,Zhong Wang
A5108580995,Author,Zhou An-min
A5067826188,Author,Zhou Jun-hui
A5108577449,Author,Zhu Shile
A5110554425,Author,Zhu Zheng
A5110635812,Author,Zi-Lin Li
A5070418811,Author,Zian Cheak Tiu
A5025880905,Author,Zilong Wei
A5036631670,Author,Zing L. T. Tran
A5017693604,Author,Zita Farkaš Agatić
A5100352958,Author,Ziyi Zhang
LOCAL_A000320,Author,Zmud Bock
A5009067755,Author,Zou Gang
A5012338476,Author,Zou Xiang
A5084172156,Author,Zubair Ahmad
A5100742989,Author,Zulkifli Zulkifli
A5051487546,Author,Zuwu Wang
A5074148727,Author,Zuzana Tučková
LOCAL_A000415,Author,van Vo Thanh
A5060093847,Author,Ánh Tuyết Vũ Thị
A5078668326,Author,Ðinh Dũng
A5013951937,Author,Øivind Langård
A5080334122,Author,Øivind Wilhelmsen
A5084774480,Author,Ümit Ağbulut
A5029859092,Author,Đang Hai
A5005615697,Author,Đinh Minh Hiệp
A5035326900,Author,Đinh Quang Khiếu
A5045826726,Author,Đoàn Chính Chung
A5040734845,Author,Đoàn Thị Yến Oanh
A5046597225,Author,Đoàn Văn Bình
A5055289089,Author,Đào Ngọc Nhiệm
A5119368559,Author,Đào Văn Tiến
A5101585594,Author,Đình Hòa Nguyễn
A5007925084,Author,Đăng Khoa Nguyễn
A5086896127,Author,Đăng Văn Nghín
A5023074991,Author,Đường Khánh Linh
A5134532908,Author,Đại Dương Trần
A5064080611,Author,Đặng Anh Tuấn
A5062102741,Author,Đặng Huỳnh Giao
A5025281969,Author,Đặng Văn Sơn
A5023178095,Author,Đặng Xuân Cường
A5043767304,Author,Đỗ Thành Luân
A5063639499,Author,Đỗ Thành Trí
A5025839759,Author,Đỗ Thị Cẩm Vân
A5105012314,Author,Đỗ Thị Hoài Thư
A5020344273,Author,Đỗ Thị Mai Dung
A5109344379,Author,Đỗ Thị Thu Huyền
A5058987661,Author,Đỗ Thị Thảo
A5068715226,Author,Đỗ Thị Xuân Dung
A5000461756,Author,Šimon Bilík
A5031113286,Author,Štěpán Hubálovský
A5077271389,Author,Νικόλαος Νικολάου
A5059332003,Author,А. N. Shchemelev
A5032242801,Author,А. В. Семенов
A5054795012,Author,А. Г. Липницкий
A5090071206,Author,А. О. Конаков
A5016698027,Author,Арег А. Тотолян
A5112688126,Author,Д. Э. Валутите
A5029188808,Author,Л.В. Піскач
A5029483778,Author,М.С. Романов
A5030801216,Author,О.Y. Khyzhun
A5033172061,Author,Тран Бач Лонг
A5108957582,Author,ЦВЕТКОВА А.Л. ЦВЕТКОВА А.Л.
A5023064512,Author,‬Huu-Tuan Tran
W2958510524,Paper,Standards for Studies of Neurological Prognostication in Comatose Survivors of Cardiac Arrest: A Scientific Statement From the American Heart Association
W3013943119,Paper,Investigation into SARS-CoV-2 Resistance of Compounds in Garlic Essential Oil
W1902563258,Paper,Correlates of HIV Status Among Injection Drug Users in a Border Region of Southern China and Northern Vietnam
W2172418087,Paper,Temperature Management After Cardiac Arrest
W3017246359,Paper,Deep learning convolutional neural network in rainfall–runoff modelling
W2983803309,Paper,"2019 International Consensus on Cardiopulmonary Resuscitation and Emergency Cardiovascular Care Science With Treatment Recommendations: Summary From the Basic Life Support; Advanced Life Support; Pediatric Life Support; Neonatal Life Support; Education, Implementation, and Teams; and First Aid Task Forces"
W4280639034,Paper,The role of environmental social and governance in achieving sustainable development goals: evidence from ASEAN countries
W4211174566,Paper,Part 1: Executive Summary
W2767566591,Paper,2017 International Consensus on Cardiopulmonary Resuscitation and Emergency Cardiovascular Care Science With Treatment Recommendations Summary
W4403315124,Paper,Recent advances in surface decoration of nanoparticles in drug delivery
W4206770842,Paper,Prediction of the internal corrosion rate for oil and gas pipeline: Implementation of ensemble learning techniques
W4210525043,Paper,UAV-Assisted RIS for Future Wireless Communications: A Survey on Optimization and Performance Analysis
W3049547297,Paper,"A Review of Dynamic Capabilities, Innovation Capabilities, Entrepreneurial Capabilities and Their Consequences"
W4315628232,Paper,Sharing economy benefits and sustainable development goals: Empirical evidence from the transportation industry of Vietnam
W4385755928,Paper,"The impact of green finance, eco-innovation, renewable energy and carbon taxes on CO2 emissions in BRICS countries: Evidence from CS ARDL estimation"
W4205572929,Paper,The Impact of Digital Transformation on Performance: Evidence from Vietnamese Commercial Banks
W2129239406,Paper,"Water pollution by Pangasius production in the Mekong Delta, Vietnam: causes and options for control"
W4386077917,Paper,Determination of the crystalline size of hexagonal La<sub>1−<i>x</i></sub>Sr<sub><i>x</i></sub>MnO<sub>3</sub> (<i>x</i> = 0.3) nanoparticles from X-ray diffraction – a comparative study
W4385174759,Paper,EFL Teachers’ Perspectives toward the Use of ChatGPT in Writing Classes: A Case Study at Van Lang University
W4212931299,Paper,The nexus among green financial development and renewable energy: investment in the wake of the Covid-19 pandemic
W4283780422,Paper,The influence of economic factors on the sustainable energy consumption: evidence from China
W3142776653,Paper,A Spherical Fuzzy Analytic Hierarchy Process (SF-AHP) and Combined Compromise Solution (CoCoSo) Algorithm in Distribution Center Location Selection: A Case Study in Agricultural Supply Chain
W3135296255,Paper,The Effects of Collaborative Writing on Students’ Writing Fluency: An Efficient Framework for Collaborative Writing
W3116490051,Paper,Is Vietnam ready to welcome tourists back? Assessing COVID-19’s economic impact and the Vietnamese tourism industry’s response to the pandemic
W4213032084,Paper,Impact of transformational leadership on green learning and green innovation in construction supply chains
W4200142760,Paper,The impact of corporate social responsibility on the sustainable financial performance of Italian firms: mediating role of firm reputation
W4308443963,Paper,Does eco-innovation and green investment limit the CO2 emissions in China?
W4212864265,Paper,Energy-Efficient Path Planning of Reconfigurable Robots in Complex Environments
W3199547620,Paper,"Learners’ Engagement in L2 Computer‐Mediated Interaction: Chat Mode, Interlocutor Familiarity, and Text Quality"
W4296591880,Paper,Challenges and success factors of transnational higher education: a systematic review
W4296707155,Paper,Religious capital and job engagement among Malaysian Muslim nurses during the COVID-19 pandemic
W4313260174,Paper,Reservoir Quality Prediction of Gas-Bearing Carbonate Sediments in the Qadirpur Field: Insights from Advanced Machine Learning Approaches of SOM and Cluster Analysis
W4280534488,Paper,Does air pollution affect the tourism industry in the USA? Evidence from the quantile autoregressive distributed lagged approach
W3194887689,Paper,Reconfigurable Intelligent Surface Aided Multi-User Communications: State-of-the-Art Techniques and Open Issues
W3205949772,Paper,The Factors Affecting Students’ Online Learning Outcomes during the COVID-19 Pandemic: A Bayesian Exploratory Factor Analysis
W3008389910,Paper,Optimal Reactive Power Flow for Large-Scale Power Systems Using an Effective Metaheuristic Algorithm
W4290471674,Paper,Non‐antibiotic approaches to combat motile <i>Aeromonas</i> infections in aquaculture: Current state of knowledge and future perspectives
W4205413676,Paper,The role of technological innovation and cleaner energy towards the environment in ASEAN countries: proposing a policy for sustainable development goals
W4280596026,Paper,An efficient Planet Optimization Algorithm for solving engineering problems
W3137403156,Paper,Employee empowerment and empowering leadership: A literature review
W4231545820,Paper,"Strategic flexibility, strategic leadership and business sustainability nexus"
W4317423688,Paper,Application Prospects of MXenes Materials Modifications for Sensors
W4317794911,Paper,Mutual Coupling Reduction in Dual-Band MIMO Antenna Using Parasitic Dollar-Shaped Structure for Modern Wireless Communication
W3023664969,Paper,Food Delivery Service During Social Distancing: Proactively Preventing or Potentially Spreading Coronavirus Disease–2019?
W4391612257,Paper,Machine learning for the management of biochar yield and properties of biomass sources for sustainable energy
W4320917642,Paper,"Performance of Machine Learning Techniques for Meteorological Drought Forecasting in the Wadi Mina Basin, Algeria"
W3201040525,Paper,Hybrid data augmentation and deep attention-based dilated convolutional-recurrent neural networks for speech emotion recognition
W4206228720,Paper,Performance of Cooperative Communication System With Multiple Reconfigurable Intelligent Surfaces Over Nakagami-<i>m</i> Fading Channels
W4292265082,Paper,Prediction of axial load bearing capacity of PHC nodular pile using Bayesian regularization artificial neural network
W4385413477,Paper,A Deep Learning-Based Data-Driven Approach for Predicting Mining Water Inrush From Coal Seam Floor Using Microseismic Monitoring Data
W4295678942,Paper,Phase separation and thermodynamics of the mixture of metformin hydrochloride + triton X-100 in ammonium salts media: impacts of composition of media
W4319596802,Paper,"Enhanced out-of-plane piezoelectricity and carrier mobility in Janus <b> <i>γ</i> </b>-Sn2XY (X <b>/<i>Y</i>=</b> S, Se, Te) monolayers: A first-principles prediction"
W3093833112,Paper,Evidence Evaluation Process and Management of Potential Conflicts of Interest: 2020 International Consensus on Cardiopulmonary Resuscitation and Emergency Cardiovascular Care Science With Treatment Recommendations
W4283384300,Paper,"The role of environmental, social, and governance responsibilities and economic development on achieving the SDGs: evidence from BRICS countries"
W4315474727,Paper,Achieving sustainable development goals through a sharing economy: Empirical evidence from developing economies
W4322628962,Paper,"Effect of Financial Inclusion, Eco-Innovation, Globalization, and Sustainable Economic Growth on Ecological Footprint"
W3153426027,Paper,The Effectiveness of Using Technology in Learning English
W4200131528,Paper,"Structural, magnetic and hyperthermia properties and their correlation in cobalt-doped magnetite nanoparticles"
W4367031967,Paper,Technological Spotlights of Digital Transformation in Tertiary Education
W4313527793,Paper,Impact of eco-innovation and sustainable tourism growth on the environmental degradation: the case of China
W4319456382,Paper,Application of robust deep learning models to predict mine water inflow: Implication for groundwater environment management
W4317106108,Paper,Analysis Affect Factors of Smart Meter A PLS-SEM Neural Network
W4320922100,Paper,Influence of twin-headed gemini micellar system on the study of methionine amino acid with ninhydrin in buffer solution
W4322743240,Paper,Hydrogen Storage on Porous Carbon Adsorbents: Rediscovery by Nature-Derived Algorithms in Random Forest Machine Learning Model
W4414022061,Paper,"First-principles investigation of the electronic, piezoelectric and transport properties of InSeX (X = Cl, Br, I) monolayers"
W4414271358,Paper,Energy Efficiency for Massive MIMO Integrated Sensing and Communication Systems
W4414298067,Paper,A ternary Li<sub>3</sub>B<sub>7</sub>Si<sub>3</sub> cluster: when reduced electron delocalization enhances thermodynamic stability
W4414500923,Paper,A modeling framework for assessing compound impacts of storm surges and riverine floods on inundation in ungauged coastal catchments of Central Vietnam
W4415097908,Paper,Midpalatal suture bone regeneration following customized miniscrew-assisted rapid palatal expansion in nongrowing patients: A retrospective observational study
W4415493830,Paper,Multi‐Material Structural Topology Optimization via Dynamic Body‐Fitted Multi‐Trimmed Mesh Evolution and Reaction–Diffusion‐Based Level‐Set Method
W4415494710,Paper,On Rydberg excitons in two-dimensional semiconductors
W4415557159,Paper,A brief review on gold nanoclusters: Beautiful structures and practical aspects
W4415649536,Paper,Anemia in adolescent girls in a northern mountainous province of Vietnam: An analytical cross-sectional study among 805 participants
W4415747466,Paper,HybridoNet-Adapt: A domain-adapted framework for accurate lithium-ion battery RUL prediction
W4416386813,Paper,Decoding Short- and Long-Term Cellular Adaptations to Cr(VI) Exposure Through High-Throughput Transcriptomics
W4416407004,Paper,"Therapeutic potential and chemical profile of Dracontomelon duperreanum Pierre leaf extract: In vitro wound healing, antibacterial, and antioxidant activities"
W4416564054,Paper,An Efficient Denoising Transformer‐Based Architecture for Long‐Ranged Time‐Series Air Quality Prediction
W4416718774,Paper,Evaluation of Trueness and Precision in Extraoral 3D Facial Scanning Systems Using a 3D-Printed Head Model: An In Vitro Study
W4416954067,Paper,Improved Dissolution of Poorly Water-Soluble Rutin via Solid Dispersion Prepared Using a Fluid-Bed Coating System
W4417200652,Paper,"Exploring <mml:math xmlns:mml=""http://www.w3.org/1998/Math/MathML"" display=""inline""> <mml:mi>C</mml:mi> <mml:mi>P</mml:mi> </mml:math> violation and vanishing electric dipole moment of the electron in a scale-invariant general 2HDM"
W4417284240,Paper,Wideband High-Isolation Dual-Circularly Polarized Co-Aperture Antenna Using Nonuniform Parasitic Elements
W7115881942,Paper,Comprehensive characterization of AP-1 adaptor complex genes in lung cancer reveals AP1AR as a novel prognostic and therapeutic biomarker
W7115905231,Paper,Multi-Omics and Single-Cell Dissection of Exostosin Glycosyltransferases (EXT1/EXT2) Reveals Divergent Oncogenic Roles and Therapeutic Vulnerabilities in Gliomas
W7116782209,Paper,"From crave to fade: modelling perceived novelty, perceived saturation and engagement in viral street food trends among digital-native young consumers"
W7117967106,Paper,From Molecular Interactions to Nanocarrier Design: Coarse-Grained Modeling of PEG Self-Assembly and Hindsiilactone Encapsulation
W7117993812,Paper,Dentoskeletal changes and anteroposterior improvements in skeletal class III malocclusion treated with MEAW: A retrospective study
W7118568249,Paper,Clinical effectiveness and patient satisfaction of clear aligner therapy in deep bite malocclusion: A randomized clinical trial
W7119595644,Paper,"Smaller voices, bigger impacts: Exploring micro-influencer characteristics across consumer decision-making stages"
W7123341761,Paper,Solar-driven oil spill recovery using a carbon dots/loofah sponge
W7124893938,Paper,Unveiling the Hidden Reservoir: High Prevalence of Occult Hepatitis B and Associated Surface Gene Mutations in a Healthy Vietnamese Adult Cohort
W7125369332,Paper,MnFe aminoclay as a novel catalyst: structural characterization and potential for catechol detection
W7125419339,Paper,Understanding memorable tourism experiences and behavioural intentions at geothermal destinations: A PLS-SEM and fsQCA approach
W7125497916,Paper,Mechanical stability and thermodynamic properties of GeP and $$\hbox {GeP}_{3}$$ as battery anode materials from first principles
W7126052704,Paper,A Holistic Framework for Policy Verification in Closed Attribute-Based Access Control Systems
W7127145222,Paper,Molecular mechanisms of methylene blue removal by hydrochar: Insights for sustainable water treatment design
W7129373484,Paper,First principles investigation of the ferromagnetism in TM-doped arsenene monolayer (TM = Mn and Fe)
W7130349534,Paper,Strategies to improve the performance of perovskite solar cells with Spiro-OMeTAD as HTM: A comprehensive review
W7133833955,Paper,First-principles study of d <sup>0</sup> magnetism in a SnI <sub>2</sub> monolayer induced by P and As impurities
W7134238770,Paper,Tunnel Design in Rock Masses Under Uncertainty With Reliability Constraints and Natural Gradient Boosting‐Based Surrogates
W7135040571,Paper,APTES-functionalized Gd <sub>0.18</sub> Fe <sub>2.82</sub> O <sub>4</sub> @SiO <sub>2</sub> nanocarrier for magnetothermal-triggered doxorubicin release
W7139092179,Paper,Assessment of the interaction between sodium dodecyl sulfate and trypsin enzyme through micellization and thermodynamic analysis
W7153004412,Paper,Using deep generative-based machine and ensemble learning framework for predicting ultimate bending capacity of circular steel tubes
W2054439996,Paper,The differential effects of positive inotropic and vasodilator therapy on diastolic properties in patients with congestive cardiomyopathy.
W2166834409,Paper,Blood pressure response to dietary sodium restriction in normotensive adults.
W2036122594,Paper,Differential modulation of the baroreceptor reflex by brain and plasma vasopressin.
W1491100760,Paper,"Patterns of HIV prevalence among injecting drug users in the cross-border area of Lang Son Province, Vietnam, and Ning Ming County, Guangxi Province, China"
W1966693592,Paper,Head-shake vestibulo-ocular reflex testing: Comparison of results with rotational chair testing
W1986229552,Paper,The Fabric of a Student's Life and Thought: Practicing Cultural Anthropology in the Classroom
W2124259739,Paper,Modelling and evaluating municipal solid waste management strategies in a mega-city: The case of Ho Chi Minh City
W2124661513,Paper,"Analysing and governing environmental flows: the case of Tra Co tapioca village, Vietnam"
W4241781093,Paper,Closed wastewater system in the tapioca industry in vietnam
W2957138175,Paper,Validity and Reliability of the Updated CDC Worksite Health ScoreCard
W2035542467,Paper,"Current Status of Sludge Collection, Transportation and Treatment in Ho Chi Minh City"
W2561235885,Paper,Establishing Standards for Trauma Nursing Education: The Central Ohio Trauma System's Approach
W3011327622,Paper,"Overconfidence Bias, Comparative Evidences between Vietnam and Selected ASEAN Countries"
W3014248967,Paper,Customer agility and firm performance in the tourism industry
W3046978282,Paper,BERT+vnKG: Using Deep Learning and Knowledge Graph to Improve Vietnamese Question Answering System
W3158335115,Paper,Two new cycloartanes from the leaves of Combretum quadrangulare growing in Vietnam and their biological activities
W2062548560,Paper,Status and strategies on solid waste management in Ho Chi Minh City
W3137041823,Paper,Highly Effective Degradation of Nitrophenols by Biometal Nanoparticles Synthesized using Caulis Spatholobi Extract
W3179003915,Paper,Blog-based peer response for EFL writing: A case study in Vietnam
W4293226203,Paper,Improving Non-Majored Freshmen's Speaking Fluency in the E-learning Environment through the MS-Teams
W4362492618,Paper,A Rapid Searching Method of Adjacent Flake Surfaces in Stone Implements by Using Sets of Measured Points for Generating a Joining Material
W2953246412,Paper,From Brainstorming to Strategic Plan: The Framework for the Society for the Advancement of Disaster Nursing
W3173625614,Paper,Outage Analysis in SWIPT-Based Decode-and-Forward Relay Networks with Partial Relay Selection
W4283779811,Paper,Numerical Approximation of the Fractional Rayleigh–Stokes Problem Arising in a Generalised Maxwell Fluid
W4293103731,Paper,CFD Analysis of Different Ventilation Strategies for a Room with a Heated Wall
W2909806954,Paper,Ferromagnetic transition and spin fluctuations in diluted magnetic semiconductors
W3094652768,Paper,Factors Influencing Life-Long Learning: An Empirical Study of Young People in Vietnam
W3129119852,Paper,Decoration of silver nanoparticles on nitrogen-doped nanoporous carbon derived from zeolitic imidazole framework-8 (ZIF-8) <i>via in situ</i> auto-reduction
W4200616974,Paper,Navigating the Turbulent Time: A Qualitative Inquiry into Resilience among Vietnamese ESL Teachers during COVID-19
W2383588927,Paper,EXPERIMENTAL MEASUREMENT AND EVALUATION INDEXES OF TOUGHNESS PROPERTIES FOR UHTCC UNDER UNIAXIAL COMPRESSION
W2887012287,Paper,The Impact of Proactive Personality on Job Performance through Job Crafting: The Case of Vietcombank in Ho Chi Minh City
W3115873876,Paper,Two new phenolic compounds from the Vietnamese lichen <i>Parmotrema tinctorum</i>
W3123843024,Paper,The Effect of International Trade on Food Security at Southeast Asian Countries
W3135218284,Paper,Influence of entrepreneur competencies on profitability and employee satisfaction
W3135627771,Paper,The Effects of Integrating Listening and Speaking Skills Into Moodle-Based Activities
W3200004199,Paper,The $$p$$-Adic Hausdorff Operator and Some Applications to Hardy–Hilbert Type Inequalities
W3212502722,Paper,Employing Non-Orthogonal Multiple Access for A Dual-Hop Relaying System With FSO/RF Links
W4380203105,Paper,Lexical Collocation Errors in Essay Writing: A Study into Vietnamese EFL Students and Their Perceptions
W4382809552,Paper,Jean Jacques Rousseau’s concept of freedom and equality in the Social Contract
W4385349456,Paper,Genome assembly of the Korean intertidal mud-creeper Batillaria attramentaria
W1991783109,Paper,PENGEMBANGAN MODEL PEMBELAJARAN BOLA BASKET BAGI ANAK SD KELAS ATAS
W2964862300,Paper,Cognitive Radio Assisted Non-Orthogonal Multiple Access: Outage Performance
W3082289561,Paper,"Exploring human resources, marketing and promotion activities towards the sustainable tourism development in Phu Quoc islands, Vietnam"
W3125339323,Paper,"The Quantified Analysis of Causes of Market Risk Fluctuations in the Group of Construction, Real Estate and Construction Material Companies in Vietnam During and After the Global Crisis 2007-2011"
W3134693037,Paper,Improving Non-Majored Students’ Fluency in the English Speaking Skill in the Online Environment via Ms-Team
W3138092914,Paper,Prediction of flow field in a solar chimney using ANFIS technique
W3183386125,Paper,Sustainability in the Business Sector: A Fuzzy Multicriteria Decision-Making Model for Financial Leasing Company Selection of the Vietnamese SMEs
W3202893602,Paper,A novel ontology framework supporting model-based tourism recommender
W3214891465,Paper,Analyses of Bone Regeneration Capacity of Freeze-Dried Bovine Bone and Combined Deproteinized–Demineralized Bovine Bone Particles in Mandibular Defects: The Potential Application of Biological Forms of Bovine-Bone Filler
W4214738594,Paper,Cycloartanes from leaves of <i>Combretum quadrangulare</i> growing in Vietnam
W4280493801,Paper,Boron Silicon B<sub>2</sub>Si<sub>3</sub><sup><i>q</i></sup>and B<sub>3</sub>Si<sub>2</sub><sup><i>p</i></sup>Clusters: The Smallest Aromatic Ribbons
W4286470537,Paper,On a terminal value problem for stochastic space‐time fractional wave equations
W4291184494,Paper,α-Glucosidase inhibitory derivatives of protocetraric acid
W4313198840,Paper,Enhancing institutional capacity in a centralized state: The case of industrial water use efficiency in Vietnam
W4327969100,Paper,Investigating and comparing the mechanical behavior of multicellular structures made with PLA and ABS under lateral loading
W2939865094,Paper,The dynamics of textile firm responses to the restriction of endocrine disrupting surfactants: a Vietnam case study
W3040505135,Paper,New triterpene sulfates from Vietnamese red alga <i>Tricleocarpa fragilis</i> and their α-glucosidase inhibitory activity
W3133848566,Paper,Using Peer Assessment in Writing for EFL Learners
W3201477092,Paper,OCR error correction for Vietnamese handwritten text using neural machine translation
W3203312421,Paper,Multirobot Formation with Sensor Fusion-Based Localization in Unknown Environment
W3206327856,Paper,Optimal Distributed Photovoltaic Units Placement in Radial Distribution System Considering Harmonic Distortion Limitation
W4231330581,Paper,A Model for Selecting a Biomass Furnace Supplier Based on Qualitative and Quantitative Factors
W4282926064,Paper,Comparative Examination of Phytonutrients and Antioxidant Activity of Commonly Consumed Nuts and Seeds Grown in Vietnam
W4283327689,Paper,Occupational Conditions Associated With Negative Mental Health Outcomes in New York State Health Professionals During the COVID-19 Pandemic
W4293317947,Paper,Boron Clusters in Biomedical Applications: A Theoretical Viewpoint
W4308731653,Paper,Predicting the Robustness of Large Real‐World Social Networks Using a Machine Learning Model
W4367728083,Paper,Stone Tool Identification Method Based on Measured Points by RGB-D Camera and Points of Stone Tool Database
W4376477514,Paper,Integrating 21st Century Skills into Translation Classroom from Students' Perspective
W4394924177,Paper,Identification of Leishmania donovani PEX5-PTS1 Interaction Inhibitors through Fluorescence Polarization-Based High-Throughput Screening
W2885929736,Paper,Spin Transition and Charge Transfer in Co<sup>2+</sup>/Co<sup>3+</sup> Complexes of Meridional Ligands Holding Nearby Redox‐active Triarylamine
W3005361225,Paper,Maximizing Total Profit of Thermal Generation Units in Competitive Electric Market by Using a Proposed Particle Swarm Optimization
W3023182627,Paper,Determining optimal location and size of capacitors in radial distribution networks using moth swarm algorithm
W3104851081,Paper,"Transformation of built cultural heritage in old Saigon (Ho Chi Minh City), Vietnam"
W3138212945,Paper,Numerical simulation of a solar chimney for natural ventilation of a building: Comparison of different computational domains
W3195977773,Paper,Performance of Equilibrium Optimizer for the Traveling Salesman Problem
W3196785563,Paper,Mapping Interflow Potential and the Validation of Index-Overlay Weightings by Using Coupled Surface Water and Groundwater Flow Model
W3201373879,Paper,Digital fashion - An optimal solution for fashion industry during Covid-19 pandemic
W4280596211,Paper,Role of Corporate Social and Environmental Responsibilities in addressing Sustainable Development Goals: Evidence from Malaysian Manufacturing Firms
W4285272089,Paper,Determine unknown source problem for time fractional pseudo-parabolic equation with Atangana-Baleanu Caputo fractional derivative
W4287009081,Paper,What is it like learning with an enthusiastic teacher? – A survey on university EFL students
W4294301143,Paper,Drivers of climate change in selected emerging countries: the ecological effects of monetary restrictions and expansions
W4298004743,Paper,Potential Role of Combined Microbial Inoculants and Plant of Limnocharis flava on Eliminating Cadmium from Artificial Contaminated Soil
W4318476690,Paper,Evaluating Sediment Yield Response to Watershed Management Practices (WMP) by Employing the Concept of Sediment Connectivity
W4364304374,Paper,"Influence of Green Solvent Extraction on Phytochemicals, Potential Antidiabetic and In Vitro Anti-Inflammatory Activities of Pseuderanthemum palatiferum (Nees.) Radlk. Leaves"
W4377002350,Paper,"Small chromium-doped silicon clusters CrSi<sub><i>n</i></sub>: structures, IR spectra, charge effect, magnetism and chirality"
W4385461610,Paper,Bibliometric Analysis of Research Trends on Quantum-Dot-Sensitized Solar Cells over Two Decades
W4385694505,Paper,Vehicle Counting on Vietnamese Street
W4388086462,Paper,Phytochemistry and Cytotoxic Activity of <i>Aquilaria crassna</i> Pericarp on MDA-MB-468 Cell Lines
W4392237545,Paper,Exploring English Vocabulary Learning of Vietnamese Secondary School Students with VoiceGPT Assistance
W4398763277,Paper,"Janus TiSi <mml:math xmlns:mml=""http://www.w3.org/1998/Math/MathML""> <mml:mrow> <mml:mi>Z</mml:mi> </mml:mrow> </mml:math> <sub>3</sub>H ( <mml:math xmlns:mml=""http://www.w3.org/1998/Math/MathML""> <mml:mrow> <mml:mi>Z</mml:mi> <mml:mo>=</mml:mo> </mml:mrow> </mml:math> N, P, As) monolayers with large out-of-plane piezoelectricity and high electron mobility: first-principles study"
W4401973782,Paper,An Analysis of Coherence and Cohesion in English Majors’ Academic Essays
W4402693320,Paper,<b>The Effects of Integrating Artificial Intelligence into Learning Academic Vocabulary Among Masters in English Studies Students</b>
W2995545104,Paper,Co-Benefits of Climate Change Mitigation for Public Transport in Different Cities of Vietnam
W3094686556,Paper,Factors Influencing Technology Adoption in Vietnam’s Educational System
W3095119307,Paper,Optimal generation for wind-thermal power plant systems with multiple fuel sources
W3118181881,Paper,TESTING TRADE-OFF THEORY BETWEEN NETWORKING CAPITAL AND FIRM VALUE: EMPIRICAL EVIDENCE FROM VIETNAM
W3138109193,Paper,Enhancing induced flow rate through a solar chimney by a forced flow
W3188003319,Paper,"Boosting English Majors’ Ability in Pronouncing Stressed Vowels via Blue Canoe, a Mobile-based Application: A Focus on Vietnamese EFL Learners"
W3201406051,Paper,Blockchain for building information modeling in construction industry
W4224003837,Paper,Exploiting user grouping and energy harvesting in downlink cellular system
W4289102291,Paper,Influence of Kosakonia sp. on the Growth of Arachis hypogaea L. on Arid Soil
W4308239173,Paper,Using English Discourse Markers to Enhance Speaking Skills: A Case Study at Van Lang University
W4310023520,Paper,"Effects of salinity and alkalinity on growth and survival of all-male giant freshwater prawn (Macrobrachium rosenbergii De Man, 1879) juveniles"
W4315651646,Paper,Optimization Design of Laminated Functionally Carbon Nanotube-Reinforced Composite Plates Using Deep Neural Networks and Differential Evolution
W4319014693,Paper,Teaching English Sounds to Vietnamese Secondary School Students: From Theories to Applications Using Learner-centered Methods
W4327517834,Paper,A Hybrid Deep Learning Approach for PM2.5 Concentration Prediction in Smart Environmental Monitoring
W4362713063,Paper,The agglomeration of business types at the regional level in Vietnam
W4364359915,Paper,Fostering self-regulated learning in an online writing course: Challenges and solutions
W4367022856,Paper,"Electronic, optical, and transport properties of single-layer ZrTeS<sub>4</sub>: a DFT study"
W4389347088,Paper,Do FDI and Institutional Quality Affect the Economic Growth of Local Governments Across Vietnam? Insights From Bayesian Modeling
W4389474151,Paper,Strategic Decision Making at a Steel Industry Assisted by Fuzzy Theory and Multicriteria Decision Making Model
W4389648609,Paper,"Foreign Ownership, Investor Attention and the Risk-Taking Behavior of Property and Casualty Insurance Firms: Evidence From Vietnam"
W4391126777,Paper,"N-body potential for simulation of <mml:math xmlns:mml=""http://www.w3.org/1998/Math/MathML"" altimg=""si205.svg"" display=""inline"" id=""d1e4577""><mml:mi>α</mml:mi></mml:math> and <mml:math xmlns:mml=""http://www.w3.org/1998/Math/MathML"" altimg=""si206.svg"" display=""inline"" id=""d1e4582""><mml:mi>β</mml:mi></mml:math> phases of zirconium"
W4391261154,Paper,Developing a restaurant recommended system via the Vietnamese food image classification
W4401719937,Paper,A Novel Paradigm Shift for Next-Generation: Symbiotic Backscatter Rate-Splitting Multiple Access Systems
W4402903753,Paper,Synthesis of Urchin‐Like Au@TiO <sub>2</sub> Nano‐Carriers as a Drug‐Loading System Toward Cancer Treatment
W4407356752,Paper,Effect of organic farming practices on soil health improvement of coconut farms
W2393977638,Paper,THE MINIMUM J_2 CRITERION FOR I-II MIXED MODE BRITTLE FRACTURE
W3037301877,Paper,"Synthesis of several 2‐carbaldehyde derivatives of quinoline and 1,4‐dihydroquinoline"
W3199622387,Paper,Conservation of historical cultural buildings in Indonesia and Vietnam
W3213824419,Paper,Thermal comfort in air-conditioned university classrooms in Ho Chi Minh city
W4221099258,Paper,"Peliosanthes luteoviridis (Asparagaceae), a new species with yellowish green flowers from southern Vietnam"
W4280511978,Paper,Benefits of using TiO2 quantum dots in producing low-cost and high-quality white light-emitting diodes
W4281679354,Paper,"The effects of different stocking densities and feed types on frogs’ growth and survival rates (Rana tigerina Dubois, 1981) reared in composite tanks"
W4285819868,Paper,Existence of mild solutions to semilinear fractional evolution equation using Krasnoselskii fixed point theorem
W4292749626,Paper,Treatment Fidelity in a Randomized Controlled Trial of Cognitive Behavioral Therapy for Insomnia in Heart Failure
W4302306691,Paper,The integration of English conversation rooms and chatting to enhance English communication skills for EFL students
W4313259690,Paper,Analyzing Public Opinions Regarding Virtual Tourism in the Context of COVID-19: Unidirectional vs. 360-Degree Videos
W4361798884,Paper,Review on bainite phase transformation and mechanism in CMnSi steel
W4381660791,Paper,Boundedness of Hardy-Cesàro operators on variable exponent Morrey-Herz spaces
W4386636570,Paper,Regularization of Nonlocal Pseudo-Parabolic Equation with Random Noise
W4388572911,Paper,Assessment of Long-Term Surface Water Quality in Mekong River Estuaries Using A Comprehensive Water Pollution Index
W4392600430,Paper,"Effects of Dust Storm and Wildfire Events on Phytoplankton Growth and Carbon Sequestration in the Tasman Sea, Southeast Australia"
W4393334210,Paper,"$$(g-2)_{e,\mu }$$ anomalies and decays $$h\rightarrow e_a e_b$$, $$Z\rightarrow e_ae_b$$, and $$e_b\rightarrow e_a \gamma $$ in a two Higgs doublet model with inverse seesaw neutrinos"
W4396661170,Paper,Students’ Perspectives on the Use of Teacher Questions to Promote Critical Thinking in EFL Classrooms
W4396706012,Paper,Chief Executive Officer's national culture and bank risk‐taking behavior: International evidence
W4400220421,Paper,Antibacterial Potentials of Blumea Balsamifera l. Essential Oil Against Streptococcus Pyogenes and Streptococcus Pneumoniae: In Vitro and In Silico Screening
W4401333651,Paper,Students’ Perception of Using YouTube to Learn English: A Case Study at Van Lang University
W4401385430,Paper,Modified multiple papilla full flap combined with tunneling and de-epithelialized gingival graft to manage severe gingival recession in mandibular incisors: literature review and case report
W4403302723,Paper,"Piezoelectric GaGeX<sub>2</sub> (X = N, P, and As) semiconductors with Raman activity and high carrier mobility for multifunctional applications: a first-principles simulation"
W4405412520,Paper,Video Recording in EFL Learners’ Speaking Skills Development: A Literature Review
W4406148933,Paper,The pre-cracked hybrid GFRP-steel RC beams strengthened with CFRP sheet: experiment and strength prediction
W4406608287,Paper,Free vibration and buckling analysis of bio-inspired helicoid laminated composite plates resting on Pasternak foundation using the first-order meshfree
W4408078602,Paper,Evaluation of the Effectiveness of Learning Outcomes from Students’ Perspectives towards Research Writing Course: A Case Study
W4409412339,Paper,"Finite-temperature properties of monolayer <mml:math xmlns:mml=""http://www.w3.org/1998/Math/MathML""> <mml:msub> <mml:mtext>MoS</mml:mtext> <mml:mn>2</mml:mn> </mml:msub> </mml:math> : Role of electron-electron interactions"
W4409916877,Paper,Split Learning Without Local Weight Sharing to Enhance Client-Side Data Privacy
W4411306514,Paper,Special economic zones and sustainable development: A study in provinces of China
W4280508442,Paper,The influence of perceived social loafing on knowledge sharing intentions among college students
W4322501313,Paper,Các nhân tố ảnh hưởng đến cấu trúc vốn của doanh nghiệp bất động sản niêm yết tại sở giao dịch chứng khoán Thành phố Hồ Chí Minh
W4386919259,Paper,"Factors Influencing Gen-Z's Intention to Buy Green Cosmetics in Ho Chi Minh City, Vietnam"
W4401104278,Paper,"The Impact of Digital Transformation on the Competitive Advantage of Businesses: Case Study of Businesses Providing Logistic Services in HCMC, Vietnam"
W4404189171,Paper,Navigating bank risk-taking under excess liquidity: the moderating role of economic policy uncertainty and lessons from the Global Financial Crisis
W4405326060,Paper,Unlocking the key to sustained usage of mobile retail applications: a hybrid perspective
W4408223448,Paper,DRL for Trajectory Design and Resource Management in UAV-Aided RSMA Networks
W4409606894,Paper,"Trends in Coral Reef Habitats over Two Decades: Lessons Learned from Nha Trang Bay Marine Protected Area, Vietnam"
W3165738160,Paper,Asean is in the Movement of Combating Corruption: Should New - Generation Ftas Be a Promising Forum for Anti-Corruption Enforcement of Asean in International Business?
W3213381090,Paper,Influence of groundwater level rise on the geomechanical changing process in the tunnel surrounding jointed rock mass and in the tunnel support structure
W4323979420,Paper,Effects of green extraction solvents on phenolic contents and bioactivities of Persicaria odorata (Lour.) Sojak
W4387358503,Paper,The use of Vietnamese in English phonology classes: Voices from tertiary teachers and students
W4404755595,Paper,Agency in sedimented situations featuring farmer experiences of climate disruptions in the Mekong Delta
W4405203001,Paper,The Influences of Task-based Approach on Young Adult Learners’ Listening Comprehension
W4407261142,Paper,Effective approach for removing antibiotic residues from wastewater using Bi <sub>2</sub> O <sub>3</sub> @C <sub>3</sub> N <sub>4</sub> photocatalyst
W4407394155,Paper,Distribution of ilmenite minerals in placer deposits along the middle coast of Southern Brazil using spaceborne and ground-based remote sensing
W4408053749,Paper,Digital Transformation: The Role Of Information Systems In Enhancing Efficiency
W4410852962,Paper,Integrated FUZZY-AHP-TOPSIS Model for Offshore Wind Farm Site Evaluation Selection: Ninh Thuan Province case
W4412744172,Paper,"Listening Comprehension in English Language Learning: Challenges, Strategies, and Students’ Attitudes at a Private University"
W4412907586,Paper,The Effects of English Films on Learning English Speaking Skills: A Case Study at a Private University
W4415655487,Paper,Therapeutic potential of <i>Phyllanthus</i> spp. in sustainable aquaculture: a phytopharmacological perspective
W7116930752,Paper,Frequency-Reconfigurable Antenna Element for X-/Ku-Band Satellite User Terminals
W7118181553,Paper,Environmental taxes and the economy: New evidence of the shadow economy
W7122846026,Paper,Vehicle Identification and Classification Using YOLO Algorithm
W7128441206,Paper,Probability integrated hybrid machine learning models for predicting surface settlement of PVD-treated soft soil
W7138919472,Paper,First-principles insights into the Janus MoPC monolayer as a promising anode for sodium-ion batteries
W2169308829,Paper,Differential effects of central angiotensin II and substance P on sympathetic nerve activity in conscious rats. Implications for cardiovascular adaptation to behavioral responses.
W2343142093,Paper,Ministernotomy for correction of ventricular septal defect
W3135291682,Paper,The Difference Effects of Paper Dictionaries vs. Online Dictionaries
W3199087809,Paper,Path Planning for Reconfigurable hTetro Robot Combining Heat Conduction-Based and Discrete Optimization
W3139279360,Paper,A Composite Method for Improving the Pulse Shape Discrimination Efficiency of a Scintillation Detector Using EJ-301 Liquid
W4230184352,Paper,A massive intrathecal cefazoline overdose
W4392707062,Paper,Evaluation of <scp>SARS‐CoV</scp>‐2 inhibition of some compounds <scp>in<i>CYMBOPOGON CITRATUS</i></scp> oil combining docking and molecular dynamics simulations
W4392872257,Paper,Legal Construction of Crypto Assets as Objects of Fiduciary Collateral
W3028502042,Paper,Molecular Docking Studies of Glycyrrhetinic Acid Derivatives as Anti-Colorectal Cancer Agents
W3030708207,Paper,Optimal power generation for wind-hydro-thermal system using meta-heuristic algorithms
W3110285783,Paper,Deconvolution of with unknown error distributions
W3131006025,Paper,Impact of Task-Based vs. Presentation-Practice-Production Instructional Methods on Students’ Productivity Skills
W3183299895,Paper,"Norquandrangularic acid D, a new trinorcycloartane isolated from the leaves of <i>Combretum quadrangulare</i>"
W4206200003,Paper,The Importance of Translanguaging in Improving Fluency In Speaking Ability of Non-English Major Sophomores
W4224262552,Paper,The Effects of Extensive Journal Writing on the Vietnamese High-School Students’ Writing Accuracy and Fluency
W4281567426,Paper,Using TBLT Framework in Technology-mediated Environments to Enhance Students’ Vocabulary Retention and Interpreting Skills
W4285728680,Paper,The role of ecological consequences of green energy in developed and developing economies
W4318831528,Paper,"Diorygmones A-B, two new guaiane-sesquiterpenes from the cultured lichen mycobiont of <i>Diorygma sp.</i>"
W1975716766,Paper,From Honour to Subjectivity : Interpersonal violence in Basel 1750-1868 and Berne 1861-1944
W2353534931,Paper,Effective Method to Improve Anti-flaking Capacity of Cover Concrete to Textile
W2803488416,Paper,Attitudes and Behavior of Vietnamese toward to Consumer Affinity in Term of Travel Abroad
W3000922636,Paper,Synthesis of β‐Ketoiminato Copper(II) Complexes and Their Use in Copper Deposition
W3005516765,Paper,An Effective Assembling of Novel Derivatives Containing Both Benzo[d]thiazole and Benzo[d]oxazole Rings
W3021033722,Paper,The governance quality-growth nexus revisited: A new evidence from the Bayesian multilevel generalized linear model
W3081948563,Paper,Forecasting time series with long short-term memory networks
W3108801041,Paper,"Manilkzapotane, a novel dimeric alkylresorcinol derivative from the stem bark of <i>Manilkara zapota</i>"
W3133493398,Paper,Vietnamese Undergraduates’ Attitudes Towards the Use of Facebook for English Language Teaching and Learning
W3134277447,Paper,A Study of Facebook-Based Peer Comments on L2 Writing
W3139232151,Paper,Interval forecasting model for time series based on the fuzzy clustering technique
W3174934777,Paper,Performance Analysis in DF Energy Harvesting Full-Duplex Relaying Network with MRC and SC at the Receiver under Impact of Eavesdropper
W3199233539,Paper,Reliability analysis of concrete-filled steel tube columns under axial compression
W3199646977,Paper,Extraction optimization of total phenolics from Thai basil (Ocimum basilicum var. thyrsiflora) leaves and bioactivities of the extract
W3202001992,Paper,The Optimization of Transportation Costs in Logistics Enterprises during the Covid-19 Pandemic
W3208830123,Paper,The Effects of Trained Peer Feedback for High School Students
W4200252789,Paper,Recovering the initial distribution for a logarithmic nonlinear biparabolic equation
W4206208028,Paper,Using Lecture Videos in Flipped Classroom Model
W4283013405,Paper,Frequency equation and semi‐empirical mechanical coupling strength of microcantilevers in an array
W4283723790,Paper,"Evaluation of short-term toxicity of ammonia and nitrite on the survival of whiteleg shrimp, Litopenaeus vannamei juveniles"
W4284993592,Paper,REGULARIZATION OF CAUCHY PROBLEM FOR 2D TIME-FRACTIONAL DIFFUSION EVOLUTION EQUATIONS
W4286484421,Paper,A current sensor fault diagnosis method based on phase angle shift technique applying to induction motor drive
W4292787526,Paper,"Decays h → e a e b, e b → e aγ, and (g − 2)e,μ in a 3-3-1 model with inverse seesaw neutrinos"
W4293790322,Paper,"Zooplankton Composition in Super-Intensive Whiteleg Shrimp, Litopenaeus vannamei (Boone, 1931) Culture Tanks"
W4307303369,Paper,Network Alignment across Social Networks Using Multiple Embedding Techniques
W4308601566,Paper,"Dynamics analysis of width-varying microcantilevers: Interplay between eigenfrequencies, contact stiffness and interaction forces"
W4311301015,Paper,Application of Mesopore-Activated Red Mud for Phosphorus Adsorption
W4311627462,Paper,Damage Identification of Functionally Graded Beams using Modal Flexibility Sensitivity-based Damage Index
W4313130190,Paper,Smart aquaponics system for a small-scale farmer for highly urbanized settler
W4313364861,Paper,Effect of radiofrequency coil and primary magnetic field on radiolucent composite plates
W4313465680,Paper,‘Islamic Culture’ textbook content and religious needs of literacy students
W4361856004,Paper,Hyers-Ulam stability of fractional integro-differential equation with a positive constant coefficient involving the generalized Caputo fractional derivative
W4378084553,Paper,A Multi-Layer Blowout Model for the Tunneling Face Stability Analysis
W4385583831,Paper,The English Majored Students' Perceptions of Using Flipgrid in Online Speaking Classrooms
W4387442103,Paper,A STUDY ON LEGAL POLICIES AND SOLUTIONS FOR SHIP BALLAST WATER TREATMENT
W4394998479,Paper,Determinants influencing Vietnam coffee exports
W2350837785,Paper,Compression behaviors of compacted bentonite-sand mixtures as buffer material for HLW disposal
W3094167965,Paper,Lower and upper bound form for outage probability analysis in two-way of half-duplex relaying network under impact of direct link
W3117538281,Paper,"Diversity of zooplankton and benthic macroinvertebrates of estuarine coastal waters in Tien Giang province, southern Vietnam"
W3137287652,Paper,Design of the double pass solar collector for drying
W3143440782,Paper,Mass Imbalance Effects in the Excitonic Condensation of the Extended Falicov–Kimball Model
W3182920453,Paper,The Impacts of Spatial Interaction on Agricultural Productivity and Average Income: A Case of Vietnam
W3199377162,Paper,Effect of ultrasound-assisted extraction of lemongrass (Cymbopogon citratus) essential oil
W3199681249,Paper,Automatic power factor correction for three-phase induction motors with embedded IoT-Based monitoring system
W3201355987,Paper,Candidate word generation for OCR errors using optimization algorithm
W3201649873,Paper,Effects of inlet area on performance of a solar chimney for natural ventilation and heating of buildings
W3202334535,Paper,SMALL BUSINESS ENTREPRENEURSHIP IN VIETNAM: THE CASE OF THE PUBLIC RELATIONS INDUSTRY [USAHA KECIL DI VIETNAM: KASUS PUBLIC RELATIONS INDUSTRI]
W3213351247,Paper,Design and analysis the compliant inner tristable mechanism with chain beam constraint method
W3214195485,Paper,An experimental study on effects of indoor plants on temperature and humidity in a test house
W3214813022,Paper,"NEXUS BETWEEN ENERGY EFFICIENCY, ENERGY SECURITY AND ECONOMIC DEVELOPMENT: EMPIRICAL EVIDENCE FROM BRICS ECONOMIES"
W3215851103,Paper,"A Computational Screening on Inhibitability of<i>Piper Betle</i>Essential Oil Chemical Structures against Spike Proteins of Mutated SARS-CoV-2-variants D614G, N501Y, and S477N"
W4213441121,Paper,Design of fully grouted rock bolts – a reinforcement concept: analytical and numerical calculation
W4221017466,Paper,Applying PSO to improve the pedestrian fall detection rate using wearable sensor data
W4225604235,Paper,On a time-space fractional diffusion equation with a semilinear source of exponential type
W4225827215,Paper,Supplier Selection Fuzzy Model in Supply Chain Management: Vietnamese Cafe Industry Case
W4226406074,Paper,Terminal value problem for nonlinear parabolic equation with Gaussian white noise
W4226409382,Paper,Written Corrective Feedback Strategies Applied by Van Lang University’s EFL Lecturers in Teaching Online
W4281561494,Paper,"Culture and Language Are Inextricably Linked: Surveying the Effectiveness of Culture-Based Instructional Materials on Enhancing Reading Comprehension (RC), Inclination to Reading, and Reading Attitude (RA) among EFL Learners"
W4281728060,Paper,Two new phenolic compounds from <i>Boerhavia erecta</i> collected in Vietnam
W4283735051,Paper,Beta-decay half-lives of the isotopes close to the neutron drip line and astrophysical implications
W4285100541,Paper,CHITIN HYDROGEL PREPARED AT VARIOUS TEMPERATURE OF WATER VAPOR–INDUCED PHASE INVERSION
W4285732290,Paper,The dependence on fractional orders of mild solutions to the fractional diffusion equation with memory
W4288033526,Paper,Move-Step Analysis of Research Article Abstracts
W4295540513,Paper,Regularization of Inverse Initial Problem for Conformable Pseudo-Parabolic Equation with Inhomogeneous Term
W4307532462,Paper,How Working Memory and Prior Vocabulary Knowledge Influence the Impact of Task Repetition on L2 Oral Performance: Insights into Vietnamese EFL Learners
W4311088087,Paper,Stakeholder-based decision support model for selection of alternative water sources - A path towards sustainable industrial future in Vietnam
W4312259919,Paper,IoT based automatic transfer switch with monitoring and control system
W4317383016,Paper,Predicting Monthly Household Water Consumption
W4317434551,Paper,On Cauchy problem for pseudo-parabolic equation with Caputo-Fabrizio operator
W4318984786,Paper,Efficient Conversion of Biomass‐Derived Furfural to Tetrahydrofurfuryl Alcohol over Co <sub>3</sub> O <sub>4</sub> −C Nanocomposite Catalyst at Mild Conditions
W4360620764,Paper,Ultrasound probe assisted extraction of Paramignya trimera (Oliver) Guillaum root
W4377091076,Paper,Higgs sector phenomenology in the 3-3-1 model with an axionlike particle
W4379378793,Paper,Beyond-band discrete soliton interaction in binary waveguide arrays
W4388140420,Paper,Assessing critical barriers and success factors of PPP projects in emerging economies: a case of Vietnam
W4389263859,Paper,The Nexus between Corporate Performance and State Ownership in Vietnam: Evidence of State Ownership’s Inverted U-Shape and Provincial Business Environment Influences
W4390344721,Paper,"Phylogenomics of Convallarioideae (Asparagaceae), with emphasis on Vietnamese species"
W4393010195,Paper,Smartphone-based paper strip assay for putrescine and spermidine detection using hybrid organic–inorganic perovskite with Eu<sup>3+</sup> complex
W2901943242,Paper,"Tourism Human Resources Develoment in Phu Quoc, Vietnam"
W2912620416,Paper,Translation studies - An analysis from stakeholders’ perspectives in Vietnam Universities
W2971660217,Paper,The effect of physical distribution service quality on customer perceived value in Omni-channel
W3087384557,Paper,CUSTOMER RELATIONSHIP MANAGEMENT STRATEGIES IN SMALL AND MEDIUM ENTERPRISES: A STUDY IN TOURISM INDUSTRY IN VIETNAM
W3096589855,Paper,Determinants of Success of University Students in Vietnam: An Empirical Study
W3110222689,Paper,Minimize electricity generation cost for large scale wind- thermal systems considering prohibited operating zone and power reserve constraints
W3127074863,Paper,Internal Control and Crisis Management: Insights from State- and Privately-Owned Enterprises in Ghana
W3129870341,Paper,"Implementing Elearning System For General Information Technology Course At Van Lang University, Period 2017 - 2020"
W3136052365,Paper,The Efficiency Estimate of PV Cell under various wind velocities
W3146827522,Paper,The Impact of Public Debt on Economic Growth of ASEAN + 3 Countries
W3200070658,Paper,"Folk music in the cultural and religious life of Katu ethnic group in Thua Thien Hue province, Vietnam: A functionalist approach"
W3200881703,Paper,Optimizing the benefits of housing roofers in Ho Chi Minh City to adapt to the current climate change context
W3202888749,Paper,Performance Analysis for a Cognitive Radio Based Ambient Backscatter System in Presence of Full-duplex Users
W3212846661,Paper,Recommendations contributing to the development of financial technology (Fintech) in Vietnam
W4223991974,Paper,A Novel Method for Optimal Calculation of Stand-alone Renewable Energy Systems
W4225130455,Paper,Case Study Methods with English Using as Foreign Language to Teach Students with Social Sciences & Law Majors-A Case of Publishing Untruth Information of Some Vietnam Newspapers from Korean and China Laws Approach
W4281558467,Paper,Empowering Reconfigurable Intelligent Surfaces for Security of Downlink NOMA
W4281779723,Paper,Factors Affecting Loan Loss Provisions during the Covid-19 Pandemic – The Case of Commercial Banks in Vietnam
W4283763732,Paper,Single Phase Second Order Sliding Mode Controller for Mismatched Uncertain Systems with Extended Disturbances and Unknown Time-Varying Delays
W4311480621,Paper,Fractional evolution equation with Cauchy data in $L^{p}$ spaces
W4312002004,Paper,"""PREPARATION AND CHARACTERIZATION OF CHITIN HYDROGEL COMPOSITED WITH HALLOYSITE CLAY SOLUTION VIA PHASE INVERSION """
W4313332129,Paper,An Account of University Professors’ Perceptions of Educational Knowledge and Pedagogical Skills in an Individual and Online Learning Education System: A Comparative Study
W4317382500,Paper,Effective node vaccination and containing strategies to halt SIR epidemic spreading in real-world face-to-face contact networks
W4321368823,Paper,Ergodic performance analysis of intelligent reflecting surface network with phase errors
W4376128659,Paper,What role economic growth and sustainability-oriented innovation play on the level of carbon emission: case of China
W4385588402,Paper,Structural reliability analysis using Conjugate FORM-based Support Vector Regression
W4385987955,Paper,An improved MITC3 element for vibration response analysis of piezoelectric functionally graded porous plates
W4386691791,Paper,Blow-Up Solutions to the Fractional Solid Fuel Ignition Model
W4387868634,Paper,Surface functionalization of graphene-like boron arsenide monolayer: a first-principles study
W4388504124,Paper,Formation of pyramidal structures through mixing gold and platinum atoms: the Au<sub><i>x</i></sub>Pt<sub><i>y</i></sub><sup>2+</sup> clusters with <i>x</i> + <i>y</i> = 10
W4389323198,Paper,On nonlinear Sobolev equation with the Caputo fractional operator and exponential nonlinearity
W4389397671,Paper,P-incorporated CuO/Cu<sub>2</sub>S heteronanorods as efficient electrocatalysts for the glucose oxidation reaction toward highly sensitive and selective glucose sensing
W4392281991,Paper,Identification and <i>α</i> -glucosidase inhibitory activity evaluation of two new coumarins derived from <i>Mansonia gagei</i> J. R. Drumm.
W4394617350,Paper,Experimental study and application of similar materials in thick coal seam mining
W4394925055,Paper,A Partial Least Squares Structural Equation Modeling Exploration of EFL Learners’ Perceptions of What Contributes to the Readability of Model Paragraphs
W4399579863,Paper,A systematic investigation of chromium and vanadium impurities in a Janus Ga<sub>2</sub>SO monolayer towards spintronic applications
W4400127655,Paper,Aqueous Ultrasound-Assisted Extraction of Phenolics and Saponins from Xao Tam Phan Plant Parts: Optimization and Comparison of Extraction Efficiency
W4400605975,Paper,"Biodiversity of Epibenthic Invertebrates in the Subtidal Mekong Estuaries, Southern Vietnam with Remarks on Decapod Assemblages"
W4400855508,Paper,"Synthesis, Antimicrobial ‐ Cytotoxic Evaluation, and Molecular Docking Studies of Quinolin‐2‐one Hydrazones Containing Nitrophenyl or Isonicotinoyl/Nicotinoyl Moiety"
W4400933422,Paper,A New Matching Algorithm for Stone Tool Reassembly Based on Contour Points of Flake Surface
W4402063140,Paper,Challenges Encountered by the First-Year Students in English Writing Paragraphs
W4402096472,Paper,New Physics in the 3-3-1 models
W4402693298,Paper,<b>The Perspectives of Post-graduates Majoring in English Regarding the Usage of QuillBot to Enhance Paraphrasing Skills</b>
W4402693308,Paper,<b>Perspectives of Van Lang University Master's Students in English Language Studies towards the Pedagogical Application of Kahoot! and Quizlet to Teach English Vocabulary</b>
W4403286789,Paper,Probability links between meteorological drought and hydrological drought from a 3D perspective
W4403852725,Paper,A study on mechanisms of saw-tooth chip formation in hard turning under hybrid nanofluid-assisted MQL environment
W4403867823,Paper,Exploring the versatility of MoSe<sub>2</sub>/WS<sub>2</sub> heterostructures
W4403889363,Paper,Effects of Active Presurgical Orthopaedics Appliances in Infants With Complete Unilateral Cleft Lip and ‘T‐Shaped’ Alveolus: A Preliminary Study
W4404007090,Paper,Applications and Developments of Gene Therapy Drug Delivery Systems for Neurological Disorders
W4405399025,Paper,Hydroelastic Analysis of Pontoon-Type Very Large Floating Structures with Multiple Perforated Barrier Attachments
W4405934536,Paper,Modeling Behaviors for a New Compliant Mechanism by Recursive Hierarchy of Random Forest Models
W4406018358,Paper,Photoconductive Dynamics of Photorefractive Poly((4-Diphenylamino)benzyl Acrylate)-Based Composites Sensitized by Perylene Bisimide
W4408099539,Paper,Economic evaluations  of strategies targeting pre-diagnosis dementia  populations: Protocol for a systematic review
W4408868085,Paper,A Data-Driven Decision Support System for Wave Power Plant Location Selection
W4409969821,Paper,Application of Machine Learning Models for Hot Air Dryer Design in Food Drying Process
W2339729704,Paper,Metallic ferromagnetism-insulating charge order transition in doped manganites
W2941956459,Paper,"MODEL OF RELATIONSHIPS AMONG MARKETING PUBLIC RELATIONS, SERVICE QUALITY AND ATTITUDE TOWARD BRAND"
W3097575064,Paper,The role of parents on their children’s academic performance
W3099136805,Paper,"Ru<sup>II</sup> and Ru<sup>III</sup> Chloronitrile Complexes: Synthesis, Reaction Chemistry, Solid State Structure, and (Spectro)Electrochemical Behavior"
W3131314037,Paper,Improving English Speaking Ability Through E-Learning
W4283325298,Paper,An analysis of online learning self-efficacy in the case of Vietnamese university students
W3026677938,Paper,"Strategic flexibility, strategic leadership and business sustainability nexus"
W3046893219,Paper,School efficiency and student development: Is good school suitable for every student in Vietnam
W3089377971,Paper,Genetic Algorithms for Multi-tier Caching and Resource Sharing Optimized Video Streaming in 5G Ultra-dense Networks
W3191079210,Paper,Weighted Lebesgue and central Morrey estimates for -adic multilinear Hausdorff operators and its commutators
W3201099188,Paper,Virtual reality development for heritage preservation
W3215054809,Paper,Analysis of FD-NOMA Cognitive Relay System With Interference From Primary User Under Maximum Average Interference Power Constraint
W4220845100,Paper,The impact of control activities on the information efficiency of financial reports: Evidence on Forbes enterprises in Vietnam
W4288082210,Paper,"Correction: XSnS<sub>3</sub> (X = Ga, In) monolayer semiconductors as photo-catalysts for water splitting: a first principles study"
W4381855576,Paper,The solvability of interval-valued Abel integral equations on a time scale with trigonometric representation of parameterized interval analysis
W3089696556,Paper,Downlink Resource Allocation Maximized Video Delivery Capacity over Multi-hop Multi-path in Dense D2D 5G Networks
W3116402835,Paper,"Improve Teaching Capacity at Private Universities in Ho Chi Minh City, Vietnam According to AUN-QA"
W3138233066,Paper,Performance of a solar chimney configuration to achieve equal flow rate for ventilation of three-story building
W3155045737,Paper,Inter-Frame Based Interpolation for Top–Bottom Packed Frame of 3D Video
W3155712582,Paper,Performance Analysis in the Decode-and-Forward Full-Duplex Relaying Network with SWIPT
W3171997405,Paper,Relationship Between Business Ethics and Corporate Social Responsibility of Listed Manufacturing Companies in Nige
W3177030083,Paper,Novel semi-empirical formula and examination for fission barriers of super-heavy nuclei with Z ≥ 100
W3195495426,Paper,Application of Industrial Engineering Technique for Better Productivity in Garment Industry
W3199129238,Paper,Power generation cost optimization for Thermal power plants considering prohibited operation zones and power losses
W3200530318,Paper,Strategy framework for resilient suburbans of Ho Chi Minh City
W3211845002,Paper,Using recycled brick masonry aggregate for partial replacement of fine aggregate of concrete
W3213961969,Paper,Improving Spectrum Efficiency in CR-NOMA over Rician Fading Channel Under Imperfection CSI
W3216706421,Paper,Mercedes-Benz Stadium and Its Unique Camera Aperture-style Retractable Roof
W4205601378,Paper,The Disadvantages of Learning Listening via Moodle at Van Lang University
W4283383303,Paper,"Tecomastane, a new megastigmane from the flowers of <i>Tecoma stans</i>"
W4290719035,Paper,Strong Larvicidal and Molluscicidal Activities of the (E)-β-caryophyllene-rich Chemotype of<i>Callicarpa macrophylla</i>Vah Leaf Essential Oil Growing Wild in Vietnam
W4293221027,Paper,A Novel Method Based on Improved Coyote Optimization Algorithm for Searching the Best Tour for the Travelling Salesman Problem
W4300669402,Paper,Enhancement of the lighting quality for white light-emitting diodes with CaSc2O4:Ce3+ phosphor
W4317382465,Paper,BERT-TRIPLE: Using BERT for Extracting Triples from Vietnamese Sentences
W4323338495,Paper,Swarm and Evolutionary Algorithms in Image Compression by F-Transform
W4323649772,Paper,Terminal value problem for nonlinear parabolic and pseudo-parabolic systems
W4362457768,Paper,Seasonal variation of Covid-19 incidence and role of land surface and air temperatures: a case study in the west of Iran
W4376127221,Paper,"New orchids in the flora of Vietnam VI (Orchidaceae, tribes Arethuseae, Cymbidieae, Diurideae, Epidendreae, Vandeae, and Vanilleae)"
W4384944020,Paper,Prevalence of HIV-1 drug resistance among early diagnosed HIV-infected children enrolled through the national program for prevention of mother-to-child transmission in Southern and Central Highland provinces — Vietnam within 2017–2021
W4388769279,Paper,The Effects of UV Light and Methyl Salicylate on Phytochemical Constituents and Nutritional Traits in Common Bean (Phaseolus vulgaris L.)
W4389784464,Paper,Alpha-mangostin post-induction of lipopolysaccharides on interleukin-6 and bone sialoprotein expression in osteoblast cells: An experimental in vitro study
W4391533706,Paper,Exploring the Relationships Between Industry 4.0 Adoption and Business Model: The Case of Vietnamese Hospitality organisations
W4391742087,Paper,On the Issue of Evaluating the Resonance Properties of External and Internal Oscillatory Circuits of Power Autotransformers
W4392590475,Paper,"Environmental outlook of ASEAN-5 through the lens of green bonds, environmental technologies and financialization"
W4396806920,Paper,Common syntactic errors in the writing skills of the 3rd year students at Van Lang University
W4401150801,Paper,Hardy–Littlewood maximal operators and Hausdorff operators on $ p $-adic block spaces with variable exponents
W2979222737,Paper,Discovery and scholarly communication aspects of preprints: Sources for online information
W3094847424,Paper,The Practical Perceptions of Vietnamese Lecturers and Students Towards Written Peer Feedback
W3128738220,Paper,Extended state observer based load frequency controller for three area interconnected power system
W3158933702,Paper,Factors Affecting Parents Decision to Send Their Children Abroad for Studies: A Case Study of Parents in Ho Chi Minh City
W3168535772,Paper,"Variation in the \(^{64}\)Ge\((p,\gamma )^{65}\)As Reaction Rates"
W3199822558,Paper,The transformation of urban form in the center of Ho Chi Minh City
W3200655254,Paper,Improve tool structure for enhancement of product quality in single point incremental forming
W3200879270,Paper,Method and system for internet based event management at universities (Case study: Van lang University)
W3212008025,Paper,Performance comparison of ANFIS models with different input spatial partitioning methods for predicting temperature and flow fields in a solar chimney
W4235795462,Paper,REMOVED DUE TO POLICY VIOLATIONS
W4280510179,Paper,"Growth and survival rates of domesticated and non-domesticated breeding stocks of Penaeus monodon Fabricius, 1798 cultured in ponds and tanks"
W4286432941,Paper,"Utilizing a strait-range green phosphor γ-AlON:Mn,Mg for the task of achieving a super-broad hue gamut display"
W4288468332,Paper,Marketing Strategies Evaluation and Selection for Supply Chain Management Under Uncertainty
W4303614832,Paper,Comic Books
W4306657266,Paper,Effects of soaking duration and incubation conditions on GABA biosynthesis in MangBuk brown rice of Vietnam
W4309582248,Paper,Finite convergence of extragradient-type methods for solving variational inequalities under weak sharp condition
W4312329452,Paper,An IoT - based fault detection with tracking system for residential household
W4313203918,Paper,Motivations and Challenges in Small Business Start-ups: A Glance at Vietnam’s Public Relations Industry
W4319297517,Paper,Hydrogen geologic storage in China: feasibility and challenges
W4320499548,Paper,Bibliometric Analysis of Research Related to Small and Medium-Sized Enterprises in Vietnam
W4321349922,Paper,Remote sensing of grasslands in the South American <i>Pampas</i> (scientometrics analysis)
W4378650985,Paper,Publication of non-native-English-speaking tourism researchers in international journals: findings from Vietnam
W4380538570,Paper,ẢNH HƯỞNG CỦA KÍCH THƯỚC HẠT LÊN TÍNH CHẤT TỪ VÀ QUANG CỦA HỆ HẠT NANO Fe3O4
W4382795276,Paper,The Values of Recommendations by Quality Assurance Papers: The Case of Vietnam
W4386053682,Paper,Study of the in-plane crashworthiness performance of 6-legged starfish-inspired structures
W4386059449,Paper,"Effects of combined rice flour and molasses use on the growth performance of Pacific white shrimp ( <i>Litopenaeus vannamei</i> Boone, 1931) applied biofloc technology"
W4386138949,Paper,"Spatial clustering analysis of COVID-19 using LISA: A case study of the 2022 winter Day in Hanoi, Vietnam"
W4386259142,Paper,General Solution for Inverse Kinematics of Six Degrees of Freedom of a Welding Robot Arm
W4386387092,Paper,A Critical Review of Collaborative Learning in Academic Writing Classes
W4386478134,Paper,News frames for COVID-19 – a comparison of Australian (Australian Broadcasting Corporation) and Vietnamese (Tuoi Tre Online) online news services in two key weeks in 2020
W4386691717,Paper,Well-Posedness Results for a Class of Nonlinear Reaction-Diffusion Equations with Memory
W4386976132,Paper,Multi-class classification using a new Bayesian method
W4387381105,Paper,Tuning the flexural frequency of overhang-/T-shaped microcantilevers for high harmonics
W4389288960,Paper,TRENDS IN THE SCIENTIFIC LITERATURE ON THE LEAGILE SUPPLY CHAIN: BIBLIOMETRIC AND CITATION CONTEXT ANALYSES
W4389425859,Paper,On the block error rate performance of cooperative non‐orthogonal multiple access short‐packet communications with full‐duplex relay and partial relay selection
W4389980020,Paper,A MIMO SIW Frequency Reconfigurable Antenna for ISM Applications
W4390397606,Paper,Non parametric deconvolution of cumulative distribution function from repeated observations with unknown noise distribution
W4390760815,Paper,Assessing the livestock raising and waste treatment of small-scale pig farming households in Binh Dinh Province
W4390891339,Paper,The Minmax Regret Scheduling-Location Problem on Trees with Interval-Data Edge Lengths
W4392706626,Paper,Synthesis and antibacterial activities of some novel hybrid compounds based on 2‐mercapto‐3‐arylquinazolin‐4(<scp>3<i>H</i></scp>)‐one scaffold bearing specific coumarin
W4396238256,Paper,Navigating Experiential Learning: Insights From Vietnamese Architecture Students on an Educational Field Trip
W4396514771,Paper,Exploring diffusion behavior of superionic materials using machine-learning interatomic potentials
W4396538106,Paper,A revisit on the hydrogen atom induced by a uniform static electric field
W4396616363,Paper,AN INVESTIGATION INTO SYNTACTIC AND SEMANTIC FEATURES OF ENGLISH IDIOMS
W4399084369,Paper,Facile one-step synthesis of <i>in situ</i> WO<sub>3</sub>@Gr nanorods as an efficient material for antimicrobial and decoloration applications
W4399215112,Paper,Limit to Arbitrage and Distress Risk Puzzle in Vietnam: Does Corporate Bankruptcy Regulation Matter?
W4400351743,Paper,"A Framework Using Applied Process Analysis Methods to Assess Water Security in the Vu Gia–Thu Bon River Basin, Vietnam"
W4401050456,Paper,“Shall Absolute Power Corrupt Absolutely?”: A Perspective From Financial Constraints and Earnings Quality Under Government Control
W4401475444,Paper,Antioxidant activities and chemical composition of rhizome essential oil from <i>Zingiber plicatum</i> Škorničk. & Q.B.Nguyen from Vietnam
W4401948602,Paper,"Simulating air pollution at the province level: A case of Ba Ria – Vung Tau province, Vietnam"
W4402190902,Paper,The Proposal of the “Classroom-Workplace” Model in University-Enterprise Joint Training in Vietnam
W4402487125,Paper,Passive earth pressure on vertical rigid walls with negative wall friction coupling statically admissible stress field and soft computing
W4403377680,Paper,In-service teacher’s perceptions toward teaching collocation to intermediate EFL learner’s productive skills
W4403520191,Paper,Triple-chain boron clusters: lengthening <i>via</i> phosphorus doping and enhancing stability through {P} by {CH} substitution
W4403528224,Paper,Fermion masses and mixings and g − 2 muon anomaly in a Q6 flavored 2HDM
W4403897111,Paper,Boron-doped scandium clusters B@Sc<sub><i>n</i>−1</sub><sup>−/0/+</sup> with <i>n</i> = 2–13: uncovering the smallest endohedrally doped cages
W4404032082,Paper,Decays Z → e <sub>a</sub> e <sub>b</sub> in a 3-3-1 model with neutral leptons
W4404070413,Paper,FOSTERING VIETNAMESE EFL LEARNERS’ LEARNER AUTONOMY AND READING COMPREHENSION ABILITY THROUGH ONLINE PLATFORMS
W4404087784,Paper,"Rhizome essential oil of <i>Meistera verrucosa</i> from Ha Giang Province, Vietnam: Chemical composition, antioxidant activities, and molecular docking study"
W4404167614,Paper,Impact of cut-off frequency effect on resonance energy transfer and Casimir–Polder interaction
W4404761741,Paper,Comparative Analysis of Regulations on IT-Based Money Lending and Borrowing Services in Indonesia and Vietnam
W4404886589,Paper,Nonverbal Cues in Teaching Foreign Language for Vietnamese Higher Education Learners
W4405108720,Paper,"$$(g-2)_{e,\mu }$$ and lepton flavor violating decays in a left-right model"
W4406024089,Paper,Examining the Association Between Public Health Accreditation and COVID-19 Outcomes
W4406558522,Paper,Presence of EGF ligand restricts the binding ability of EgB4 nanobody to EGFR extracellular domain
W4407714316,Paper,"Multidisciplinary Treatment With Adjunctive Orthodontics, Surgical Crown Lengthening, and Esthetic Rehabilitation"
W4408223418,Paper,Power Allocation for the STAR-RIS-NOMA Short Packet Communication System Using Deep Reinforcement Learning
W4408810965,Paper,‘You’re not invited’: Negotiating feminism within digital public sphere surrounding Lisa’s exotic dance
W4409211232,Paper,Integrated Carbon Capture and Storage Strategies in Hard‐to‐Abate Industries for Achieving Vietnam's Net Zero by 2050
W4409968850,Paper,Robust uncertainty analysis of a process-based model for runoff and soil erosion simulations using surrogate modeling: a synthetic study
W4410506249,Paper,"Experience in Diagnostic of HIV Drug Resistance in the Mekong Delta Region, Vietnam: A Comparative Analysis Before and After the COVID-19 Pandemic"
W4410810504,Paper,UAV-Mounted Intelligent Reflecting Surface-Assisted Edge Content Delivery Networks Maximized Sum Rate with Deep Learning
W4410853014,Paper,ESG's Impact on Awareness and Behavior of Users and Providers in Vietnamese Higher Education
W4411100563,Paper,EFL Sophomores’ Perspectives on the Application of Computer-Assisted Games in Grammar Classes
W4411238397,Paper,Financial distress and earning manipulations in Vietnam: the moderating role of financial constraints
W4411344196,Paper,Compression Isotherms of Monomolecular Films of 7β-alkyl Cholic Acid Derivatives on an Acidic Aqueous Substrate and Their Interactions with Lecithin Reveal the Conformations of the Alkyl Chain and Steroid Skeleton
W4411506892,Paper,Employing TALKPAL.AI to Enhance Speaking Proficiency for Vietnamese Adult Learners:  A Literature Review
W4411852273,Paper,Six Sigma model with implement SAPF to enhance power quality and product quality at induction heat treatment process
W4412184462,Paper,Anti‐Symmetric Molecular Graph Learning Approach With Residual Adaptive Network Based Fuzzy Inference System for Lethal Dose Forecasting Problem
W4412728291,Paper,"The Relevance of Educational Thoughts by Al-Kindi, Al-Farabi, and Ibn Sina in Contemporary Context"
W4413145178,Paper,InteractionMap: Improving Online Vectorized HDMap Construction with Interaction
W4413194450,Paper,Existence of solutions and Hyers-Ulam stability for <i>κ</i>-fractional iterative differential equations
W4413910107,Paper,Academic staff quality in higher education: evidence from program accreditation in Vietnam
W2055401175,Paper,The acute hemodynamic effects of intravenous verapamil in coronary artery disease. Assessment by equilibrium-gated radionuclide ventriculography.
W2153576566,Paper,Mechanism of renin release during acute ureteral constriction in dogs.
W2112833496,Paper,Development of a new strain of spontaneously hypertensive rats homozygous for hypothalamic diabetes insipidus.
W1968226995,Paper,"Effect of urapidil, clonidine, and prazosin on sympathetic tone in conscious rats."
W2393331166,Paper,Characterization of Endopeptidases in Wheat Leaves During Dark-induced Senescence
W1604170348,Paper,Opiate agonist maintenance treatment for injecting drug user peer educators
W2351048033,Paper,High Speed Multilevel Staged Clock Routing
W2520192379,Paper,Acculturation in Vietnamese Contemporary Literature
W2785307350,Paper,« Les territoires du fleuve » : une analyse par l’image de l’intégration territoriale du fleuve Sénégal
W2901663768,Paper,The Link between Information Transparency and Investment Efficiency: A Literature Review
W3174338508,Paper,Exploratory analysis of legal risk causes in tourism real estate projects in emerging economies: empirical study from Vietnam
W4406781802,Paper,Understanding first year university students’ passivity via their attitudes and language behaviors towards answering questions in class
W2550110029,Paper,A Statewide Collaboration: Ohio Level III Trauma Centers' Approach to the Development of a Benchmarking System
W2888106948,Paper,Incorporate the rules of social segregation in solutions for the inhibition of the housing bubble in Vietnam
W3021273088,Paper,Downlink Resource Sharing and Caching Helper Selection Control Maximized Multicast Video Delivery Capacity in Dense D2D 5G Networks
W3091775653,Paper,Performance enhancement of wireless sensor network by using non-orthogonal multiple access and sensor node selection schemes
W3211655903,Paper,CFD based investigation on the performance of solar chimney for room natural ventilation
W2064980181,Paper,REPORT TO THE COMMITTEE OF THE LANG RESEARCH SCHOLARSHIP: SOME CAUSES OF AMAUROSIS IN INFANTS
W2330652693,Paper,Effects of Ca~(2+) /CaM on the key enzyme activity of ammonia assimilation regulated by chitosan in detached leaves of non-heading Chinese cabbage
W2350797629,Paper,Research on the Regional Texture Mapping on the Polygonal Primitivity
W2357006790,Paper,The present statue and development of numerical computation methods in the study of fracture mechanics
W2358678889,Paper,Characteristics of Aquifer and Water-Resisting Stratum and Its Influence on Lower Coal Seam Mining in Huobaoganhe Colliery
W2358823656,Paper,FLOW ANALYSIS OF FLUID IN DOUBLE POROUS MEDIA INCLUDING THE EFFECTS OF THE QUADRATIC-GRADIENT TERM
W2364023241,Paper,The Future Direction of Industry DesignGreen Design
W2888586085,Paper,Device-to-Device Network with MISO Scheme for Wireless Power Transfer: Outage Performance Analysis
W2895059192,Paper,Effects of gamma irradiation on color removal from reactive red 24 aqueous solutions
W3025191241,Paper,I'm scared to go to School! Capturing the Effects of Chronic Daily Fears on Students' Concept of Self.
W3039627223,Paper,"Design, modification of phyllanthone derivatives as anti-diabetic and cytotoxic agents"
W3088810769,Paper,Novel method for calculating installed capacity of stand-alone renewable energy systems
W3094440337,Paper,Study on <scp>SARS‐CoV</scp>‐2 inhibition of some potential drugs using molecular docking simulation
W3111124944,Paper,Evaluation for half-lives in <i>α</i> -decay chains of <sup>309−312</sup> 126 based on semi-empirical approaches
W3126654748,Paper,A Business Model for Producing Clean Energy in Developing Countries
W3145787593,Paper,Performance analysis for three cases of outage probability in one-way DF full-duplex relaying network with presence of direct link
W3164075327,Paper,Finding the best tour for travelling salesman problem using artificial ecosystem optimization
W3165257331,Paper,FACTORS AFFECTING THE CONSULTATION SKILLS OF SOCIAL WORKERS WHEN SUPPORTING AUTISTIC CHILDREN’S FAMILIES: EVIDENCE IN VIETNAM
W3168575142,Paper,Modulational Instability of Nonlinear Waves in a Cold Quark–Gluon Plasma
W3172140456,Paper,Best Practices for Employees’ Workplace Health and Safety Mediating Role of Organizational Culture
W3182300114,Paper,Full-scale test of precast prestressed concrete double-tee girder for rural bridges
W3200335129,Paper,Urban agriculture in landscape architectural view in Ho Chi Minh City
W3212618266,Paper,Reliable Data Transmission Mechanism in Coexisting IEEE 802.15.4 Beacon Enabled Wireless Body Area Networks
W3213278528,Paper,Weighted Central BMO Type Space Estimates for Commutators of $$p$$-Adic Hardy-Cesàro Operators
W4200523471,Paper,The nigerian public sector training and recruitment process: a literature review
W4200618519,Paper,"Aspidistra sonlaensis (Asparagaceae, Nolinoideae), a new species from northern Vietnam"
W4206104263,Paper,The Effects of Task-Based Instruction on High School Students' Writing Outcomes
W4226071606,Paper,NEW RESULTS FOR PARABOLIC EQUATION ON THE SPHERE WITH CAPUTO–FABRIZIO OPERATOR
W4226188354,Paper,REMOVED DUE TO POLICY VIOLATIONS
W4232993015,Paper,Optimal Distributed Photovoltaic Units Placement in Radial Distribution System Considering Harmonic Distortion Limitation
W4282049254,Paper,Influence of the board of directors on discretionary accruals: Evidence from Vietnamese listed companies
W4283712137,Paper,"Assessment of Heavy Metal Pollution in the Surface Water of the Doi Canal, the Cho Dem and Ben Luc Rivers, Vietnam"
W4285166530,Paper,Approximation of the initial value for damped nonlinear hyperbolic equations with random Gaussian white noise on the measurements
W4289259902,Paper,Single phase second order sliding mode controller for complex interconnected systems with extended disturbances and unknown time-varying delays
W4313248409,Paper,Testing the influence of factors on the timeliness of financial reporting – Empirical evidence of Vietnamese listed enterprises
W4386526168,Paper,"Air emission inventory and air quality modelling for developing countries: A case of Vinh Phuc province, Vietnam"
W1866945369,Paper,Gedrukte kaarten van Europa vóór Ortelius. Een toevoegsel
W2360313292,Paper,Cellular Automaton Modeling and Its Applications in Computer Simulation of Microstructures
W2361211101,Paper,Improvement of nutritional value of bran fermented by multi-strains in solid-state fermentation
W2378196336,Paper,THEORETICAL ANALYSIS ON FLEXURAL BEHAVIOR OF REINFORCED ULTRA HIGH TOUGHNESS CEMENTITIOUS COMPOSITE MEMBERS
W2385509500,Paper,Progress in the structure and function of PP2C-type protein phosphatases
W2393862579,Paper,Process Optimization of High-fiber Purple Wheat Noodles
W2901074797,Paper,The integration of traditional and advanced design in the formation of sustainable New Rural Housing solutions.
W2919650154,Paper,Assessment of the Satisfaction of Customers Using Mobifone Mobile Service in Ho Chi Minh City
W2920983499,Paper,Abstract 228: Multi-omics Mapping Generates a Molecular Atlas of the Aortic Valve and Reveals Networks Driving Disease
W2922114288,Paper,Abstract MP41: A Diet High in Carbohydrate and Low in Fat Alters the HDL Proteome and Metabolism of 9 HDL Proteins in Humans
W2946688566,Paper,DEVELOPMENT OF PRIVATE UNIVERSITIES IN VIETNAM
W2986661965,Paper,Empowering students speaking skills with Flipgrid among Tourism Students at Vanlang University
W2991391102,Paper,Extended network and algorithm finding maximal flows
W3008486894,Paper,The mediating effect of organizational factors between multidimensional performance measures and performance management systems
W3049614703,Paper,Synthesis of Group Incentive Systems on the Basis of Heuristic Algorithms
W3090567294,Paper,Novel recommendation for enhancing optical properties of CP-WLEDs by Ba2Si5N8Eu2+ phosphor
W3101266795,Paper,"The Monumental Architecture of Po Ramé in Ninh Thuan Province, Vietnam"
W3101745018,Paper,A Study on Methodology of Improvement the Hydraulic System for Cometto Self-Propelled Trailer System
W3103923053,Paper,The path of Cham cultural heritage
W3108106393,Paper,Outage performance of underlay cognitive radio networks over mix fading environment
W3121428906,Paper,Performance Analysis for Exact and Upper Bound Capacity in DF Energy Harvesting Full-Duplex with Hybrid TPSR Protocol
W3131024833,Paper,The relationship between school-related factors and student development: An empirical study of Vietnamese students in the Industry 4.0
W3136825017,Paper,Using ANFIS technique in prediction of reverse flow in a solar chimney
W3138728005,Paper,Design and fabrication of a transmission mechanism arm for rotational molding
W3144716668,Paper,Signatures of optical conductivity in double-layer graphene excitonic condensate
W3154623413,Paper,"Analysing Liquidity, Credit Risk and Deposit Money Banks Profitability in Nigeria"
W3173813407,Paper,"(Y,Gd)BO<sub>3</sub>:Eu red phosphor for dual-layer phosphor structure to enhance the optical performance of white light-emitting diodes"
W3174610716,Paper,Synthesis of diphenyl sulfide from iodobenzene and thiophenol using Metal-Organic Framework Cu<sub>2</sub>(NDC)<sub>2</sub>(DABCO) as an efficient heterogeneous catalyst
W3182513543,Paper,Triple-layer remote phosphor structure: a selection of the higher color quality and lumen efficiency for WLEDs
W3183299634,Paper,Dificulties when studying away from home
W3185964855,Paper,A Brief Study Discussing Competitiveness of Vietnam Logistics Industry
W3194799677,Paper,"Examination of <i>n</i> − <i>T</i> <sub>9</sub> conditions required by <i>N</i> = 50, 82, 126 waiting points in r-process"
W3199125328,Paper,Empowering learner autonomy by data-driven career development planning
W3199266439,Paper,Effects of heated cavities below and above the air channel on the performance of a solar chimney for natural heating
W3199311694,Paper,The real E-learning with virtual reality (VR) technology
W3199319607,Paper,"The applicability of ceramic tiles in the contemporary interior – Exterior design in Ho Chi Minh City, Vietnam"
W3199786832,Paper,The optimization of radiofrequency assisted heat pump drying of Ganoderma lucidum
W3199842824,Paper,The Perception of Esthetic Importance of Craniofacial Elements
W3199916958,Paper,An internet of things (IoT) based swarm electrification for solar powered households
W3199924602,Paper,Air quality and climate co-benefits estimation for vehicle fuel switching in Ho Chi Minh City
W3200036129,Paper,Cost-effective controlling for abalone mushrooms based fuzzy logic control solely in MATLAB/Simulink environment
W3200132627,Paper,Development of an IoT based fire alarm monitoring system
W3200297433,Paper,Effects of a fin on the wall of the air channel on the performance of a trombe wall for natural heating
W3200334949,Paper,Efficient binarizing split learning based deep models for mobile applications
W3200546409,Paper,"Proposals on technologies and contents to digitize the art of the Trống quân response singing in Hưng Yên province, Vietnam"
W3200660415,Paper,An efficient curriculum management ICT-based system to support AUN-QA
W3200896269,Paper,"The effects of green growth, environmental-related tax, and eco-innovation towards carbon neutrality target in the US economy"
W3205987068,Paper,Porter’s generic strategies for competitive advantage: how they work in selected asian economies
W3211579622,Paper,Using kernel-based fuzzy clustering algorithm for forecasting time series
W3211913869,Paper,"Design criteria for axial flux, permanent magnet, toroidal winding generator for 6D BIM applications"
W3213221169,Paper,Building performance optimization using CFD for 6D BIM application – A case study
W3213652096,Paper,Surveying impacts of adaptive facades on acoustical quality of classrooms
W3214278109,Paper,Case study of face detection libraries on Raspberry Pi
W4200480597,Paper,Unhealthy leadership behavior and employee retention that rocks academic excellence in higher education from a critical realist approach
W4205707270,Paper,Analysis of a quasi-reversibility method for nonlinear parabolic equations with uncertainty data
W4205883349,Paper,Treatment of C.I Reactive Blue 160 by ozonation system
W4205910169,Paper,Bringing LBC into Classroom: An Evaluation on Self-video Recorded Speaking Task Through Vietnamese Learner Perceptions
W4206556998,Paper,CYTOCHROME B BASED GENETIC RELATIONSHIP OF WILD BOARS FROM DAK NONG PROVINCE OF VIETNAM
W4207051394,Paper,Considering the κ − µ fading channels adopted in multiple antennas downlink non-orthogonal multiple access
W4214693772,Paper,Why Does the Government of Vietnam Become Successful in The Fight Against the Covid-19 Pandemic from Legal Perspectives?
W4223496324,Paper,"Tectaria danangensis (Tectariaceae), a new fern species from Vietnam"
W4224868083,Paper,Splitting Energy of Transmit Power Serving Grouping Users in Full‐Duplex Networks under Imperfect Hardware
W4225154649,Paper,On Nowhere Dense Sets
W4225286997,Paper,Inhibition of Cell Proliferation by Houttuynia cordata Extract on Gastric Cancer Cells via Induction of Apoptosis
W4235762531,Paper,An Energy Efficient Receiver-based Flooding Scheme Using 1-Hop Neighbours Geographical Information for MANETs
W4281669706,Paper,Spatial interaction and the provincial economic structure transformation: Evidence from Vietnam
W4281670811,Paper,Study of a polymorphic phase transition in KNNLiTaLa<sub>0.01</sub> by Raman spectroscopy
W4281744049,Paper,Towards Green Tourism Development: Customers’ Perception of Using Plastic Products in the 5-star Hotels in Ho Chi Minh City
W4283163677,Paper,Anomalies in Asia Pacific Stock Markets: A Re-Examination of the Turn-of-the-Year Effect
W4285045143,Paper,Pandemic Communication: COVID-19 Presentation in Vietnamese Media
W4285071776,Paper,Antifungal activity of a chitosan and polyvinyl alcohol (PVA) mixture on damage-causing strains isolated from postharvest oranges grown in Vietnam
W4285322721,Paper,Cytotoxic activity related to survivin mRNA levels by Combretum quadrangulare Kurz extract against liver and breast cancer cells
W4291178975,Paper,Impact of CCI on performance analysis of downlink satellite-terrestrial systems: outage probability and ergodic capacity perspective
W4291392888,Paper,α‐Glucosidase Inhibitory Cycloartanes from the Vietnamese <i>Combretum quadrangulare</i>
W4292964871,Paper,"New species, Coelogyne sondangii (Orchidaceae), and a new national record, C. moi, in Vietnam"
W4293169070,Paper,Students' retention on online learning: Establishing a predictive model at a private university in Vietnam
W4294187916,Paper,TiO2 nanoparticles impacts over color deviation in white light-emitting diodes
W4294187957,Paper,The impacts of green Cs2ZnSi5O12:Eu2+ phosphor for white light emitting diode
W4295123541,Paper,Taxonomic treatment of the genus Campanulorchis (Orchidaceae)
W4295297541,Paper,Chroma consistency and luminous efficacy for a WLED using remote phosphor configuration with a tri-layer design
W4295338113,Paper,Remarks on parabolic equation with the conformable variable derivative in Hilbert scales
W4296713969,Paper,"The impacts from Sr4La(PO4)3O: Ce3+, Tb3+, Mn2+ phosphor resulting in luminous flux of WLED devices"
W4312154904,Paper,First-principles prediction of 1H-Na <sub>2</sub> Se monolayer: effects of external strain and point defects associated with constituent atoms
W4312618825,Paper,FREQUENCIES AND FUNCTIONS OF REPORTING VERBS USED IN TESOL RESEARCH ARTICLES BY VIETNAMESE WRITERS
W4312656552,Paper,"The Relationships among Personal Aesthetic Capital, Interpersonal Attraction, and Workplace Development Opportunities: An empirical study in Vietnam"
W4312669879,Paper,Motorcycle system using face recognition for engine ignition
W4313592324,Paper,"Response to “Comment on ‘A new class of out-gap discrete solitons in binary waveguide arrays’” [Chaos 32, 073113 (2022)]"
W4313681423,Paper,How can the pitching research framework assist in summarising and presenting research ideas? A research pitching competition story
W4319953710,Paper,The potential of rhizobacteria for use of rambutan (Nephelium lappaceum) peel as organic fertilizer
W4320025887,Paper,Exploring the connection between teacher questioning and student learning behavior from a discourse perspective - A case study
W4320727717,Paper,Closed‐form solution of fluid flow in and around a crack disk embedded in a 3D porous medium
W4321018829,Paper,TERMINAL VALUE PROBLEM FOR STOCHASTIC FRACTIONAL EQUATION WITHIN AN OPERATOR WITH EXPONENTIAL KERNEL
W4324091098,Paper,HV1 mtDNA Reveals the High Genetic Diversity and the Ancient Origin of Vietnamese Dogs
W4327890556,Paper,An iterative method for inverse source biparabolic equation
W4360586542,Paper,Some new results on the convergence of solutions for time and space fractional Sobolev equation
W4362710702,Paper,Regularity for a non-local diffusion equation with Riemann-Liouville derivative
W4380083807,Paper,Joint Clustering and Routing Optimisation for Low-power Wireless Sensor Networks
W4385190558,Paper,VLU EFL Students’ Perceptions Toward the Use of Collaborative Writing
W4385213631,Paper,Multipole expansion for the electron-nucleus scattering at high energies in the unified electroweak theory
W4385496343,Paper,"Assessment of the Physical, Chemical, Yield and Nutritional Quality Traits of Tropical, Temperate and Wild Dry Bean Species in Vietnam"
W4385636594,Paper,Investigation of the Product of Random Matrices and Related Evolution Models
W4386000926,Paper,How Can Internet Mapping Technologies Contribute to the COVID-19 Fight?
W4386846486,Paper,Electron density mapping of boron clusters via convolutional neural networks to augment structure prediction algorithms
W4387061466,Paper,Analysis of Signing Civil Contracts Online Using Pls-Sem Deep Neural Network
W4387386822,Paper,Antioxidant and Blood Sugar-Stabilizing Activities of Extracts from Three Coloured Rice Varieties in Streptozotocin-Induced Diabetic Mice
W4388001683,Paper,Study of the Effect of the Supercharger on the Output Power of Gasoline Injection Engine
W4388025992,Paper,"Impact of social capital, knowledge sharing on Innovation Capability: The case of office staff in Ho Chi Minh City"
W4388848702,Paper,Conference Booklet of the 20th AsiaCALL International Conference
W4389580973,Paper,WELL-POSEDNESS AND REGULARIZATION FOR NONLOCAL DIFFUSION EQUATION WITH RIEMANN–LIOUVILLE DERIVATIVE
W4389615139,Paper,Study of the efficiency of radio frequency assisted heat pump drying of shrimp
W4389617125,Paper,Smoothed particle hydrodynamics simulations of microstructure induced stress overshoot in structured fluids
W4389625650,Paper,"Investigation on microplastics in some bivalves at Binh Dien Market in Hochiminh City, Vietnam"
W4389639153,Paper,"<i>CAMELLIA HOABINHENSIS</i> (THEACEAE: SECT. <i>CHRYSANTHA</i>), A NEW YELLOW-FLOWERED SPECIES FROM NORTHERN VIETNAM"
W4390279411,Paper,Enhancing Student Achievement in Senior High School through Curriculum Management in Indonesia
W4398142941,Paper,Higher-order beyond-band discrete solitons in binary waveguide arrays
W4398212550,Paper,Global existence for nonlinear diffusion with the conformable operator using Banach fixed point theorem
W4401373324,Paper,Rough Hardy-Littlewood Operators on $$p$$-Adic Function Spaces with Variable Exponents
W3126587286,Paper,"Relationship between Coronavirus (COVID-19) and Social Factors: Evidence from 24 Countries Over the World During 88-Day Period from Jan 31 to April 27, 2020"
W2149994558,Paper,The role of the sodium pump in the control of vascular tone in the rat.
W2108572327,Paper,Cutaneous and muscular rasodilation in the canine hindlimb evoked by central stimulation.
W2058651173,Paper,Herniation of Calcified Nucleus Pulposus in the Thoracic Spine
W4400836185,Paper,Effect of Biomass Burnings on Population Exposure and Health Impact at the End of 2019 Dry Season in Southeast Asia
W4288690019,Paper,A comparison of node vaccination strategies to halt SIR epidemic spreading in real-world complex networks
W4297982378,Paper,Profitability of Ichimoku-based trading rule in Vietnam stock market in the context of the COVID-19 outbreak
W2896394903,Paper,Weighted Lebesgue and central Morrey estimates for p-adic multilinear Hausdorff operators and its commutators
W2979105539,Paper,Targeting MLL-AF4 with Short Interfering RNAs (siRNAs) Induces Apoptosis Related Genes APAF-1 and SEPT4 in t(4;11)-Positive Human Leukemic Cells.
W4308588861,Paper,The Influence of Crest Widths and Working States on Wave Transmission of Pile-rock Breakwaters in the Coastal Mekong Delta
W4321250367,Paper,"Black Carbon Emission, Transport and Effect on Radiation Forcing Modelling During the Summer 2019–2020 Wildfires in Southeast Australia"
W4372284010,Paper,Higgs sector phenomenology in the 3-3-1 model with an axionlike particle
W4387846071,Paper,"Phylogenomics, biogeography, and trait evolution of the Boletaceae (Boletales, Agaricomycetes, Basidiomycota)"
W4388960576,Paper,Plant-Derived Antimicrobial Peptides: A Plant Defense Weapon against Biotic and Abiotic Stresses
W1533344290,Paper,Shallow Foundations for Tall Structures in Florida
W2362499528,Paper,Integrated evaluation of soil nutrients in modern agricultural demonstration garden of Dongyang county.
W2365963606,Paper,How to Realize Manufacturability Evaluation of Stamping Parts
W2373075560,Paper,Data Envelopment Analysis of Closed-End Fund Performance under Dual-Risk Measurement
W2374087094,Paper,DEFINING EQUATIONS AND TRACE FORMS OF CUBIC CYCLIC FIELDS
W2380757258,Paper,"Correlations between peripheral benzodiazepine receptors in mitochondria,synaptosomes in brain cells and platelet membrane and biological significance"
W2383870758,Paper,"Study on extraction,purification and structure of low molecular weight polysaccharides from pumpkin"
W2391077357,Paper,Anti-oxidative Response of Phaseolus aureus Roxb.and Vicia sativa L.to Cadmium Stress
W4283766228,Paper,Network structure indexes to forecast epidemic spreading in real-world complex networks
W4385852487,Paper,6
W4389781311,Paper,Synthesis of urchin-like Au@TiO2 nano-carriers in the drug-loading system toward cancer treatment
W4393945422,Paper,"A Framework Using Applied Process Analysis Methods to Assess Water Security in the Vu Gia – Thu Bon River Basin, Vietnam"
W4412396029,Paper,Land surface temperature evolution in rapidly urbanizing areas of Southeast Asia: studies from Vietnam and Cambodia
W1502995782,Paper,La modernidad del discurso poético de Philip Sidney.
W1984435726,Paper,Association‐based parser for speech understanding systems—framework design on cognitive exploration
W1997956580,Paper,A preliminary study effects of supplement food to the content of omega-3 in eggs
W2030518961,Paper,Study on the ability of extracts from Cordyceps spp. biomass to prevent memory impairment in mice
W2032419638,Paper,Claude Gauvreau : du tombeau du père au langage exploréen
W2238461177,Paper,The odd one out : exploring the nature of the association between minority status and psychosis
W2244433040,Paper,REMOÇÃO DO ÓLEO DA ÁGUA PRODUZIDA SINTÉTICA UTILIZANDO BAGAÇO DE CANA-DE-AÇÚCAR COMO ADSORVENTE
W2347234847,Paper,The design and implementation of remote communication between PC and a sigle-chip computer in DCS
W2348376786,Paper,Arrenotokous toxic action and machanism of atmospheric contaminant: toluene diisocyanate
W2348569345,Paper,THE EFFECT ANALYSIS OF INTERMITTENT CONTINUOUS FEEDING AND NON NUTRITIONAL SUCKING IN THE VERY LOW BIRTH WEIGHT PREMATURE CHILDREN
W2350199653,Paper,Comparation of Three Arithmetics of Operator and Vector-tensor
W2351047321,Paper,Identification and Determination of Xinkangping
W2351093011,Paper,Design of Two Channel Regular Orthogonal Principal Component Filterbanks
W2351126356,Paper,STUDY ON HEAT BEHAVIOR OF COAL TAR PITCH MODIFIED WITH DIVINYLBENZENE
W2351278517,Paper,Discussion about Subsidy of Affordable Housing
W2351290865,Paper,The mass sensitivity analysis of a double-waveguide love wave sensor
W2351540729,Paper,Tumor Suppressor Gene p~(16) and Genetherapy of Cancer
W2352342249,Paper,Corrosion Mechanism of Pulse Plated Nickel Deposit on Depleted Uranium Surface
W2352522213,Paper,High-Sensitivity C-Reactive Protein and Atherosclerosis
W2352545256,Paper,On Using Communicative Approach in the Teaching of Commercial English Writing
W2353061916,Paper,Influence of GBV-C/HGV on the etiology of acute non A～E hepatitis
W2353502028,Paper,Phase Shifter Materials with Zn Ti Sn-subtituted Lithium Ferrites
W2353561656,Paper,A New Micropayment Scheme Based on Scrip
W2353818729,Paper,High fill subgrade of express highway improved by vacuum preloading method
W2353894650,Paper,Application of adding-weight zero-rank local-region method on prediction of public opinion on the Internet
W2353944961,Paper,Clinical practice of the work amount machine of treadmill of the Modle EGM-III
W2354833123,Paper,Investigations of the Molecule-Structure-Factors Influences on the First Hyperpolarizabilities of the Organic Molecules
W2355152482,Paper,Determination of molecular weight of hyroxyethl starch 200/0.5 injection by HPGPC
W2355965641,Paper,Technology Produces the WAP Page Based on PHP
W2356132505,Paper,A PAIR OF VICARIOUS SPECIES OF HIPPEOPHYLLUM: H.SINICUM(sp. nov.) FROM GANSU AND H.PUMILUM FROM TAIWAN
W2356306321,Paper,Correlation Between Cardio-Ankle Vascular Index and Coronary Artery Disease
W2356539505,Paper,Influence of Process Optimization on Working Efficiency of Neurosurgery Operation Room
W2357371361,Paper,Effect on D1-Like and D2-Like agonist on GABA_A-receptor in rat dorsal root ganglion
W2357372544,Paper,A Method for Separation of Glucose Oxidase
W2357678823,Paper,"Clinical investigation of LDH,Albumin and Uric acid in predicting the outcome of early onset severe Pre-eclampsia"
W2357836221,Paper,Comment on Middle school Sports Teaching Methods Research
W2358949965,Paper,Initiative education in universities
W2359087034,Paper,Study on Application of Yellow Water and Ending Water of Luzhou-flavor Liquor in New Craft Liquor Production
W2359301999,Paper,Synthesis of Composite AIN Powder Mixed with Sintering Additives by the Lanxide Method
W2359846968,Paper,Technical Summary of Multiple-layer Pit Mud Fermentation in Improving the Quality of Luzhou-flavor Daqu Liquor
W2359870859,Paper,Decision Analysis of Firm Initial Public Ofering
W2360207479,Paper,ZnTi-Substituted Hexaferrite BaFe_(12)O_(19)
W2360762263,Paper,DETECTION OF TWO-DIMENSIONAL OBJECTS IN HALF SPACE
W2360780799,Paper,The Construction of Internationalized Cities and The Modernization of Youth Quality
W2360783228,Paper,Effects of Two Kinds Miling Processing on Nutritional and Functional Components of Purple Wheat
W2361125923,Paper,Human Factor Analysis of Software Interface of CNC Machine Tool
W2361420054,Paper,CHARACTERISTICS AND EVOLUTION OF ORDOVICIAN CARBONATE ROCK BED OF OIL-GAS CONDENSATE RESERVOIR IN QIANMIQIAO BURIED HILL
W2361541678,Paper,APPLICATION OF PEROXIDASE ISOZYMES TO IDENTIFICATION F1 HYBRIDS OF CAMELLIA
W2362133467,Paper,Relationship between self-efficacy and mental health in recruits of armed police forces
W2362290456,Paper,Solvents Effects on Molecular First - Hyperpolarizabilities of Stilbazolium - like Dyes
W2362721292,Paper,Effect of Seedbed Soil Fertilizing for Mechanical Transplanting Rice Seedling
W2363053999,Paper,Study on apoptotic effect induced by isothiocyanates in broccoli on HepG-2
W2363104073,Paper,Development and Use of Foreign Periodicals Resources in University Libraries
W2363474016,Paper,Synthesis of A Novel Chiral Functional Monomer
W2363823498,Paper,INFLUENCE OF DIFFERENT SOFTENING CURVES ON CRACK EXTENSION RESISTANCE CURVE G_R
W2364214456,Paper,Application of TH-AADY in the Production of Alcohol
W2364537347,Paper,Study on parasitical characteristic of Neosentis celatus (acanthocephala) in Monopterus albus
W2364671974,Paper,An Analysis on Specification of Remote Sensing Satellite Transmission Channel Coding Adopting Reed-Solomon and Convolutional Coding
W2365184061,Paper,Coordiante Varied Texts in Six Classics and Integrate Different Schools of Thought——A Tentative Thesis on Sima Qian′s Academic Thought of Intergation
W2365350622,Paper,Relations of Trade and Investment between China and India since 1990s
W2365569245,Paper,Analysis of the acceleration responsivity of an air-backed mandrel fiber-optic hydrophone
W2366146598,Paper,Application of Cement Deep Mixing Method to Ultrasoft Harbor Foundation Improvement
W2366305170,Paper,"Thermodynamic coupling theory and substitution effect of the simultaneous reaction of palladium with H_2, D_2 and CO"
W2366916110,Paper,Study of Selection with 8-methoxy-psoralen in Streptomyces lavendulae
W2367242519,Paper,Properties and Preparation of the Copolymer Resin of Allylic COPNA Resin and BMI
W2368006522,Paper,The Research of Building the Belt of Professional Sports Culture in Northeast Asia
W2368316205,Paper,Analysis on Environmental Air Quality in Mudanjiang City
W2368521880,Paper,Grey relational analysis of fracture parameters of concrete
W2368672273,Paper,Catalytic Property of CuO-CeO_2 Catalyst for CO Selective Oxidation in H_2-Rich Streams
W2368714074,Paper,Characteristics of Fiber Hydrophyones and its Research Situation
W2369016698,Paper,The Morphological Sorting of Intercavernous Sinuses and its Clinical Significance
W2369050876,Paper,DYNAMICAL CHARACTERISTICS OF DOUBLE POROSITY/DOUBLE PERMEABILITY MODEL INCLUDING THE EFFECT OF QUADRATIC GRADIENT TERM
W2369130993,Paper,STUDY ON THE MODIFICATION OF COAL TAR PITCH FOR CARBON PRECURESOR
W2369550981,Paper,Null Controllability of Semilinear Parabolic Equation With Nonlinear Terms Involving a Maximal Monotone Graph
W2370684273,Paper,NONLINEAR TIME-DOMAIN OPTIMIZATION OF TWO-DIMENSIONAL LOSSLESS DIELECTRIC INHOMOGENEITY PROFILE RECONSTRUCTION
W2370806927,Paper,On Legal Issues of Security and Protection Management for the Large -scale Activities
W2370924989,Paper,COMPUTATION AND EXPERIMENT OF LINEAR MAGNETO-HYDRODYNAMIC PROPULSOR
W2371154187,Paper,A NOVEL METHOD FOR MICROWAVE IMAG1NG OF TW0-DIMENSIONAL TARGETS
W2371491675,Paper,College Students' Lack of Honesty and Credibility and Reconstruction
W2371519688,Paper,Numeric Simulation of Flow Field Inside a Composite Fan Impeller
W2371775411,Paper,On the Reasonable Exploitation and Scientific Management of College Personnel Resources
W2372384861,Paper,Correlation between human papilloma virus and Chlamydia trachomatis infection in female genitourinary tract
W2372529671,Paper,Self-adjustment of cortrolparameters by Fuzzy-PID controller
W2372599374,Paper,Variation of oxygen free radicals after apoptosis induced by cisplatin in human cervical cancer Hela cells
W2372696613,Paper,Study on the best mixed proportion and iodoform additive proportion of root canal sealing paste
W2373093024,Paper,The Exploration of the Multi Cooperation All Win Mode of Urban Renewal: The Mode and Revelation of New Roppongi
W2373182921,Paper,Fault Analysis and Prevention Measure of Lightning for Electrified Open Operation Circuit Breaker
W2373224424,Paper,Research on CEO Supervise System
W2374382594,Paper,Clinical study of joint mobilization in treating the post-stroke shoulder hand syndrome
W2374796501,Paper,Research on CAD system of molds
W2374836287,Paper,Improvement of super deep and soft ground under embankment of expressway with combination method of vacuum and preloading
W2375384992,Paper,"The study of the relationship between cervical cancer and the infection of HPV, the expression of CD44v7/8"
W2375584394,Paper,Design of car radio module based on TEF6606 chip
W2375632798,Paper,On System Analysis of Rural Poverty
W2375650764,Paper,BMI/Montmorillonite Nanocomposites(II)──Preparation and Characterzation of the Nanocomposites
W2375758141,Paper,Research on Mobilizing the Post-nineties Generation for Promoting Construction of Campus Culture
W2376427686,Paper,Discussion about the Project Management
W2376515337,Paper,The Origin of Civilization in China with the Observation of Celestial Phenomena and Calender Making——On the formation of political authority during the initial period of state from Tao Si relic of observing celestial phenomena and offering sacri
W2376599625,Paper,The Age of Knowledge and Economy & the Training of Creative Talent ——A Study of the Theory for Teaching Reforms of Chemical Specialty
W2377113936,Paper,Based on Reality and Laws to Contruct Excellent Enterprise
W2377197450,Paper,The Primary Research on the Training Ways of the Short-running Athletes' Breakthrough of Speed
W2377433953,Paper,Design and implementation of a real-time monitoring system for a detection network of large-sized automatic weather stations
W2377678417,Paper,Fostering the Higher Professional Students' Quality of Starting Undertaking
W2378117118,Paper,A SELF-ORGANIZING NEURAL NETWORK FOR PARTITIONING ON MCM
W2378716490,Paper,Study on Polyurethane Adhesive for Aluminium-Resin Composite Boards
W2378909727,Paper,CT and MRI Diagnosis of Cystic Brain Metastases
W2379391670,Paper,Education Management Major on Line for Centralized Practice Training in Open and Distance Learning
W2379459235,Paper,Application and Abnormal Data Processing from Systematic Well Test of Gas Well
W2379523506,Paper,Polymorphism of two microsatellites PAX3 And D2S401 closely linked with COL4A3/COL4A4 of gene in chromosome 2
W2379589344,Paper,An Efficient Micropayment System Based on Hash Chain
W2379718457,Paper,Cloning ofα-Hydroxynitrile Lyase Gene from Cassava and Construction of its Expression Vector
W2379740815,Paper,Keyboard design based on ergonomics
W2379775804,Paper,Status quo and Countermeasures of Medical Equipment in Use and Maintenance
W2379901454,Paper,Speedy Fault Information Management System for Urban Grid Based on Field Bus
W2379962158,Paper,Electroless Copper Plating Technology for Tungsten Powder
W2380115358,Paper,Experimental Research of Mode II Fracture Based on Self-monitoring Behavior of Carbon Fiber Reinforced Concrete
W2381000401,Paper,The study of building college to the b ase of track -and -field in china
W2381072848,Paper,From Human--Centrism to Sustainable Development——An Essential Improvement of Human Ethical ideas
W2381164319,Paper,Measures Against Lightning for 10kV Overhead Insulation Line
W2381267597,Paper,A Three-stage Integrative Model of Meta-analysis of Factor Analyses
W2381599914,Paper,The parameters determination of magnetic spherical object based on Laplace approach
W2381930509,Paper,Synthesis of ectoine by using halotolerant bacteria SL07
W2381946078,Paper,Studies on the cultural condition of strain cellulomonas flavigena cellulase
W2382443156,Paper,A Brief Discussion on Postmodern Culture in Modern American and British Press
W2383136295,Paper,Effects of Corn Gluten Feed and Corn Germ Feed on the Performance of Growing and Fattening Pigs
W2383400330,Paper,The Height Checking of Exhaust Tube
W2383688341,Paper,The simulation on effects of management of water and fertilizer in wheat field in arid desert area.
W2383847036,Paper,An investigation and analysis on the resource of sweetfish(Plecoglossus altivelis)in Feiyun River
W2383904373,Paper,On the Immobilization of Magnetic Polyethylene Glycol with Vitamin B_6
W2384553641,Paper,HPLC determination of crocinI in Ershiwuwei Zhenzhu pills
W2385207352,Paper,APPLICATION OF THE INVESTIGATION ON THE CARBON FIBER SURFACE USING XPS
W2385352013,Paper,Between the Ideal and the Reality --Rethinking about the Developing Process of Socialism
W2385808512,Paper,DEVELOPMENT OF MATRIX PRECURSOR FOR CARBON/CARBON COMPOSITE
W2386359715,Paper,The Study on the Structure of Avian Community and Species Diversity in Spring in Yulin City
W2386507432,Paper,The daily application of PICC catheter maintenance in primary hospitals
W2386611280,Paper,Ancient Civilization and Culture along the Big and Small Ling River
W2386619164,Paper,Study on Rapid extraction of Chondzoitin sulfate
W2386782160,Paper,"Effects of naturally recovered vegetation on chemical speciation of Mn in gold-tracesmining wasteland,northeastern China"
W2386878779,Paper,Symbol of Information Product and Symbol Consumption
W2387121626,Paper,Regioselective Synthesis of Monolauryl Citrate
W2387220784,Paper,THE IMPROVEMENT ON SHEAR-LAG THEORY FOR STRESS TRANSFER IN SHORT FIBRE REINFORCED CONCRETE
W2388280979,Paper,The correlated technology of mobile GIS and its application prospects in tourism industry
W2388389568,Paper,Research of rolling union
W2388391649,Paper,Studies on the Qualitative and Quantitative Methods of Quality Control of Panax ginseng
W2388532291,Paper,The Application of PAW in Zirconium-steel Clad Plate Welding
W2389169406,Paper,Evaluation of Design Level of Cushioning Packaging Using Fuzzy Mathematics Comprehensive Judgement
W2389242205,Paper,DETERMINATION OF TEA POLYPHENOLS IN GREEN TEA USING FLOW INJECTION-CHEMILUMINESCENCE INHIBITION
W2389824223,Paper,"The Comparison of Therapeutic Efficacy and Toxicity Between CAP and EP,with Limited Radiotherapy for Non-small Cell Lung Cancer"
W2390554934,Paper,Research of the little spore development of the grape
W2391031955,Paper,PAPAMETERIC STUDY ON THE EFFECT OF BEAM GEOMETRY ON FLEXURAL BEHAVIOR OF STEEL REINFORCED ULTRA HIGH TOUGHNESS CEMENTITIOUS COMPOSITES (RUHTCC) BEAMS
W2391062075,Paper,Characteristics of Multilayered Cylindrical Coplanar Waveguide with Asymmetrical Slot Widths
W2391727592,Paper,On WANYAN Zonghan——Relation Between Jin and Song Dynasty in Earlier Jin Dynasty
W2391953902,Paper,Improving effect of Losartan and Enalapil on the left ventricular remodeling after acute myocardic infarction in rats
W2392238013,Paper,Installation of String Type Osmometer and Choice of Water Level Measuring Pipe Material:Example study of Hunhe gate emergency consolidation project
W2392419092,Paper,Analytical potential energy function of H_2Se(~1A_1)
W2393120572,Paper,HCHs AND DDTs IN INDOOR AIRBORNE PARTICLES
W2393254560,Paper,Experimental Studies on Flue Gas Desulphurization by Semi-dry Eject Method
W2393264722,Paper,CT-guided Percutaneous Bard Needle Biopsy of Intrapulmonaray Lesions
W2393327158,Paper,Effect of fenvalerate on proliferation of breast cancer cell line MCF-7
W2394082996,Paper,Promoting college physics teaching through introduction of scientific research works
W2394116664,Paper,Thoracoscopic Bunamiodyl Resection under Epidural Anesthesia and Intrathoracic Vagus Block(12 Cases Report)
W2394176052,Paper,A Theoretical Study of Structure and Aromaticity of CSiGe Tetramer Clusters
W2394290882,Paper,The Karyotypes of the Three Species of Digeneans
W2496171072,Paper,Telomeres and Telomerase in Pediatric Patients with T-Cell Acute Lymphoblastic Leukemia (T-ALL).
W2555561595,Paper,Pediatric T-ALL but Not cALL Blasts Express Ligands for Siglec-7 Inhibiting NK Cell Mediated Lysis.
W2556584035,Paper,Depletion of the Leukemic Fusion Protein MLL-AF4 with Short Interfering RNAs (siRNAs) Affects Post-Translational Modification of Aldolase A.
W2566290954,Paper,Abstract 267: Redox-Dependent Transcriptional Regulation: A Potential Mechanism for Collateral Growth Impairment During Chronic Oxidative Stress
W2592738442,Paper,Suppression of MLL-AF4 by Small Interfering RNAs Inhibits Proliferation and Induces Apoptosis in T(4;11)-Positive SEM Cells.
W2607391129,Paper,Human Multipotent Mesenchymal Stromal Cells Inhibit Proliferation of PBMC in the Absence of Functional IFNγR1 and IDO Expression.
W2677270484,Paper,"Abstract WP297: Healthcare Transitions, Service Use, and Home-time Among Stroke Survivors With Depression"
W2734557450,Paper,Cultural imperialism or dialogue on equal terms? International publications of innovative American poetry
W2753396771,Paper,Source model of Skype and its application in the traffic identification
W2791648898,Paper,"The development of the architectural form of a tower derived from a traditional and philosophical symbol, realized by solutions of high-class technologies. The case of the Bitexco Financial Tower"
W2811079848,Paper,An Energy Efficient Receiver-based Flooding Scheme Using 1-Hop Neighbours Geographical Information for MANETs
W2889093901,Paper,Investing In the Mekong River Delta of Vietnam – The Opportunity for Small and Medium Enterprises of Korea
W2891912056,Paper,Development Tan Thuan Export Processing Zone in the model green industrial park - solutions and roadmap
W2901855654,Paper,Study on optimization of conditions for Cordyceps pseudomilitaris DL0015 culture
W2906247978,Paper,"Optimization the transport and treatment cost of municipal solid waste under the effected of economy, socio and environment"
W2920977915,Paper,Abstract 354: Early Intentional Restoration of Blood Flow Reduces Thrombus Burden and Vein Wall Scarring Following Dvt: Implications for Preventing the Post-thrombotic Syndrome
W2921306927,Paper,Abstract 329: Systems-based Target Discovery Reveals PPARa as a Key Metabolic Regulator for Macrophage Activation in Vein Graft Disease
W2921438491,Paper,Abstract 175: Dynamin-Related Protein 1 Regulates Proteostasis and Proprotein Convertase Subtilisin/Kexin Type 9 Secretion
W2921662358,Paper,Abstract 166: Effects of Dietary Unsaturated Fat and Carbohydrate on the HDL Proteome and Metabolism of 9 HDL Proteins Across 6 HDL Size Fractions in Humans
W2921899614,Paper,Abstract 708: Using Global Proteomics and Network Science to Explore Therapeutic Targets for Abdominal Aortic Aneurysm (AAA)
W2922328822,Paper,Abstract 608: Integrated Omics and Network Analysis Identify Drivers of Calcific Bicuspid Aortic Valve Disease
W2952065493,Paper,Abstract 34: Methotrexate Inhibits Vein Wall Scarring in Experimental Deep Vein Thrombosis: Implications for the Post-Thrombotic Syndrome
W2953848273,Paper,The Berlin Declaration: Inspiration for primary care.
W2965644806,Paper,Exploitting Performance Of Miso Based Non-Orthogonal Multiple Access
W2973001791,Paper,How Neoliberal Globalization Directs Higher Education
W2977454665,Paper,Beijing University of Science and Technology Research Campus Landscape HUANG Lai-bin
W2977816163,Paper,Sampling study of smoking situation and associate factors in senior middle school students in Nanchang City
W2978395531,Paper,Breakdown Diagnosis and Solution for Automobile Bond Strap Circuit
W2979119366,Paper,Experimental study on crack propagation on hydrostatic pressure circumstance
W2983539862,Paper,Electrophoretic Studies on the Proteins and Isoenzymes of Lophotapis orientalis
W2997366206,Paper,Production of Polyclonal Rabbit IgG against Dog IgG: Orientation for Applications in Immunological Diagnosis of Dog Diseases
W2997493078,Paper,Design of a novel fuel cell-Fenton system: a smart approach to zero energy depollution
W3004515227,Paper,Highlights in Managing Monetary Policy of Vietnam in Post-Crisis Period
W3015003805,Paper,Isolate Neoscytalidium dimidiatum fungal pathogens from pytaya (Hylocereus undatus) and research controlling by microorganisms
W3015242855,Paper,Does Bitcoin share the same characteristics as a financial asset? Empirical evidence through the monetary policy
W3024115407,Paper,Quality Assurance in Higher Education According to AUN-QA: A Case Study of Private Universities
W3036995321,Paper,<i>Coordination complexes of slight tetrylene with platinum(<scp>II</scp>)‐8‐hydroxyquinolines: Structure and bonding analysis</i>
W3041024626,Paper,SOME FACTORS AFFECTING THE SELECTION OF ELECTRONIC BANKING SERVICES BY INDIVIDUAL CUSTOMERS AT COMMERCIAL BANKS
W3041450853,Paper,MỘT ĐỒNG NHẤT THỨC TRÊN ĐA THỨC ĐỐI XỨNG
W3045718937,Paper,Modeling Cascading Failures in Stock Markets by a Pretopological Framework
W3080396026,Paper,Psychological and Relational Moderators for the Relationship Between Brand Equity and Its Consequences
W3082965775,Paper,Narrativas amazônicas: do Carnaval à literatura
W3092615877,Paper,"Numerical investigation on the tunneling and mining induced geo-hazards: Case study in Quang Ninh, Vietnam"
W3102849408,Paper,Community-based behaviour towards Affordances in Conservation of Hanoi Old Quarter in the Vietnam context
W3108806183,Paper,A new resorcinol derivative from the bark of <i>Aegiceras floridum</i> (Primulaceae)
W3110171308,Paper,Prediction of the Spin-Parities and the Magnetic Moments for the Ground States of Proton-rich Nuclei with Z = 21–30
W3111377185,Paper,Bank competition and the credit channel of monetary policy: Evidence from an emerging country
W3117627346,Paper,Optimal solutions for fixed head short-term hydrothermal system scheduling problem
W3119112299,Paper,KAŞKAY TÜRKÇESİNDE GENİŞ ZAMAN ÇEKİMİNDE GELİŞEN BİÇİMLER
W3119993405,Paper,Influence of loopback interference channel in energy harvesting full-duplex relaying network over block rayleigh fading channel: performance analysis
W3121710976,Paper,Antioxidant activity of some natural essential oils in Vietnam: Comparison between QSAR simulation and experimental study
W3126625127,Paper,Research on construction engineering safety Risk Control based on IAHP-TOPSIS
W3130719811,Paper,Agritourism business model in Ben Tre – Present and future
W3134302764,Paper,The Implementation of E-Learning into Language Learning: A Case of English Majors at Van Lang University
W3134348723,Paper,Multi-Costs Evaluation for Logistics Value Chain in Vietnam: A Fuzzy AHP Approach
W3135801482,Paper,An empirical Study of Factors Influencing the Language Proficiency of Vietnamese Students
W3135971520,Paper,Software development for sustainable design in Vietnam: Ecosystem - An approach
W3136011744,Paper,Study on replication of a nonlinear dynamical system’s trajectory using a machine learning technique
W3139123503,Paper,"Design of small scale, axial flux, permanent magnet wind generator in Vietnam"
W3143512231,Paper,A taxonomic revision of Caragana tangutica and C.kozlowi (Leguminosae)
W3147969751,Paper,Lower and upper bound form of outage probability in one-way AF full-duplex relaying network under impact of direct link
W3148383904,Paper,Lower and upper bound intercept probability analysis in amplifier-and-forward time switching relaying half-duplex with impact the eavesdropper
W3163768356,Paper,Working Platforms for Tracked Piling Plant—Current Worldwide Practice and Guidance for the USA
W3164428607,Paper,"Metal-organic framework-118 (MOF-118): A heterogeneous catalyst for effective synthesis of pyrroles from aryl amines and 2,5-hexanedione"
W3165018444,Paper,Electroweak phase transition in a complex singlet extension of the Standard Model with degenerate scalars
W3168287854,Paper,Effect of Encouragement-based Management Mechanism on Construction Firms’ Manpower Development: An Empirical Study from Vietnam
W3169452727,Paper,"The application of Ca5B2SiO10:Eu3+ and YAl3B4O12:Ce3+,Mn2+ in dual-layer remote phosphor to enhance lumen output and color quality of WLEDs"
W3169475755,Paper,Integrating SiO2 nanoparticles to achieve color uniformity and luminous efficiency enhancement for white light emitting diodes
W3169793918,Paper,THE NATURE AND CHARACTERISTICS OF HO CHI MINH’S IDEOLOGY ON DEVELOPMENT
W3171825034,Paper,"Relationships of Marketing, Customer Satisfaction and Customer Loyalty – A Case Of Vietnamese Dairy Retail Stores in Ho Chi Minh City, Vietnam"
W3174731227,Paper,SEMIOTICS OF TRANSLATION: SIGN AND PARADIGM IN CONTEXT OF DIGITALIZATION
W3177081908,Paper,The New Manifestations of External Debt in Developing Countries From 2000 to 2019
W3178978547,Paper,How to Train Graduate Students to be Effective Peer Reviewers
W3179712703,Paper,Applying SiO<sub>2</sub> nano-particles for improving optical properties of WLED conformal and in-cup structures
W3182536591,Paper,"Improving the optical efficiency of white light-emitting diodes based on phosphor-in-glass by a dual-layer remote phosphorus structure with the application of LiLaO<sub>2</sub>:Eu<sup>3+</sup> and CaSO<sub>4</sub>:Ce<sup>3+</sup>, Mn<sup>2+</sup>"
W3182711012,Paper,"Effects of NaB<sub>2</sub>O<sub>4</sub>:Mn<sup>2+</sup> and Ba<sub>2</sub>Li<sub>2</sub>Si<sub>2</sub>O<sub>7</sub>:Sn<sup>3+</sup>,Mn<sup>2+</sup> phosphors and remote structure organizations on the white light-emitting diodes with quantum dots and phosphors"
W3183376380,Paper,A new flowchart for parameters calculation of Hybrid Active Power Filter with Injection Circuit
W3191323881,Paper,HO CHI MINH'S IDEOLOGY ON SOCIAL JUSTICE AND THE APPLICATION OF THE COMMUNIST PARTY OF VIETNAM
W3191655728,Paper,Performance analysis of power beacon-assisted D2D communication networks in the presence of eavesdropper and co-channel interference
W3193827873,Paper,Production Scheduling Mathematical Model in Garment Industry
W3194974541,Paper,Group Technology for Optimizing Manufacturing Facility Layout
W3196094549,Paper,Analysing the New Manifestations of External Debt in Developing Countries from 2000 to 2019
W3196533964,Paper,Study on Assessing the Role and Contribution of the Fiscal Policy - Monetary policy Combination in Macroeconomic Management: A Case Study from Vietnam (2010–2020)
W3196831637,Paper,"Study on Human Resource Barrier on the Path of Economic Development (Orienting to Socialism) in Hochiminh City, Vietnam"
W3197931863,Paper,Knots Prevent the Development of Economy: A Case Study from Vietnam
W3198922805,Paper,Managing and upholding the values of architectural art relic community houses in Ho Chi Minh City to contribute to the construction of a sustainable urban city
W3198928536,Paper,Cultural hybridity: The vitality of Hoi An ancient town world cultural heritage
W3199138090,Paper,Crashworthiness optimization of multi-cell hexagonal tubes under oblique impact
W3199181082,Paper,Formulation and effectiveness of Neem oil shampoo on companion animals
W3199213114,Paper,Optimization approach using building information modelling for net zero energy building
W3199235166,Paper,Effects of suction flow on the performance of a solar chimney
W3199235329,Paper,Study of thermophysical properties of Ganoderma lucidum
W3199301772,Paper,"Presence and potential for isolation of potassium solubilizing bacteria in mango, pitaya, and banana rhizospheric soils"
W3199333285,Paper,Effects of outlet area on the induced flow rate of a vertical solar chimney at different heights and gaps
W3199357865,Paper,Design and simulation of the microgripper capable of vibratory release
W3199422970,Paper,Evaluating the capacity of the sewerage systems in Ho Chi Minh City in the context of immigration and climate change
W3199477842,Paper,Performance of an L-shaped solar chimney with different ratios of the horizontal and vertical portions
W3199544892,Paper,Effects of the forced air temperature on the induced flow rate through a combined natural–forced flow in a solar chimney
W3199626612,Paper,The process of acculturation: The investigation of the roles of gongs and drums in the cultural and religious life of the Cham Hroi and Bahnar people in Phu Yen province
W3199796492,Paper,Preserve and promote the beauty of old saigon culture in development
W3199869368,Paper,Analyzing the factors affecting to the intension to use traditional medicine
W3199887413,Paper,Prediction of flow field and mass flow rate in a solar chimney at different heights using ANFIS technique
W3199942263,Paper,"Funeral sculptures of the Jrai people in the Central Highlands, Vietnam"
W3199970305,Paper,Design of an automated tomatoes classifier model followed innovative method
W3200021621,Paper,Activities to preserve and promote traditional and cultural heritage of Dao Thanh Y people in Quang Ninh
W3200024512,Paper,The role of the Mekong River commission in water resources security and food security issue in lower Mekong River today
W3200062521,Paper,"Art and architecture: A historical assessment of Nam Bo houses, late 19th to early 20th centuries"
W3200127562,Paper,Application of morphological chart to design a glass cleaning Robot model
W3200200655,Paper,Hao Sy Phuong apartment’s elevation Chinese-French-Vietnamese style
W3200216791,Paper,Design and fabricate of biomedical product used in transplant
W3200248305,Paper,Analyses of stiffened plates resting on the viscoelastic foundation subjected to a moving vehicle by a cell-based smoothed triangular plate element
W3200418864,Paper,Using ANFIS technique for prediction of heat transfer in vertical solar chimney
W3200457012,Paper,Roof structure preservation at Saigon Notre-Dame Cathedral
W3200534035,Paper,"Tube-house: An architectural study on urban type in Hanoi, Vietnam"
W3200554915,Paper,The current situation of handling oral chemotherapy at home for caregivers of pediatric patients with acute leukemia at tumo-hematology department of children’s hospital 2
W3200603678,Paper,"Socializing conservation - An integrated approach towards sustaining built heritage of the ancient quarter (Hanoi, Vietnam)"
W3200607378,Paper,Developing the role of history and culture in tourism development of Quang Ninh province
W3200608939,Paper,Replication of a nonlinear dynamical system’s trajectory using the ANFIS technique
W3200634103,Paper,Classification of the Kanji character in Japanese using the ANFIS technique
W3200644041,Paper,Graphic arts in Ho Chi Minh City since the period 1986 to present
W3200711057,Paper,Segmentation for the magnetic resonance images of Covid-19 patients using adaptive automatic Kernel-Based fuzzy clustering algorithm
W3200721992,Paper,"Conversion of biomass-derived furfural into 1,5-pentadiol using effective Pt/silicalite-1 catalyst at mild condition"
W3200731815,Paper,Design and simulation machine of artificial bipolar hip
W3200732705,Paper,Effects of heat source location on the performance of the solar chimney with a horizontal absorber surface
W3200738788,Paper,Cultural symbolism vs structural efficiency: Study on “Soko Tunggal” (single column) heritage mosque architecture in Indonesia
W3200854850,Paper,A proposed model for “Competition” factor as moderator on the influence to English language learning quality of students - A Case of higher education in Vietnam
W3200890767,Paper,Applying technology 4.0 to a social design responding to the COVID-19 pandemic
W3200891447,Paper,Effects of the top extension of the domain in CFD simulation of solar chimneys
W3201015711,Paper,"Generation rates of bottom and fly ash from thermal generation facilities in industrial and export processing zones in Ho Chi Minh City, Vietnam"
W3201066843,Paper,Multiple temperature selection thermoelectric water dispenser
W3201132481,Paper,"Renovating the facade of old, low-rise apartment buildings with tropical architectural features - Take the area of ward 14 district 5 and ward 2 district 6, Ho Chi Minh City as the study area"
W3201159070,Paper,A study on the species composition of Toxocara spp. in infected home cats in Ho Chi Minh City
W3201165683,Paper,Masonry wall preservation at saigon notre-dame cathedral
W3201204358,Paper,"Lang creek-section running third campus of Van Lang University: Water characteristics, loading of pollutants and solutions"
W3201236341,Paper,Urban house in Vietnam - Implications in development
W3201302514,Paper,Power energy generation fuel cost optimization for thermal power plants using different type of fuels
W3201464212,Paper,Green BIM for multi discipline design - A case study
W3201474368,Paper,Analysis of pathogenic characteristics induced by Toxocara cati in experimental mouse model
W3201553504,Paper,Optimizing the bayes error in classification problem and applying in medicine
W3201611349,Paper,Designing playground in outdoor public space in Ho Chi Minh City
W3201885838,Paper,A Quality Function Deployment Approach Through Management and Technology Development
W3203494247,Paper,User Grouping and Imperfect CSI for Downlink NOMA over κ- µ Fading
W3204281564,Paper,Mobile Money Services Pose a Threat to Money Laundering Prevention
W3204380746,Paper,Importance of Human Development and Challenges
W3204420088,Paper,Heuristic Scheduling of Job Orders in a Build-to-Order Manufacturing System
W3204989818,Paper,Determinants of the learning motivation of students in business education at universities in Ho Chi Minh City
W3205098776,Paper,New proposed fractional-polynomial functions: new recommendation for overcome the imbalance in three-phase systems
W3206854113,Paper,On The Performance of NOMA with Bi-directional in Weibull-Channel
W3207585979,Paper,Role model and entrepreneurial intention of small business owners in Nigeria
W3208435212,Paper,Modified atmosphere packaging films for qualitative storage of Dimocarpus longan fruit in Vietnam
W3208505995,Paper,ABILITY TO DISSOLVE MANY INSOLUBLE ZINC-BEARING MINERALS OF INDIGENOUS RHIZOBACTERIA
W3210429905,Paper,Building information modeling adoption as business decision
W3211403101,Paper,Research on designing 3D bioprinter model
W3211590055,Paper,Effects of outlet area on the Nusselt number of the solar chimney
W3211648135,Paper,Design and fabricate equipment additive manufacturing using digital light processing for training
W3211671346,Paper,Simulation of the spatial distribution of hydraulic conductivity in Saigon river basin
W3211696272,Paper,Numerical solution of backward-facing step flow by a high-order radial-basis-function-based method
W3211702712,Paper,Geological behavior of sand-fines mixtures in consolidated undrained triaxial test
W3211878896,Paper,"A model of reforming Institutional Structure to manage Open-Space in Hanoi City, Vietnam"
W3212016922,Paper,Modeling of a point absorber buoy for sea wave energy conversion in Phan Thiet sea area
W3212083005,Paper,Compact Integrated Radial Basis Function (CIRBF) for natural convection flow in a square cavity
W3212222020,Paper,A numerical study on the performance of a three-dimensional solar chimney with a combined CFD – ANFIS method
W3212303430,Paper,Comprehensive assessment of viscous heat generation in rarefied gas microflows
W3212346744,Paper,Study the transient of DC/DC converter in solar grid tie inverter (GTI) using PSIM
W3212358114,Paper,Effects of inlet area on heat transfer performance of a solar chimney
W3212363074,Paper,To consider how to determine optimized space between piles in late Pleistocene Holocene deposits in the lower area of the Sai Gon River
W3212381003,Paper,AFPMG electromagnetic field analysis for 6D BIM applications
W3212390407,Paper,ANFIS for building cooling load estimation
W3212392119,Paper,Artificial neural network-based fluid flow prediction in a solar chimney
W3212450826,Paper,Application of two-dimensional model to simulate the storm surge in Ho Chi Minh city’s coastal area
W3212916669,Paper,Triple-layer remote phosphor: An improved structure with higher color quality and luminous flux of white LEDs
W3212946760,Paper,Enabling Device‐to‐Device Transmission for NOMA‐Aided Systems
W3213111374,Paper,Improving the strength of the Nha Be soft soils by Portland cement
W3213391624,Paper,Energy based seismic design coefficients
W3213396050,Paper,Numerical study on double-tee girder for rural bridges
W3213463186,Paper,The parallel multi-objective genetic algorithm in fuzzy clustering for discrete elements
W3213578569,Paper,Improving Ergodic Capacity of Imperfect IoT System Relying on UAV and NOMA
W3213801758,Paper,Statistical learning of sub-words in Vietnamese language
W3213821022,Paper,A numerical simulation of a wall-attached solar chimney with asymmetric heating
W3213864256,Paper,"Assessing the increase of strength of the soft saline acidic soils stabilized with cement and fly ash mixture in the coast in Can Gio, Ho Chi Minh City, Vietnam"
W3214010329,Paper,Injuries assessment of motorcyclist in traffic accidents with a sedan car using numerical simulation
W3214253959,Paper,Study of the heat generation due to the hydration of Portland cement using FLAC3D
W3214396074,Paper,A novelty prediction approach of natural daylight in classroom using ANFIS model
W3214427605,Paper,A numerical study on the performance of a solar chimney with expanded inlet
W3216102259,Paper,"SOLUTIONS OF TEACHING AND LEARNING PHYSICAL EDUCATION AT HO CHI MINH CITY COLLEGE OF ECONOMICS, VIETNAM"
W3216209305,Paper,On the Performance of NOMA with Bi-Directional in Weibull-Channel
W4200002544,Paper,Pre-treatment of Nile tilapia ( <i>Oreochromis niloticus</i> ) with ozone nanobubbles improve efficacy of heat-killed <i>Streptococcus agalactiae</i> immersion vaccine
W4200023199,Paper,The Impacts of Public Administrative Quality on Profitable Enterprises in Vietnam
W4200249466,Paper,"Locative Prepositions “at, in, on” and Translation to Vietnamese Through Frameworks"
W4200572625,Paper,An Investigation into Learners’ Perception Towards Peer Assessment in Tertiary EFL Writing Class
W4200600839,Paper,Exploring the Awareness and Perception on Public Relations Practice in Vietnamese Small and Medium-Sized Enterprises by Triangluated Analysis
W4205125477,Paper,Strategies and Techniques for the Internationalization of Non-Dominant Firms: A Qualitative Study
W4205301466,Paper,FRENCH ENLIGHTENMENT AND REVOLUTIONARY PATRIOTIC MOVEMENTS IN VIETNAM AT THE BEGINNING OF THE 20TH CENTURY
W4205404143,Paper,Reflecting Journal Writing and Primary Students’ Writing Fluency
W4206414210,Paper,Not just a monastery: The Đông Duong Complex of Vietnam
W4206769389,Paper,Helping Language Learners Self-Review Learning Points and Gain Learning Expectation
W4207055473,Paper,"Strengthening the Attraction of Foreign Direct Investment to Vietnam's Dak Lak Province in the New Context, Vietnam"
W4207065025,Paper,"Photomosaics and logs associated with study of West Napa Fault at Ehlers Lane, north of Saint Helena, California"
W4213035113,Paper,SHORTER NOTICES
W4213170716,Paper,Optimizing Search Results Using Taguchi Design of Experiments: Case Study of the Distribution of COVID-19 Names in Vietnam
W4213277821,Paper,"Triple-layer remote phosphor structure: A potential packaging configuration to enhance both color quality and lumen efficiency of 6,000–8,500 K WLEDs"
W4214758965,Paper,"The genus Parnassia in Vietnam, and a checklist of Vietnamese Celastraceae"
W4220926051,Paper,Adjusting Parametersin Optimize Function PSO
W4221098262,Paper,"Usefulness of the pancreas as a prime target for histopathological diagnosis of Tilapia parvovirus (TiPV) infection in Nile tilapia, Oreochromis niloticus"
W4224025824,Paper,Ergodic capacity of internet of things’ devices in presence of channel state information imperfection
W4226229689,Paper,Editorial: Special Issue on Language and Educational Administration
W4226468964,Paper,A Truck Scheduling Problem for Multi-Crossdocking System with Metaheuristics
W4229530795,Paper,SHORTER NOTICES
W4232243370,Paper,Reviews of Books
W4232741222,Paper,SHORTER NOTICES
W4233209977,Paper,An Application of the Boyer Model in Developing Business Faculty in Accreditation Council for Business Schools and Programs (ACBSP) Accreditation in Vietnamese Membership Institutes
W4234747297,Paper,Determinants of the learning motivation of students in business education at universities in Ho Chi Minh City
W4236113390,Paper,Optimal solutions for fixed head short-term hydrothermal system scheduling problem
W4238437341,Paper,Mobile Money Services Pose a Threat to Money Laundering Prevention
W4243275109,Paper,Using Fuzzy-Set Qualitative Comparative Analysis and Multiple Regression Analysis to Determine Tax Compliance Model for Vietnam
W4243499502,Paper,Shorter Notices
W4256296284,Paper,Shorter Notices
W4256537277,Paper,Shorter Notices
W4281492481,Paper,"Comparison between SEPs of CaCO <sub>3</sub> and TiO <sub>2</sub> in phosphor layer for better color uniformity and stable luminous flux of WLEDs with 7,000 K"
W4281786168,Paper,The Chloroform Extracts of Vietnamese Sophora flavescens Ait. Inhibit the Proliferation of HepG2 Cells through Apoptosis Induction
W4281817358,Paper,Effect of the addition ratio of rice flour and molasses on the biomass of Pacific white shrimp (Litopenaeus vannamei) stocked by biofloc technology
W4282942155,Paper,High-speed train derailment detection under complex track irregularities using a dynamic vehicle-track interaction model
W4283206317,Paper,"""Catching Errors in Cyclic Codes"" ""Detection of Errors in Cyclic Codes"" « Error - Trapping in Cyclic Codes »"
W4283512790,Paper,"""Catching Errors in Cyclic Codes"" ""Detection of Errors in Cyclic Codes"" « Error - Trapping in Cyclic Codes »"
W4283517724,Paper,Adjusting Parametersin Optimize Function PSO
W4283581586,Paper,Density estimation of a sum random variable from contaminated data samples
W4283741100,Paper,SiO2@LaOF:Eu3+ in white light emitting diodes optic efficiency enhancement
W4283748022,Paper,Outage performance analysis of NOMA under fading channels in presence of imperfect SIC
W4283754261,Paper,The effects of silica-coated Y2O2S:Eu3+ red phosphor on the lighting properties of the light-emitting diode
W4283765845,Paper,"Study of ZnS:Mn2+,Te2+ phosphor for improving the hue rendering indicator of WLEDs"
W4283824100,Paper,"Study of LaSiO3Cl:Ce3+,Tb3+ and Ca5B2SiO10:Eu3+ Phosphors for Improving Hue Standard and Illuminating Beam of WLEDs"
W4283832348,Paper,Application of CaTiO3:Pr3+ Phosphor for Enhancing the Hue Standard of WLEDs with Double-Film Distant Phosphor Structure
W4285066667,Paper,A CRITICAL LOOK AT BUDDHIST RELIGIOUS TEXTS TRANSLATION METHODS THROUGH THE VIETNAMESE VERSION OF THERAVADA MAJJHIMA NIKAYA (MIDDLE-LENGTH DISCOURSES)
W4285096827,Paper,Prioritising antibiotic selection in farm animal practice
W4285191318,Paper,How Is Individual-Organization Fit Important to Knowledge Sharing and Innovation? An Empirical Study on High-Tech Industry in Vietnam
W4285347500,Paper,Aceso: A Medical Image Analysis Platform Using Deep Learning
W4285832125,Paper,Career Awareness and Career Preparations of Psychology Students In The South of Vietnam
W4286001748,Paper,"Implementing the Flipped Learning Comprehensive Model (FLCM) through Basic Informatics Course, Van Lang University, 2021 – 2022"
W4286432852,Paper,The effects of SiO2@Y2O2S:Eu3+ phosphor on the optic characteristics of white light-emitting diodes
W4286432908,Paper,The enhancement of the dual-layer phosphorus configuration in color uniformity and luminous flux of a light emitting diode
W4286432912,Paper,Thermodynamic properties in quantum dot nanocomposite for white light-emitted diodes
W4286432916,Paper,Application of (Ca1-xSrx)LaGa3S6O:Eu2+ phosphor in white light-emitting fabrication
W4286432921,Paper,Y2O3:Eu3+ concentration and particle size: their impacts on color rendering index and lumen of multi-chip white diodes
W4286432923,Paper,The luminescence efficiency of green phosphor Ca7(PO4)2(SiO4)2:Eu2+ for white light-emitting diode
W4286432932,Paper,"Color-adjustable phosphors Sr4La(PO4)3O:Ce3+,Tb3+,Mn2+ impact on luminescence of white light-emitting diodes"
W4286432936,Paper,"Luminescence and transfer for power characteristics of Sr4La(PO4)3O:Ce3+,Tb3+,Mn2+ phosphor for WLEDs"
W4286432938,Paper,Investigation of MAl2−xSixO4−xNx:Eu2+ phosphor for improving luminescence properties of white LEDs
W4286432944,Paper,Utilizing the right phosphor in near-ultraviolet and blue light-emitting diode devices to generate white illumination
W4286432946,Paper,High-efficiency green and red phosphors enable a broader hue-gamut light-emitting diode backlight for brighter displays
W4286432954,Paper,Selection of Gd2(WO4)3:Tb3+ for inproving color deviation in white light-emitting diodes
W4286432961,Paper,Effects of titanium dioxide quantum dots on the color deviation and luminous flux of white light-emitting diodes
W4286434107,Paper,Reconstructing the Unknown Source Function of a Fractional Parabolic Equation from the Final Data with the Conformable Derivative
W4286493883,Paper,Uplink Multiple Access for Reconfigurable Intelligent Surface‐Aided Wireless Systems
W4286929179,Paper,"Cynanchum quangbinhense (Apocynaceae: Asclepiadoideae), a new species from Vietnam, and additional information on C. officinale"
W4287266429,Paper,THE APPLICATION OF GOOGLE CLASSROOM TO MOTIVATE ENGLISH NON-MAJORED STUDENTS
W4287640994,Paper,SOCIAL CRITICISM TOWARDS LATE VICTORIAN SOCIETY AND THE THEME OF SACRIFICE IN OSCAR WILDES THE HAPPY PRINCE
W4287824222,Paper,"FACTORS AFFECT THE IMPLEMENTATION OF QUALITY ASSURANCE ATPRIVATE UNIVERSITIES IN HO CHI MINH CITY, VIETNAM"
W4289878592,Paper,Weighted Inequalities for Commutators of $$p$$-Adic Hausdorff Operators on Herz Spaces
W4292373742,Paper,"The color-adjustable phosphor Sr4La(PO4)3O:Ce3+,Tb3+,Mn2+ of WLEDs: luminescence and transfer of energy characteristics"
W4292430115,Paper,"Examination of Astrophysical S-Factor and Non-Resonant Rates of the 64Ge(p,γ)65As Reaction"
W4292485446,Paper,FACTORS AFFECTING THE DIGITAL TRANSFORMATION OF TELECOMMUNICATION ENTERPRISES IN HO CHI MINH CITY
W4294187923,Paper,"Ca9La(PO4)7:Eu2+,Mn2+: a radiation-adjustable phosphor usable for high-perfomance white light-emitting diodes"
W4294187926,Paper,"The application of phosphor Sr4La(PO4)3O:Ce3+,Tb3+,Mn2+ on the white-LEDs: luminescence and power transmission characteristics"
W4294187927,Paper,"High stability in color chromaticity of warm White emitting Diode with Dual-Hue SrSi2O2N2:Eu2+,Yb2+ Oxynitridosilicate Phosphorus"
W4294187944,Paper,"Ca8MgY(PO4)7:Eu2+,Mn2+ for better angular chromatic harmony and high lumen for white diode"
W4294187950,Paper,Synthesis and photoluminescence properties in white light-emitting diodes of oxynitride green phosphor Ba3Si6O12N2
W4294187955,Paper,A new Ca15(PO4)2(SiO4)6:Eu2+ phosphor with green emission for use in n-UV based w-LEDs
W4294187962,Paper,Improving optical properties of white light-emitting diodes using triple-layer remote structure
W4294265846,Paper,Double-layer Remote Configuration with LaOF: Eu<sup>3+</sup> and Sr<sub>3</sub>WO<sub>6</sub>:U Phosphors: A Selection for Enhancing The Optical Efficiency of WLEDs
W4294366785,Paper,Optical Efficiency Improvement of Chip-on-Board Design LEDs with TiO<sub>2</sub>/Silicone Packaging Coating
W4294368224,Paper,Assessing the quality of e-learning teaching by lecturers at universities in Vietnam
W4294867768,Paper,Studying CdS:In green phosphor's impacts on white-light emitting diode with higher luminous flux
W4295932126,Paper,Dual-Hop Transmission and Multiple Relays for Performance Analysis of Designing Physical Layer Security for IoT Networks
W4296564751,Paper,Profifitability of Ichimoku-based trading rule in Vietnam stock market in the context of the COVID-19 outbreak
W4296598416,Paper,Stochastic-based approach to quantify the uncertainty of groundwater vulnerability
W4296709077,Paper,Hue dual-chromatic calcium chlorosilicate phosphor for light-emitting diode having yellow and white illumination
W4296712376,Paper,Study of phosphor Ba2Si3O8:Eu2+ to produce WLED devices with support from ZnCdSe/ZnSe quantum dot
W4296713779,Paper,Green-phosphor Ca3Sc2Si3O12:Ce3+ for solid-status illumination: gel-combustion structural and luminous characteristics
W4301394493,Paper,Nghiên cứu tổng hợp một số dẫn xuất chứa dị vòng benzo[d]thiazole thông qua phản ứng ghép chéo Suzuki
W4302847498,Paper,Viability Test of α-Mangostin against Oral Squamous Cell Carcinoma
W4304084373,Paper,Superior hue output as well as lumen for WLEDs with dual-sheet distant layouts of phosphor
W4304084384,Paper,Application of dual-layer phosphor geometries for enhancing the optical properties of white-light LEDs
W4307521070,Paper,"The Wave Reduction Efficiency How Relates with the Crest Widths, Working States of Pile-rock Breakwater in Coastal Mekong Delta"
W4307968637,Paper,"Correction: Structural, magnetic and hyperthermia properties and their correlation in cobalt-doped magnetite nanoparticles"
W4308684493,Paper,"Polymers based on thieno[3,4-<i>c</i>]pyrrole-4,6-dione and pyromellitic diimide by CH–CH arylation reaction for high-performance thin-film transistors"
W4311276396,Paper,"Study on Transportation Logistics Industry development under economics: The case of HCM, Vietnam"
W4312073669,Paper,Nonparametric estimations for the cumulative distribution functions of random effects in a linear mixed-effects model
W4312199594,Paper,"Accept, deny or cultivate – how entrepreneurs evaluate and exploit potential value added by equity investors"
W4312310395,Paper,Prof. Dr. Walter Goddijn o.f.m. 1921-2007
W4312600534,Paper,IoT – based face recognition for switching on/off of the electrical connectivity of the residential household
W4312634760,Paper,Utilizing web page for electrical load control and power monitoring
W4312679249,Paper,A mixed nonlinear time-fractional Rayleigh-Stokes equation
W4312835598,Paper,Computational fluid dynamics simulation of a wall solar chimney - Effects of the computational domain
W4312866422,Paper,Performance of a wall solar chimney at different opening areas
W4312910875,Paper,CFD analysis of cross-cut heat sink for electronic cooling
W4313148375,Paper,A PLS-SEM Neural Network for Understanding Computer Vision Technical. Apply to Gender Classification System
W4313289507,Paper,Process for Calculating Design Parameters of a Small Horizontal Axis Wind Turbine of 300W
W4313456478,Paper,"Role, absorption, and transport of calcium in the human body: A review"
W4316589740,Paper,Effect of the addition ratio of rice flour and molasses on growth performance and survival of Pacific white shrimp (Litopenaeus vannamei) stocked by biofloc technology
W4317208165,Paper,"Determination of the growth performance and reproductive season of wild <i>Channa lucius</i> (Cuvier, 1831) populations of genus Channa (Channidae, Perciformes) in the Mekong Delta, Vietnam"
W4319597735,Paper,Impact of personnel policy on human resources management: Empirical evidence from Vietnamese enterprises
W4319603301,Paper,GLOBAL WELL-POSEDNESS OF A CAUCHY PROBLEM FOR A NONLINEAR PARABOLIC EQUATION WITH MEMORY
W4321159612,Paper,"Research, Direct Construction form Optical Characteristics – OCR using Department Technology"
W4321251685,Paper,"Research, Direct Construction form Optical Characteristics – OCR using Department Technology"
W4323029777,Paper,Nghiên cứu chuyển hóa glucose thành 5-Hydroxymethylfurfural sử dụng P-UiO-66 làm chất xúc tác dị thể
W4323269635,Paper,"Art of Use of Exclusive Language in the Epic of Khing Ju of the Ede People in the Central Highlands, Vietnam"
W4323341266,Paper,Well-posedness results for nonlinear fractional diffusion equation with memory quantity
W4327890777,Paper,Global existence for nonlinear bi-parabolic equation under global Lipschitz condition
W4360801681,Paper,Skills that are trending among university librarians and applied to practice..
W4361000564,Paper,On the Fractional Diffusion Equation Associated With Exponential Source and Operator With Exponential Kernel
W4361801984,Paper,"Calculation, design and fabrication of welding heat treatment equipment"
W4362517101,Paper,"Ophiopogon muongnhensis (Asparagaceae, Convallarioideae), a new species from northwest Vietnam"
W4362581165,Paper,Multidisciplinary team approach for treating recurrent gastrointestinal bleeding caused by a Dieulafoy lesion
W4362650575,Paper,Identification of Panax spp. in the Northern Vietnam based on ITS-rDNA sequence analysis
W4362710830,Paper,Identifying of unknown source term for the Rayleigh-Stokes problem
W4362729505,Paper,Quality management issues in Vietnam: A systematic mapping analysis
W4364359960,Paper,Teaching and Learning Morphology in the English Language Curriculum: An Exploration into Belief and Reality in Vietnam
W4366448654,Paper,An Examination of Compression and Restoration Method of Measured Point Cloud Based on B-spline Surface Approximation of Flake Surfaces in Stone Implements
W4366588309,Paper,"Building map of biodiversity status in Tien Giang Province, Viet Nam"
W4367024167,Paper,A scientometric analysis of COVID-19 research in the context of Vietnam
W4367366146,Paper,"Analytic formulas for (g-2)_{e, mu} anomalies and decays e_b to e_a gamma in a 3-3-1 model with inverse seesaw neutrinos"
W4375939788,Paper,Reconstructing the right-hand side of a Poisson equation with random noise
W4375957567,Paper,One-loop expressions for $h\rightarrow l\bar{l}γ$ in Higgs extensions of the Standard Model
W4376127836,Paper,BONEcheck: a digital tool for personalized bone health assessment
W4376566290,Paper,A New Carvotacetone Derivative from the Aerial Part of <i>Sphaeranthus africanus</i>
W4376638002,Paper,Sorting out Aeginetia (Orobanchaceae) in Indochina: A. sessilis is a synonym of A. acaulis
W4376891951,Paper,Investigation of 22Mg levels via resonant scattering of 18Ne + α
W4378983058,Paper,Abstract 14: Barriers to Effective Safe Handling of Chemotherapeutic Drugs Among Healthcare Workers in Vietnam: Needs Assessment by Electronic Survey
W4379231704,Paper,On a non-local Kirchhoff type equation with random terminal observation
W4379514722,Paper,"Responses of micro-crustacean, Daphnia magna, under trans-generational exposures to single-use plastic leachates"
W4380417077,Paper,Difficulty and Some Solutions for Students not Specializing in Information at Van Lang University
W4380629569,Paper,Effects of Water Stratification and Mixing on Plankton Community Structure in a Floating Solar Power Plant
W4380886044,Paper,Difficulty and Some Solutions for Students not Specializing in Information at Van Lang University
W4381195669,Paper,Responsible State in Vietnam: Application of Aristotle's Political Thought
W4381234360,Paper,"Assessment of Particulate Matter Concentrations and Noise Levels Along Dong – Tay Avenue, Ho Chi Minh City"
W4381250003,Paper,Global solutions to a time-fractional Cauchy problem
W4381250021,Paper,Inverse source problem for Sobolev equation with observed data in Lb spaces
W4381436947,Paper,Effect of the calcination temperature of the FTO/PbS cathode on the performance of a quantum dot-sensitized solar cell
W4381546781,Paper,Modelling Stage-discharge Relationships for Hydrological Stations in the Da River Basin using First-kind Chebyshev Polynomial Approximation
W4381683241,Paper,Changes in the Cell Division of Chang Liver Cells Induced by Simulated Microgravity
W4382813560,Paper,Application of fruit juice for proliferation of Bacillus to control fungal phytopathogens
W4382985010,Paper,Factors affecting housing purchase decision in Vietnam
W4383875588,Paper,The impact of land use and land cover on land surface temperature in an Indian riverine town over a decade and how it varied post-lockdown
W4384818111,Paper,Semi-Analytical Results for the Linear Nonaging Viscoelastic Contact Behaviors
W4384916536,Paper,Smart Meter Application Analysis using PLS-SEM Deep Neural Network: A Case Study
W4385235017,Paper,"Chiloschista quangdangii, a new leafless orchid (Orchidaceae) from northern Vietnam"
W4385265498,Paper,Development of HPLC-DAD method for the quantification of pentostatin in the fruiting body of Cordyceps militaris
W4385369625,Paper,Selection of tools/ criteria for measuring the level of Leanness
W4385372578,Paper,Signal quality from retailers and repurchase intention to buy safe vegetables: The mediator role of modern retailer brand preference
W4385440069,Paper,XÂY DỰNG BẢN ĐỒ THÍCH HỢP TỰ NHIÊN CỦA MỘT SỐ CÂY TRỒNG TRÊN ĐỊA BÀN TỈNH NINH THUẬN
W4385443788,Paper,Factors Affecting the Working Motivation of Teachers and Staff: A Case Study at a Public University in Vietnam
W4385845285,Paper,"Motivation, challenges and strategies of female social entrepreneurs in the micro-lending sector"
W4385961554,Paper,ISDS mechanism under the EVFTA: Comparison with the CPTPP and Implications for Vietnam
W4386009983,Paper,Mộng và cấu trúc tiểu thuyết Đinh Trang mộng của Diêm Liên Khoa
W4386060718,Paper,Improving legal provisions of the member’s stake in a limited liability company under vietnamese law on enterprises 2020
W4386082118,Paper,"Read ""Princess Bari"" from a Gender Perspective"
W4386082131,Paper,Exploring Joseon-Era Korean Attire Through the Novel 'Kingdom of a Thousand Years'
W4386098607,Paper,Read “Princess Bari” from a Gender Perspective
W4386251985,Paper,Phân mảnh đất đai và thu nhập từ hoạt động nông nghiệp: Nghiên cứu hộ gia đình nông thôn Việt Nam
W4386290236,Paper,Use of surgical grafting as a part of multidisciplinary treatment for a patient treated with fixed orthodontic therapy to improve treatment outcomes.
W4386536502,Paper,Qing Invasion of Joseon Through the Dishes Appearing in the Novel the Fortress by Kim Hoon
W4386547305,Paper,Security-Reliability Trade-Offs for Satellite-Terrestrial Relay Networks with a Friendly Jammer and Imperfect CSI
W4386560822,Paper,Qing Invasion of Joseon Through the Dishes Appearing in the Novel the Fortress by Kim Hoon
W4386616621,Paper,"Correction: The theoretical prediction of the structural characteristics and SO<sub>2</sub> adsorption-sensing properties of pristine HfS<sub>2</sub> and TM-doped HfS<sub>2</sub> monolayers (TM = Ni, Pd, or Pt)"
W4386851484,Paper,Foreign Direct Investment in Vietnam: A Comparison of Forecasting Performance
W4386932733,Paper,ENTREPRENEUR’S ROLES DURING BUSINESS GROWTH STAGE AND THEIR EXIT ROUTES: THE CASE OF THE PUBLIC RELATIONS INDUSTRY [PERAN PENGUSAHA DALAM TAHAP PERTUMBUHAN BISNIS DAN RUTE KELUAR DARI BISNIS TERSEBUT: KASUS INDUSTRI PUBLIC RELATIONS]
W4386939450,Paper,Single Phase Harmonic Mitigation Using Particle Swarm Optimization in Shunt Adaptive Power Filter
W4387028138,Paper,Face Gender Classification by Using Improve Binary Particle Swarm Optimization and K-Nearest Neighbors
W4387071130,Paper,Determinants of Vietnamese bank profitability: comparisons between before and during COVID-19 pandemic periods
W4387103468,Paper,"Camouflage treatment of Severe Skeletal Class II and Gummy Smile Patient with 3D Simulation, Mini-Screws, and Botulinum Toxin: A case report after 1-year follow-up."
W4387116947,Paper,Two-weight estimates for Hardy-Littlewood maximal functions and Hausdorff operators on $p$-adic Herz spaces
W4387124706,Paper,"Model of implementing proficiency testing in Vietnam, a developing country"
W4387315342,Paper,Unleashing the green potential: incorporating eco-business and key tourism elements in Kandri Semarang's Villages
W4387390226,Paper,Peccei-Quinn mechanism and axion interactions in the 3-3-1 model with Cosmological Inflation
W4387566111,Paper,Vietnam Spam Review Detection using Graph Reinforcement Learning
W4387586125,Paper,Self-couplings of gauge bosons in 3-4-1 models
W4387938158,Paper,"Current state, peculiarities and opportunities for the development of urban agriculture in different territories of Ho Chi Minh City (Vietnam)"
W4388223981,Paper,On the problem of the densest packing of spherical segments into a sphere
W4388309641,Paper,Kiến Trúc Đình Làng Ở Hà Nội - Huế - Sài Gòn: Những Đặc Điểm Tương Đồng Và Dị Biệt
W4388405219,Paper,Effective Classification for Logs of Routers Based on MLP Neural Networks
W4388504134,Paper,Typical pathogens on plastic debris in downstream of Sai Gon and Dong Nai rivers: an initial observation
W4388998466,Paper,Content of Some Elements in the Bestselling Brands of Green Tea on the Iranian market
W4389083570,Paper,Challenges and opportunities for service design[ers] in Vietnam: the Ho Chi Min City’s public healthcare context
W4389150287,Paper,Transcriptomic response to salinity variation in native and introduced mud-tidal gastropod Batillaria attramentaria
W4389689650,Paper,What Gets into the Media
W4390055640,Paper,"The Relationships Between Family Attachment, Family Commitment and School Attachment among High School Students"
W4390547547,Paper,Assessing the impact of drilling methods on formation damage - A case study of an Iranian oil field reservoir
W4390598605,Paper,Application of machine learning to predict the time evolution of condensate to gas ratio for planning and management of gas-condensate fields
W4390639711,Paper,Study on the effectiveness of using transport routes and transport vehicles through analysing the effects of them on transportation output: The case of China
W4390717671,Paper,Synthesis and alpha-glucosidase inhibition of some novel quinazolin-4(3H)-one derivatives bearing a 2-thioxothiazolidine-4-one heterocycle
W4390755420,Paper,The freshmen’s attitudes towards using videos in reading class
W4390883270,Paper,"Population distribution and language characteristics of ethnic minorities in Dak Lak Province, Vietnam"
W4390890223,Paper,Values of language and culture through customary law of the Ede people in the Central Highlands of Vietnam
W4391185418,Paper,Comparative Perspectives on the Depiction of Women in Ancient Vietnam and Korea’s Society: Focusing on the Analysis of Vietnam’s The Trial at the Dragon King’s Palace (in Truyen Ki Man Luc) and Korea’s The Tale of Lady Suro (in Samguk Yusa)
W4391186569,Paper,International tourists’ satisfaction towards online banking services in Ho Chi Minh City
W4391445568,Paper,Optical properties of Eu3+ - doped Sr2TiO4 phosphor powder synthesised by solid-phase reaction method
W4391826672,Paper,University as a brand : Lessons from Vietnams higher education branding
W4392346811,Paper,Precursor influence on the raman spectrum of KNNLiTaLa0.01 prepared by two different methods
W4392709346,Paper,"Effects of dust storm and wildfire events on phytoplankton growth in the Southern Ocean and Tasman Sea, southeast Australia"
W4392709529,Paper,Predicting future salinity variability in the Ca Mau Peninsula due to Climate Change
W4392810746,Paper,Preface
W4392949586,Paper,An asymmetric V-shaped distribution
W4392985494,Paper,Scientific Knowledge in Bacon Philosophy: Insights from Dialectical Materialism
W4393066106,Paper,A Design of SIW-Cavity Reconfigurable Antenna for MIMO Wireless Communication Applications
W4393336473,Paper,Management of a severe skeletal open bite case using temporary anchorage devices and multiloop edgewise arch wire technique technique
W4393384981,Paper,Investigating Professional Development Policy and Practice for Educational Policy-Makers in Vietnam: An Exploratory Study
W4393746121,Paper,An updated checklist of Celastraceae in Vietnam
W4393804002,Paper,An updated checklist of Celastraceae in Vietnam
W4394784474,Paper,From Parent's COVID-19 Stress to Children and Young People's Behavior Problems: The Mediating Role of Parental Burnout and the Buffering Role of Parenting Behaviors
W4394998404,Paper,Exploring the Use of Multimedia in Addressing the Needs of Mixed-Level English Learners in Vietnam
W4395449962,Paper,"A non-boundary-fitted-grid method, based on compact integrated-RBF approximations, for solving differential problems in multiply-connected domains"
W4396619621,Paper,Design and Implementation of an RFID System for Order Tracking in Smart Manufacturing: A Case Study of a Mechanical Factory
W4396628329,Paper,Improve Productivity and Quality Using Value Stream Mapping Method. A Case Study in LED Bulbs Factory
W4396664305,Paper,Determinants of electronic word of mouth in the restaurant industry: An evidence from Vietnam
W4396700771,Paper,"Understanding Hotel Employees’ Perceptions of Guests with Disabilities in Ho Chi Minh City, Vietnam"
W4396875764,Paper,Fire Safe Medical Oxygen Delivery for Aerospace Environments
W4397009991,Paper,Correction: A topological path to the formation of a quasi-planar B<sub>70</sub> boron cluster and its dianion
W4398228557,Paper,Influencers' Perception of Personal Branding on Social Media in Vietnam
W4398789713,Paper,Existence and well-posed results for nonclassical diffusion systems with nonlocal diffusion
W4399013222,Paper,"Academic stress among students of Van Lang University, Vietnam"
W4399751774,Paper,Diễn ngôn lịch sử trong tiểu thuyết của Hoàng Quốc Hải
W4399763896,Paper,Isolation and screening rhizobacteria to control <i>Gilbertella persicaria</i> causing dragon fruit rot
W4399982943,Paper,E-commerce legislation in some countries - lessons for Vietnam
W4400130420,Paper,"Aquatic invertebrates and their correlation with the basic abiotic factors in the coastal water of Can Gio, Southern Vietnam"
W4400259404,Paper,Marketing and Advertising: Shifting from Conventional to Digital Marketing
W4400346316,Paper,Deep Learning of Electron Density for Predicting Energies: The Case of Boron Clusters
W4400389534,Paper,RESEARCH ON THE RELATIONSHIP BETWEEN VIETNAM AND NORTH KOREA SINCE THE 2000s
W4400420277,Paper,The Importance of Self-Development Podcasts to Improving Mental Health in Generation Z
W4400574861,Paper,Expression of the Discoidin Domain Receptor Family Depended on Glucose and Their High Expression in Arterial Tissues in the Rat Model of Type 2 Diabetes
W4400733488,Paper,TourMapQA: using deep learning to develop a vietnam map-based tourism question answering system
W4400889849,Paper,ĐÁNH GIÁ MỨC ĐỘ NHIỄM KHUẨN VÀ KIỂM TRA TÍNH ĐỀ KHÁNG KHÁNG SINH CỦA VI KHUẨN GÂY BỆNH PHÂN LẬP ĐƯỢC TỪ MICROPHONE - DỤNG CỤ HỖ TRỢ DẠY HỌC TẠI MỘT SỐ TRƯỜNG ĐẠI HỌC TẠI TP.HCM
W4400934330,Paper,An Investigation of the Current Insights of Vietnam National Athletes’ Sport Injury Anxiety
W4400937770,Paper,"Dryopteris microlepioides, a new synonym of Trichoneuron microlepioides (Dryopteridaceae)"
W4401179614,Paper,Multimodal Approach to Tourism Advertising Discourses
W4401275036,Paper,CEO Overpower and Real Earning Manipulation in Family Businesses: Do Ownership Structures Matter?
W4401470304,Paper,Students' Attitudes towards Teaching and Learning Semantics through Pop Culture
W4401517445,Paper,"Current Status of Conservation and Exploitation of Unique Values of Typical Folk Art Forms in Tourism Development in Ethnic Minorities in Ha Giang Province, Vietnam"
W4401550576,Paper,Abstracts of the 4th International Conference of TESOL & Education
W4401617376,Paper,The Deployment of Blended Learning for English Vocabulary Enhancement
W4401831013,Paper,Observer-based single-phase robustness sliding mode controller for the pitch control of a variable speed wind turbine
W4401948907,Paper,"Air pollution emission inventory in Hanoi City, Vietnam"
W4401959784,Paper,Developing a Circular Economy in Ho Chi Minh City: A Content Analysis-Based SWOT Analysis
W4401960308,Paper,Sobolev‐type regularization method for the backward diffusion equation with fractional Laplacian and time‐dependent coefficient
W4402043000,Paper,Enlightenment thoughts in Vietnam and Korea: Focusing on the thoughts of renovated education by Nguyen Truong To (1830-1871) and Yu Gil-Jun (1856-1914)
W4402129400,Paper,Outstanding Potential for Treating Wastewater from Office Buildings Using Fixed Activated Sludge with Attached Growth Process
W4402533417,Paper,RATIONALISM AND ENLIGHTENMENT’S SPIRIT: THE LEADING SPIRIT OF THE FRENCH ENLIGHTENMENT PHILOSOPHY IN THE 18TH CENTURY
W4402557116,Paper,Analysis of E-Commerce Law Using Two-Stage Model PLS-SEM Base Neural Net-work: A Case Study in Vietnam
W4402847072,Paper,The Analysis of Implicatures in Vietnamese Local Brand Slogans
W4402876258,Paper,Combinatorial algorithms for the minmax robust median subtree problem on tree networks with interval vertex weights
W4402894282,Paper,"Current Status of Conservation and Exploitation of Unique Values of Typical Folk Art Forms in Tourism Development in Ethnic Minorities in Ha Giang Province, Vietnam"
W4403071246,Paper,Determinants of Vietnamese bank profitability: comparisons between before and during COVID-19 pandemic periods
W4403134195,Paper,The Finitude of the Human and the World of the None-Whole: On the Aesthetics of Existence in Korean Modernist Literature in the Posthuman Age
W4403155959,Paper,Effects of mini-implant anchorage on mandibular rotation and esthetic outcomes in hyperdivergent skeletal Class II malocclusion treatment
W4403457169,Paper,Plastic Pollution in South and Southeast Asia: Challenges and Sustainable Solutions
W4404044791,Paper,Sculpture Training Before the Development of Digital Sculpture and Artificial Intelligence (AI): A Comparison of Some Sculpture Undergraduate Programs in Vietnam and the USA
W4404174159,Paper,Chitosan and Its Biomass Composites in Applications
W4404367010,Paper,Insights and implications from the study on meniscus reconstruction using tendon autograft
W4404419098,Paper,Microparticle- and Nanoparticle-enabled Biocompatible Coatings in Drug Delivery Systems
W4404837890,Paper,The relationship between social support and suicidal ideation among college students in Vietnam
W4405130076,Paper,Learner Engagement With Feedback in Essay Writing
W4405135580,Paper,Optimizing axial bearing capacity estimation of pre-bored grouted planted nodular (PGPN) pile: Enriched dataset and genetic algorithm approach
W4405335093,Paper,Morphological Details Confirm the Synonymization of Polygala barbellata within P. tonkinensis (Polygalaceae) in China and Vietnam
W4405378921,Paper,Efficiency enhancement of photovoltaic solar cell system using phase change material (PCM)
W4405387853,Paper,Developing Vietnam's real estate market during the crisis period (2020-2023)
W4405483602,Paper,Schistosomal appendicitis: A serious and often misdiagnosed condition
W4405592947,Paper,"Analysing the urban morphology of Hoi An ancient city, Quang Nam province in sustainable coastal tourism, vision to 2045"
W4405757553,Paper,Accuracy of Estimated Glomerular Filtration Rate Equations in Potential Vietnamese Living Kidney Donors
W4405945941,Paper,Maximizing oil production efficiency in mature field: a strategic approach to optimizing recovery and extending field life
W4405957313,Paper,Synthesis and Cytotoxicity against HEP-G2 Tumor Cell Line of the Seven Novel Hybrid Compounds based on 2-mercapto-3- arylquinazolin-4(3H)-one Scaffold Bearing Morpholine Ring via a Two-carbon Chain
W4405992004,Paper,"Challenges in Conservation of Architectural Heritage and Tourism Development in Urban Areas: A Case Study in Ho Chi Minh City, Vietnam"
W4406110549,Paper,"Integrating Orbital and Proximal Thermal Infrared Remote Sensing Data for Mapping Ilmenite in the Coastal Plain of Rio Grande do Sul, Brazil"
W4406734969,Paper,Torsional Sensitivity and Resonance Tuning in Width-Varying AFM Microcantilevers
W4406848700,Paper,Utilizing Collaborative Video Projects in Interpreter Training: English-majored Students’ Perceptions and Experiences
W4406970545,Paper,Correcting multiple spaces in adult patient with precise tooth movement control using in-house clear aligners.
W4407060664,Paper,Aesthetic orthodontic treatment to correct iatrogenic lingual malocclusion using In-House clear aligners.
W4407130410,Paper,Advanced Cryptocurrency Price Prediction: Incorporating Time-Reversed ARIMA and BVIC
W4407159495,Paper,XÁC ĐỊNH TÍNH CHẤT VI SINH VÀ THÀNH PHẦN HÓA HỌC CỦA RƯỢU CHANH CHUỐI LÊN MEN TỰ NHIÊN
W4407370804,Paper,"Synchronous computer-mediated recasts, auditory processing, and categorical perception of VOT in stops: evidence from L2 Mandarin of Indonesian learners"
W4407436069,Paper,Exploring the Impact of Employee Experience on Employee Retention
W4407561213,Paper,Beyond Low Prevalence: Exploring Antibiotic Resistance and Virulence Profiles in Sri Lankan Helicobacter pylori with Comparative Genomics
W4407670121,Paper,Sustainability in Pharmaceutical Formulation and Processing: Case Studies on Eco-Friendly Micronisation and Nanonisation Approaches
W4407899193,Paper,EFL Students’ Perceptions in Collaborative Writing via Google Docs: A Case Study at Van Lang University
W4407908882,Paper,Development and Optimisation of a red ginseng Beverage from <b> <i>Codonopsis javanica</i> </b> in Vietnam: Sensory and Microbial Safety Evaluation
W4408000429,Paper,Fabrication and evaluation of BerNPs regarding the growth and development of <i>Streptococcus mutans</i>
W4408028742,Paper,Information Technology Revolution: Its Impact on the World of Work in the Digital Era
W4408040591,Paper,TOURIST PERCEPTIONS OF HO CHI MINH CITY’S TOURISM: ANALYZING YOUTUBE SOCIAL MEDIA COMMENTS
W4408078575,Paper,EFL In-service Teachers and Teachers' Perceptions of Challenges in Teaching Idioms to B1 Learners
W4408078682,Paper,EFL Learners’ Perceptions of Translanguaging in English classes at an HCM English Centre
W4408200799,Paper,Enhancing Performance of Full-Duplex Cooperative NOMA Systems via Reconfigurable Intelligent Surface
W4408235709,Paper,Reconfigurable and Multiband Graphene THz Antenna Design Optimized Using Machine Learning
W4408465787,Paper,TEACHING STEM IN SCIENCE AND CHEMISTRY CONTRIBUTES TO DEVELOPING SCIENTIFIC RESEARCH COMPETENCE FOR STUDENTS
W4408719264,Paper,Surface activity of n-carboxylic acids
W4408722193,Paper,Enhanced Antibacterial Activities with Low Toxicity of Silver-Decorated Tungsten Oxide Nanoflakes Prepared via Facile Hydrothermal Method
W4408940629,Paper,Profitable Investment Channels of Vietnamese Commercial Banks (2018–2024)
W4408960506,Paper,"Reliability and validity of Vietnamese version of the Knowledge, Attitudes, Access, and Confidence Evaluation questionnaire"
W4409008032,Paper,Ho Chi Minh's Thought on Education of Social Security and Suggestions for Vietnam
W4409269297,Paper,Art Education in the Era of Artificial Intelligence: The Experience of Vietnam and Western Trends
W4409293757,Paper,"Brand Values of the Lecturers and the Leadership Style Contribute to Enhancing University Branding: A Case Study at Private Universities in Ho Chi Minh City, Vietnam"
W4409377644,Paper,ĐẶC ĐIỂM HÌNH THÁI MÔ XƯƠNG VÀ MÔ NƯỚU MẶT NGOÀI Ở NHÓM RĂNG TRƯỚC HÀM TRÊN: NGHIÊN CỨU TRÊN HÌNH ẢNH CBCT
W4409462844,Paper,Transport of pollutants from Pilliga Forest wildfires in northern New South Wales in December 2023 and its impact on air quality
W4409518500,Paper,Students’ strategies in learning writing online: A case at English Education Department
W4409675529,Paper,A Novel Supervised Learning Model for MRI Image Using Fuzzy Clustering and Naïve Bayes Algorithms
W4409823968,Paper,Challenges in English Language Learning at SMP Muhammadiyah Piyungan: A Case Study
W4409858212,Paper,The standard model-like higgs boson decay \(h \to Z\gamma\) in the 3-3-1 simple model
W4410061102,Paper,Meningkatkan Kemampuan Berpikir Kritis Siswa Menggunakan Model Pembelajaran Radec Dalam Pembelajaran IPAS SD
W4410061269,Paper,Penerapan Strategi Pembelajaran Role Reversal Question Untuk Meningkatkan Kemampuan Mengajukan Pertanyaan Siswa Kelas IV UPT SDN 017 Langgini Pada Mata Pelajaran IPAS
W4410070026,Paper,"THỰC TRẠNG VÀ MÔ HÌNH DỰ ĐOÁN SUY DINH DƯỠNG THỂ THẤP CÒI TỪ MỘT SỐ ĐẶC ĐIỂM ĂN UỐNG Ở TRẺ 3 - 5 TUỔI TẠI TRƯỜNG MẦM NON THÁI ĐÔ, TỈNH THÁI BÌNH"
W4410070105,Paper,MÀNG SINH HỌC TỪ CHITOSAN VÀ CELLULOSE VI TINH THỂ CHỨA ANTHOCYANINS ỨNG DỤNG THEO DÕI ĐỘ TƯƠI CỦA THỰC PHẨM
W4410228195,Paper,A Circularly Polarized Reconfigurable Antenna Based on Compact Metasurface
W4410256716,Paper,Clinical Performance of Lithium Disilicate Ceramic Veneers Cemented With Light-Cured Resin Cements: An Observational Study
W4410344643,Paper,Fermion Masses and Mixings and Charged Lepton Flavor Violation in a 3-3-1 Model with Inverse Seesaw
W4410442100,Paper,On the initial value problem for parabolic equations with memory terms of fractional type
W4410502019,Paper,A TRANSFORMAÇÃO DAS UNIVERSIDADES PÚBLICAS NO VIETNÃ E SEU PAPEL NOS SISTEMAS NACIONAIS DE INOVAÇÃO
W4410512910,Paper,Exploring the Impact of Various Leverages on the Application of AI in Teaching and Learning Activities
W4410512922,Paper,Evaluating Entrepreneurship Training
W4410512946,Paper,Cultural Considerations in AI-Based ELT Assessments
W4410810274,Paper,Outage Probability Analysis for Relay Networks Combined with RIS-NOMA Systems
W4410810312,Paper,Outage Performance of Multihop Networks Using Reconfigurable Intelligent Surface by Deep Learning Methods
W4410810484,Paper,Genetic Algorithms for Swarm UAV-Assisted Edge Content Delivery Optimisation Problem
W4410853424,Paper,Integrating a multi-criteria decision-making model in selecting the most optimal waste treatment methods
W4410853430,Paper,The Influence of Celebrities on Impulse Buying Behavior in the Cosmetics Industry: The Moderating Effect of Risk Perception
W4410853904,Paper,Investigating The Influencing Mechanisms Of Trust In Tiktok Live Streaming: A Socio-Technical Perspective Applying S-O-R Paradigm
W4410854975,Paper,Method And Criteria For Selecting Raw Material Suppliers At Steel Enterprises In Vietnam
W4410856514,Paper,Influence of temperature and carrier density on the band-gap of highly excited monolayer MoS<sub>2</sub>
W4410891208,Paper,The ternary C@Al<sub>6</sub>Cu<sub>4</sub> cluster: hexavalent non-hybridized carbon atoms and a new magic number
W4410974180,Paper,The Emergence of Antimicrobial and Phage Resistance in Piscine Lactococcus Isolates and Implications for Future Disease Management in Aquaculture.
W4411160005,Paper,Exploring factors associated with depression: insights from a cross-sectional study among university students in Vietnam
W4411207447,Paper,The effects of tourism on the environment: an institutional perspective
W4411212850,Paper,"Community Awareness and Capacity in Developing Ecotourism: A Case Study from Co To Island, Northern Vietnam"
W4411249372,Paper,From Champa unglazed pottery to Cham Bàu Trúc pottery: a comparative approach to technology and production
W4411289136,Paper,Phân loại ung thư vú sử dụng kết hợp thuật toán phân tích chùm mờ và mạng học sâu Inception ResNet - V2
W4411326098,Paper,Eco-friendly Synthesis of Gelatin Nanoparticles Using Genipin as the Crosslinker
W4411384542,Paper,Adaptive Deep Fuzzy Neural Network With Multi‐Headed Self‐Attention for Improving Performance of Social Network Representation Learning and Link Prediction
W4411413958,Paper,Bayer’s journey from initiating to implementing integrated facilities management solutions and an outlook towards the next level of dynamic integrated facilities management
W4411441940,Paper,Optimizing Well Selection in Hydraulic Fracturing Using Advanced Machine Learning Approaches
W4411469856,Paper,Optimal bone-implant contact sites in the zygomatic region for quad zygomatic implants placement: a retrospective study in Vietnamese patients on CBCT
W4411567740,Paper,MWCNT Nanofluids Enhance Polymer Flooding Viscosity Through Particular Molecular Interactions
W4411626102,Paper,Mercury Concentrations in Fish Species from Can Gio Mangrove Reserve and Implications for Human Health Risk
W4411689146,Paper,Effect of the Core on Mechanical Characteristics of the Crash Box
W4411707776,Paper,Analyzing public perceptions of street food in Ho Chi Minh City from a management perspective using data analytics and netnography approaches
W4411777799,Paper,Development of a predictive model for FIC index of meropenem-colistin combination against carbapenem-resistant Acinetobacter baumannii
W4411828010,Paper,EXPLORING CHALLENGES AND STUDENT-DRIVEN SOLUTIONS IN PHONOLOGY LEARNING AT TERTIARY EDUCATION LEVEL
W4411880963,Paper,Residents’ behavioral intentions toward cruise tourism support in Vietnam
W4412003814,Paper,Enhancing Heat Transfer in Square Pin Fin Heatsinks with Slots using Computational Fluid Dynamics
W4412083350,Paper,Planning trajectory for UAVs using the self-organizing migrating algorithm
W4412161992,Paper,Characterization of the Mitochondrial Genome of the Vietnamese Central Highland Wild Boar (Sus scrofa)
W4412189097,Paper,"Effects of foliar application of zinc sulfate on growth, yield and essential oil of Perilla (Perilla frutescens L.) and holy basil (Ocimum sanctum L.)"
W4412404272,Paper,Fractional Game Theory for Dynamic Resource Allocation in Heterogeneous Integrated Sensing and Communication Systems
W4412569248,Paper,<span>Nghiên cứu tính chất nhiệt động lực học của hệ vật liệu hai chiều Ge/MoS<sub>2</sub> thông qua lý thuyết phiếm hàm mật độ và phương pháp học sâu</span>
W4412581388,Paper,Mild Solution of the Time‐Fractional Rayleigh‐Stokes Equation With Exponential Nonlinearity
W4412583333,Paper,Mild solutions to Love-type equations on R^2
W4412834641,Paper,Exploring the impact of E85 biogasoline on stictic acid film formation on mild steel: insights from a multi-technique approach
W4412944887,Paper,An Efficient Spectral Method for a Class of Asymmetric Functional-Order Diffusion–Wave Equations Using Generalized Chelyshkov Wavelets
W4412977942,Paper,An Integration of Fuzzy-Enhanced Heterophilic Graph Representation Learning for Improving Performance of Link Prediction
W4413106375,Paper,Predictive classification and regression models for bioimpedance vector analysis: Insights from a southern Cuban cohort
W4413182358,Paper,Enhanced Photocatalytic Activity of Ag‐Doped WO <sub>3</sub> for Antibiotic and Bacterial Removal in Fishponds
W4413265398,Paper,Alkaline hydrogen evolution on CO-M@gCN dual-atom catalysts: insights from first-principles calculations
W4413373431,Paper,XÂY DỰNG PHẦN MỀM QUẢN LÍ CƠ SỞ DỮ LIỆU THỰC NGHIỆM MẪU MÔ Y SINH HỌC TẠI VIỆN 69
W4413380470,Paper,Tăng cường phân loại và xử lý ảnh GPR bằng phương pháp học sâu kết hợp với gia tăng nhiễu trắng
W4413730202,Paper,Factors Affecting Tourists’ Destination Selection Behavior: The Moderating Role of Travel Video Experience
W4413844613,Paper,The Influence of Augmented Reality Advertisement on Customer Referral Engagement
W4413957744,Paper,Nurturing supply chain relationships in tourism and hospitality: a social exchange and open innovation perspective
W4413958021,Paper,A framework for playful pedagogy: Nurturing child imagination in second language learning
W4414020827,Paper,Some Practical Methods for Damage Assessment of Underground Structures using Machine Learning Techniques and Probabilistic Models.
W4414023483,Paper,"Change in Nematode Communities’ Structure and Diversity in the Ray River Ecosystem Due to Artificial Barrage Impact, Ba Ria—Vung Tau Province"
W4414053701,Paper,Effects of therapeutic exercise in patients with internal derangement of the temporomandibular joint: A prospective study
W4414060981,Paper,Strategic Dialogic Positioning in Donald Trump’s 2024 Presidential Re-election Announcement: A Linguistic Appraisal of Engagement Resources
W4414115402,Paper,The Ability to Apply Integrated Reporting and Firm Performance of Listed Enterprises Through Auditors' Perspectives
W4414170274,Paper,Tamky City of Strategic Role Forms Urban Spatial Structure in Developing Quangnam Province's Coastal Tourism
W4414206059,Paper,DoE-It-Yourself (DoEIY): An Open-Access Web Platform for Democratizing Experimental Design in Chemical and Materials Research
W4414206818,Paper,Deconvolution of cumulative distribution function of continuous component from a mixture distribution
W4414218848,Paper,Canal-Side Communities in Southeast Asia: Sustainable Urban Development and Environmental Remediation in Ho Chi Minh City
W4414218884,Paper,"Spiritual Spaces in Urban Hospitals: Bridging the Gap Between Cultural Needs and Architectural Standards in Ho Chi Minh City, Viet Nam"
W4414227725,Paper,On angular and volumetric interactions in elastic cubic lattices
W4414417404,Paper,"Emergency Law as a Tool of Executive Centralization in Indonesia, Thailand, and Vietnam"
W4414595727,Paper,Resonance energy transfer between two axially oriented atoms near a finite optical fiber
W4414701392,Paper,Remote sensing applications in solid waste monitoring and management
W4414708112,Paper,Targeting ORMDL2 in glioblastoma through integrated landscape of high-throughput sequencing and pharmacogenomic analysis
W4414753857,Paper,Mindfulness and its relationship with resilience among Vietnamese undergraduates: A quantitative study.
W4414761507,Paper,Boundary Effects and Symmetry Breaking in Maxwell-Chern-Simons Theory
W4414786344,Paper,Effects of laser parameters on orbital competition in high-order harmonic generation from a hydrogen cyanide molecule
W4414883085,Paper,Strategies to mitigate plastic pollution in Vietnam: a circular economic perspective
W4414920857,Paper,Application of oxidised activated red mud to treat phosphorus-contaminated water
W4415054842,Paper,Enhancing Presentation Skills through Artificial Intelligence: A Case Study at Van Lang University
W4415093469,Paper,Synergistic Impact of Ru(III) and CTAB Micelles on the Oxidation of Isopropyl Alcohol by N-bromosuccinimide
W4415163764,Paper,Study on Automated Measurement System for Compositing Point Clouds of Obtaining Laser Scanner and Photogrammetry
W4415170399,Paper,Developing the half-metallic ferromagnetism in semimetal germanene monolayer: synergistic effects of band gap opening and magnetism engineering
W4415196659,Paper,Building forecasting model for interval time series based on point series and fuzzy relationships
W4415350151,Paper,Two-dimensional TaS<sub>2</sub> as a contact material for MXene Sc<sub>2</sub>CF<sub>2</sub> semiconductors: a first-principles study
W4415374457,Paper,A Trend‐Aware Transformer‐Based Approach for Improving Long‐Range Multivariate Time‐Series Forecasting With Decomposition
W4415383964,Paper,Integration of gold nanoparticles into SnS for enhanced peroxidase-like activity and colorimetric detection of ascorbic acid in fruit juice
W4415458934,Paper,Application of artificial intelligence using linear regression and the Naïve Bayes model in forecasting and analyzing the consumer price index in Vietnam
W4415653025,Paper,Examining brand transparency as a driver of customer referral engagement in fashion context
W4415675047,Paper,The impact of private credit and foreign direct investment on economic growth: evidence from ASEAN-5 countries
W4415714390,Paper,"CSR in the eyes of the consumer: Social-economic responsibility, authenticity, and greenwashing"
W4415809553,Paper,"Identification and Integrative Discovery of Anti-Inflammatory Compounds Isolated from Eclipta prostrata (L.) L. by Network Pharmacology, Molecular Docking, and In Vitro Evaluation"
W4415927132,Paper,Mathematical modelling of synergistic triple-antibiotic therapy against carbapenem-resistant Acinetobacter baumannii at clinically achievable concentrations
W4415950711,Paper,"Framing equality, concealing inequality: gender discourse and women academics’ career barriers in Vietnamese university web publications"
W4416174863,Paper,"Enhanced cesium removal by K <sub>2</sub> Ni[Fe(CN) <sub>6</sub> ]·H <sub>2</sub> O: structural optimization, adsorption behavior, and competitive ion selectivity compared to Ni <sub>2</sub> Fe(CN) <sub>6</sub> ·3H <sub>2</sub> O"
W4416208916,Paper,"Comparative Genomics of Lactococcus spp. From Global Aquaculture Outbreaks Reveals Virulence Determinants, Antibiotic Resistance, and Phage Defence Mechanisms"
W4416239940,Paper,Robotics and autonomous systems: metaheuristic optimisation and deep learning
W4416367685,Paper,Max-Min Rate Optimization for Reconfigurable Intelligent Surfaces Aided ISAC Systems
W4416426658,Paper,Graph Neural Networks in Complex Image Recognition
W4416440837,Paper,Economic evaluations  of strategies targeting pre-diagnosis dementia  populations: Protocol for a systematic review
W4416570357,Paper,"Factors associated with dyslipidemia among young workers undergoing periodic health examinations: The role of obesity, health knowledge and health behaviors"
W4416734647,Paper,Unlocking feature-rich properties of carbon-substituted germanene nanoribbons
W4416770216,Paper,A Rich‐Spatial and Multiscaled Transformer‐Based Approach for Long‐Term Multivariate Time‐Series Forecasting Problem
W4416777431,Paper,Enhancing manufacturing efficiency through a hybrid Six sigma approach: A case study in automobile mechanical manufacturing
W4416780613,Paper,"The relationship between the quality cultural values and the quality cultural environment in public secondary schools in the southeast region, Vietnam"
W4416791975,Paper,The BP <sub>3</sub> monolayer as a high-capacity and rapid-diffusion anode for sodium-ion batteries: a first-principles study
W4416900077,Paper,Site-specific lithium adsorption and directional ion transport in Ti <sub>2</sub> CO <sub>2</sub> MXenes: insights from nuclear magnetic resonance and climbing-image nudged elastic band calculations
W4416953893,Paper,"Tác động của FDI, thương mại và lãi suất đối với đầu tư tài sản cố định tại Việt Nam"
W4416992823,Paper,Passivity-Theorem-Based Compensation of Polymer Cable Elongation for Cable-Driven Parallel Robots in Environmental Monitoring and Infrastructure Inspection
W4416994986,Paper,<span>Khảo sát lý thuyết phản ứng của gốc propynylidyne với phân tử propylene trong pha khí</span>
W4417007013,Paper,"Diversity, endemism, and geographical distribution of scaly tree ferns in Asia"
W4417051617,Paper,Integrating reaction-diffusion equations with a dynamic body-fitted trimmed mesh technique for level set-based structural optimization
W4417052346,Paper,Geometric Mean Hybrid Beamforming in RIS-Aided mmWave Systems
W4417052514,Paper,Movable Antennas for Enhanced Secrecy in Integrated Sensing and Communication Systems
W4417058714,Paper,White Blood Cell Classification Using Graph Attention Neural Network
W4417064001,Paper,Effectiveness of a porcine-derived acellular dermal matrix for peri-implant soft-tissue augmentation: A prospective study
W4417088395,Paper,Effects of electron-electron interactions on quasiparticle properties in transition metal dichalcogenide monolayers
W4417115218,Paper,Optimizing fuel efficiency of Transinco B80 buses operating in urban transport: A case study in Ho Chi Minh City
W4417268735,Paper,Correlation between electrical properties and critical behavior in La₀.₇Ca₀.₂₅Ag₀.₀₅MnO₃ nanoparticles
W4417297452,Paper,Fucoidan-mediated green synthesis of palladium nanoparticles as a recyclable catalyst for Heck coupling and alkyne reduction in pheromone synthesis
W4417319514,Paper,Hydrogenation-enriched fundamental properties of armchair silicene nanoribbons: a comprehensive first-principles study
W4417421887,Paper,Molecular dynamics simulation of Sunset Yellow dye removal from water using hydrochar adsorbent
W4417423760,Paper,"Tourism as Simulacra: Bana Hills, a Vietnamese Middle-Class Heterotopia"
W4417499288,Paper,Isolation and Screening of Banana Pseudo-stem Degrading Bacteria
W4417529920,Paper,Prediction of bearing capacity of ring footings on cohesive frictional soils using Terzaghi stability factors and Kolmogorov Arnold networks
W7104585896,Paper,Positive Eigenvalues for the Adjoint of an Increasing Operator
W7105702010,Paper,Optimising resource utilisation in TNE franchise networks: a data envelopment analysis-based approach
W7108322544,Paper,Prevalence of plastic waste as a household fuel in low-income communities of the Global South (Stata Codes)
W7108328204,Paper,Prevalence of plastic waste as a household fuel in low-income communities of the Global South (R Script)
W7114984711,Paper,Software - White Blood Cell Classification Using Graph Attention Neural Network
W7115014505,Paper,Software - White Blood Cell Classification Using Graph Attention Neural Network
W7116293547,Paper,A favor or a right? How Vietnamese media frame inclusive education for students with autism
W7116340925,Paper,From atomic structure to functional properties: orthorhombic disphenoidal NaAlBr <sub>4</sub> as a solid-state electrolyte
W7116711994,Paper,Downward positive leader propagation modes and their effects in positive cloud-to-ground lightning characteristics
W7116876344,Paper,Modeling Click Intention in E-Commerce Advertising a Hybrid PLS-SEM and ANN Approach
W7117322308,Paper,Correcting Severe Scissor Bites in Second Molars with a Digital Surgical Guide for Miniscrew Placement and In-House Directly Printed Clear Aligners: A Case Report
W7117361510,Paper,"Pathways to Green Growth: Unveiling the Roles of Institutional Quality, Information and Communication Technology Diffusion, and Trade Integration"
W7117457649,Paper,Gender diversity matters: unveiling the impact on intellectual capital disclosure – experimental evidence from Vietnam
W7117479710,Paper,"Machine learning approaches for satellite-derived bathymetry in tropical coastal waters: A comparative study from Nha Trang marine protected area, Vietnam"
W7117648682,Paper,"Decoding the environmental effects of green finance, renewable energy, financial development, and globalization through quantile on quantile and wavelet coherence analysis"
W7117660946,Paper,MACRO- AND MICRO-BEHAVIORS OF SOIL WITH SOLUBLE PARTICLES DURING 1D COMPRESSIONAL TESTS USING 3D DEM SIMULATION
W7117773889,Paper,Impact of injection scheduling on CO2 migration and trapping efficiency in the Johansen formation
W7117874750,Paper,Strategic Role of Corporate Social Responsibility (CSR) in Enhancing Green Marketing Opportunities
W3199183631,Paper,The Challenges of E-learning Through Microsoft Teams for EFL Students at Van Lang University in COVID-19
W4210893619,Paper,Supply chain risk management research in construction: a systematic review
W4387121758,Paper,The role of renewable energy technologies in enhancing human development: Empirical evidence from selected countries
W4391474950,Paper,A Review on Metal–Organic Framework as a Promising Catalyst for Biodiesel Production
W4406489951,Paper,Photocatalytic degradation performance of a chitosan/ZnO–Fe <sub>3</sub> O <sub>4</sub> nanocomposite over cationic and anionic dyes under visible-light irradiation
W4283838068,Paper,"Rashba-type spin splitting and transport properties of novel Janus XWGeN<sub>2</sub> (X = O, S, Se, Te) monolayers"
W4319794083,Paper,Metaheuristic‐based machine learning modeling of the compressive strength of concrete containing waste glass
W3199396396,Paper,"Evaluation of fatty acids, phenolics and bioactivities of spent coffee grounds prepared from Vietnamese coffee"
W3131063929,Paper,Health risk assessment of volatile organic compounds at daycare facilities
W4285266850,Paper,Outage Performance of Satellite Terrestrial Full-Duplex Relaying Networks With co-Channel Interference
W4383889516,Paper,Association behavior and physico-chemical parameters of a cetylpyridinium bromide and levofloxacin hemihydrate mixture in aqueous and additive media
W4281751722,Paper,Exciton binding energy and screening length in two-dimensional semiconductors
W4282555645,Paper,Sustainable Development of Higher Education Institutions in Developing Countries: Comparative Analysis of Poland and Vietnam
W4386982640,Paper,Political stability and foreign direct investment inflows in 25 Asia-Pacific countries: the moderating role of trade openness
W4387958850,Paper,Structural Characterization and Cytotoxic Activity Evaluation of Ulvan Polysaccharides Extracted from the Green Algae Ulva papenfussii
W3007337991,Paper,Effects of wall proximity on the airflow in a vertical solar chimney for natural ventilation of dwellings
W3195732444,Paper,Global well-posedness for fractional Sobolev-Galpern type equations
W4210483046,Paper,Effect of wear debris on fretting fatigue crack initiation
W4390939342,Paper,Multi-Functional Wideband Metasurface: Perfect Absorber and Linear to Linear and Linear to Circular Polarization Converter
W4292649377,Paper,On Cauchy problem for fractional parabolic-elliptic Keller-Segel model
W4309873978,Paper,"Influences of short-chain alcohols, urea and temperature on aggregation behaviour of tetradecyltrimethylammonium bromide and antidiabetic drug mixture"
W4323866303,Paper,Metal–Organic Frameworks-Derived Material for Electrochemical Biosensors: Recent Applications and Prospects
W4386925533,Paper,Effect of Quaternary Ammonium Gemini Surfactant Solution on the Rate Constant of the Ninhydrin–Lysine Reaction
W4391645226,Paper,Binary Mixed Micelles of Hexadecyltrimethylammonium Bromide–Sodium Deoxycholate and Dodecyltrimethylammonium Bromide–Sodium Deoxycholate: Thermodynamic Stabilization and Mixed Micelle Solubilization Capacity of Daidzein (Isoflavonoid)
W4402124965,Paper,Unraveling Overlying Rock Fracturing Evolvement for Mining Water Inflow Channel Prediction: A Spatiotemporal Analysis Using ConvLSTM Image Reconstruction
W4214533025,Paper,Microplastics pollution in selected rivers from Southeast Asia
W4381988114,Paper,A comprehensive review on the use of biodiesel for diesel engines
W4390502111,Paper,Construction of a uniform zeolitic imidazole framework (ZIF-8) nanocrystal through a wet chemical route towards supercapacitor application
W4411395085,Paper,A review of microplastic pollution and human health risk assessment: current knowledge and future outlook
W4361215744,Paper,Improve Productivity and Quality Using Lean Six Sigma: A Case Study
W4387967326,Paper,Firm-level political risk and intellectual capital investment: Does managerial ability matter?
W4391448534,Paper,"Biochar‐based catalysts derived from biomass waste: production, characterization, and application for liquid biofuel synthesis"
W3184444435,Paper,The Economic Burden of Chronic Kidney Disease in Vietnam
W4205438146,Paper,Joint Design of Improved Spectrum and Energy Efficiency With Backscatter NOMA for IoT
W4318762606,Paper,TiO2/g-C3N4 Visible-Light-Driven Photocatalyst for Methylene Blue Decomposition
W4392795430,Paper,Improving the prediction of biochar production from various biomass sources through the implementation of eXplainable machine learning approaches
W4401099348,Paper,"Structural, optical, magnetic properties and energy-band structure of MFe <sub>2</sub> O <sub>4</sub> (M = Co, Fe, Mn) nanoferrites prepared by co-precipitation technique"
W4313396687,Paper,Physical Layer Security in AF-Based Cooperative SWIPT Sensor Networks
W4313568168,Paper,Numerical analysis and prediction of lateral-torsional buckling resistance of cellular steel beams using FEM and least square support vector machine optimized by metaheuristic algorithms
W4391926108,Paper,Harnessing artificial intelligence for data-driven energy predictive analytics: A systematic survey towards enhancing sustainability
W4399628261,Paper,An isogeometric analysis approach for dynamic response of doubly-curved magneto electro elastic composite shallow shell subjected to blast loading
W4399947613,Paper,ChatGPT in Language Learning: Perspectives from Vietnamese Students in Vietnam and the USA
W4391854472,Paper,Study on the association and phase separation behavior of surfactants and promethazine hydrochloride: impact of ammonium electrolytes
W3169186654,Paper,The Role of Co-Creating Value and Its Outcomes in Higher Education Marketing
W4284963908,Paper,Heat transfer efficiency optimization of a multi-nozzle micro-channel heat sink utilizing response surface methodology
W4317914312,Paper,"Silk nanoparticles for the protection and delivery of guava leaf ( <i>Psidium guajava</i> L.) extract for cosmetic industry, a new approach for an old herb"
W4321482630,Paper,"Predicted novel Janus <i>γ</i>-Ge<sub>2</sub> <i>XY</i> ( <mml:math xmlns:mml=""http://www.w3.org/1998/Math/MathML""> <mml:mi>X</mml:mi> <mml:mrow> <mml:mo>/</mml:mo> </mml:mrow> <mml:mi>Y</mml:mi> <mml:mo>=</mml:mo> </mml:math>  S, Se, Te) monolayers with Mexican-hat dispersions and high carrier mobilities"
W4385400337,Paper,The Impact of Trade Openness on Economic Stability in Asian Countries
W4393004179,Paper,Examining social media influence's role in the TPB model for young Vietnamese visiting green hotels
W4399072097,Paper,Stress-driven design of incompressible multi-materials under frequency constraints
W4406960022,Paper,Accuracy of latest large language models in answering multiple choice questions in dentistry: A comparative study
W4360620773,Paper,Implement Industrial 4.0 into process improvement: A Case Study in Zero Defect Manufacturing
W4401225747,Paper,Identifying payable cluster distributions for improved reservoir characterization: a robust unsupervised ML strategy for rock typing of depositional facies in heterogeneous rocks
W3197526874,Paper,Electrochemical Determination of Diclofenac by Using ZIF-67/ <i>g-</i> C <sub>3</sub> N <sub>4</sub> Modified Electrode
W4281285699,Paper,Investment on environmental social and governance activities and its impact on achieving sustainable development goals: evidence from Chinese manufacturing firms
W4384826006,Paper,"How Sustainable Are Tourist Destinations Worldwide? An Environmental, Economic, and Social Analysis"
W4389738902,Paper,"Beyond the homestay: Women’s participation in rural tourism development in Mekong Delta, Vietnam"
W4393932362,Paper,Real-time phishing detection using deep learning methods by extensions
W4220945563,Paper,Damage assessment in structures using artificial neural network working and a hybrid stochastic optimization
W4283390991,Paper,"Structural, optical and conductivity properties in tetragonal BaTi<sub>1−<i>x</i></sub>Co<sub><i>x</i></sub>O<sub>3</sub> (0≤ <i>x</i> ≤0.1)"
W4386889388,Paper,Metal-organic framework-based nanomaterials for CO<sub>2</sub> storage: A review
W4387909652,Paper,Effect of Red Mud and Rice Husk Ash-Based Geopolymer Composites on the Adsorption of Methylene Blue Dye in Aqueous Solution for Wastewater Treatment
W4396680807,Paper,Holographic Reconfigurable Intelligent Surface-Aided Downlink NOMA IoT Networks in Short-Packet Communication
W4401892575,Paper,Mangrove Ecotourism along the Coasts of the Gulf Cooperation Council Countries: A Systematic Review
W4313326743,Paper,Improvement Productivity and Quality by Using Lean Six Sigma: A Case Study in Mechanical Manufacturing
W4386326832,Paper,"Ni, Co, Zn, and Cu metal-organic framework-based nanomaterials for electrochemical reduction of CO<sub>2</sub>: A review"
W4393318354,Paper,A revised phylogeny of Boletaceae using whole genome sequences
W4402172457,Paper,Thermophysical properties of polyethylene glycol oligomers <i>via</i> molecular dynamics simulations
W4403557575,Paper,"Foreign direct investment, total factor productivity, and economic growth: evidence in middle-income countries"
W4223646708,Paper,"Service Innovation, Marketing Innovation and Customer Satisfaction: Moderating Role of Competitive Intensity"
W4379793938,Paper,An Efficient Unsupervised Approach for OCR Error Correction of Vietnamese OCR Text
W4387770997,Paper,Challenges to Accurate Estimation of Methane Emission from Septic Tanks with Long Emptying Intervals
W4387810629,Paper,Biomass resources and thermal conversion biomass to biofuel for cleaner energy: A review
W4392431566,Paper,Heterostructural covalent organic framework/polymer composite materials: Recent advances in multidisciplinary applications
W4402696133,Paper,Carbon dioxide storage and cumulative oil production predictions in unconventional reservoirs applying optimized machine-learning models
W4390501728,Paper,Stochastic lithofacies and petrophysical property modeling for fast history matching in heterogeneous clastic reservoir applications
W4387842287,Paper,"What role renewable energy consumption, renewable electricity, energy use and import play in environmental quality?"
W4398250626,Paper,Development of pH-responsive Eudragit S100-functionalized silk fibroin nanoparticles as a prospective drug delivery system
W3034501957,Paper,Allelopathic Potential of Rice and Identification of Published Allelochemicals by Cloud-Based Metabolomics Platform
W4390598901,Paper,Impact of Fintech’s Development on Bank Performance: An Empirical Study from Vietnam
W4404051530,Paper,"Gas transport mechanisms, mathematical models, and impact factors in low-permeability rocks: A critical review"
W4387614886,Paper,"Nexus between Financial Education, Literacy, and Financial Behavior: Insights from Vietnamese Young Generations"
W4391319779,Paper,"Polyphenol Contents, Gas Chromatography-Mass Spectrometry (GC–MS) and Antibacterial Activity of Methanol Extract and Fractions of <i>Sonneratia Caseolaris</i> Fruits from Ben Tre Province in Vietnam"
W4396895702,Paper,Regulating the Electronic and Magnetic Properties of a SnSSe Janus Monolayer toward Optoelectronic and Spintronic Applications
W4400887136,Paper,Molecular insights into the interactions between PEG carriers and drug molecules from Celastrus hindsii: a multi-scale simulation study
W4405012377,Paper,A Literature Review on EFL Students’ Integration of Al-Based Tools in English Learning and The Perceived Impact on Autonomy
W4407757245,Paper,Interaction of Remalan Brilliant Blue R dye with <i>n</i> -alkyltrimethylammonium chloride surfactants: conductometric and spectroscopic investigations
W7118163415,Paper,Single-cell and transcriptomic profiling reveal stemness-driven immune evasion in obstructive sleep apnea (OSA) associated lung cancer
W7118767696,Paper,Social Reflection in Contemporary Vietnamese Art: a Study of Representative Artists
W7118869195,Paper,Slot fidelity and ligation-dependent tribology in personalized brackets made by casting versus selective laser melting: an in vitro study
W7119357954,Paper,Do Income Diversification and Digital Transformation Enhance Risk-Adjusted Bank Performance? Evidence from VietNam
W7119522653,Paper,Higher-order 2D lattices with long-range interactions and their nonlocal continua
W7119532240,Paper,"An Integrated Framework for Air Quality Management in Vietnam: Combining Emission Inventory, GIS, Modeling, and Multi-Criteria Decision Analysis"
W7119692187,Paper,An evaluation of the Advanced Oxford Practice Grammar Course book used for VLU’s English majors
W7119881577,Paper,Bioactivity of Cyperus amuricus extracts against hepatocellular carcinoma and molecular docking analysis targeting the PI3K/AKT/mTOR pathway
W7123357215,Paper,Dopant-driven electronic coupling and fast gas sensing in gold-boron co-doped Si/MoS <sub>2</sub> heterostructures: a first-principles study
W7124221689,Paper,Advanced Machine Learning Approaches for Predicting Long-Term Concrete Shrinkage
W7124505868,Paper,"Unveiling the phonon scattering limited intrinsic carrier mobility and electronic, mechanical, and piezoelectric properties of novel Janus CrBZS <sub>2</sub> (Z = N, P, As) monolayers"
W7125485054,Paper,Bond strength of thermoformed and 3D-printed aligners with universal primer versus one-step aligner adhesive with and without sandblasting: An in vitro study
W7125778505,Paper,Density deconvolution of a sum variable from noisy data with unknown noise distribution
W7125798761,Paper,Effectiveness of sodium dodecyl sulfate for mild steel surface in an acidic medium: energy dispersive X-ray and field emission scanning electron microscopy techniques
W7125944245,Paper,KHẢO SÁT ĐẶC ĐIỂM VÀ KIỂU HÌNH ĐỀ KHÁNG CARBAPENEM CỦA PSEUDOMONAS AERUGINOSA TẠI BỆNH VIỆN THỐNG NHẤT
W7125983273,Paper,Chemical Composition and Potential Control Three Disease‐Transmitting Mosquitoes of <i>Harrisonia perforata</i> (Blanco) Merr. Essential Oils
W7126022358,Paper,"FIGURE 1 in Diversity, endemism, and geographical distribution of scaly tree ferns in Asia"
W7126031294,Paper,GenAI in Higher Education: A Review of Student Adoption and A Future Research Agenda
W7126085536,Paper,Access Control Policy Verification: A Survey of Rule-Set-Based Techniques
W7126088191,Paper,"FIGURE 1 in Diversity, endemism, and geographical distribution of scaly tree ferns in Asia"
W7126107906,Paper,A Taxonomy of Clipping-Based Differential Privacy in Federated Learning
W7126151423,Paper,Integrated Processing of Dragon Fruit and Cashew Apple Juice for High‐Quality Fruit Wine: A Biotechnological Approach
W7126182670,Paper,Competing bonding and anharmonicity control piezoelectricity and thermal transport in janus BrSbX monolayers
W7126391955,Paper,Understanding student experiences in an international virtual exchange: Advancing English learning and intercultural skills in a Yogyakarta English education context.
W7126404938,Paper,Understanding student experiences in an international virtual exchange: Advancing English learning and intercultural skills in a Yogyakarta English education context.
W7127274448,Paper,Energy Efficiency Maximization for RIS-Aided Integrated Sensing and Communication
W7127284528,Paper,Prediction of Longitudinal Stability Derivatives of a Projectile Using Unsteady Computational Fluid Dynamics
W7127288345,Paper,Genetic Algorithm Optimized Controllers for Wind Power Fluctuation Mitigation in Power Grids
W7127316044,Paper,Swin-PResU: Hybrid Swin ViT and Pruned Residual CNN for Precise Brain Tumor MRI Segmentation
W7127339318,Paper,"A 1-Bit Reconfigurable Intelligent Surface: Design, Theory and Beam Steering in S and C Band"
W7127339740,Paper,Optimization of User Distance in STAR-RIS-Assisted NOMA Random Networks Using Supervised Deep Learning Techniques
W7127343450,Paper,A Transmissive Frequency Selective Surfaces with Polarization Conversion
W7127345430,Paper,STAR-RIS-Assisted Sum Rate Maximization for Underlaid D2D Communications
W7127352289,Paper,Active STAR-RIS-Empowered RSMA Systems: Outage Probability and Ergodic Capacity
W7127369706,Paper,Application of OCR and NLP Technology in Text Summary and Vietnamese Handwriting Recognition
W7127372804,Paper,Fruit Ripeness Detection: A Comparative Analysis of State-of-the-Art YOLO Models
W7127377801,Paper,A Hybrid Framework for Semi-Automated Traffic Annotation: Integrating YOLOv11 Object Detection with CLIP Semantic Verification
W7127404728,Paper,Group-Aware DDQN with Markovian Reward Adjustment for Vehicular Spectrum Access Under Intermittent Jamming
W7127411886,Paper,Energy-Efficient Resource Allocation in O-RAN Using Soft Actor-Critic
W7127415324,Paper,Design of Reconfigurable Beam Scanning Array Antenna with CNN-Based Machine Learning for mmWave 5G/6G Applications
W7127417295,Paper,Artificial Intelligence (AI) Applications in Construction Industry: A Big Data-driven Bibliometric Analysis
W7127423013,Paper,Effective Deterministic WiFi Handover Mechanism with Fuzzy-Inspired Stability Checks
W7127432421,Paper,Multihop Relaying-Assisted NOMA IoT Networks with Short-Packet URLLCs
W7127436591,Paper,Latency and Energy Aware Service Migration in UAV-Enabled MEC Wireless Sensor Networks
W7127441308,Paper,Green Manufacturing of EV Batteries: A Novel Non-Contact Roll-to-Roll Approach for Double-Side Electrode Coating
W7127632959,Paper,"Structural, Electronic, and Optical Properties of 2D Penta‐PdSe <sub>2</sub> and Penta‐PdPSe Heterostructures: A Computational Study"
W7127955044,Paper,Bi-objective Makespan Scheduling Location Problem on Networks
W7127959413,Paper,"Imidazole-[1,5- <i>a</i> ]-Pyridines Can Occupy the EGFR Allostery with a Strong Polar Interaction"
W7128391453,Paper,Benchmarking the Ligand–HER2 Interactions Using Machine Learning and Molecular Dynamics Simulations
W7128404636,Paper,"Fractional iterative differential equations with boundary conditions via <i>μ</i> -Caputo fractional derivative: existence, uniqueness of a solution and Hyers-Ulam stability"
W7128533831,Paper,"ỨNG DỤNG HỆ THÔNG TIN ĐỊA LÍ (GIS) VÀ PHÂN TÍCH THỨ BẬC (AHP) ĐÁNH GIÁ NGUY CƠ CHÁY RỪNG TRÊN ĐẤT THAN BÙN Ở VƯỜN QUỐC GIA U MINH HẠ, TỈNH CÀ MAU"
W7128534635,Paper,Vietnamese EFL Lecturers’ Perspectives on Leveraging AI Tools to Enhance Students’ Autonomous Learning
W7128925053,Paper,Integrin αvβ3 is a Potential Therapeutic Target in Cholangiocarcinoma
W7129078239,Paper,A Comprehensive Digital Workflow for the Treatment of Excessive Gingival Display Caused by Altered Passive Eruption: A Prospective Case Series
W7129553087,Paper,Tunable thermal transport in hole-doped monolayer penta-graphene: A first-principles and machine-learning study
W7129778683,Paper,A Proposed Ollivier–Ricci–Bourguignon Type Flow
W7130418290,Paper,"DFT study of halogenated InTeX (X = Cl, Br and I) monolayers: promising 2D materials for nanoelectronics"
W7130506610,Paper,Location Based Targeting and Discount Depth in Mobile Promotions: Evidence from a Large Scale Experiment
W7130515890,Paper,Reconstructing the right-hand side of a Poisson equation with random noise
W7131109455,Paper,Cybersecurity in Blockchain-based fintech platforms: Social Perceptions and Adoption Intention
W7131416904,Paper,Integrin αvβ3-dependent pathogenic effect and therapeutic effects of DL-N2 combined with EGFR inhibitors in pancreatic adenocarcinoma
W7131662221,Paper,Interface shear strengths for design of containment bottom liner systems
W7131672289,Paper,Integrating evolutionary optimization and graph attention variational autoencoding for wood surface defect recognition
W7131786424,Paper,Adsorption mechanism of sodium polysulfide clusters on selenium-doped Ti2CO2 MXenes for application in sodium-sulfur batteries
W7133226126,Paper,"Composite A <sub>2</sub> M <sub>6</sub> O <sub>13</sub> anodes (A = Li, Na; M = Ti, Zr) for Li–Na dual cation batteries: a theoretical investigation"
W7133243872,Paper,Proteasome Assembly Chaperone 3 Defines Metabolic-Immune Programs and Poor Prognosis in Breast Cancer via Multi-Omics Approaches
W7133946363,Paper,Free vibration analysis of sandwich porous metal cylindrical shells including initial curvature effect
W7133975914,Paper,Effects of Antigen Dosage and Chitosan Micro/Nanoparticle Size on Immune Responses in Mice Immunized with H5N1 Influenza Vaccine
W7134045706,Paper,A Novel DEM-Subset Simulation Approach for the Behavior and Reliability Calibration of FRP-Reinforced Concrete Beams
W7134116251,Paper,Cone-Beam Computed Tomography–Based Assessment of Virtual Pterygoid Implant Placement in Vietnamese Population
W7134165910,Paper,Integrating Microalgae Cultivation With Municipal Wastewater Treatment for Biofuel Production: A Semiquantitative Review
W7134186300,Paper,Exploring Identity and Participation in Community‐Based Tourism Through Q‐Methodology: Discursive Negotiations Within Vietnam's Minority Communities
W7134190072,Paper,Modulating Electronic and Magnetic Properties of GeI <sub>2</sub> Monolayer via Doping With Arsenic and Selenium: A First‐Principles Study
W7134201769,Paper,Comparative Analysis of CCS Monitoring Strategies in the Tomakomai and Jilin Projects
W7134900106,Paper,The Boundedness of $$p$$-Adic Rough Hausdorff Operators on Grand Morrey-Herz Spaces
W7134947698,Paper,"HIỆN TRẠNG PHÁT SINH CHẤT THẢI CÔNG NGHIỆP VÀ TIỀM NĂNG QUẢN LÝ DỮ LIỆU HƯỚNG ĐẾN CỘNG SINH CÔNG NGHIỆP TẠI CÁC KHU CHẾ XUẤT, KHU CÔNG NGHIỆP THÀNH PHỐ HỒ CHÍ MINH"
W7135034164,Paper,Data-Driven Customer Behavior Analysis for Take-Away Coffee in Vietnam
W7135071235,Paper,NHU CẦU CHỈNH NHA CỦA SINH VIÊN KHOA RĂNG HÀM MẶT TRƯỜNG ĐẠI HỌC VĂN LANG
W7135509405,Paper,"Erratum for ""simple wave solution for seismic earth pressures on nonyielding walls"" by Panos Kloukinas, Miltiadis Langousis, and George Mylonakis [J. Geotech. Geoenviron. Eng., 142, 6, (2016) 1-1] doi 10.1061/(ASCE)GT.1943-5606.0000721"
W7136207794,Paper,"Current and future contributions of AI to pulmonary function test interpretation, diagnostic approaches, and predictions of disease progression"
W7136346916,Paper,"Sustainable conversion of waste robusta coffee husk into tea: optimization, properties and diffusion kinetics"
W7136710832,Paper,Machine learning-based prediction of the coefficient of performance for low global warming potential refrigerants in a vapor compression system
W7137152070,Paper,Van die Redaksie
W7137867611,Paper,Synthesis of 3‑MPTS–Functionalized Magnetic Silica Nanoparticles Conjugated with Anti‑CD34 Antibodies for Isolation of CD34+ Cells from Umbilical Cord Blood
W7137929809,Paper,Investigation into infectability and detection of β-lactam antibiotic resistance genes in Escherichia coli isolated from imported frozen chicken in Ho Chi Minh City
W7138163378,Paper,Multi-Omics and Single-Cell Dissection Reveals EXT1 as a Glycosylation-Linked Therapeutic Target in Cancer
W7138255861,Paper,A Practical Exploration on the Integration of Modern Information Technology and Chinese Language Pedagogy in Higher Education
W7138309880,Paper,Greenhouse-gas inventory and carbon-credit estimation for cold-chain logistics enterprises in Vietnam
W7138412182,Paper,A Practical Exploration on the Integration of Modern Information Technology and Chinese Language Pedagogy in Higher Education
W7138450076,Paper,Synthesis of 3‑MPTS–Functionalized Magnetic Silica Nanoparticles Conjugated with Anti‑CD34 Antibodies for Isolation of CD34+ Cells from Umbilical Cord Blood
W7138834802,Paper,Integrative Multi-Omics and Single-Cell Analysis Reveal THOC3 and THOC7 as Oncogenic RNA Processing Regulators in Lung Adenocarcinoma
W7138847349,Paper,"Rashba spin splitting and phonon-limited carrier mobility in novel two-dimensional Janus ZCrBSe <sub>2</sub> (Z = N, P, As) materials"
W7138924488,Paper,A data-enabled surrogate modeling framework for rapid serviceability deflection assessment of plate structures
W7138924495,Paper,PUBLIC SPEAKING ANXIETY AND STRATEGIES TO OVERCOME THROUGH PUBLIC SPEAKING SKILL TRAINING
W7138925389,Paper,A Practical Exploration on the Integration of Modern Information Technology and Chinese Language Pedagogy in Higher Education
W7138961853,Paper,Graph neural network method for insulator surface defects classification
W7139012749,Paper,Stability estimates for nonlinear backward diffusion equations with superposition operators of mixed orders and time-dependent coefficients
W7139037461,Paper,Integrative Multi-Omics and Single-Cell Profiling Identify Chitinase Domain Containing Protein 1 (CHID1) as a Prognostic Biomarker in Glioblastoma
W7139959509,Paper,A Renormalizable Neutrino Mass Model With (Z <sub>2</sub> × Z <sub>4</sub> )⋊Z <sub>2</sub> (II) Symmetry
W7140080270,Paper,A Cytokine-Related Gene Signature for Pan-Cancer Prognostic Stratification and Malignant Phenotype Characterization
W7140195147,Paper,Parametric optimization of auxetic lattices using Grasshopper and Abaqus validation
W7140412201,Paper,A Data-Driven Study on Electric Vehicle Adoption
W7142477247,Paper,Integrated Plasma Exfoliation and Dye Degradation for Sustainable Upcycling of Spent Zinc–Carbon Battery into Supercapacitor Electrodes
W7142890397,Paper,TỪ CHẤT LƯỢNG HỆ THỐNG ĐẾN LỢI ÍCH HỌC TẬP: VAI TRÒ CỦA THÁI ĐỘ NGƯỜI HỌC VÀ SỬ DỤNG THỰC TẾ HỆ THỐNG QUẢN LÝ HỌC TẬP LMS TRONG MÔ HÌNH TAM MỞ RỘNG
W7143055600,Paper,ĐỀ XUẤT KHUNG PHÁP LÝ VÀ HƯỚNG DẪN ÁP DỤNG KẾ TOÁN ĐIỀU TRA TRONG HỆ THỐNG NGÂN HÀNG THƯƠNG MẠI VIỆT NAM
W7143830774,Paper,Promote the synergistic growth of rural tourism and the OCOP program in Vietnam
W7147035534,Paper,Vietnamese anti-war art: a study of representative artists
W7147213615,Paper,Effective Decoupling Bulk Conductivity and Surface Electrochemical Stability in Sol-Gel ATO Thin Films: Insights from Electronic Structure and Crystallization Kinetics
W7147295963,Paper,VIETNAMESE STUDENTS’ ATTITUDES TOWARDS DIFFERENT ENGLISH ACCENTS AND THEIR OWN ENGLISH ACCENT
W7147563121,Paper,Transition metal sulfides/selenides as cathode electrocatalysts for enhanced hydrogen evolution: Nanostructure engineering strategies and recent progress
W7147579779,Paper,NHẬN THỨC CỦA SINH VIÊN HỌC TIẾNG ANH NHƯ MỘT NGOẠI NGỮ ĐỐI VỚI CÔNG NGHỆ TRÍ TUỆ NHÂN TẠO CHUYỂN VĂN BẢN THÀNH GIỌNG NÓI TRONG VIỆC HỌC NGÔN NGỮ
W7147608128,Paper,MULTILINGUAL STUDENTS’ EXPERIENCES OF TRANSLANGUAGING PRACTICES IN A VIETNAMESE ENGLISH FOR ACADEMIC PURPOSES CLASSROOM: A NARRATIVE INQUIRY
W7148529802,Paper,Comparison of the optical and transport characteristics due to symmetrical and asymmetrical interface-optical-phonon modes of asymmetrical Gaussian GaAs/AlAs quantum wells for both AlAs-barrier and GaAs-well layers
W7150069323,Paper,An integrated bulk and single-cell transcriptomic analysis reveals stemness-driven immune regulation and therapeutic vulnerability in colorectal cancer
W7150709534,Paper,Multi-Tiered Scaffolding and Scaffold Fading in Teaching Chinese as a Second Language: Effects on Oral Proficiency and Pragmatic Adaptability
W7150767546,Paper,Multi-Tiered Scaffolding and Scaffold Fading in Teaching Chinese as a Second Language: Effects on Oral Proficiency and Pragmatic Adaptability
W7150978766,Paper,Multi-Tiered Scaffolding and Scaffold Fading in Teaching Chinese as a Second Language: Effects on Oral Proficiency and Pragmatic Adaptability
W7151601401,Paper,Complex Network Built From Stock Price Returns and Volumes to Predict Market Volatility and Volume
W7151754142,Paper,Theoretical quantum design of pump-laser pulses for generating helical photon-dressed states
W7152089371,Paper,Spatiotemporal analysis of long-term air pollution in two urban regions of Vietnam and potential source contributions
W7152500130,Paper,Multi-RIS-Aided Cell-Free mmWave Massive MIMO With Short-Packet uRLLC: Passive and Hybrid Active Beamforming
W7152541672,Paper,"Electronic Structure Characteristics of Complex Chalcogenides, Halides, and Oxides from Quantum-Mechanical Calculations"
W7152690254,Paper,Data-Driven Optimization Model for Selecting Control System for Automated Guided Vehicle
W7153243958,Paper,"Trends in Pulmonary Tuberculosis Mortality: A Population-Based Study in a Northern Vietnamese Province, 2005–2008 and 2011–2018"
W7153560386,Paper,Translanguaging Practices in a Vietnamese ESP Medical Classroom: A Qualitative Case Study
W7154467160,Paper,A Hybrid Approach to Image Classification Using Kernel-Based Fuzzy Clustering and Support Vector Machine
W7154494603,Paper,Association between serum uric acid levels and adverse pregnancy outcomes: A prospective cohort study
W7154587972,Paper,Metacognitive Awareness of Reading Strategies in Legal English: A Mixed-Methods Study of Vietnamese Economic Law Students
W7154646527,Paper,AI-Cas: AI capablity assessment system
W7154937830,Paper,Effectiveness of home-based video exercise program for adhesive capsulitis of the shoulder
W7154951097,Paper,"Chemical composition, enantiomeric distributions of chiral monoterpenoids, and Aedes mosquito control potential of Globba schomburgkii Hook.f. (Zingiberaceae) essential oil"
W7155199095,Paper,Digital Aesthetics and Celebrity Influence in Fashion Livestream Commerce
W7155200584,Paper,When AI Shapes Brand Love
W7155203564,Paper,Physics-Guided Machine Learning with Flowing Material Balance Integration: A Novel Approach for Reliable Production Forecasting and Well Performance Analytics
W7155452256,Paper,CHRONOS: A Hardware-Assisted Phase-Decoupled Framework for Secure Federated Learning in IoT
W7155517813,Paper,"ĐỀ KHÁNG KHÁNG SINH CỦA VI KHUẨN PHÂN LẬP TỪ THỰC PHẨM ĐƯỜNG PHỐ TẠI PHƯỜNG BÌNH LỢI TRUNG, TP.HCM"
W7155558618,Paper,"Integrative Analysis of Glycosylation-Related Genes Reveals Prognostic Subtypes, Immune Evasion, and Therapeutic Vulnerabilities in Lung Adenocarcinoma"
W7155627074,Paper,Exploring Students' Willingness to Communicate in a Translanguaging Classroom: A Qualitative Study in Vietnam
W7155917193,Paper,One-loop gauge boson contributions to decays \(h\to e_a e_b\) in the general gauge \(\text{R}_\xi\)
W7157065387,Paper,GIẢI PHÁP ÁP DỤNG KẾ TOÁN ĐIỀU TRA TRONG PHÁT HIỆN VÀ PHÒNG NGỪA GIAN LẬN TẠI CÁC NGÂN HÀNG THƯƠNG MẠI VIỆT NAM
W7157165965,Paper,ẢNH HƯỞNG CỦA FOMO VÀ KHẢ NĂNG TỰ KIỂM SOÁT ĐẾN KẾT QUẢ HỌC TẬP CỦA HỌC SINH TRUNG HỌC PHỔ THÔNG TẠI THÀNH PHỐ HỒ CHÍ MINH: VAI TRÒ TRUNG GIAN CỦA HÀNH VI SỬ DỤNG MẠNG XÃ HỘI THIẾU KIỂM SOÁT
W7159099806,Paper,Eudragit E100/silk fibroin hybrid nanoparticles for the controlled oral delivery of amphotericin B
W7159982177,Paper,"Design, synthesis, biological evaluation, and molecular dynamics study of asymmetric <i>N</i> -isopropyl-4-piperidone diarylpentanoids as potential anticancer and anti-inflammatory agents"
W7159983385,Paper,Comprehensive study of tunable BiOI/BiOBr heterojunctions: reactive species and mechanistic insights for visible-light degradation of indigo carmine
W7160027482,Paper,Atypical Fibrodysplasia Ossificans Progressiva Without Great Toe Malformation: A Diagnostic Challenge Preventing Unnecessary Surgical Intervention
W7160032096,Paper,Multi-Omics Profiling Identifies ACP2 as a Central Lysosomal Regulator of Immune Dynamics and Clinical Outcomes in Glioblastoma
W7160136628,Paper,Multi-Omics Profiling Identifies ACP2 as a Central Lysosomal Regulator of Immune Dynamics and Clinical Outcomes in Glioblastoma
W7160165418,Paper,Exploring the role of trust and satisfaction in shaping AI-driven tourist behaviour
W7160174753,Paper,Demotivating Factors in English Language Learning Among Non-English Major University Students in Vietnam: A quantitative study
W7160186769,Paper,Downward Positive Leader Propagation Modes and Their Effects in Positive Cloud‐to‐Ground Lightning Characteristics
W7160251502,Paper,YOLOv11-GATFormer: A unified framework for wood surface defect detection and classification
W7160290327,Paper,Machine learning prediction of electron Iso-density surface areas from molecular descriptors
W7160374639,Paper,"First-principles study of AlGaSi <sub>2</sub> X <sub>6</sub> (X = S, Se, Te) monolayers: structural, electronic, transport and photocatalytic properties"
W7160384513,Paper,Artificial Intelligence Usage Intention for Sustainable Development: A Neo ESG Perspective Using Hybrid Methods
W7160446495,Paper,"ChatGPT in research and practice: Insights into applications, challenges, and future prospects"
W7160527559,Paper,Affecting factors of deviant behaviors of Vietnamese high school students: A cross-sectional study
W7160625615,Paper,"Chemical composition and bioactivities of ethanolic volatile and hexane extract from Hedychium neocarneum rhizomes: antioxidant, antibacterial activity, and in silico study"
W7160640994,Paper,"Chemical composition and bioactivities of ethanolic volatile and hexane extract from Hedychium neocarneum rhizomes: antioxidant, antibacterial activity, and in silico study"
W7160652072,Paper,Narrow-peaked localized defect modes in binary waveguide arrays
W7160763491,Paper,"Governance, Policy, and Regulatory Frameworks of Coastal Bioshields"
W7160768306,Paper,Ecosystem Services and Socioeconomic Benefits of Bioshields
W7160784496,Paper,Towards Sustainable Coastal Futures
W7160839850,Paper,ASSESSING THE INFLUENCES ON TEACHERS' AND STAFF'S MOTIVATION: A VIETNAMESE UNIVERSITY CASE STUDY
W7160841569,Paper,ASSESSING THE INFLUENCES ON TEACHERS' AND STAFF'S MOTIVATION: A VIETNAMESE UNIVERSITY CASE STUDY
W7160940118,Paper,"Integrated Network Pharmacology, Molecular Docking, and Analysis of Active Constituents of <i>Symplocos sumuntia</i> Along With Their Antioxidative Activity"
W7160949195,Paper,"From sidewalks to stories: exploring cultural exchange through culinary tourism in Ho Chi Minh City, Vietnam"
W7160982211,Paper,Value‐based prices of emerging disease‐modifying therapies for Alzheimer's disease in 174 countries: a cost‐effectiveness and threshold analysis
W7161066054,Paper,Enhancing daily peak water level forecasts in tidal-dominated regions using machine learning and future tide integration
W7161111376,Paper,Electrochemical behavior of rapidly synthesized amorphous 3d-VIIIB-metal aerogels as bifunctional electrocatalysts for water splitting
W7161289029,Paper,Reliability-based multi-objective optimization of laminated plates using GDE3 and isogeometric analysis
W7161302210,Paper,Oxygen-Bridged Copper Dual-Metal Sites Dispersed on Carbon Nitride for Highly Efficient and Selective Photoreduction of CO <sub>2</sub> to Acetic Acid in Pure Water
W7161307330,Paper,Gingival phenotype of Vietnamese’s anterior maxillary teeth: A descriptive cross-sectional study
W7161388772,Paper,Global drought recovery analysis code
W7161399871,Paper,The Can Gio - Ben Thanh railway and the Can Gio - Vung Tau sea-crossing route as an effective sea-oriented development solution for Ho Chi Minh city
W7161414526,Paper,Global drought recovery analysis code
W7161536198,Paper,WHAT DRIVES UNIVERSITY EMPLOYEES? A STUDY OF TEACHERS AND STAFF MOTIVATION IN VIETNAM
W7161558438,Paper,"Vibrational behaviors, piezoelectricity, spin-splitting, and carrier mobility in Janus HWSZ (Z = N, P, As) monolayers"
W7161583557,Paper,WHAT DRIVES UNIVERSITY EMPLOYEES? A STUDY OF TEACHERS AND STAFF MOTIVATION IN VIETNAM
W7161594234,Paper,Valorization of <i>Opuntia dillenii</i> biomass into a reusable bio-based composite for sustainable and efficient methyl orange adsorption
W7161788978,Paper,An Efficient Framework for Long-Tailed and Multi-Label Classification on Chest X-Rays
W7161797802,Paper,Integrating Ethnopedagogy in Economic Activities: A Case Study of Rice Farming in the Ciptagelar Community
W7161842826,Paper,"Exploring vibrational properties, Rashba spin splitting, and phonon-limited carrier mobility in Janus WBPX <sub>2</sub> (X = S, Se, Te) monolayers"
W7161844670,Paper,Wood surface image classification using multi-attention graph Neural Networks
W7161973959,Paper,An iterative method for inverse source biparabolic equation
W7162127376,Paper,Economic evaluations of strategies targeting pre‐diagnosis dementia populations: A systematic review
W7162215912,Paper,CBCT-based Morphological Assessment of the Mandibular Premolar and Molar Regions for Immediate Implant Placement in Vietnamese Adults: A Preliminary Study
W7162243861,Paper,Vietnamese EFL Learners’ Perceptions of Abilities and Challenges of Learner Autonomy
W7162303146,Paper,Internationalization and geopolitical risk: impacts on bank profitability and risk
W7162318469,Paper,Observation of a Downward Terrestrial Gamma‐Ray Flash Associated With Dart Leaders of a Negative Cloud‐To‐Ground Lightning Flash
W7162326146,Paper,The communication-performance nexus in organizations: a systematic bibliometric review
W7162334731,Paper,"Reduced hot-electron energy-loss rate induced by finite-square confinement potential in GaN/AlN, GaAs/AlAs, and GaSb/InAs nanostructured materials"
W7162404973,Paper,Authentic experiences and destination brand equity: a moderated mediation model of aesthetic perception and place identity
W7162411051,Paper,From Aromatic to Antiaromatic: Charge-Induced Electronic Transformation and Unexpected Stability of B <sub>24</sub> Ni <sub>3</sub> <sup>–</sup>
W7162419195,Paper,Tổng quan hệ thống về các phương pháp đo bề dày nướu: Từ truyền thống đến kỹ thuật số
W7162426908,Paper,Theoretical investigation of electrochemical behavior of DTPA and its interfacial synergy with defected graphene toward photocatalytic applications
W7162442689,Paper,Electron mobility limits in GaN double square quantum wells: effects of dielectric environment and interwell coupling
W7162451130,Paper,Artificial Neural Network and Reliability-Based Design of Concrete Beams Reinforced by FRP Bars
W7162452091,Paper,User-generated content as a decision-support mechanism in high-involvement digital retail: evidence from smart device purchases in Vietnam
W7162538134,Paper,Data‐Driven Prediction of Photovoltaic Inverter Temperature Using Operational Dashboard Data: A Comparative Machine Learning Study
W7162561748,Paper,DFT investigation of Na-ion interaction with Janus 1T-HfSTe monolayer for sodium-ion battery anodes
W7162805338,Paper,Investigation of the effective refractive index in suspended core photonic crystal fiber based on As2S3 with CS2-filled air holes
W7162814210,Paper,A Stochastic Ensemble Physics-Informed Neural Networks via Bagging and Monte Carlo Dropout
W7162859516,Paper,ProbAI4MATER
W7162863543,Paper,ProbAI4MATER
W7162875868,Paper,"Education for Sustainable Development Awareness, Attitudes, and Actions: A Quantitative Study of In-service Teachers in Vietnam"
W7162938210,Paper,A comparative analysis of HB markers and profiles between HIV-infected patients and healthy adults in Southern Vietnam
W7163065831,Paper,Transforming industrial residues and ZnO nanoparticles into hybrid adsorbents for enhanced heavy metal removal
W7163067228,Paper,"Coping strategies and household resilience in a public health disaster: Evidence from the poor in Ho Chi Minh City, Vietnam"
W7163367857,Paper,Global existence for nonlinear bi-parabolic equation under globally Lipschitz condition
W7163549597,Paper,"Cadmium Sulfide‐Based Nanostructures for Next‐Generation Multifunctional Applications: Design Strategies, Decoding Performance Limitations, and Recent Advances"
W7163582689,Paper,"SOME CAUSES, CONSEQUENCES, AND PREVENTIVE SOLUTIONS FOR WORKPLACE VIOLENCE AGAINST HEALTHCARE WORKERS AT THE HOSPITAL FOR REHABILITATION - PROFESSIONAL DISEASES"
W7163654284,Paper,Mathematics learners’ adoption of generative artificial intelligence: A structural equation modeling approach
W7163660649,Paper,External-field control of Stoner ferromagnetism in TMDC monolayers
W7163735877,Paper,Sustainable Urban Delivery Vehicle Selection in Vietnam: A Hybrid Multi-Criteria Decision-Making Approach
W7163742943,Paper,DFT investigation of hydroxyl radical scavenging mechanisms in bioactive terpenoids from Syzygium nervosum
W7163752815,Paper,Strategies to Foster Engagement among First-Year EFL Students: An Explanatory Sequential Mixed-Methods Study at a Vietnamese University
W7163867813,Paper,The Relationship between Teacher Training and the Use of Learning Media on Student Learning Achievement
W7163886815,Paper,"Enriched Sensing Characteristics of Boron Doped and (Boron, Iron) Co‐Doped Molybdenum Disulfide to Detect CO, CO <sub>2</sub> , NH <sub>3</sub> Gases: A Comprehensive First‐Principles Study"
W7163942238,Paper,A black-winged kite improved fuzzy clustering handling imbalanced uncertain data
W7163995216,Paper,The mediating and moderating role of work engagement in self-compassion and mental well-being among private sector employees
W7164001604,Paper,"Stock market development, bank credit, and renewable energy as drivers of carbon intensity using a wavelet quantile approach"
W7164045742,Paper,"NaMgX <sub>3</sub> (X = Cl, Br) for solid electrolyte interphases: atomistic insights into defects, surfaces and doping strategies"
W7164178285,Paper,Effects of a social emotional learning enhanced gamified flipped classroom on self-compassion and academic achievement in higher education
W7164518188,Paper,"The impact of renewable energy, banking credit, and industrial robots on environmental sustainability in the top five robot installing countries"
W7164823619,Paper,A gender-based analysis of self-efficacy and foreign language anxiety among Vietnamese undergraduates
W7164884701,Paper,"Calculating Size-Dependent Hamaker Constants for Gold, Silver, and Copper Nanoparticles in Aqueous Media"
W7164917283,Paper,AgI/Ag/g-C <sub>3</sub> N <sub>4</sub> nanocomposites with antifungal activity against <i>Rhizoctonia solani</i> in tropical plants
W7164931366,Paper,Green innovation and the CO2 emissions gap: New evidence from OECD economies
W7164944821,Paper,Association between systemic immune-inflammation index and low-grade inflammation in patients undergoing maintenance hemodialysis: SII and chronic inflammation in hemodialysis patients
W7165114816,Paper,Modeling the impact of dataset size and class imbalance on YOLOv10-based PPE detection systems
W7165175586,Paper,TƯƠNG QUAN GIỮA IMPLANT TỨC THÌ VÀ XƯƠNG Ổ RĂNG NANH HÀM DƯỚI
W7165199016,Paper,Reliability Analysis of Ring Footings Using Random Field Finite Element Limit Analysis and Stacked Machine Learning Surrogates
W7165377796,Paper,Comment on the Halder–Wagner Approach to Size–Strain Separation
W7165570983,Paper,Reliability and predictive value of inflammatory indices for eGFR change in diabetic patients: A 6-month follow-up study
W7165623399,Paper,"Emission inventory and climate benefits of alternative fuels for motorcycles in Ho Chi Minh City, Viet Nam"
W7165659512,Paper,Validation of online clearance monitoring and machine learning-based prediction of dialysis adequacy in Vietnamese hemodialysis patients: a cross-sectional study
W7166003581,Paper,Chemical Analysis and Biological Activities of the Essential Oils of <i>Beilschmiedia bidoupensis</i> and <i>Beilschmiedia tsangii</i> Growing Wild in Vietnam
W7166028472,Paper,"Data for study ""Evaluating the Impact of Gaussian Noise on YOLO-Based Object Detection: A Systematic Study on Noise Robustness and Denoising-Retraining Strategies"""
W7166029693,Paper,"Data for study ""Evaluating the Impact of Gaussian Noise on YOLO-Based Object Detection: A Systematic Study on Noise Robustness and Denoising-Retraining Strategies"""
W7166030371,Paper,"Data for study ""Knowledge Evolution and AI Paradigm Shifts in Pedestrian Detection: A Bibliometric and Main Path Analysis"""
W7166054839,Paper,An approach of dual attention-driven multi-levelled graph neural architecture for rich-structural social graph analysis and representation learning
W7166095928,Paper,"Data for study ""Knowledge Evolution and AI Paradigm Shifts in Pedestrian Detection: A Bibliometric and Main Path Analysis"""
W7166138059,Paper,"Electronic properties and phonon-limited carrier mobility in Janus CrBZTe₂ (Z = N, P, As) monolayers: A first-principles study"
W4411069142,Paper,"Advances in Co<sub>3</sub>O<sub>4</sub> nanomaterial-based photocatalysts for water purification: mechanisms, green synthesis, activation of oxidants, waste-derived sources, and computational insights"
W4401467334,Paper,Influence of additives on the interaction of antidepressant drug with TX-165 surfactant: Surface tension and FTIR analyses
W4409606618,Paper,Investigating Antecedents of Intention to Use Green Agri-Food Delivery Apps: Merging TPB with Trust and Electronic Word of Mouth
W4411867038,Paper,Advanced Learning Algorithms for Integrated Sensing and Communication (ISAC) Systems in 6G and Beyond: A Comprehensive Survey
W4412389639,Paper,State-of-the-Art Review of Studies on the Flexural Behavior and Design of FRP-Reinforced Concrete Beams
W4402693339,Paper,<b>AI Chatbots for Language Practices</b>
W4405012386,Paper,"Harnessing AI-Based Tools for Enhancing English Speaking Proficiency: Impacts, Challenges, and Long-Term Engagement"
W4409644508,Paper,An isogeometric approach for vibration characteristics analysis of functionally graded triply periodic minimal sandwich curved-doubly shell integrated with magneto-electro surface layers subjected to low-velocity impact load
W4388942254,Paper,Failure Mode Identification and Shear Strength Prediction of Rectangular Hollow RC Columns Using Novel Hybrid Machine Learning Models
W4404837469,Paper,The Impact of Financial Inclusion and Digitalization on CO2 Emissions: A Cross-Country Empirical Analysis
W4382937971,Paper,Psychometric Validation of the Brief Resilience Scale in the Sample of Vietnamese University Student
W4406874864,Paper,Recent advances in near-infrared organic photosensitizers for photodynamic cancer therapy
W4406881240,Paper,Naturally derived hydrogels for wound healing
W4401351881,Paper,ZnO/TiO<sub>2</sub> photocatalytic nanocomposite for dye and bacteria removal in wastewater
W4401684825,Paper,The impact of source characteristics and parasocial relationship on electronic word-of-mouth influence: the moderating role of brand credibility
W4402596390,Paper,First principles prediction unveils high-<i>T</i><sub>c</sub> superconductivity in YSc<sub>2</sub>H<sub>24</sub> cage structures under pressure
W4411379455,Paper,AI-Assisted Design of 3D-Printed Lingual Indirect Bonding Trays: A Comparative Evaluation of Bracket Transfer Accuracy
W4393854948,Paper,"The Moderating Role of Risk Perception in the Relationships Between Motivation, Attitude, and Involvement in Adventure Activities: A Study from Young Vietnamese Travelers"
W4394886436,Paper,Rich essential properties of silicon-substituted graphene nanoribbons: a comprehensive computational study
W4399490801,Paper,Recovery of Lithium from Industrial Li-Containing Wastewater Using Fluidized-Bed Homogeneous Granulation Technology
W4402962879,Paper,"Chemical Constituents, Biological Activities and Molecular Docking Studies of Root and Aerial Part Essential Oils from <i>Erigeron sublyratus</i> Roxb. ex DC. (Asteraceae)"
W4404920262,Paper,"Raman response, piezoelectricity, and transport properties of the two-dimensional Janus <mml:math xmlns:mml=""http://www.w3.org/1998/Math/MathML""> <mml:mrow> <mml:mi>HfSi</mml:mi> <mml:msub> <mml:mi>X</mml:mi> <mml:mn>3</mml:mn> </mml:msub> <mml:mi mathvariant=""normal"">H</mml:mi> </mml:mrow> <mml:mo> </mml:mo> <mml:mrow> <mml:mo>(</mml:mo> <mml:mi>X</mml:mi> <mml:mo>=</mml:mo> <mml:mi mathvariant=""normal"">N</mml:mi> <mml:mo>/</mml:mo> <mml:mi mathvariant=""normal"">P</mml:mi> <mml:mo>/</mml:mo> <mml:mi>As</mml:mi> <mml:mo>)</mml:mo> </mml:mrow> </mml:math> semiconductors: A first-principles study"
W4408185919,Paper,Assessing heavy metal pollution levels and associated ecological risks in peatland areas in the Mekong Delta region
W4408446899,Paper,PEGylated Silk Fibroin Nanoparticles for Oral Antibiotic Delivery: Insights into Drug–Carrier Interactions and Process Greenness
W4318819594,Paper,Phonon transport in Janus monolayer siblings: a comparison of 1T and 2H-ISbTe
W4397002070,Paper,Robust-MBDL: A Robust Multi-Branch Deep-Learning-Based Model for Remaining Useful Life Prediction of Rotating Machines
W4407666597,Paper,"Doping Janus MoSSe monolayer with Al/Ga and P/As atoms, and their clusters: effective methods for the band structure and magnetism engineering"
W4410593844,Paper,Heterogeneous 2D/2D MnO2/MXene catalyst for nitrate-to-ammonia electrochemical reduction and Zn-nitrate battery behavior
W4413004400,Paper,How Has Community‐Based Tourism Evolved Over Three Decades (1995–2025): A Bibliometric and Systematic Literature Review on Evolution and Future Research Directions
W4413118057,Paper,Association and binding nature of sodium dodecyl sulfate with ofloxacin antibiotic drug in potassium-based electrolyte solutions: a conductometric and UV–Visible spectroscopic investigation
W4414704940,Paper,"Cyclodextrins, Surfactants and Their Inclusion Complexes"
W4399691773,Paper,"Antiferromagnetism in GaS monolayer doped with TM–TM atom pairs (TM = V, Cr, Mn, and Fe)"
W4408605524,Paper,"Influence of temperature, electric field and spin Zeeman field on the quantum capacitance of the germanene monolayer material"
W4385422760,Paper,Free vibration analysis of a skew sandwich plate with bamboo biocomposite and polylactic acid core under temperature and moisture conditions
W4409898812,Paper,Integration of multi-omics and single-cell transcriptome reveals mitochondrial outer membrane protein-2 (MTX-2) as a prognostic biomarker and characterizes ubiquinone metabolism in lung adenocarcinoma
W4410774379,Paper,"Revisiting Emissions: How Economic Structure, Financial Development, Urbanisation, Trade Openness, and Natural Resource Rent Shape CO2 and N2O"
W4414773519,Paper,Plant-growth-promoting rhizobacteria for mitigating salinity stress in rice farming: a review of the Vietnamese Mekong Delta
W4407717565,Paper,Enhancing co-pyrolysis process of biomass and coal using machine learning insights and Shapley additive explanations based on cooperative game theory
W4412843188,Paper,Feature-rich fundamental properties of hydrogen-adsorbed armchair graphene nanoribbons: insights from first-principles calculations
W4415373468,Paper,Peptides from plants and microorganisms: a defense strategy for biotic and abiotic stresses
W2015390581,Paper,Thallium-201 for myocardial imaging. Relation of thallium-201 to regional myocardial perfusion.
W2049769420,Paper,The early recognition of right ventricular infarction: diagnostic accuracy of the electrocardiographic V4R lead.
W2167868957,Paper,Systemic vascular resistance: an unreliable index of left ventricular afterload.
W1972364831,Paper,Funding Medical Education Research: Opportunities and Issues
W2037241957,Paper,Life cycle assessment of intensive striped catfish farming in the Mekong Delta for screening hotspots as input to environmental policy and research agenda
W2037351555,Paper,"The Multi-Level Environmental Governance of Vietnamese Aquaculture: Global Certification, National Standards, Local Cooperatives"
W2593957126,Paper,Education for Developing and Sustaining a Health Care Workforce for Disaster Readiness
W3030321203,Paper,Evaluation of the Inhibitory Activities of COVID‐19 of <i>Melaleuca cajuputi</i> Oil Using Docking Simulation
W3171413831,Paper,A Multicriteria Decision-Making Model for the Selection of Suitable Renewable Energy Sources
W2103748781,Paper,Effects of intravenous solutions on acid-base equilibrium: from crystalloids to colloids and blood components
W2519522313,Paper,Design of a novel fuel cell-Fenton system: a smart approach to zero energy depollution
W2116401724,Paper,Controlling HIV Epidemics among Injection Drug Users: Eight Years of Cross-Border HIV Prevention Interventions in Vietnam and China
W2131291272,Paper,American Sign Language/English Bilingual Model: A Longitudinal Study of Academic Growth
W2180953235,Paper,Part 2: Evidence Evaluation and Management of Conflicts of Interest
W3175462020,Paper,Developing a Vietnamese Tourism Question Answering System Using Knowledge Graph and Deep Learning
W2057397620,Paper,Contrast ultrasonography of the kidney: a new method for evaluation of renal perfusion in vivo.
W2676123895,Paper,Nitrogen-Doped Graphitized Carbon Electrodes for Biorefractory Pollutant Removal
W3038323774,Paper,Assessment of land suitability potentials for winter wheat cultivation by using a multi criteria decision Support- Geographic information system (MCDS-GIS) approach in Al-Yarmouk Basin (Syria)
W4206307193,Paper,Spherical Fuzzy Multicriteria Decision-Making Model for Wind Turbine Supplier Selection in a Renewable Energy Project
W2936657119,Paper,Fe-Nanoporous Carbon Derived from MIL-53(Fe): A Heterogeneous Catalyst for Mineralization of Organic Pollutants
W3135035374,Paper,A Study on Collaborative Online Learning among EFL Students in Van Lang University (VLU)
W4220909584,Paper,Silk fibroin hydrogel containing <i>Sesbania sesban</i> L. extract for rheumatoid arthritis treatment
W4224965222,Paper,A New Hybrid Triple Bottom Line Metrics and Fuzzy MCDM Model: Sustainable Supplier Selection in the Food-Processing Industry
W3049420009,Paper,The Determinants of Citizens’ Satisfaction of E-Government: An Empirical Study in Vietnam
W4221088381,Paper,EFL Students’ Challenges of Online Courses at Van Lang University during the COVID-19 Pandemic
W4281854534,Paper,Optimal Waste-to-Energy Strategy Assisted by Fuzzy MCDM Model for Sustainable Solid Waste Management
W2893392348,Paper,Dynamic topology and allometric scaling behavior on the Vietnamese stock market
W3173640918,Paper,Barriers to corporate social responsibility practices in construction and roles of education and government support
W4281920079,Paper,Supply chain quality management 4.0: conceptual and maturity frameworks
W3159682264,Paper,Flavones from Combretum quadrangulare Growing in Vietnam and Their Alpha-Glucosidase Inhibitory Activity
W4296081994,Paper,"Synthesis, Biological Evaluation, and Molecular Modeling Studies of 1-Aryl-1<i>H</i>-pyrazole-Fused Curcumin Analogues as Anticancer Agents"
W2975116785,Paper,Dividend policy and earnings quality in Vietnam
W3203242018,Paper,Cooperative Communications for Improving the Performance of Bidirectional Full-Duplex System With Multiple Reconfigurable Intelligent Surfaces
W4309737898,Paper,Evaluating the Applications of Dendritic Neuron Model with Metaheuristic Optimization Algorithms for Crude-Oil-Production Forecasting
W3033526964,Paper,Impacts of the COVID-19 pandemic upon mental health: Perspectives from Vietnam.
W2626032508,Paper,Surfactant- and Binder-Free Hierarchical Platinum Nanoarrays Directly Grown onto a Carbon Felt Electrode for Efficient Electrocatalysis
W3194522155,Paper,Effective reduction of nitrophenols and colorimetric detection of Pb(<scp>ii</scp>) ions by <i>Siraitia grosvenorii</i> fruit extract capped gold nanoparticles
W4284885794,Paper,Designing a MCDM Model for Selection of an Optimal ERP Software in Organization
W3200969711,Paper,Vegan leather: An eco-friendly material for sustainable fashion towards environmental awareness
W4283370032,Paper,Evaluation of Digital Marketing Technologies with Fuzzy Linguistic MCDM Methods
W4285149948,Paper,Sustainable Energy Source Selection for Industrial Complex in Vietnam: A Fuzzy MCDM Approach
W4291298303,Paper,Effects of Using Technology to Support Students in Developing Speaking Skills
W4226471663,Paper,Unsupervised Deep-Learning-Based Reconfigurable Intelligent Surface-Aided Broadcasting Communications in Industrial IoTs
W4287219732,Paper,An Efficient Method for Solving Router Placement Problem in Wireless Mesh Networks Using Multi-Verse Optimizer Algorithm
W4288050251,Paper,Psychological empowerment and employee engagement: role of job satisfaction and religiosity in Nigeria
W4361214286,Paper,Considering weights in real social networks: A review
W3034897084,Paper,Social-Aware Spectrum Sharing and Caching Helper Selection Strategy Optimized Multicast Video Streaming in Dense D2D 5G Networks
W3080524420,Paper,A density functional theory study on silver and bis-silver complexes with lighter tetrylene: are silver and bis-silver carbenes candidates for SARS-CoV-2 inhibition? Insight from molecular docking simulation
W3133521134,Paper,Multi-Criteria Decision-Making Methods in Fuzzy Decision Problems: A Case Study in the Frozen Shrimp Industry
W3162355841,Paper,"Silver and Gold Nanoparticles from Limnophila rugosa Leaves: Biosynthesis, Characterization, and Catalytic Activity in Reduction of Nitrophenols"
W3167511430,Paper,Characterization and protective effects of lytic bacteriophage pAh6.2TG against a pathogenic multidrug‐resistant <i>Aeromonas hydrophila</i> in Nile tilapia (<i>Oreochromis niloticus</i>)
W3172560453,Paper,Performance Enhancement for Full-Duplex Relaying with Time-Switching-Based SWIPT in Wireless Sensors Networks
W4294982649,Paper,Security and Reliability Analysis of Satellite-Terrestrial Multirelay Networks With Imperfect CSI
W4228997162,Paper,Biological Activities of Lichen-Derived Monoaromatic Compounds
W4293660415,Paper,How innovation and ownership concentration affect the financial sustainability of energy enterprises: evidence from a transition economy
W4366607373,Paper,Therapeutic exploration of polyherbal formulation against letrozole induced PCOS rats: A mechanistic approach
W4390964192,Paper,Review—Recent Advances in Nickel Phosphide-Based Heterostructures for Electrochemical Hydrogen Evolution Reaction
W3083806460,Paper,An overview of phytochemicals and potential health-promoting properties of black walnut
W3136985740,Paper,Adaptive Integral Second‐Order Sliding Mode Control Design for Load Frequency Control of Large‐Scale Power System with Communication Delays
W3163198494,Paper,Electrochemical Determination of Uric Acid in Urine by Using Zeolite Imidazolate Framework-11 Modified Electrode
W3205232137,Paper,Novel α-Mangostin Derivatives from Mangosteen (Garcinia mangostana L.) Peel Extract with Antioxidant and Anticancer Potential
W3206545182,Paper,Throughput Enhancement in FD- and SWIPT-Enabled IoT Networks Over Nonidentical Rayleigh Fading Channels
W4293238711,Paper,Intelligent Reflecting Surface Assisted Localization: Opportunities and Challenges
W4312032783,Paper,Building the Forecasting Model for Time Series Based on the Improved Fuzzy Relationship for Variation of Data
W4313203982,Paper,Asymptotic stability of evolution systems of probability measures for nonautonomous stochastic systems: Theoretical results and applications
W4378226923,Paper,"Dynamic association between technological advancement, green finance, energy efficiency and sustainable development: evidence from Vietnam"
W4382323091,Paper,Harmonic Mitigation Using Meta-Heuristic Optimization for Shunt Adaptive Power Filters: A Review
W4387212021,Paper,Interaction of sodium alginate biopolymer with sodium dodecyl sulfate in aqueous medium and different additive solutions at several temperatures
W4313558926,Paper,Combining APHRODITE Rain Gauges-Based Precipitation with Downscaled-TRMM Data to Translate High-Resolution Precipitation Estimates in the Indus Basin
W4379382643,Paper,Security-Reliability Trade-Offs for Satellite-Terrestrial Relay Networks with a Friendly Jammer and Imperfect CSI
W3135837502,Paper,CALL in Asia During Covid-19 and Models of E-Learning
W4281250804,Paper,Logistics Service Provider Evaluation and Selection: Hybrid SERVQUAL–FAHP–TOPSIS Model
W4321597735,Paper,Automated Mapping of Wetland Ecosystems: A Study Using Google Earth Engine and Machine Learning for Lotus Mapping in Central Vietnam
W4376873270,Paper,Impacts of hydrotropes on clouding phenomena and physico-chemical parameters coupled with the triton X 100 & promethazine hydrochloride mixture
W4391354445,Paper,"A pH switchable Pickering emulsion stabilised by controlled non-conventional lanthanum sulfide nanoparticles, <i>in situ</i> hydrophobized with a cationic surfactant"
W3118494691,Paper,"D2D Multi-hop Multi-path Communications in B5G Networks: A Survey on Models, Techniques, and Applications"
W3194129076,Paper,The Role of Collocations in the English Teaching and Learning
W3202399060,Paper,"Religiosity, employee empowerment and employee engagement: an empirical analysis"
W4220747986,Paper,Pre-treatment of Nile tilapia (Oreochromis niloticus) with ozone nanobubbles improve efficacy of heat-killed Streptococcus agalactiae immersion vaccine
W4226057806,Paper,New well-posedness results for stochastic delay Rayleigh-Stokes equations
W4310339445,Paper,A comparison of node vaccination strategies to halt SIR epidemic spreading in real-world complex networks
W4321781934,Paper,High-resolution benthic habitat mapping from machine learning on PlanetScope imagery and ICESat-2 data
W4362541844,Paper,"First-principles prediction of superconductivity in <mml:math xmlns:mml=""http://www.w3.org/1998/Math/MathML""><mml:mrow><mml:msub><mml:mi>MgB</mml:mi><mml:mn>3</mml:mn></mml:msub><mml:msub><mml:mi mathvariant=""normal"">C</mml:mi><mml:mn>3</mml:mn></mml:msub></mml:mrow></mml:math>"
W4366309491,Paper,Analysis of Factors Affecting Electric Power Quality: PLS-SEM and Deep Learning Neural Network Analysis
W4388411191,Paper,Strain-controlled electronic transport and exciton radiative lifetime in monolayer germanium sulfide
W3156106451,Paper,Alpha-Glucosidase Inhibitory Diterpenes from Euphorbia antiquorum Growing in Vietnam
W4210369429,Paper,Secure Performance Analysis of RIS-aided Wireless Communication Systems
W4313586752,Paper,Performance Analysis of Multihop Full-Duplex NOMA Systems with Imperfect Interference Cancellation and Near-Field Path-Loss
W4366090948,Paper,Harmonics Signal Feature Extraction Techniques: A Review
W3003316963,Paper,Physical and Functional Impairment Among Older Adults With a History of Traumatic Brain Injury
W3107648739,Paper,Removal of crystal violet from aqueous solution using environment-friendly and water-resistance membrane based on polyvinyl/agar/maltodextrin
W3168655084,Paper,Optimal operation of wind-hydrothermal systems considering certainty and uncertainty of wind
W3202442685,Paper,Assessing the importance of transformational leadership competencies and supply chain learning to green innovation: construction practitioners’ perspectives
W4200495764,Paper,Determinants in Student Satisfaction with Online Learning: A Survey Study of Second-Year Students at Private Universities in HCMC
W4206403931,Paper,Spectrum Sharing and Power Allocation Optimised Multihop Multipath D2D Video Delivery in Beyond 5G Networks
W4281722354,Paper,A robust FRF damage indicator combined with optimization techniques for damage assessment in complex truss structures
W4285199040,Paper,"Highly efficient one-pot conversion of saccharides to 2,5-dimethylfuran using P-UiO-66 and Ni–Co@NC noble metal-free catalysts"
W4381833251,Paper,Terahertz Women Reproductive Hormones Sensor Using Photonic Crystal Fiber With Behavior Prediction Using Machine Learning
W4387083611,Paper,Cu2O/Fe3O4/UiO-66 nanocomposite as an efficient fenton-like catalyst: Performance in organic pollutant degradation and influencing factors based machinelearning
W4391876512,Paper,"Induced out-of-plane piezoelectricity and giant Rashba spin splitting in Janus WSi<i>Z</i>3H (<i>Z</i> = N, P, As) monolayers toward next-generation electronic devices"
W4394996856,Paper,Foreign direct investment and employments in Asia Pacific nations: The moderating role of labor quality
W3175834700,Paper,Exploiting Secrecy Performance of Uplink NOMA in Cellular Networks
W3214136215,Paper,Visible light photocatalytic degradation of organic dyes using W‐modified <scp>TiO<sub>2</sub></scp>/<scp>SiO<sub>2</sub></scp> catalyst
W4220938728,Paper,The Reality of English Presentation Skills of English-majored Students in Vietnam
W4280585400,Paper,The Application of Sem–Neural Network Method to Determine the Factors Affecting the Intention to Use Online Banking Services in Vietnam
W4303045635,Paper,The impact of global risks on supply chain performance. An empirical study on construction sector in the COVID-19 pandemic
W4309782718,Paper,Prediction of lake water-level fluctuations using adaptive neuro-fuzzy inference system hybridized with metaheuristic optimization algorithms
W4313408409,Paper,Efficacy of Different Routes of Formalin-Killed Vaccine Administration on Immunity and Disease Resistance of Nile Tilapia (Oreochromis niloticus) Challenged with Streptococcus agalactiae
W4317434823,Paper,Quantitative Characterization of Shallow Marine Sediments in Tight Gas Fields of Middle Indus Basin: A Rational Approach of Multiple Rock Physics Diagnostic Models
W4327814100,Paper,Speech emotion recognition using overlapping sliding window and Shapley additive explainable deep neural network
W4366978331,Paper,Controlled-Release Wedelia trilobata L. Flower Extract Loaded Fibroin Microparticles as Potential Anti-Aging Preparations for Cosmetic Trade Commercialization
W4383814612,Paper,"Integrated perspective of eco-innovation, green branding, and sustainable product: a case of an emerging economy"
W4396898790,Paper,RETRACTED: Nano-integrating green and low-carbon concepts into ideological and political education in higher education institutions through K-means clustering
W3133914281,Paper,Students’ Perception Towards the Use of Moodle-Based LMS in Learning Speaking Skill at Tertiary Level
W3161051587,Paper,Super Resolution Digital Image Correlation (SR-DIC): an Alternative to Image Stitching at High Magnifications
W3171219399,Paper,On the Inhibitability of Natural Products Isolated from Tetradium ruticarpum towards Tyrosine Phosphatase 1B (PTP1B) and α-Glucosidase (3W37): An In Vitro and In Silico Study
W4220784121,Paper,A Novel Feature Set Extraction Based on Accelerometer Sensor Data for Improving the Fall Detection System
W4225812594,Paper,Thermomechanical Behavior of Brake Drums Under Extreme Braking Conditions
W4285275020,Paper,"XSnS<sub>3</sub> (X = Ga, In) monolayer semiconductors as photo-catalysts for water splitting: a first principles study"
W4362674680,Paper,Ripple effect of disruptions on performance in supply chains: an empirical study
W4366976633,Paper,"Did the Covid-19 restrictions influence land surface temperatures in Southeast Asia? A study from Ho Chi Minh City, Vietnam"
W4379184192,Paper,Synthesis and antifungal activity of copper nanoparticles against Fusarium oxysporum pathogen of plants
W4390410811,Paper,Precise prognostics of biochar yield from various biomass sources by Bayesian approach with supervised machine learning and ensemble methods
W4392746748,Paper,Molecular Insights into Multiphase Transport through Realistic Kerogen-Based Nanopores
W3037126109,Paper,An Efficient Method for Mining Top-<i>K</i> Closed Sequential Patterns
W3159481389,Paper,Simulated Microgravity Inhibits the Proliferation of Chang Liver Cells by Attenuation of the Major Cell Cycle Regulators and Cytoskeletal Proteins
W3170368767,Paper,Temperature Effect of Water Coagulation Bath on Chitin Fiber Prepared through Wet-Spinning Process
W3196636059,Paper,"Prediction of BRIC Stock Price Using ARIMA, SutteARIMA, and Holt-Winters"
W3207741785,Paper,Challenges in learning listening comprehension via Microsoft Teams among English majors at Van Lang University
W4221090168,Paper,Impact of corporate social responsibility on social and economic sustainability
W4225156173,Paper,Application of Lean Six Sigma for Improve Productivity at The Mechanical Plant. A Case Study
W4280610068,Paper,Optimization of Cold Chain Logistics with Fuzzy MCDM Model
W4283785232,Paper,Impacts of monetary policy transmission on bank performance and risk in the Vietnamese market: Does the Covid-19 pandemic matter?
W4285025417,Paper,"Unravelling the alkali transport properties in nanocrystalline A<sub>3</sub>OX (A = Li, Na, X = Cl, Br) solid state electrolytes. A theoretical prediction"
W4286008072,Paper,"Strain effects on electronic, optical properties and carriers mobility of <scp>Cs<sub>2</sub>SnI<sub>6</sub></scp> vacancy‐ordered double perovskite: A promising photovoltaic material"
W4291001490,Paper,Utilizing YouTube to Enhance English Speaking Skill: EFL Tertiary Students’ Practices and Perceptions
W4304128614,Paper,Integration of Carboxymethyl Cellulose Isolated from Oil Palm Empty Fruit Bunch Waste into Bismuth Ferrite as Photocatalyst for Effective Anionic Dyes Degradation
W4365790216,Paper,"Graphene Metasurface Inspired Cyanide Detecting Sensor With Encoding Capabilities of Two, Three, and Four Bits"
W4385489691,Paper,Streamflow Prediction in the Mekong River Basin Using Deep Neural Networks
W4386416432,Paper,"Towards Sustainable Composting of Source-Separated Biodegradable Municipal Solid Waste—Insights from Long An Province, Vietnam"
W4388757718,Paper,Adopting Artificial Intelligence in Healthcare
W3089172231,Paper,The effects of intellectual capital on information communication technology firm performance: A moderated mediation analysis of environmental uncertainty
W3137746435,Paper,Automatic clustering algorithm for interval data based on overlap distance
W3195104377,Paper,UAV Based Satellite-Terrestrial Systems With Hardware Impairment and Imperfect SIC: Performance Analysis of User Pairs
W4205912509,Paper,Deep learned one‐iteration nonlinear solver for solid mechanics
W4308874308,Paper,Impact of Climate Change and Drought Attributes in Nigeria
W4309109511,Paper,Relationship between emotional intelligence and resilience among university students during crisis
W4311951862,Paper,Factors Affecting Learner Autonomy in Tertiary Level English Learning: A Study at Van Lang University
W4386411789,Paper,Differences between surfactant-free Au@Ag and CTAB-stabilized Au@Ag star-like nanoparticles in the preparation of nanoarrays to improve their surface-enhanced Raman scattering (SERS) performance
W4388972587,Paper,"Examining the physico-chemical, structural and thermo-mechanical properties of naturally occurring Acacia pennata fibres treated with KMnO4"
W4392188359,Paper,Predicting Dynamic Contact Angle in Immiscible Fluid Displacement: A Machine Learning Approach for Subsurface Flow Applications
W4399685159,Paper,Track to reach net-zero: Progress and pitfalls
W3015771813,Paper,The largest epicenter of the coronavirus outbreak in Vietnam
W4290079132,Paper,On an initial boundary value problem for fractional pseudo-parabolic equation with conformable derivative
W4310653684,Paper,"A Review of Drying Methods Assisted by Infrared Radiation, Microwave and Radio Frequency"
W4310675866,Paper,Binding mechanism and SERS spectra of 5-fluorouracil on gold clusters
W4312201692,Paper,"Possible Factors Driving Groundwater Quality and Its Vulnerability to Land Use, Floods, and Droughts Using Hydrochemical Analysis and GIS Approaches"
W4322489023,Paper,Fuzzy Yang transform for second order fuzzy differential equations of integer and fractional order
W4362717669,Paper,Risk in sustainable construction supply chains: construct development and measurement validation
W4386279883,Paper,The Role of Chloride ion in the Silicate Condensation Reaction from ab Initio Molecular Dynamics Simulations
W4387971596,Paper,"Biochar-Based Phosphorus Recovery from Different Waste Streams: Sources, Mechanisms, and Performance"
W4390683198,Paper,The impact of institutional pressures on corporate social responsibility and green marketing adoption: an empirical approach in Vietnam banking industry
W4392003525,Paper,Enhanced photodegradation of oxytetracycline antibiotic in wastewater by implementing ZnO-loaded carbon fiber
W2994822816,Paper,The Effects of Using Games on EFL Students’ Speaking Performances
W4281740790,Paper,Traveling wave solutions of the nonlinear Gilson–Pickering equation in crystal lattice theory
W4296128756,Paper,"Effectiveness of wearing face masks against traffic particles on the streets of Ho Chi Minh City, Vietnam"
W4312508319,Paper,Internal Quality Assurance of Academic Programs: A Case Study in Vietnamese Higher Education
W4315641599,Paper,A portable colorimetric tool using a smartphone camera applied for determining total phenolic contents in coffee products
W4319791725,Paper,Evaluation thermal degradation kinetics of ionic liquid assisted polyetheretherketone‐multiwalled carbon nanotubes composites
W4386170078,Paper,Development of an in-situ gel from CO2-captured complex solution and inhibiting coal spontaneous combustion: A case study in thermal engineering
W4386884764,Paper,Effects of supply chain learning on green innovation and moderating role of green transformational leadership
W4387026621,Paper,Spectrophotometric investigation on interactions of dye with surfactant in aqueous as well as alcoholic media
W4388805496,Paper,Comparative analysis of phenolic content and in vitro bioactivities of Bidens pilosa L. flowers and leaves as affected by extraction solvents
W4389485812,Paper,Fast analysis and prediction approach for geometrically nonlinear bending analysis of plates and shells using artificial neural networks
W4392286337,Paper,2D Ge<sub>2</sub>Se<sub>2</sub>P<sub>4</sub> Monolayer: A Versatile Photocatalyst for Sustainable Water Splitting
W4394568521,Paper,Effective Charge Separation in a Dual-Single-Atom Photocatalyst for Sacrificial Agent-Free H<sub>2</sub> Evolution
W4396694066,Paper,Treatment of flexibility of protein backbone in simulations of protein–ligand interactions using steered molecular dynamics
W4402013946,Paper,Advancing sustainable rice production in the Vietnamese Mekong Delta insights from ecological farming systems in An Giang Province
W4406828385,Paper,<b>The Practice of ChatGPT in English Teaching and Learning in Vietnam: A Systematic Review</b>
W3131552615,Paper,Risk Factors for New Onset Diplopia After Graduated Orbital Decompression
W4221131148,Paper,Strength of Epoxy-Bonded Aluminium Alloy Joints after Sandblasting
W4280646092,Paper,A Self-Adaptive Step Size Algorithm for Solving Variational Inequalities with the Split Feasibility Problem with Multiple Output Sets Constraints
W4288036364,Paper,"Polyvinyl alcohol based functional coating incorporated with <i>Sonneratia ovata</i> extract: Preparation, characterization, and banana preservation"
W4292875940,Paper,Factors that affect lip changes following incisor retraction in Vietnamese adults with a convex facial profile
W4293143516,Paper,RIS-Aided Smart Manufacturing: Information Transmission and Machine Health Monitoring
W4309765389,Paper,Damage assessment of suspension footbridge using vibration measurement data combined with a hybrid bee-genetic algorithm
W4310266380,Paper,The role of economic conditions and sustainable rural development on the sustainability of tourism development: evidence from China
W4378448636,Paper,"First-principles calculation of the electronic, optical, and photo-electrochemical properties of CaM2S4 (M = Sc, Y) compounds"
W4384026714,Paper,Enhancing manufacturing excellence with Lean Six Sigma and zero defects based on Industry 4.0
W4387270971,Paper,Enhancing acid orange II degradation in ozonation processes with CaFe<sub>2</sub>O<sub>4</sub> nanoparticles as a heterogeneous catalyst
W4387326361,Paper,Insights from Experiment and Theory on Peculiarities of the Electronic Structure and Optical Properties of the Tl<sub>2</sub>HgGeSe<sub>4</sub> Crystal
W4390368114,Paper,Exploring the transformative travel process: testing the moderating role of travel motivation and the mediating role of self-reflection of solo travelers
W4393951616,Paper,Digitally planned surgical crown lengthening: a novel bone reduction strategy to correct a gummy smile
W4394982211,Paper,Water adsorption on surfaces of calcium aluminosilicate crystal phase of stone wool: a DFT study
W4400558697,Paper,"A first-principles prediction of novel Janus ZrGeZ<sub>3</sub>H (Z = N, P, and As) monolayers: Raman active modes, piezoelectric responses, electronic properties, and carrier mobility"
W4401924629,Paper,Investigating the mediating role of green performance measurement systems in the nexus between green intellectual capital and environmental performance
W4402131998,Paper,How Ethical Behavior Is Considered in Different Contexts: A Bibliometric Analysis of Global Research Trends
W4403302339,Paper,Excellent microwave absorption performance of zinc-doped SrFe12O19 hexaferrite and detailed loss mechanism
W2917075874,Paper,"<p>Pain incidence, assessment, and management in Vietnam: a cross-sectional study of 12,136 respondents</p>"
W3041914111,Paper,New diterpenoids from the stems of <i>Euphorbia antiquorum</i> growing in Vietnam
W3167996336,Paper,"Employees’ Psychological Capital, Burnout, and Quality of Work-Life in Vietnamese Enterprises: Moderating Effects of Individual and Organisational Characteristics"
W4214599195,Paper,Inverse Klein tunneling effect in binary waveguide arrays
W4220917548,Paper,Advanced Sliding Mode Observer Design for Load Frequency Control of Multiarea Multisource Power Systems
W4292092699,Paper,High speed ultraviolet digital image correlation (UV-DIC) for dynamic strains at extreme temperatures
W4292367284,Paper,High biochar rates may suppress rice ( <i>Oryza sativa</i> ) growth by altering the ratios of C to N and available N to P in paddy soils
W4377002490,Paper,"Strong out-of-plane piezoelectricity and Rashba-type spin splitting in asymmetric structures: first-principles study for Janus γ-Sn<sub>2</sub>OX (X = S, Se, Te) monolayers"
W4379114914,Paper,Solo travel intention: A study of Indonesian Muslim and non-Muslim women
W4380265524,Paper,Comparison of the different anti-CD16 antibody clones in the activation and expansion of peripheral blood NK cells
W4386183984,Paper,"The theoretical prediction of the structural characteristics and SO<sub>2</sub> adsorption-sensing properties of pristine HfS<sub>2</sub> and TM-doped HfS<sub>2</sub> monolayers (TM = Ni, Pd, or Pt)"
W4391889662,Paper,SiO <sub>2</sub> -coated lead halide perovskites core–shell and their applications: a mini-review
W4395682965,Paper,Crossmixed convolutional neural network for digital speech recognition
W4400422349,Paper,"Na <sub>6</sub> MCl <sub>8</sub> rock-salt compounds with M = Mg, Ca, Ba, Zn, Sr as components for solid-state sodium ion batteries"
W4401385427,Paper,A multidisciplinary approach to managing severe gummy smile using 3D simulation and digital surgical guide: a case report
W4402490333,Paper,Exact solution for free vibration analysis of non-uniform thickness functionally graded porous nanosheet with surface effect based on variable nonlocal and length-scale parameters
W4402796579,Paper,"Monolayers Sn<sub>2</sub>Te<sub>2</sub>X<sub>4</sub> (X = P, As) as promising materials for photocatalytic water splitting and flexible devices: a DFT study"
W4403638785,Paper,Electric field enhances the electronic and diffusion properties of penta-graphene nanoribbon anodes in lithium-ion batteries
W4406168603,Paper,Application of machine learning models for the optimisation of compressive strength and water resistance of geopolymer stabilised compacted earth
W4408232874,Paper,The Use of ChatGPT in EFL students as a Learning Assistant in their Writing Skills: A literature review
W4408612729,Paper,"Assessment of the nursery environment and distribution of Ayu, Plecoglossus altivelis (Actinopterygii, Osmeriformes, Plecoglossidae), in Vietnam"
W3159534123,Paper,Modifications of Heat Transfer and Induced Flow Rate of a Solar Chimney by an Obstacle in the Air Channel
W3201357882,Paper,"An explanation of experimental data of $$(g-2)_{e,\mu }$$ in 3-3-1 models with inverse seesaw neutrinos"
W3209926259,Paper,"Volatile Organic Compounds in Primary Schools in Ho Chi Minh City, Vietnam: Characterization and Health Risk Assessment"
W4200521133,Paper,Simulated Microgravity Induces the Proliferative Inhibition and Morphological Changes in Porcine Granulosa Cells
W4225614357,Paper,Fuzzy Multi-Criteria Decision Making for Solar Power Plant Location Selection
W4286210329,Paper,The Effects of Reading Habits on Writing Performance: A Case Study at Van Lang University
W4298124764,Paper,Zinc/Cobalt‐Based Zeolite Imidazolate Frameworks for Simultaneously Degrading Dye and Inhibiting Bacteria
W4304958842,Paper,Examining effects of students’ innovative behaviour and problem-solving skills on crisis management self-efficacy: Policy implications for higher education
W4308183904,Paper,First-principles study on the structural properties of 2D MXene SnSiGeN<sub>4</sub>and its electronic properties under the effects of strain and an external electric field
W4317555814,Paper,"Trinary Component Adsorption of Methylene Blue, Methyl Orange, and Methyl Red from Aqueous Solution Using TiO <sub>2</sub> /Activated Carbon"
W4380086388,Paper,Taguchi L9 (34) Orthogonal Array Design for Photocatalytic Degradation of Methylene Blue Dye by Green ZnO Particles Biosynthesized by Chrysanthemum spp. Flower Extract
W4380202673,Paper,Survey dataset on student perceptions and experiences of quality assurance in Vietnamese universities
W4381716148,Paper,Facebook Addiction and High School Students’ Sleep Quality: The Serial Mediation of Procrastination and Life Satisfaction and the Moderation of Self-Compassion
W4391844119,Paper,Morphological Changes of 3T3 Cells under Simulated Microgravity
W4392049362,Paper,Buccal corridor and gummy smile treatment with MARPE and gingivoplasty: A 2-year follow-up case report
W4393190121,Paper,THE DIRICHLET PROBLEM FOR A CLASS OF ANISOTROPIC SCHRÖDINGER-KIRCHHOFF-TYPE EQUATIONS WITH CRITICAL EXPONENT
W4394595654,Paper,Hybrid Approach for Early Warning of Mine Water: Energy Density-Based Identification of Water-Conducting Channels Combined With Water Inflow Prediction by SA-LSTM
W4398617804,Paper,Predicting the friction angle of clays using a multi-layer perceptron neural network enhanced by yeo-johnson transformation and coral reefs optimization
W4399680508,Paper,Vacancy-and doping-mediated electronic and magnetic properties of PtSSe monolayer towards optoelectronic and spintronic applications
W4402435273,Paper,Fast and Accurate GMPPT Based on Modified P&O Algorithm
W4403936788,Paper,Enhancing Accuracy-Privacy Trade-Off in Differentially Private Split Learning
W4404952803,Paper,"Service Time-Aware Caching, Power Allocation, and 3D Trajectory Optimised Multimedia Content Delivery in UAV-Assisted IoT Networks"
W4404993468,Paper,Thermodynamics of Micelle Formation of Selected Homologous 7-Alkyl Derivatives of Na-Cholate in Aqueous Solution: Steroid Skeleton and the Alkyl Chain Conformation
W4406730626,Paper,Transfer accuracy of partially enclosed single hard vacuum-formed trays with 3D-printed models for lingual bracket indirect bonding: A prospective in-vivo study
W4212858205,Paper,Relationship between emotional intelligence and narcissism: a meta-analysis
W4213129965,Paper,Stability of fractional order of time nonlinear fractional diffusion equation with Riemann–Liouville derivative
W4284961454,Paper,A new class of out-gap discrete solitons in binary waveguide arrays
W4308970419,Paper,GIS-Based Simulation for Landfill Site Selection in Mekong Delta: A Specific Application in Ben Tre Province
W4311711212,Paper,Characterizing the induced flow through the cavity of a wall solar chimney under the effects of the opening heights
W4312100761,Paper,Rapid Fabrication of Pineapple Leaf Fibers from Discarded Leaves by Using Electrolysis of Brine
W4312226454,Paper,The Impact of Non-Interest Income on the Performance of Commercial Banks in the ASEAN Region
W4321184628,Paper,Synthesis of microcrystalline cellulose from sugarcane bagasse and its incorporation into Polyvinyl Alcohol (PVA) matrix to test the composites mechanical properties
W4385430763,Paper,Controlled synthesis of samarium trifluoride nanoparticles in a water-in-oil microemulsion: Effects of water-to-surfactant ratio on particles and phosphate removal
W4386252435,Paper,Global existence and convergence results for a class of nonlinear time fractional diffusion equation
W4386292890,Paper,The impact of eco-innovation and economic growth on carbon emission: Evidence using novel QARDL approach
W4389046658,Paper,From hexagonal to rocksalt structure: A computational study of gallium selenide under hydrostatic pressure
W4390457208,Paper,D2D Communication Network with the Assistance of Power Beacon under the Impact of Co-channel Interferences and Eavesdropper: Performance Analysis
W4390702302,Paper,Estimating the potential maximum power point based on the calculation of short‐circuit current and open‐circuit voltage
W4394956844,Paper,Temporal Changes in Water and Sediment Discharges: Impacts of Climate Change and Human Activities in the Red River Basin (1958–2021) with Projections up to 2100
W4401337581,Paper,Phosphorus Fraction in Hydrochar from Co-Hydrothermal Carbonization of Swine Manure and Rice Straw: An Optimization Analysis Based on Response Surface Methodology
W4404649042,Paper,Hybrid deep learning and isogeometric analysis for bearing capacity assessment of sand over clay
W4407615544,Paper,Advanced Optimized Deep-Learning Model for Precise Evaluation of Subsurface Carbon Dioxide Trapping Efficiency
W4407814570,Paper,Charge transition levels and stability of Ni- and Ir-doped β-Ga <sub>2</sub> O <sub>3</sub> : a comprehensive hybrid functional study
W4409211677,Paper,Microscopic simulations of oil–water two-phase flow in high-porosity and low-permeability carbonate porous media
W4410908416,Paper,Weld-CNN: Advancing non-destructive testing with a hybrid deep learning model for weld defect detection
W4295012310,Paper,How fears index and liquidity affect returns of ivol puzzle before and during the Covid-19 pandemic
W4308342042,Paper,U-shaped impacts of institutional quality and ICT penetration on economic growth: Evidence from selected emerging countries
W4328128687,Paper,Students’ Perception of Quality Assurance in Higher Education in Vietnam: Empirical Evidence and Implications for Face-to-Face and Alternative Modes of Learning
W4377047193,Paper,"Correlation of phase composition, magnetic properties and hyperthermia efficiency of silica-coated FeCo nanoparticles for therapeutic applications"
W4384108323,Paper,"Silver nanoparticles loaded on lactose/alginate: in situ synthesis, catalytic degradation, and pH-dependent antibacterial activity"
W4385338636,Paper,Application of Fuzzy TOPSIS and Harmonic Mitigation Measurement on Lean Six Sigma: A Case Study in Smart Factory
W4387757625,Paper,Performance Prediction in UAV-Terrestrial Networks With Hardware Noise
W4389200921,Paper,Random Walks-Based Node Centralities to Attack Complex Networks
W4391696950,Paper,Analysis of Multiantenna UAV-Aided NOMA Relay Systems for Short-Packet Communications between Multiuser Pairs
W4393316224,Paper,Relationship between fintech by Google search and bank stock return: a case study of Vietnam
W4398179436,Paper,Adsorption effects of acetone and acetonitrile on defected penta-PdSe<sub>2</sub> nanoribbons: a DFT study
W4400867540,Paper,Class II Correction and Crowding Treatment Using In-House Direct Printed Clear Aligners: A Literature Review and Case Report
W4402689909,Paper,Comprehensive analysis of bulk and single-cell RNA sequencing data reveals Schlafen-5 (SLFN5) as a novel prognosis and immunity
W4403291008,Paper,Integrating Intelligent Hydro-informatics into an effective Early Warning System for risk-informed urban flood management
W4405012419,Paper,The Use of ChatGPT for Vocabulary Acquisition: A Literature Review
W4408050037,Paper,Theoretical evaluation of Na <sub>2</sub> MgCl <sub>4</sub> double chlorite as an electrolyte for all-solid-state sodium-ion batteries
W4409968481,Paper,"Silk-based microparticles for the adsorption of methylene blue: formulations, characterization, adsorption study, <i>in silico</i> molecular docking, and molecular dynamics simulation"
W4410257773,Paper,Decentralized fintech platforms adoption intention in cyber risk environment among GenZ: A dual-method approach using PLS-SEM and necessary condition analysis
W4411163057,Paper,Effect of sodium dodecyl sulfate on the corrosion protection behaviour of mild steel in acidic medium
W2777233750,Paper,Rapid Patient Discharge Contribution to Bed Surge Capacity During a Mass Casualty Incident: Findings From an Exercise With New York City Hospitals
W4283034560,Paper,Blockchain Development Services Provider Assessment Model for a Logistics Organizations
W4312205612,Paper,Investigating the Pressure Fluctuations of Hydraulic Jump in an Abrupt Expanding Stilling Basin with Roughened Bed
W4387519102,Paper,Forecasting real-world complex networks’ robustness to node attack using network structure indexes
W4388773911,Paper,Electron electric dipole moment and electroweak baryogenesis in a complex singlet extension of the Standard Model with degenerate scalars
W4388845380,Paper,Nexus of Globalization and EnvironmentalQuality: Investigating Heterogeneous Effectsthrough Quantile Regression Analysis
W4389624737,Paper,"Structural, mechanical, electronic and thermodynamic analysis of calcium aluminum silicate crystalline phases in stone wool insulation materials: A first-principles study"
W4399072242,Paper,"Imidazole[1,5-a]pyridine derivatives as EGFR tyrosine kinase inhibitors unraveled by umbrella sampling and steered molecular dynamics simulations"
W4401416164,Paper,Fast and simplified fabrication of Cu/Cu <sub>2</sub> O nanocomposites for antioxidant and antibacterial activities
W4402693313,Paper,<b>The Benefits and Weaknesses of ChatGPT on Students’ Learning Writing</b>
W4403342469,Paper,Colorimetric chitosan/polyvinyl alcohol composite membrane incorporated with anthocyanins as <scp>pH</scp> indicator for monitoring fish freshness
W4404501226,Paper,Optimizing flexural strength of RC beams with recycled aggregates and CFRP using machine learning models
W4404522458,Paper,Spent Zinc–Carbon Battery-Derived Carbon Nanoparticles Coupled with Transition Metal Dichalcogenides for Enhanced pH-Universal Hydrogen Evolution Reaction
W4407446995,Paper,A variable nonlocal strain gradient theory for wave propagation analysis of infinite FGP nanosheet with surface effects in hygro-thermal environment
W4408461194,Paper,Probabilistic analysis of active earth pressures in spatially variable soils using machine learning and confidence intervals
W4411493130,Paper,Analysis of Mixed Micellization of Promethazine Hydrochloride and 1‐Hexadecyl‐3‐Methylimidazolium Chloride Using Different Techniques: Influence of Additives
W4281716388,Paper,How Social Commerce Characteristics Influence Consumers' Online Impulsive Buying Behavior in Emerging Markets
W4283723303,Paper,"Synthesis and photophysical properties of <i>N</i>-alkyl dithieno[3,2-<i>b</i>:2′,3′-<i>d</i>]pyrrole based donor/acceptor-π-conjugated copolymers for solar-cell application"
W4292688232,Paper,The Preparation of Eco-Friendly Magnetic Adsorbent from Wild Water Hyacinth ( <i>Eichhornia crassipes</i> ): The Application for Removing Lead Ions from Industrial Wastewater
W4389562580,Paper,EFL Students' Strategies for Learning Academic Vocabulary with Mobile Phones at Van Lang University in Vietnam
W4396870521,Paper,"Novel Learning of Bathymetry from Landsat 9 Imagery Using Machine Learning, Feature Extraction and Meta-Heuristic Optimization in a Shallow Turbid Lagoon"
W4400010516,Paper,Urchin-like CoP<sub>3</sub>/Cu<sub>3</sub>P heterostructured nanorods supported on a 3D porous copper foam for high-performance non-enzymatic electrochemical dopamine sensors
W4403691949,Paper,Unraveling fundamental characteristics of Na <sub>2</sub> Mg <sub>3</sub> Cl <sub>8</sub> as a solid-state electrolyte for Na-ion batteries
W4404210936,Paper,The Effects of Culture Shock on The Cultural Adaptation of Overseas Students in Thailand at King Mongkut’s University
W4405256347,Paper,A comparative analysis of Marburg virus-infected bat and human models from public high-throughput sequencing data
W4405424906,Paper,Exploring the physicochemical properties and antifungal activity of zinc oxide nanoparticles
W4407677325,Paper,A novel triangular element model for vibration analysis of FG-TPMS plate integrated with magneto-electric layers subjected to double explosive load
W4408345172,Paper,Asymmetric Effects of Fiscal Policy and Foreign Direct Investment Inflows on CO2 Emissions—An Application of Nonlinear ARDL
W4411045134,Paper,"Financial Inclusion, <scp>ICT</scp> Development, and <scp> CO <sub>2</sub> </scp> Emissions: An <scp>ARDL</scp> Approach"
W4413400898,Paper,Co-doping aluminum and boron enhances the stability and electrochemical properties of nickel-rich cathode materials for lithium-ion batteries
W4285095564,Paper,On a Fractional Parabolic Equation with Regularized Hyper-Bessel Operator and Exponential Nonlinearities
W4388208017,Paper,Effects of chronic exposure to microplastics and microplastics associated with polychlorinated biphenyl 153 on <i>Daphnia magna</i>
W4388657471,Paper,Two-weight estimates for Hardy-Littlewood maximal functions and Hausdorff operators on $p$-adic Herz spaces
W4392971270,Paper,Adsorptive removal of methylene blue dye using durian peel waste reinforced polyvinyl alcohol‐based composite membrane
W4393200312,Paper,Refined renormalization group improvement for thermally resummed effective potential
W4399494815,Paper,Design and Synthesis of Novel β‐Carboline‐Bisindole Hybrids as Potential Anticancer Agents
W4399659214,Paper,"Large piezoelectric responses and ultra-high carrier mobility in Janus HfGeZ<sub>3</sub>H (Z = N, P, As) monolayers: a first-principles study"
W4402992762,Paper,Integrating Suspended Sludge and Fixed Film into a Biological Wastewater Treatment System to Enhance Nitrogen Removal
W4404117162,Paper,Long-term changes in soil biological activity and other properties of raised beds in Longan orchards
W4404666346,Paper,Superior effect of mini-implant anchorage in the treatment of skeletal class II malocclusion
W4404883326,Paper,How Political Connections and Financial Constraints Affect Total Asset Growth Anomaly Before and During the Covid-19 Pandemic?
W4405917245,Paper,Artificial intelligence-based assessment in ELT exam creation: a case study of Van Lang University lecturers
W4406864044,Paper,Renewable Energy from Solid Waste: A Spherical Fuzzy Multi-Criteria Decision-Making Model Addressing Solid Waste and Energy Challenges
W4407064793,Paper,White blood cell classification using multi-hop attention graph neural networks
W4407763579,Paper,"Novel auxetic semiconductors with high carrier mobility: first principles prediction of Janus Ge<sub>2</sub>XY (X/Y = S, Se, Te) monolayers"
W4407779382,Paper,Nonlinear Pushover Analysis of Retrofitted Transmission Towers Under Static Wind Loads
W4409313923,Paper,"Enhanced production of gamma-aminobutyric acid (GABA) in Mang Buk Brown rice via optimal fermentation conditions with Lactobacillus brevis, Lactobacillus pentosus, and Lactobacillus plantarum"
W4409996787,Paper,Identification of genetic determinants of antibiotic resistance in Helicobacter pylori isolates in Vietnam by high-throughput sequencing
W4411037455,Paper,"Supramolecular hydration structure of graphene-based hydrogels: density functional theory, green chemistry and interface application"
W4411371012,Paper,Integrating local fine food traceability mapping in Vietnam’s fine dining sector
W4412455529,Paper,Machine-learning models for predicting CO2 solubility in various brine systems: implications for carbon geo-storage
W4220805811,Paper,Using Machine Learning to Predict the Low Grade Risk for Students based on Log File in Moodle Learning Management System
W4376643991,Paper,Effect of LED Illumination Cycle and Carbon Sources on Biofilms of Haematococcus pluvialis in Pilot-Scale Angled Twin-Layer Porous Substrate Photobioreactors
W4377965809,Paper,Analysis of large time asymptotics of the fourth‐order parabolic system involving variable coefficients and mixed nonlinearities
W4385718727,Paper,Development and characterization of antibacterial packaging film based on poly (vinyl alcohol)/agarose enriched with cinnamon oil
W4388019680,Paper,The Incorporation of Facebook-Based Peer Comments Into Writing Revisions: A Framework for Social-Network Peer Commentaries
W4390639841,Paper,Free vibration analysis of functionally graded shallow shells with variable thickness and physical neutral surface effects
W4390678661,Paper,Design of Reflective Coding Metasurface for Terahertz Wave Beam Steering for 6G Technology
W4393055469,Paper,The projection algorithm for inverse quasi-variational inequalities with applications to traffic assignment and network equilibrium control problems
W4393092395,Paper,The link between firm risk-taking and CEO power of listed firms on the Vietnamese stock market: the role of state ownership
W4399057462,Paper,Integrating Six Sigma into an Industry 4.0 System for Enhanced Productivity: A Case Study in CNC Processes
W4400811689,Paper,Investor attention and corporate social responsibility of family businesses in Vietnam: The moderating role of CEO overpower
W4400826303,Paper,The Li <sub>2</sub> Ti <sub>6</sub> O <sub>13</sub> and Li <sub>2</sub> Zr <sub>6</sub> O <sub>13</sub> composite as a high-performance anode for alkali-ion batteries: a molecular dynamics study
W4400832621,Paper,Facile synthesis of Fe-based metal–organic frameworks from Fe<sub>2</sub>O<sub>3</sub> nanoparticles and their application for CO<sub>2</sub>/N<sub>2</sub> separation
W4401198054,Paper,Hybrid six sigma based on recursive kalman filter and weibull distribution to estimate the lifespan of Bulb LEDs
W4401270311,Paper,"Electronic, magnetic, and electronic spin transport properties of the rich spin penta-PdSe<mml:math xmlns:mml=""http://www.w3.org/1998/Math/MathML"" altimg=""si51.svg"" display=""inline"" id=""d1e519""><mml:msub><mml:mrow/><mml:mrow><mml:mn>2</mml:mn></mml:mrow></mml:msub></mml:math> nanoribbons: A computational study"
W4401617823,Paper,Orbital-engineered anomalous Hall conductivity in stable full Heusler compounds: a pathway to optimized spintronics
W4402229499,Paper,Multiple Comprehensive Analyses Identify Lysine Demethylase KDM as a Potential Therapeutic Target for Pancreatic Cancer
W4403539683,Paper,Phenomenology of 3-3-1 models with a radiative inverse seesaw mechanism
W4405460575,Paper,Financial Constraints and Bankruptcy Risks of Listed Firms in Vietnam: Does Firm Size Matter?
W4406548207,Paper,Theoretical study of the electronic and optical properties of a composite formed by the zeolite NaA and a magnetite cluster
W4408818684,Paper,Unleashing the green potential: Unraveling the power of environmental concerns in driving employees’ green behavior
W4409554317,Paper,Ultrahigh Dispersion of Fe<sub>3</sub>O<sub>4</sub> NPs on Cellulose Nanofibers: Unlocking Superior Visible-Light Photocatalysis
W4409828992,Paper,Recent developments and advances in artificial saturable absorber for mode-locking in fiber lasers
W4409965159,Paper,Hydrological alterations and sediment changes caused by dams in the Mekong River Basin
W4410014433,Paper,Physicochemical properties of a gelatin/agarose/maltodextrin multifunctional coating enriched with plant extracts and its application for mango preservation
W4410061006,Paper,Students’ Perceptions of AI Language Models as Virtual Assistants in Learning Writing- A Case Study at a Tertiary Institution
W4410885136,Paper,Herbal Medicine in Diabetes Treatment: An Updated Strategy With Flavonoid Compounds in Preclinical and Clinical Studies
W4411498698,Paper,"Exploring Gender and Corporate Governance in an Emerging Market: Bridging Female Leadership, Earnings Management and Tax Avoidance"
W4411523722,Paper,Ensemble Machine Learning Model Prediction and Metaheuristic Optimisation of Oil Spills Using Organic Absorbents: Supporting Sustainable Maritime
W4412081623,Paper,Vibration-based gearbox fault diagnosis using a multi-scale convolutional neural network with depth-wise feature concatenation
W4413501956,Paper,"Carrier mobility in Janus WBAs X2 (X= S, Se, Te) governed by electron–phonon scattering: A first-principles study"
W4413618970,Paper,Visible light-driven photocatalytic degradation of rhodamine B and 5-fluorouracil using ZIF-8/GO: unveiling mechanisms
W7133939684,Paper,Recent advances and challenges in advanced oxidation processes for degradation of nano- and microplastics in water: a critical review
W3135539754,Paper,Indications of Paired- vs. Grouped-Peer Feedback on Students’ Writing Activities
W3135857415,Paper,The Use of Drama Role-Playing in Teaching English Literature for English Majored Students: An Action Research at Van Lang University
W3136506403,Paper,Classifying maturity of cherry tomatoes using Deep Transfer Learning techniques
W4309460231,Paper,Stochastic fractional diffusion equations containing finite and infinite delays with multiplicative noise
W4375846765,Paper,Influence of elevation on plastic-covered greenhouse mapping accuracy using high-resolution satellite imagery and machine learning algorithms
W4384300207,Paper,Polyvinyl (alcohol)/chitosan active film supplemented with <i>Sonneratia ovata</i> extract and <i>Piper betel</i> L. oil for fresh‐cut beef preservation
W4386865921,Paper,BONEcheck: A digital tool for personalized bone health assessment
W4392232552,Paper,Identification of Novel Flavonoids and Ansa-Macrolides with Activities against Leishmania donovani through Natural Product Library Screening
W4393947503,Paper,Self-Energy Recycling in DF Full-Duplex Relay Network: Security-Reliability Analysis
W4394010597,Paper,"Motivation, challenges and strategies of female social entrepreneurs in the micro-lending sector"
W4398241260,Paper,Evaluating the Performance of a Combined Vertical Wall–Horizontal Roof Solar Chimney for the Natural Ventilation of Buildings
W4399180573,Paper,Decoding smart tech's influence on tourist experience quality
W4399589926,Paper,Comparison of the induced flow obtained with 2D and 3D CFD simulations of a solar chimney at different width-to-gap ratios
W4400131583,Paper,Multispecies Lotka–Volterra competition–diffusion system with forcing terms depending on the variables
W4400902588,Paper,Improving the crashworthiness of bi-tubular architectures with ABS cores under axial loading: Experimental and numerical investigation
W4403764556,Paper,Effect of Biomass Burnings on Population Exposure and Health Impact at the End of 2019 Dry Season in Southeast Asia
W4405231722,Paper,Modelling and Analysis of Multilayer Porous FG-GPRC Plates Using Zigzag Function and Cell-Based Smoothed-Discrete Shear Gap Method
W4406403584,Paper,Behavior modeling for a new flexure-based mechanism by Hunger Game Search and physics-guided artificial neural network
W4407997245,Paper,Thermoelectric properties of penta-InP5: A first-principles and machine learning study
W4410536451,Paper,A Comparative Study of Deep Audio Models for Spectrogram- and Waveform-Based SingFake Detection
W4411159297,Paper,"Tunable color, optical properties, and energy transfer of Tb <sup>3+</sup> –Sm <sup>3+</sup> –Yb <sup>3+</sup> tri-doped lithium–niobium–tellurite glass for applications in color display devices and WLEDs"
W4411626447,Paper,Electrochemical Properties of Au Nanoparticle-Dispersed ZIF-8 Electrodes for High-Performance Supercapacitors: Investigation of Electrolyte Concentrations
W4413770120,Paper,Regenerative shift: community-based ecotourism through culinary value chain and experiencing place lenses
W4414023921,Paper,Unraveling the electronic mechanisms of transition metal and fluorine co-doping for enhanced electrochemical performance in sodium lithium manganese oxide cathodes
W4415379161,Paper,Metal ion transporter SLC39A14-mediated ferroptosis and glycosylation modulate the tumor immune microenvironment: pan-cancer multi-omics exploration of therapeutic potential
W4416088264,Paper,A machine learning framework using urinary biomarkers for pancreatic ductal adenocarcinoma prediction with <i>post hoc</i> validation via single-cell transcriptomics
W7124434172,Paper,"Enhanced sensing characteristics of N doped and (N, O) co-doped molybdenum disulfide to detect toxic gases: a comprehensive first-principles study"
W4385496829,Paper,On the fractional <i>P</i> – <i>Q</i> laplace operator with weights
W4388544034,Paper,Design and Implement Low-Cost Industry 4.0 System Using Hybrid Six Sigma Methodology for CNC Manufacturing Process
W4398164532,Paper,A theoretical screening of phytochemical constituents from <i>Millettia brandisiana</i> as inhibitors against acetylcholinesterase
W4399236931,Paper,The Relationship between Academic Stress and Dropout Intention of University Students: The Mediating Role of Teacher and Family Support
W4400892685,Paper,"The smallest triple-ring tubular gold clusters M<sub>2</sub>@Au<sub>15</sub> with M = Mo, W: stability, electronic properties and nonlinear optical response"
W4404826466,Paper,First-principles prediction of the electronic properties and contact features of graphene/γ-GeSe van der Waals heterostructure: effects of electric fields and strains
W4405281261,Paper,"Clinical findings, treatment, and outcomes in cats with naturally occurring hypoadrenocorticism: 41 cases"
W4406259285,Paper,Transmission Power Optimization for Hybrid NOMA-URLLC System With STAR-RIS Assistance
W4407130506,Paper,Evaluating Membership Inference Vulnerabilities in Variational Autoencoders with Differential Privacy
W4407877818,Paper,Enhancing daily runoff forecasting in hydropower basins with a voting ensemble model using historical data
W4408938301,Paper,Prediction of overbite improvement in deep bite correction using clear aligner therapy
W4409038887,Paper,Talbot effect in binary waveguide arrays
W4410124353,Paper,Multi-rate selection and power allocation assisted probabilistic edge caching for cooperative video transmission in dense D2D networks
W4411213793,Paper,Unraveling the Synergy Effect of Bimetallic Zn–Mn-Based Catalysts for Polyethylene Terephthalate Glycolysis
W4411621627,Paper,Plastic Pollution in South and Southeast Asia: Challenges and Sustainable Solutions
W4412174766,Paper,"Enhancing InSe monolayer <i>via</i> full hydrogenation: insights into electronic structure, piezoelectricity, and charge mobility"
W4412488217,Paper,Navigating the Epidemiology and Complexities of Dental Trauma in Southeast Asia: A Multi‐Disciplinary Scoping Review
W4412835397,Paper,Detection of the Sulfamethoxazole Antibiotic by Gold Nanoparticles: Binding Mechanism and SERS Spectra
W4413401695,Paper,Microwave-assisted co-precipitation synthesis of MFe <sub>2</sub> O <sub>4</sub> nanoferrites (M = Co and Mn) using biogenic coir extract and their physical characterization
W4414229364,Paper,Hybrid Beamforming and Deep-Learning-Enabled Precoding for O-RAN mmWave Massive MIMO
W4414279520,Paper,"Flexural Behavior of Beams Reinforced with FRP Bars: Test Database, Design Guideline Assessment, and Reliability Evaluation"
W4414426377,Paper,Oxygen vacancy-mediated Bi–CuO<sub><i>x</i></sub> heterostructure for enhanced electrochemical nitrate-to-ammonia production and Zn–nitrate battery behavior
W4414447663,Paper,Nonlinear free vibrations of functionally graded graphene origami-enabled auxetic metamaterial skew-microplates with variable thickness using isogeometric analysis
W4414494430,Paper,Predicting stock returns using machine learning combined with data envelopment analysis and automatic feature engineering: A case study on the Vietnamese stock market
W4415222788,Paper,Land surface temperature evolution in rapidly urbanizing areas of Southeast Asia: Studies from Vietnam and Cambodia
W4415596303,Paper,"Electron–Phonon Scattering Dominated Intrinsic Mobility in Janus <i>M</i> BNS <sub>2</sub> ( <i>M</i> = Ti, Zr, Hf) Monolayers"
W4415696216,Paper,Reverse micelle-mediated synthesis of precision-controlled FeS nanospheres and their role in tailored FeS@PANI nanocomposites
W4416462147,Paper,Enhanced Carrier Mobility in Finite Versus Infinite Square Quantum Wells: A Comparative Study of GaAs/In <sub> <i>x</i> </sub> Ga <sub> 1− <i>x</i> </sub> As/GaAs Heterostructures
W7106298988,Paper,Evaluating GPT-enabled learning: Challenges and opportunities for academic performance in a global context
W7124450611,Paper,Polyethyleneimine-modified activated biochar derived from rice husk ash: material development and preliminary formaldehyde adsorption study
W7125821153,Paper,Biochar for pollution mitigation and renewable energy applications toward sustainability development
W7140101445,Paper,Polyphenol-Based Nanomedicine: Versatile Platforms for Immune Modulation and Therapeutic Delivery
W4400100979,Paper,Implementing Outcome-Based Education in Higher Education Programs: A Multiple Case Study in Vietnam and Laos
W4402785464,Paper,The Effectiveness of ChatGPT in Students’ Practicing Writing Skills: A Study at HCM UPES
W4405989709,Paper,"Endohedral boron-doped scandium clusters B<sub><i>m</i></sub>Sc<sub><i>n</i>−<i>m</i></sub><sup>+/0</sup> (<i>m</i> = 2–3, <i>n</i> = 3–13): triangular – linear rearrangement of the B<sub>3</sub> dopant"
W4406356442,Paper,Generative AI-Powered Aerial Access Networks: Recent Studies and Future Outlook
W4406804501,Paper,"Synthesis and Anticancer Activity Evaluation of N-(3,4,5-Trimethoxycinnamoyl)anthranilic Acid Derivatives"
W4408787427,Paper,Optical analogs of Bloch-Zener oscillations in binary waveguide arrays: Wave-number-evolution perspective
W4409801467,Paper,Predicting the uplift capacity of circular anchors in frictional-cohesive soils using Kolmogorov-Arnold networks
W4410320989,Paper,A comprehensive evaluation of the correlation between structure and magnetic properties of Gd-substituted Fe<sub>3</sub>O<sub>4</sub> nanoparticles
W4410321139,Paper,Hardy-Cesàro Operators on $$p$$-Adic Grand Morrey-Herz Spaces
W4411152176,Paper,Molecular dynamics simulations reveal a strong binding capacity of colossolactone H to the EGFR inactive conformation
W4414011304,Paper,Bank complexity and core competence of commercial banks in Vietnam: The buffer role of corporate social responsibility
W4414421852,Paper,Clinical and cone-beam computed tomography outcomes of miniscrew-assisted rapid palatal expansion in the treatment of maxillary transverse deficiency: A prospective study
W4415054792,Paper,EFL Teachers’ Perceptions of Utilizing ChatGPT in Designing Lesson Plans for IELTS Reading Skills
W4415470074,Paper,"Impact of Ginger Powder on the Physicochemical, Microbiological, and Sensory Properties of Vegan Gummy Candy During Storage"
W7117468647,Paper,Molecular mechanisms of Congo Red adsorption on hydrochar: The critical role of hydroxyl groups in dye removal
W7125773854,Paper,Effect of thermoformed tray architecture on transfer accuracy of lingual brackets: A prospective clinical study
W7127632491,Paper,Harnessing Artificial Intelligence (AI) for enhanced organizational performance in public sectors
W7154041191,Paper,"Selective sensing characteristics of Fe doped and (Fe, N, O) co-doped molybdenum disulfide toward CO, CO <sub>2</sub> , and NH <sub>3</sub> gases: a first-principles investigation"
W2078432620,Paper,The influence of verapamil on serum digoxin concentration.
W2148435571,Paper,Antihypertensive effect of the GABA receptor agonist muscimol in spontaneously hypertensive rats. Role of the sympathoadrenal axis.
W1575253570,Paper,Heavy metals extraction from anaerobically digested sludge
W2083703889,Paper,Change in ventricular cavity size: differential effects on QRS and T wave amplitude.
W2075394754,Paper,HIV prevention for injection drug users in China and Vietnam: Policy and research considerations
W2569951461,Paper,TBI and Treatment Response in a Randomized Trial of Acceptance and Commitment Therapy
W3129134850,Paper,Load Frequency Regulator in Interconnected Power System Using Second-Order Sliding Mode Control Combined with State Estimator
W2995333594,Paper,OCR Error Correction for Unconstrained Vietnamese Handwritten Text
W3129122531,Paper,p-Coumaric Acid Enhances Hypothalamic Leptin Signaling and Glucose Homeostasis in Mice via Differential Effects on AMPK Activation
W3165426036,Paper,The Need of Applying English Learning Apps to Help Van Lang University Students Improve Their Spoken English Performance
W4223557254,Paper,Solar Energy Deployment for the Sustainable Future of Vietnam: Hybrid SWOC-FAHP-WASPAS Analysis
W3021181631,Paper,Design and synthesis of new lupeol derivatives and their <i>α</i>-glucosidase inhibitory and cytotoxic activities
W3093483399,Paper,Exploring the mediating role of dynamic capabilities in the relationship between intellectual capital and performance of information and communications technology firms
W2998711203,Paper,Improved Genetic Algorithm Tuning Controller Design for Autonomous Hovercraft
W3047660184,Paper,Blogging for Collaborative Learning in the Writing Classroom
W3158523201,Paper,Different Transfer Functions for Binary Particle Swarm Optimization with a New Encoding Scheme for Discounted {0-1} Knapsack Problem
W3185593370,Paper,Fluoride and Arsenite Removal by Adsorption on La2O3-CeO2/Laterite
W4244980571,Paper,Strategy Development from Triangulated Viewpoints for a Fast Growing Destination Toward Sustainable Tourism Development – A Case Of Phu Quoc Islands in Vietnam
W3006831780,Paper,Unraveling the highly selective nature of silver-based metal–organic complexes for the detection of metal ions: the synergistic effect of dicarboxylic acid linkers
W3120966882,Paper,Impact of Industrial Revolution 4.0 on the Labor Market in Vietnam
W3150355272,Paper,Microsoft Teams in the context of freshmen ELF learning
W3196164652,Paper,A Study of Physical Layer Security in SWIPT-Based Decode-and-Forward Relay Networks with Dynamic Power Splitting
W2883076324,Paper,High Completion Rate for 12 Weekly Doses of Isoniazid and Rifapentine as Treatment for Latent Mycobacterium tuberculosis Infection in the Federal Bureau of Prisons
W3013846497,Paper,Multi-Tier Caching and Resource Sharing for Video Streaming in 5G Ultra-Dense Networks
W3049107245,Paper,"Trade of ICT Products, Government, and Economic Growth: Evidence from East Asia-Pacific Region"
W4225660073,Paper,Binary salp swarm algorithm for discounted {0-1} knapsack problem
W3186760671,Paper,The Effect of WeChat-Based Online Instruction on EFL Learners’ Vocabulary Knowledge
W3194551497,Paper,Using the internet for self-study to improve translation for English-majored seniors at Van Lang University
W4224230221,Paper,Does Economic Development Impact CO2 Emissions and Energy Efficiency Performance? Fresh Evidences From Europe
W3035678663,Paper,How Social Commerce Characteristics Influence Consumers' Online Impulsive Buying Behavior in Emerging Markets
W3082417377,Paper,Effects of Additional Xylanase on Saccharification and Ethanol Fermentation of Ammonia-Pretreated Corn Stover and Rice Straw
W3112625688,Paper,"Chitin Hydrogels Prepared at Various Lithium Chloride/N,N-Dimethylacetamide Solutions by Water Vapor-Induced Phase Inversion"
W3192945546,Paper,Genre-based Approach to Writing in EFL Contexts
W3207226598,Paper,New Betweenness Centrality Node Attack Strategies for Real‐World Complex Weighted Networks
W3207721761,Paper,Secrecy Outage Probability of Reconfigurable Intelligent Surface-Aided Cooperative Underlay Cognitive Radio Network Communications
W4211191715,Paper,The role of bank capital on the bank lending channel of monetary policy transmission: An application of marginal analysis approach
W4224960906,Paper,Environmentally Friendly Controlled Synthesis of Gold Nanostars with Collagen by One‐Step Reduction Method
W4248037454,Paper,Influence of entrepreneur competencies on profitability and employee satisfaction
W2006698604,Paper,An expending ring search algorithm for Mobile Adhoc networks
W2949783845,Paper,INFLUENCE OF STRATEGY FORMULATION DRIVERS ON STRATEGIC PERFORMANCE
W3013165542,Paper,STRATEGY IMPLEMENTATION DRIVERS IN CORRELATION WITH STRATEGIC PERFORMANCE
W3018079424,Paper,Lateral Behaviors of Nested Tube Systems Under Quasi-Static Condition
W3128289046,Paper,Fuzzy Optimization Model for Decision-Making in Supply Chain Management
W3134816599,Paper,EFL Teachers’ Emotion Regulation in Response to Online-Teaching at Van Lang University
W3139407296,Paper,Extraction and analysis of chemical composition of Ocimum gratissimum L essential oil in the North of Vietnam
W3192495317,Paper,Financial crisis and diversification strategies: the impact on bank risk and performance
W3194352617,Paper,The Effects of Reading Habits on Reading Comprehension among EFL Students at Van Lang University
W3212564068,Paper,Electrochemical Determination of Chloramphenicol on Glassy Carbon Electrode Modified Activated Carbon Derived from Rice Husks
W3214362572,Paper,Outage Analysis of the Power Splitting Based Underlay Cooperative Cognitive Radio Networks
W4281388431,Paper,Rotenoids and coumaronochromonoids from Boerhavia erecta and their biological activities: In vitro and in silico studies
W4281913321,Paper,"Usefulness of the pancreas as a prime target for histopathological diagnosis of <i>Tilapia parvovirus</i> ( <scp>TiPV</scp> ) infection in Nile tilapia, <i>Oreochromis niloticus</i>"
W4310299078,Paper,"Mexican-hat dispersions and high carrier mobility of γ-SnX (X = O, S, Se, Te) single-layers: a first-principles investigation"
W4379468618,Paper,Ranking Sub-Watersheds for Flood Hazard Mapping: A Multi-Criteria Decision-Making Approach
W4387082937,Paper,Theoretical approaches to defect mechanisms and transport properties of compounds used for electrodes and solid-state electrolytes in alkali-ion batteries
W3106624614,Paper,Corporate Governance and Earnings Management: A Study of Vietnamese Listed Banks
W3193714983,Paper,THE NAÏVE BAYES ALGORITHM FOR LEARNING DATA ANALYTICS
W3203239892,Paper,Use of Self-regulated Learning Strategies in Paragraph Writing at Van Lang University
W3206970384,Paper,Teaching Writing in Vietnam’s Secondary and High Schools
W4280619835,Paper,"Influence of Green Investment, Environmental Tax and Sustainable Environment: Evidence from ASEAN Countries"
W4285496039,Paper,Hybrid Precoding Algorithm for Millimeter-Wave Massive MIMO-NOMA Systems
W4290097413,Paper,MATHEMATICAL MODEL OF THIN LAYER DRYING OF GANODERMA LUCIDUM BY RADIO FREQUENCY ASSISTED HEAT PUMP DRYING
W4293158513,Paper,Hiring for gender diversity in tech
W4296372825,Paper,Regulating social media and influencers within Vietnam
W4307991005,Paper,Network structure indexes to forecast epidemic spreading in real-world complex networks
W4321054250,Paper,Computational fluid dynamic model for smoke control of building basement
W4353059269,Paper,EFL Students' Perceptions of Using Nearpod in Online English Learning
W4386489072,Paper,Unleashing the power of boron: enhancing nitrogen reduction reaction through defective ReS<sub>2</sub> monolayers
W3141743962,Paper,Can Customer Relationship Management Create Customer Agility and Superior Firms’ Performance?
W3209735081,Paper,A New Moth-Flame Optimization Algorithm for Discounted {0-1} Knapsack Problem
W4205915709,Paper,Low-energy phenomena of the lepton sector in an <i>A</i>4 symmetry model with heavy inverse seesaw neutrinos
W4224117736,Paper,"Cultural Familiarity, Foreign Language Speaking Skill, and Foreign Language Anxiety: The Case of Indonesian EFL Learners"
W4294839230,Paper,Multi-Objective Instantaneous Center of Rotation Optimization Using Sensors Feedback for Navigation in Self-Reconfigurable Pavement Sweeping Robot
W4313415965,Paper,The Effects of Online Peer Feedback on Students’ Writing Skills during Corona Virus Pandemic
W4315781818,Paper,Analysis of EMC Factors on Electronic Devices Using PLS-SEM Method: A Case Study in Vietnam
W4362576283,Paper,Combining FD‐UAV and NOMA technologies in IoT sensor network with millimeter‐wave communications
W4382885000,Paper,The toxic waste management towards corporates’ sustainable development: A causal approach in Vietnamese industry
W4384928263,Paper,Zero Defect Manufacturing Using Digital Numerical Control - PROOF READING
W4386819867,Paper,How gamification affects online shopping behavior: An approach with youngsters (aged 16 – 30)
W4388465055,Paper,Binding Mechanism and Surface-Enhanced Raman Scattering of the Antimicrobial Sulfathiazole on Gold Nanoparticles
W3096351903,Paper,Non-linear energy harvesting based power splitting relaying in full-duplex AF and DF relaying networks: system performance analysis
W3100063371,Paper,"Parmosidone K, a new <i>meta</i>-depsidone from the lichen <i>Parmotrema tsavoense</i>"
W3109935767,Paper,Corporate Social Responsibility and Job Pursuit Intention of Employees in Vietnam
W3109970070,Paper,Impacts of Corruption Control on Economic Growth in Relationship with Stock Market and Trade Openness
W3125825717,Paper,"Effects of air temperature and blanching pre-treatment on phytochemical content, antioxidant activity and enzyme inhibition activities of Thai basil leaves (Ocimum basilicum var. thyrsiflorum)"
W3135025289,Paper,Mobile Phones' Video Recording Tool
W3135821578,Paper,Using Collocations to Enhance Academic Writing: A Survey Study at Van Lang University
W3166941946,Paper,Difficulties and some suggested solutions in studying online of the students in Van Lang University during the Covid-19 pandemic
W3217534349,Paper,"Beta-decay half-lives of the extremely neutron-rich nuclei in the closed-shell <i>N</i> = 50, 82, 126 groups"
W4288457039,Paper,Mode division multiplexing free space optics system with 3D hybrid modulation under dust and fog
W4291123701,Paper,The Au12 Gold Cluster: Preference for a Non-Planar Structure
W4297177519,Paper,Fabrication of copper nanoparticles/diatomite nanocomposite by irradiation method for antibacterial application
W4319603294,Paper,NEW RESULTS ON CONTINUITY BY ORDER OF DERIVATIVE FOR CONFORMABLE PARABOLIC EQUATIONS
W4321488493,Paper,Multi-Rate Probabilistic Caching Optimized Video Offloading in Dense D2D Networks
W4379232316,Paper,Adapting to Climate-Change-Induced Drought Stress to Improve Water Management in Southeast Vietnam
W4384209462,Paper,SERVER: Multi-modal Speech Emotion Recognition using Transformer-based and Vision-based Embeddings
W4385636643,Paper,"Chemical Composition, Larvicidal and Molluscicidal Activity of Essential Oils of Six Guava Cultivars Grown in Vietnam"
W4385725590,Paper,One-loop expressions for <i>h → l lγ</i> in Higgs extensions of the Standard Model
W4399465791,Paper,Management of a severe skeletal open bite case using temporary anchorage devices and multiloop edgewise arch wire technique
W3136349206,Paper,Influence of outlet/inlet area ratio on performance of a vertical solar chimney for natural ventilation of buildings
W3143569447,Paper,Load Frequency Control for Multi-Area Power Plants with Integrated Wind Resources
W3155716985,Paper,"The relationships between foreign direct investment, export and economic growth"
W3171691420,Paper,"Women Entrepreneurship In Nigeria Drivers, Barriers And Coping Strategies"
W4220910670,Paper,Intelligent Reflecting Surface Aided Wireless Systems with Imperfect Hardware
W4225646906,Paper,Fuzzy Decision Model: Evaluating and Selecting Open Banking Business Partners
W4308973105,Paper,Experimental Research to Determine the Effect of Ultrasound in Drying Bo Chinh Ginseng by Ultrasound-Assisted Heat Pump Drying Method
W4308998671,Paper,Understanding exchange rate pass-through in Vietnam
W4311184438,Paper,Preparation of Copper Nanoparticles/Diatomite Nanocomposite for Improvement in Water Quality of Fishponds
W4311364086,Paper,Ergodic Performance Analysis of Double Intelligent Reflecting Surfaces-Aided NOMA–UAV Systems with Hardware Impairment
W4322624037,Paper,Reliability-Security in Wireless-Powered Cooperative Network with Friendly Jammer
W4380738569,Paper,Optimized machine‐learning methods for predicting the long‐term viscoelastic behavior of heterogeneous concrete mixtures
W4385356574,Paper,"Herding in the Australian stock market during the era of COVID-19: the roles of liquidity, government interventions and mood contagion"
W4390830216,Paper,Highly catalytic reduced graphene oxide decorated Cu<sub>2</sub>S counter electrode boosting quantum dot–sensitized solar cell performance
W4397009807,Paper,Exploring Student’s Perspectives and Practices: Using TikTok in the Context of Sophomore EFL Speaking 4 Learning at Van Lang University
W3131228323,Paper,Factors influencing English proficiency: An empirical study of Vietnamese students
W3136397549,Paper,Forced and natural ventilation of a room with a combined solar chimney and Earth - to - Air Heat Exchanger system
W3200176280,Paper,An efficient robust automatic clustering algorithm for interval data
W3205272172,Paper,Regularization of the backward stochastic heat conduction problem
W4225117901,Paper,Mathematical Model of Radio Frequency Assisted Heat Pump Drying of Ganoderma Lucidum (Ganoderma Boninense)
W4283579577,Paper,Using Scaffolding to Improve Online Group Presentation in English Literature Classes: An Action Study at Van Lang University
W4283772388,Paper,Impact of the COVID-19 pandemic on religious tourism amongst Muslims in Iraq
W4295135458,Paper,"Heavy singly charged Higgs bosons and inverse seesaw neutrinos as origins of large (g−2), in two Higgs doublet models"
W4310396776,Paper,Multicriteria Decision Making and Its Application in Geothermal Power Project
W4312874203,Paper,Improving the ANFIS Forecating Model for Time Series Based on the Fuzzy Cluster Analysis Algorithm
W4317513554,Paper,Vietnamese Students' Perceptions of Utilizing Social Media to Enhance English Vocabulary: A Case Study at Van Lang University
W4367322283,Paper,Review of Research on Predatory Scientific Publications from Scopus Database between 2012 and 2022
W4381281662,Paper,Two-dimensional Wannier-Mott exciton diamagnetic shift
W4387035570,Paper,"The trilogy between CEO overpower, green credit, and core competence: Evidence from commercial banks in Vietnam"
W4387310482,Paper,Can insurance ensure economic growth in an emerging economy? Fresh evidence from a non-linear ARDL approach
W4388138311,Paper,Efficiency and performance of Islamic banks amid COVID-19
W4400783551,Paper,"An Investigation on Open-RAN Specifications: Use Cases, Security Threats, Requirements, Discussions"
W4403576550,Paper,The impacts of task-based speaking activities on English-majored freshmen’s oral performance at Ba Ria-Vung Tau Teacher Training College
W3196864658,Paper,How light emitted at high temperature affects common digital image correlation algorithms
W3199214587,Paper,"IoT based detection, monitoring and automatic cleaning system for soiling of PV solar panel"
W4214942873,Paper,Nurse Executive Experiences With COVID-19
W4281867261,Paper,The Effect of Bit Depth on High-Temperature Digital Image Correlation Measurements
W4286203355,Paper,Fuzzy Cluster Analysis for Interval Data Based on the Overlap Distance
W4307544369,Paper,Applying Writing Feedback Orientation and Self-Regulated Learning Writing Strategies to EFL Students at Van Lang University During COVID-19
W4309613826,Paper,The Influence of Crest Width and Working States on Wave Transmission of Pile–Rock Breakwaters in the Coastal Mekong Delta
W4311970573,Paper,Propose-Specific Information Related to Prediction Level at x and Mean Magnitude of Relative Error: A Case Study of Software Effort Estimation
W4312690352,Paper,On stochastic elliptic equations driven by Wiener process with non-local condition
W4322506502,Paper,Study on Vietnamese Design Methods of Traditional Vernacular Architecture and Discussion on Their Technical Origins
W4364375921,Paper,"Black Carbon Emissions, Transport and Effect on Radiation Forcing Modelling during the Summer 2019–2020 Wildfires in Southeast Australia"
W4377862238,Paper,Optimized Design of Source Energy for Manufacturing Machine by Digital Numerical Control
W4385580607,Paper,World uncertainty and national fiscal balances
W4386374716,Paper,Landslide susceptibility mapping and management in Western Serbia: an analysis of ANFIS- and SVM-based hybrid models
W4388635132,Paper,"Design, Synthesis, and Repurposing of Rosmarinic Acid-β-Amino-α-Ketoamide Hybrids as Antileishmanial Agents"
W4389310208,Paper,"Assessment of Water Quality During 2018-2022 in the Vam Co River Basin, Vietnam"
W4392346702,Paper,"Decays of Standard Model–Like Higgs Boson <i>h</i> → γγ, <i>Z</i>γ in a Minimal Left-Right Symmetric Model"
W4392591182,Paper,The Use of TED Talks to Enhance EFL Students’ Public Speaking Skills: English-Majored Seniors’ Practices and Perceptions
W4393322250,Paper,A reinvestigation of the boron cluster B<sub>15</sub><sup>+/0/−</sup>: a benchmark of density functionals and consideration of aromaticity models
W3004140216,Paper,"Dilatatone, a new chlorinated compound from <i>Parmotrema dilatatum</i>"
W3182154770,Paper,New records of the forest musk deer <i>Moschus berezovskii</i> in Viet Nam revealed by camera traps
W4229439478,Paper,"Tour guides <sup>′</sup> perspectives on agrotourism development in the Mekong Delta, Vietnam"
W4284705287,Paper,The Suppressive Activity of Water Mimosa Extract on Human Gastric Cancer Cells
W4291002892,Paper,RETRACTED: Assessing Multidimensional Energy Poverty and Its Economic Impact on N11 Countries: Mediating Role of Energy Efficiency
W4295260622,Paper,The Factors of Financial Performance of SMEs (Case of Vietnam)
W4296210247,Paper,"The moderating role of innovative organizational climate on the relationship between environmental monitoring social monitoring, governance monitoring and sustainable development goals (case of Vietnam)"
W4318067337,Paper,"The entrepreneurial journey in Vietnam's public relations industry: the motivation, the role and the challenges"
W4320709155,Paper,Synthesis of Chiral Hypervalent Trifluoromethyl Organobismuth Complexes and Enantioselective Olefin Difluorocarbenation Screenings
W4362723292,Paper,Explaining consumers’ channel-switching behavior in the post-COVID-19 pandemic era
W4364320790,Paper,A topological path to the formation of a quasi-planar B<sub>70</sub> boron cluster and its dianion
W4365138459,Paper,HEAT AND MASS TRANSFER IN DRYING OF CARROT BY RADIO FREQUENCY ASSISTED HEAT PUMP DRYING
W4383111694,Paper,Commutators of Hardy-Littlewood operators on <i>p</i>-adic function spaces with variable exponents
W4385948362,Paper,Spatiotemporal Variability of Hot Days in Association with the Large-Scale Atmospheric Drivers over Vietnam
W4386246276,Paper,Rapidly Determine the Maximum Power Point in the Parallel Configuration of the Photovoltaic System
W4386601257,Paper,Preparation of a Robust and Highly Active Nonmagnetic Impregnated Cobalt/Carbon-Based Electrocatalyst for Hydrogen Production from the Electrolysis of Seawater
W4387116987,Paper,Dependence of hole’s effective mass on the spin polarization and temperature in quantum well
W4388463364,Paper,Grammatical Error Analysis of EFL Learners’ English Writing Samples: The Case of Vietnamese Pre-intermediate Students
W4390683333,Paper,Coal fly ash-slag and slag-based geopolymer as an absorbent for the removal of methylene blue in wastewater
W4403114063,Paper,"Optical, magnetic, and transport properties of two-dimensional III-nitride semiconductors (AlN, GaN, and InN) due to acoustic phonon scattering"
W4405417000,Paper,Effective removal of atrazine pesticide residue from wastewater using transition metal-doped zinc oxide photocatalyst
W4406143081,Paper,Full-Arch Implant-Supported Rehabilitation Using Reverse Scan Technique: A Case Report
W4406828764,Paper,<b>EFL postgraduate students’ perceptions on the use of Grammarly and peer feedback to improve their academic writing skills</b>
W4408278081,Paper,Accuracy and Reliability of Digital Dental Models Obtained by Intraoral Scans Compared with Plaster Models
W2754689785,Paper,"EVALUATION OF BONE MINERALIZATION BY COMPUTED TOMOGRAPHY IN WILD AND CAPTIVE EUROPEAN COMMON SPADEFOOTS (<i>PELOBATES FUSCUS</i>), IN RELATION TO EXPOSURE TO ULTRAVIOLET B RADIATION AND DIETARY SUPPLEMENTS"
W3003586115,Paper,Novel Velocity Update Applied for IMU-based Wearable Device to Estimate the Vertical Distance
W3096149152,Paper,Enabling Wireless Power Transfer and Multiple Antennas Selection to IoT Network Relying on NOMA
W3104312140,Paper,John Locke's Educational Ideology with Educational Innovation in Vietnam Today
W3172167377,Paper,Assessing Supplier-Customer Relationship Management Practice and Business Performance
W3177014373,Paper,Examining the Impact of Sustainable Energy on the Economy: Panel Evidence from ASEAN
W3200577445,Paper,Detection and mitigation system for shading-induced hot spots in household crystalline silicon photovoltaic modules
W4226149286,Paper,Fuzzy MCDM Model for Selection of Infectious Waste Management Contractors
W4283330135,Paper,"Work-to-family conflict, family satisfaction and engagement nexus: insights from millennial managers"
W4288518463,Paper,Do Musculoskeletal Disorders Affect Work Tasks in Farmers
W4290998809,Paper,A Dynamic Decision Support System for Sustainable Supplier Selection under Fuzzy Environment
W4296061001,Paper,A new family of NaTMGe (TM = 3d transition metals) half-Heusler compounds: the role of TM modification
W4296629887,Paper,"Ovarian development, spawning season, size at maturity and fecundity of <i>Acentrogobius viridipunctatus</i> (Valenciennes, 1837) in the Vietnamese Mekong Delta"
W4304693807,Paper,The MAX puzzle in a frontier market before and during the Covid-19 pandemic
W4322746639,Paper,"Optical band gaps and spectroscopy properties of Bi<sup><i>m</i>+</sup>/Eu<sup><i>n</i>+</sup>/Yb<sup>3+</sup> co-doped (<i>m</i> = 0, 2, 3; and <i>n</i> = 2, 3) zinc calcium silicate glasses"
W4361275219,Paper,What Drives Industry 4.0 Technologies Adoption? Evidence from a SEM-Neural Network Approach in the Context of Vietnamese Firms
W4362684874,Paper,EFL Students’ Perceptions and Challenges of Computer-Mediated Collaborative Writing in Academic Writing Courses at Van Lang University
W4377861812,Paper,"One-loop contributions to decays e → eγ and <mml:math xmlns:mml=""http://www.w3.org/1998/Math/MathML"" altimg=""si1.svg""><mml:msub><mml:mrow><mml:mo stretchy=""false"">(</mml:mo><mml:mi>g</mml:mi><mml:mo linebreak=""badbreak"" linebreakstyle=""after"">−</mml:mo><mml:mn>2</mml:mn><mml:mo stretchy=""false"">)</mml:mo></mml:mrow><mml:mrow><mml:msub><mml:mrow><mml:mi>e</mml:mi></mml:mrow><mml:mrow><mml:mi>a</mml:mi></mml:mrow></mml:msub></mml:mrow></mml:msub></mml:math> anomalies, and Ward identity"
W4378904270,Paper,"Comparative genomics of two Vietnamese Helicobacter pylori strains, CHC155 from a non-cardia gastric cancer patient and VN1291 from a duodenal ulcer patient"
W4379058433,Paper,OPT-BAG Model for Predicting Student Employability
W4385588222,Paper,Gradient and non-gradient-based first order reliability method for robust and accurate structural reliability analysis
W4385661509,Paper,An efficient automatic clustering algorithm for probability density functions and its applications in surface material classification
W4385705265,Paper,Tourists’ Perception and Influence Factors in Virtual Tourism Using Bayesian Sentimental Analysis Model in Vietnam Based on e WOM for Sustainable Development
W4386031782,Paper,"Dynamic association of green financial innovation, eco-financing, carbon tax, economic openness, and sustainable energy transition in Vietnam: fresh evidence using DARDL approach"
W4386034709,Paper,Application of nano zero-valent iron particles coated by carboxymethyl cellulose for removal of Congo red dye in aqueous solution
W4388739730,Paper,First-principles study of indium nitride monolayers doped with alkaline earth metals
W4389629918,Paper,Do Bank Funding Diversity and Bank Lending Affect Net Interest Margins? Evidence From Asia Markets Before and During the Covid-19 Pandemic
W4389674456,Paper,Well-posedness and regularization for Caputo fractional elliptic equation with nonlocal condition
W4394784089,Paper,Heat and Mass Transfer in Infrared Assisted Heat Pump Drying of Purple Yam
W4396617921,Paper,Fault and fracture network characterization using soft computing techniques: application to geologically complex and deeply-buried geothermal reservoirs
W4399485661,Paper,Impacts of Climate Change on the Distribution of Vietnamese Golden Cypress in Northern Vietnam
W4400350350,Paper,Effect of Plastic Fine Content on the Static Liquefaction Potential of Sandy Soil
W4401525995,Paper,Correction of a severe post-surgical iatrogenic class II anterior open bite with lingual appliances and mini-screws: a case report
W4401642591,Paper,"Climate-related risks, firm performance and role of risk reserve funds: empirical evidence in Vietnam"
W4401708579,Paper,Stakeholder's Perceptions of ChatGPT in Teaching and Learning English Paragraph Writing at Van Lang University
W4401798741,Paper,Arsenic adsorption by activated biochar derived from water hyacinth
W4403144078,Paper,Impact of exchange rate changes on export-import dynamics in Vietnam
W4406854999,Paper,Hydraulic performance and wave transmission through nature-inspired perforated hollow-base piles breakwater
W4407638824,Paper,Study on Reconfigurable Repeater-Based RSMA Systems
W4408160180,Paper,Antibiotic and colistin resistance pattern of Salmonella spp. isolated from pediatric patients with diarrhea in the Southern region of Vietnam
W4409409360,Paper,Culinary dynamics in the digital age: a netnographic exploration of food and beverage trends in Vietnam through user-generated content
W4410274316,Paper,Defect Engineering in β-Ga2O3: Hybrid functional study on the formation and stability of copper substitutional and complex defects
W3169005697,Paper,Applicability Assessment of Electrocoagulation in Real Dyeing Wastewater Treatment
W3173975414,Paper,Periodic Time Series Forecasting with Bidirectional Long Short-Term Memory
W4239180355,Paper,Temperature Effect of Water Coagulation Bath on Chitin Fiber Prepared through Wet-Spinning Process
W4253353920,Paper,Listening Learning Strategies Employed by English Majors at The Saigon International University
W4281553590,Paper,Inverse Source Problem for Sobolev Equation with Fractional Laplacian
W4282920256,Paper,Data envelopment analysis as a tool to assess the water demand minimization potential in industrial zones in the Vietnamese Delta
W4291148458,Paper,Monthly variations in growth pattern and condition factor of <i>Periophthalmodon septemradiatus</i> (Gobiiformes: Periophthalminae) living along the Bassac River in Viet Nam
W4293439820,Paper,Commutators of Hardy-Cesàro operators on Morrey-Herz spaces with variable exponents
W4296210434,Paper,Intermolecular interactions of an isoindigo-based organic semiconductor with various crosslinkers through hydrogen bonding
W4303444857,Paper,"""CELLULOSE HYDROGEL FIBRE FROM NIPA PALM (NYPA FRUTICANS) SHELL USED FOR ADSORPTION OF METHYLENE BLUE FROM WASTEWATER """
W4311176866,Paper,"<mml:math xmlns:mml=""http://www.w3.org/1998/Math/MathML"" display=""inline""><mml:mrow><mml:mi>C</mml:mi><mml:mi>P</mml:mi></mml:mrow></mml:math>-violating effects on gravitational waves in a complex singlet extension of the Standard Model with degenerate scalars"
W4362596742,Paper,"THE RELATIONSHIP BETWEEN MENTAL HEALTH AND LEARNING MOTIVATION OF PSYCHOLOGY STUDENTS AT VAN LANG UNIVERSITY, VIETNAM"
W4376613100,Paper,Beyond compliance: public voluntary standards and their effect on state institutional capacity in Vietnam
W4385219854,Paper,The Development of Solar Electric Powerin Vietnam From Economy and Policy Analysis
W4387788657,Paper,Electron density mapping of boron clusters <i>via</i> convolutional neural networks to augment structure prediction algorithms
W4388051817,Paper,The effect of MnCO<sub>3</sub> on the gain coefficient for the <sup>4</sup>I<sub>13/2</sub> → <sup>4</sup>I<sub>15/2</sub> transition of Er<sup>3+</sup> ions and near-infrared emission bandwidth flatness of Er<sup>3+</sup>/Tm<sup>3+</sup>/Yb<sup>3+</sup> co-doped barium zinc silicate glasses
W4390341038,Paper,Preparation and Characterization of Red Mud-Based Geopolymer Composited with Rice Husk Ash for the Adsorption of Bromocresol Green in Aqueous Solution
W4391342217,Paper,Numerical Design of 0.99 Numerical Aperture Planar Metalens for High Spatial Resolution Terahertz Imaging
W4391777722,Paper,Platelet rich fibrin and MTA in the treatment of teeth with open apices
W4394744640,Paper,Reduce Power Energy Cost Using Hybrid Six Sigma Based on Fuzzy MADM: A Case Study in Mechanical Factory
W4394804920,Paper,Enhancing Power Quality in Industry 4.0 Manufacturing Using the Multi-Criteria Selection Method
W4394989468,Paper,Developing paradoxical and authentic leadership: qualitative evaluation of leadership development among hotel managers and hospitality management educators in Vietnam
W4395464345,Paper,Fe<sub>3</sub>O<sub>4</sub>/CoFe<sub>2</sub>O<sub>4</sub> core-shell nanoparticles with enhanced magnetic properties for hyperthermia application
W4398243746,Paper,Dependence temperature on effective mass and susceptibility in quantum well-wires
W4399210653,Paper,Service quality as the source of competitive advantage in higher education: The difference between students´ expectations and perceptions
W4401433803,Paper,Accelerated and hybrid orthodontic treatment using a combination of 2D lingual appliance and in-house aligner: An anterior cross-bite and TMD case report after 1-year follow-up
W4401742244,Paper,Rapid and Efficient Dual Detection Of Zn<sup>2+</sup> Ions and Oxytetracycline Hydrochloride Using a Responsive Fluorescent “On‐Off” Sensor Based on Simple Salen‐Type Schiff Base Ligand
W4402307212,Paper,Mapping heavy mineral deposits on the coast of the state of Rio Grande do Sul (Brazil) using orbital and proximal remote sensing
W4402723512,Paper,Unveiling Versatile Electronic Properties and Contact Features of Metal–Semiconductor Graphene/γ-Ge<sub>2</sub>SSe van der Waals Heterostructures
W4402988558,Paper,High variability phonetic training facilitates categorical perception of Mandarin lexical tones in L2 older adults: A link to auditory processing
W4403344039,Paper,Reconstructing suspended sediment concentrations in the Mekong River Basin via semi-supervised-based deep neural networks
W4403488549,Paper,"The roles of supply chain integration, eco-design and digital transformation in improving sustainable construction performance"
W4403843479,Paper,Improvements of facial profile and smile aesthetic using temporary anchorage devices and botulinum toxin: a case report
W4404245825,Paper,Improved photocatalytic decomposition of carbaryl pesticide in wastewater using ZnO nanorods
W4405932039,Paper,"Raman activity and high electron mobility of piezoelectric semiconductor GaSiX<sub>2</sub> (X = N, P, and As) toward flexible nanoelectronic devices"
W4406047420,Paper,"Synthesizing Realistic Data with GANs: Balancing Quality, Similarity, and Privacy"
W4407918048,Paper,Recent advances in microneedles for enhanced functional angiogenesis and vascular drug delivery
W4410304808,Paper,On an inverse problem for a tempered fractional diffusion equation
W4412356220,Paper,Qualitative investigation of electrical conductivity in three-layer graphene structures
W3135986232,Paper,Multidisciplinary design optimization for sustainable design using building information modeling
W3165013452,Paper,Welcome to work in Taiwan! Investigation of international students' employment opportunities
W3210289654,Paper,"COPPER HEXACYANOFERRATE (II): SYNTHESIS, CHARACTERIZATION, AND CESIUM, STRONTIUM ADSORBENT APPLICATION"
W4226253103,Paper,"Explaining gender differences in entrepreneurship: the impact of motivations, success factors and business training on the performance of microenterprises in central Vietnam"
W4226292747,Paper,Optimization Agricultural Supply Chain: A Case Study of Fertilizer Supplier Selection
W4283773892,Paper,Service-Dominant Logic: A Model of Service Satisfaction and Its Antecedents
W4283790096,Paper,Integrity of API 5L X56 Offshore Pipeline Subjected to Girth Weld Anomalies and Corrosion Using Probabilistic Methods
W4293582204,Paper,Correcting for digital image correlation speckle inversion at high temperature using color cameras
W4313592827,Paper,Electronic and optical properties of thiogermanate AgGaGeS<sub>4</sub>: theory and experiment
W4376454465,Paper,The solvent effect on the morphology and molecular ordering of benzothiadiazole-based small molecule for inkjet-printed thin-film transistors
W4385282694,Paper,Utilizing Electronic Dictionaries: Voice from Vietnamese EFL Learners
W4386123363,Paper,Impact of Ownership Structure and Business Diversifications on the Risk-Taking Behaviors of Insurance Companies in Vietnam
W4388574092,Paper,"Three out of one: revising the species delimitation of the tree fern <i>Gymnosphaera salletii</i> (Cyatheaceae), with particular reference to the foliar nectary"
W4391506647,Paper,Improving secrecy performance of NOMA networks with multiple non-colluding eavesdroppers employing multiple aerial reconfigurable intelligent surfaces
W4391608160,Paper,Final value problem governed by a class of time‐space fractional pseudo‐parabolic equations with weak nonlinearities
W4393089136,Paper,Influences of critical success factors on nonprofit outcomes of ODA education construction projects: a case of Vietnam
W4394767200,Paper,Renormalization group improvement for thermally resummed effective potential
W4396585527,Paper,"Resistance Mutation Patterns among HIV-1-Infected Children and Features of the Program for Prevention of Mother-to-Child Transmission in Vietnam’s Central Highlands and Southern Regions, 2017–2021"
W4401207717,Paper,A new possibilistic-based clustering method for probability density functions and its application to detecting abnormal elements
W4402136902,Paper,Algae Windows: A Novel Approach TowardsSustainable Building Design and EnergyConservation
W4402414367,Paper,Treatment of heavy metal in the plating wastewater by electrocoagulation
W4402687087,Paper,Advances in Offshore Aquaculture and Renewable Energy Production
W4403137041,Paper,Enhanced catalytic reduction through in situ synthesized gold nanoparticles embedded in glucosamine/alginate nanocomposites
W4403714892,Paper,"<mml:math xmlns:mml=""http://www.w3.org/1998/Math/MathML"" display=""inline""> <mml:mo stretchy=""false"">(</mml:mo> <mml:mi>g</mml:mi> <mml:mo>−</mml:mo> <mml:mn>2</mml:mn> <mml:msub> <mml:mo stretchy=""false"">)</mml:mo> <mml:mrow> <mml:mi>e</mml:mi> <mml:mo>,</mml:mo> <mml:mi>μ</mml:mi> </mml:mrow> </mml:msub> </mml:math> anomalies and decays <mml:math xmlns:mml=""http://www.w3.org/1998/Math/MathML"" display=""inline""> <mml:mrow> <mml:mi>h</mml:mi> <mml:mo>,</mml:mo> <mml:mtext> </mml:mtext> <mml:mi>Z</mml:mi> <mml:mo stretchy=""false"">→</mml:mo> <mml:msub> <mml:mrow> <mml:mi>e</mml:mi> </mml:mrow> <mml:mrow> <mml:mi>b</mml:mi> </mml:mrow> </mml:msub> <mml:msub> <mml:mrow> <mml:mi>e</mml:mi> </mml:mrow> <mml:mrow> <mml:mi>a</mml:mi> </mml:mrow> </mml:msub> </mml:mrow> </mml:math> in 3-3-1 models with inverse seesaw neutrinos"
W4407065569,Paper,Overview of integrated reporting: biliometric analysis
W4407130611,Paper,Personalized Stress Detection for University Students Using Wearable Devices
W4407170082,Paper,"Coastal environmental changes in Ninh Thuan Province, South-Central Vietnam"
W4408169239,Paper,Enhanced Patient Satisfaction with Digital Impressions Using 3Shape TRIOS 3 Move Scanner for Single-Implant Crowns
W4408621636,Paper,A Hybrid P&O and PV Characteristics Simulation Method for GMPPT in PV Systems Under Partial Shading Conditions
W4409109198,Paper,Identifying defective casting products using hierarchical defect recognition architecture: A computer vision approach
W4410502105,Paper,THE TRANSFORMATION OF PUBLIC UNIVERSITIES IN VIETNAM AND THEIR ROLE IN NATIONAL INNOVATION SYSTEMS
W4410630703,Paper,Intelligent Fuzzy Multi-Criteria Decision-Making for Energy-Saving Building Designs in Construction
W4411096246,Paper,Platinum clusters Pt<sub><i>n</i></sub><sup>+/0/–</sup> (<i>n</i> = 3–21): from triangles to remarkable tubular architectures
W4411506904,Paper,"MA Students’ Perceptions and Experiences with the Gemini App in English Language Learning: A Mixed-Methods Study at Van Lang University, Vietnam"
W4412631044,Paper,"One-pot production of bio-based 2-methyltetrahydrofuran and 2,5-dimethyltetrahydrofuran: a review of heterogeneous catalytic approaches"
W3090257619,Paper,Synthesis of Poly (Styrene Sulfonate) Coated Gd3+ Poly (Lactide-Co-Glycolic Acid) Perfluoro Bromide Nanoparticles for Stem Cell Monitoring Using Magnetic Resonance Imaging
W3136535389,Paper,Balancing control for single-wheel unicycle Robot using the Sliding mode controller
W3200750355,Paper,Study on performance evaluation and optimization of brewers grains hammer mill
W3200882281,Paper,"Digitalization of traditional performance art heritage in Quảng Ninh for conservation, management, and tourism development"
W3212248389,Paper,Design and modeling motorcycle helmets using numerical simulation
W4283721719,Paper,<i>Ab initio</i> investigation of electronic structure and optical properties of IrSn<sub>4</sub>
W4285733410,Paper,"A View of Champā Sites in Phú Yên Province, Vietnam: Toward a Longue Durée of Socio-Religious Context"
W4292373758,Paper,The qualities of dyed YAG:Ce3+@SiO2 for WLEDs via energy conversion
W4296757415,Paper,Factors Affecting Students' English Proficiency at Lac Hong University
W4313907308,Paper,Quantum model of dynamic Stark‐induced degenerate vibronic state by two nonresonant shift‐up lasers for π‐electron angular momentum generation
W4321609955,Paper,Mutator Model with Migration
W4321782111,Paper,"Seasonal Assessment of Ecological and Human Health Risks of Trace Metals in the Saigon River Surface Water, Vietnam"
W4379207090,Paper,Impacts of Task-Based Activities on Learners’ Grammatical Acquisition and Motivation at Dong Nai Technology University
W4385556859,Paper,Characterization and Bioactivity of Piper chaudocanum L. Extract-Doped ZnO Nanoparticles Biosynthesized by Co-Precipitation Method
W4386853765,Paper,Correlation between critical magnetic behavior and griffiths phase in ferromagnetic La<sub>0.7</sub>Sr<sub>0.3</sub>Mn<sub>1−x</sub>Fe<sub>x</sub>O<sub>3</sub> (x = 0.05) nanoparticle
W4386854305,Paper,An Adaptive Homogenization Scheme for Modeling the Effective Elastic Properties of Early Age Concrete
W4387258982,Paper,Integration of Sustainable Development Goals (SDGs) into Institutional Development Strategy: Recommendations for Vietnamese Universities
W4387877661,Paper,"Synthesis, Bioactivity Evaluation, and Molecular Docking Study ofTranilast Analogs as Anticancer Agents"
W4388658227,Paper,Data-driven prediction of the shear capacity of ETS-FRP-strengthened beams in the hybrid 2PKT–ML approach
W4393941056,Paper,CHEMICALLY CROSSLINKED CELLULOSE-BASED HYDROGEL PREPARED FROM RICE STRAW FOR THE REMOVAL OF AQUEOUS HEXAVALENT CHROMIUM ION FROM WASTEWATER
W4396750923,Paper,"Exploring the Role of Institutional Quality, Trade Openness, and Financial Development in Driving the Real Exchange Rate: Evidence in Southeast Asia Countries"
W4396989760,Paper,"Chemical Constituents, Antioxidant, and Antimicrobial Activities of Ethyl Acetate Fractionated Extract from Rhizomes of <i>Zingiber monophyllum</i> Gagnep.: In vitro and in silico Screenings"
W4397008973,Paper,Photorefractivity and photocurrent dynamics of triphenylamine-based polymer composites
W4399212597,Paper,Gravitational waves from domain wall collapses and dark matter in the SM with a complex scalar field
W4399348657,Paper,PREPARATION AND PROPERTIES OF CHITIN HYDROGEL APPLIED AS MOISTURE-SUPPORTER FOR SEED GERMINATION
W4399493353,Paper,A theoretical study of the oxidation of benzene by manganese oxide clusters: formation of quinone intermediates
W4399593830,Paper,"Kinetic Models of Changes in Astaxanthin, Moisture, and Total Aerobic Microbial in Seasoning Powder from <i>Acetes</i> during Storage at Different Conditions"
W4400130597,Paper,"First report on microplastics in a freshwater clam, Corbicula baudoni, in Vietnam"
W4401007185,Paper,"Chemical composition and antibacterial activity of the leaf essential oil of <i>Litsea mekongensis</i> Lecomte growing wild in Lam Dong Province, Vietnam"
W4401020933,Paper,"Solid waste circulation in tourism: a close study of accommodation service establishments in Hoi An City, Vietnam"
W4401993107,Paper,Mobile Devices and the Autonomy in English Language Learning: A Deeper Look at Van Lang University
W4402341077,Paper,"Tube-like Gold Clusters M<sub>2</sub>@Au<sub>17</sub><sup><i>q</i></sup> (M = W, Mo; <i>q</i> = 0, ±1): Structure, Electronic Property, and Optical Nonlinearity"
W4402461726,Paper,Navigating the Convenience Trap with ChatGPT and Google Translate: The Risks of Homogenization in Translation Teaching for Vietnamese Students
W4404595456,Paper,Helical-photon-dressed states determining unidirectional π-electron rotations in aromatic ring molecules
W4405312399,Paper,"Comparative study of alpha-glucosidase inhibition of four Vietnamese medicinal plants <i>Combretum quadrangulare</i>, <i>Dicranopteris linearis</i>, <i>Psychotria adenophylla</i>, and <i>Garcinia schomburgkiana</i>: <i>In vitro</i> and <i>in vivo</i> studies"
W4405869633,Paper,Investigating steeply inclined abandoned mines for unlocking the secrets of water level recovery
W4406056168,Paper,"Destination ambassadorship behaviours intentions: an examination of cruise tourism in Ho Chi Minh City, Vietnam"
W4406609946,Paper,Biomechanics of Adjunctive Maxillary Molar Intrusion using Temporary Anchorage Devices and Power Chain: A Case Series
W4406828371,Paper,IELTS Washback as a High-Stakes Test on Student Learning: A Hierarchical Modelling Study at a Vietnamese University
W4407223794,Paper,"Two-dimensional piezoelectric AlSiX<sub>2</sub> (X = N, P, As) semiconductors with Raman activity, favorable band-gap, and high carrier mobility based on first-principles calculations"
W4408117529,Paper,Impact of sea level rise on the hydrodynamic regime and sediment distribution in the Dong Nai-Sai Gon River basin of Southern Vietnam
W4409983690,Paper,Low-Energy Electron Inelastic Mean Free Path for Liquid Water
W4410855018,Paper,Generative AI-driven Digital Transformation in Education: Systematic Review and Future Research Directions
W4410916652,Paper,Building confidence in the digital age: the effects of online professional development on Vietnamese teachers’ media and information literacy
W4411711385,Paper,Timber price forecasting in Vietnam using graph neural network and LSTM method
W4415696730,Paper,International entrepreneurial mobility and innovation: revisiting the phenomenon and future research directions
W7118452653,Paper,Prevalence of plastic waste as a household fuel in low-income communities of the Global South
W7125619734,Paper,Achievements and Prospects of Nanomaterials Used in Electrochemical Biosensors
W7137090518,Paper,Integration of TinyML and LargeML: A Survey of 6G and Beyond
W3200524819,Paper,Incorporation of nanomaterials into delivery systems of antioxidants: A review
W3201335432,Paper,The decorative art of Indochinese architecture in Saigon - Ho Chi Minh City
W3212113658,Paper,Application of information technology in conservation and promotion of Vietnamese Ca trù singing in Hanoi
W3213241775,Paper,Effects of a discrete heat sources located on the air channel on the performance of a Trombe wall
W3213466285,Paper,"Applying information technology in conservation and promotion of the heritage of Dâu Pagoda in Bắc Ninh Province, Vietnam"
W3214406573,Paper,Artificial neural network for building energy consumption prediction
W4295941572,Paper,New look at secure performance of massive MIMO with low-resolution DACs
W4311137246,Paper,For improvements in chromatic scales and luminescent fluxes of white lights: developing a dual-layer remote phosphor structure
W4383484815,Paper,"(g− 2)e, μ and decayseb→eaγ in a SU(4)L⊗U(1)Xmodel with inverse seesaw neutrinos"
W4385891544,Paper,A refined convergence analysis of Popov's algorithm for pseudo-monotone variational inequalities
W4386365428,Paper,Antioxidant and Hepatoprotective Activities of Paris polyphylla Sm. Rhizome Extract in Cyclophosphamide-Induced Hepatic Damaged Mice
W4390883126,Paper,Global solutions to a modified Fisher-KPP equation
W4392734781,Paper,How is the Australian tourism and hospitality curriculum and assessment quality framework perceived elsewhere? A Taiwanese case study
W4394747446,Paper,A theoretical study on optical field distribution and absorption of stacked thin films supported by a reflective back layer
W4399007353,Paper,Platelet-rich fibrin as an apical barrier for MTA placement in the treatment of teeth with open apices: a pilot study
W4399665885,Paper,"Ethnopharmacology, genetic diversity, phytochemistry and pharmacological effects of Panax vietnamensis Ha et Grushv.: A review"
W4400253720,Paper,Reconstructing the historical distribution of diffusion equation with poly-fractional operator in multi-dimensional space
W4401257954,Paper,Antibacterial Potentials of Blumea balsamifera L. Essential Oil Against Streptococcus Pyogenes and Streptococcus Pneumoniae: In Vitro and In Silico Screening
W4401665864,Paper,Semi-analytical results for transient poroelastic behavior of a functionally graded hollow sphere
W4402448177,Paper,Critical Review of Common Issues in Classroom Procedure of Vietnamese Classroom in The New Era
W4402994292,Paper,Training artificial neural networks using self-organizing migrating algorithm for skin segmentation
W4404299054,Paper,Current Status of First-Grade Students' Adaptability in Learning Activities
W4406031591,Paper,TED Talk and YouTube for English
W4406602578,Paper,Anatomy-specific two-stage YOLOv8 approach for improved coronary segmentation using the ARCADE dataset
W4406739004,Paper,Economic evaluations  of strategies targeting pre-diagnosis dementia  populations: Protocol for a systematic review
W4407742590,Paper,Decellularized Membrane Derived from the Cell-Produced Extracellular Matrix of 1-Day-Old Porcine Cartilage Can Be a Substitute for Periosteal Patches in Autologous Chondrocyte Implantation
W4408599233,Paper,Some Measures To Enhance First-Grade Students' AdaptabilityTo Learning Activities
W4408797605,Paper,"Fisheries Bycatch in a Tropical Mangrove Forest, with a Focus on Gobies: a Case Study in Xuan Thuy National Park, Vietnam"
W4409011317,Paper,The effects of IT capability and distribution competence on business performance of retailers in Omnichannel
W4409117302,Paper,Energy Efficiency in Buildings: Smart Glass Technology Evaluation and Selection Model
W4409178946,Paper,Correcting Multiple Spaces in Adult Patients With Precise Tooth Movement Control Using In‐House Clear Aligners
W4410228494,Paper,Polarization Reconfigurable Antenna Based on SIW Cavity for mmWave Applications
W4410369190,Paper,Aesthetic Orthodontic Management of an Iatrogenic Malocclusion Induced by Lingual Appliance Using In‐House Clear Aligners
W4411025224,Paper,High-efficiency two-channel magneto-optical switching and Kerr nonlinearity control using a static magnetic field in a degenerate four-level atomic medium
W4411134673,Paper,Mathematical Model of Thin Layer Drying of Purple Yam by Infrared Assisted Heat Pump Drying
W4411310108,Paper,Assessing the incubation time in antifungal susceptibility testing using the agar-based disk diffusion method
W4411492197,Paper,Comparison of Accuracy between Digital and Conventional Impression Techniques in Full-Arch Edentulous Implant Patients: An In Vitro Study
W4412422965,Paper,Genomic Characterization and Antibiotic Resistance Profiles of <i>Acinetobacter baumannii</i> Isolates From Intensive Care Units in Vietnam
W4412726646,Paper,Surface Activity of <i>n</i> -Carboxylic Acids
W4412866347,Paper,Design of AgI/BiVO<sub>4</sub> heterostructures for photocatalytic antibiotic removal and antimicrobial action
W4412995744,Paper,Molecular Insights into the Interaction between CD147 and the SARS-CoV-2 Spike Protein
I4210107217,Institution,University Hospital of Larissa
I4210123993,Institution,Van Lang University
I4210114368,Institution,Danieli (Italy)
I4210095101,Institution,Hue University
I2802508454,Institution,University of Medicine and Pharmacy at Ho Chi Minh City
I4210115718,Institution,Thai Nguyen University
I4387154951,Institution,Tay Nguyen University
I67255865,Institution,Hoa Sen University
I4210141768,Institution,Hue University of Education
I4210137358,Institution,Quy Nhon University
I123565023,Institution,Vietnam National University Ho Chi Minh City
I4210152550,Institution,Abt Global (United States)
I4210143324,Institution,Guangxi Center for Disease Prevention and Control
I1287643137,Institution,Mount Sinai Beth Israel
I4210095633,Institution,General Department of Preventive Medicine
I4210152602,Institution,Ministry of Health
I4210163374,Institution,Institute for Reproductive and Family Health
I4210095799,Institution,Andersen (United States)
I2800701776,Institution,Katherine Hospital
I4210159832,Institution,Reynolds American (United States)
I8775707,Institution,Vietnamese-German University
I192455969,Institution,York University
I94518387,Institution,Hanoi University of Science and Technology
I152815399,Institution,Singapore University of Technology and Design
I172675005,Institution,Nanyang Technological University
I3020192730,Institution,Trường ĐH Nguyễn Tất Thành
I4210147407,Institution,EveryCat Health Foundation
I2799937713,Institution,Louisiana State University at Eunice
I4210110470,Institution,Richard Wolf (Germany)
I1287097855,Institution,Atkins (United States)
I103605065,Institution,Berry College
I4210142967,Institution,J.C. Blair Memorial Hospital
I191642347,Institution,Stazione Sperimentale del Vetro
I4210124898,Institution,John D Bray MD
I68278413,Institution,Brooks Automation (Germany)
I4210118850,Institution,Charlton Memorial Hospital
I149704539,Institution,Deakin University
I4210159988,Institution,Hood Technology (United States)
I4210135298,Institution,Jensen Hughes (United States)
I4210157079,Institution,Klein Buendel (United States)
I164865396,Institution,LIM College
I4210100553,Institution,MARK Resources (United States)
I4210105596,Institution,Morrison Tech
I4210113609,Institution,Nation University
I4210140284,Institution,Mykolaiv Observatory
I4210120772,Institution,Edison (Italy)
I4210156678,Institution,Jeffrey Modell Foundation
I4210148804,Institution,Ospedale San Giuseppe
I4210143550,Institution,Taylor's University
I181727666,Institution,University of Economics Ho Chi Minh City
I55383850,Institution,Tashkent State University of Economics
I4210111957,Institution,Bình Dương University
I4391012539,Institution,Thu Dau Mot University
I83978394,Institution,John Marshall Law School
I4210094501,Institution,Ferrer Grupo (Spain)
I4210090642,Institution,Griffin Hospital
I123946342,Institution,Binghamton University
I26725883,Institution,Shimizu (Japan)
I4210093012,Institution,Nippon Zoki (Japan)
I4210131859,Institution,Michael & Associates
I4387155935,Institution,HUTECH University
I47265099,Institution,Ho Chi Minh City University of Technology
I4210139239,Institution,Helmholtz-Zentrum Hereon
I3133086891,Institution,Hochschule für Angewandte Wissenschaften Kiel
I32021983,Institution,Christian-Albrechts-Universität zu Kiel
I143578492,Institution,Asia University
I28777354,Institution,Sejong University
I80947539,Institution,Fuzhou University
I43369023,Institution,"California State University, San Bernardino"
I6469544,Institution,City University of Macau
I187855631,Institution,Foreign Trade University
I154757721,Institution,University of Piraeus
I197854408,Institution,University of Malta
I3129629310,Institution,Ho Chi Minh University of Banking
I913481162,Institution,Wageningen University & Research
I70349855,Institution,Vietnam Academy of Science and Technology
I7726996,Institution,Henan University of Economic and Law
I179311214,Institution,Gulf University for Science & Technology
I4210116271,Institution,Ho Chi Minh City University of Industry and Trade
I49382586,Institution,An Giang University
I4210120055,Institution,Hong Bang International University
I111428342,Institution,Hitotsubashi University
I157358134,Institution,RMIT Vietnam
I141445968,Institution,Ton Duc Thang University
I4394709108,Institution,Zhejiang Yuexiu University
I5343935,Institution,Guilin University of Electronic Technology
I87445476,Institution,Xi'an Jiaotong University
I82828225,Institution,King Mongkut's University of Technology North Bangkok
I226567900,Institution,Muhammadiyah University of Yogyakarta
I4210109591,Institution,Thuongmai University
I3131622653,Institution,Yangon Technological University
I11983389,Institution,Manchester Metropolitan University
I71503853,Institution,University of Algarve
I4400573217,Institution,Aisyah University
I31079310,Institution,Al al-Bayt University
I4210090457,Institution,Al-Nisour University College
I3124059619,Institution,China University of Geosciences
I189210763,Institution,Yunnan University
I4210131885,Institution,Yunnan Institute of Environmental Sciences
I4210140379,Institution,Institute of Rock and Soil Mechanics
I4210165038,Institution,University of Chinese Academy of Sciences
I3123069486,Institution,Perm National Research Polytechnic University
I4210100043,Institution,Superior University
I84339108,Institution,Sunway University
I153455119,Institution,University of Zimbabwe
I202539009,Institution,Industrial University of Ho Chi Minh City
I142208455,Institution,VSB - Technical University of Ostrava
I3129492623,Institution,University of Da Nang
I4210088961,Institution,Biotechnology Research Center
I198105771,Institution,Kasetsart University
I4210090073,Institution,Novem (Netherlands)
I38538140,Institution,Asian Institute of Technology
I75881417,Institution,WorldFish
I158708052,Institution,Chulalongkorn University
I103583917,Institution,Karachi Institute of Economics and Technology
I32597200,Institution,Ghent University
I4210096063,Institution,Ho Chi Minh City Open University
I4210097369,Institution,Center for Clinical Care and Research in Nigeria
I56081889,Institution,Mendel University in Brno
I170238339,Institution,Duy Tan University
I4880106,Institution,Feng Chia University
I157394403,Institution,Baylor University
I110166357,Institution,University of Delhi
I4401726839,Institution,Delhi Skill and Entrepreneurship University
I54001450,Institution,Düzce Üniversitesi
I120089902,Institution,Ho Chi Minh City University of Transport
I169333911,Institution,Gdańsk University of Technology
I4388891809,Institution,Dong A University
I137407579,Institution,Université Oran 1 Ahmed Ben Bella
I4210164694,Institution,Hassiba Benbouali University of Chlef
I4210114709,Institution,Housing and Building National Research Center
I4210131959,Institution,National Research Centre
I4575257,Institution,Hanyang University
I252758333,Institution,Govind Ballabh Pant University of Agriculture and Technology
I4210101969,Institution,Dalat University
I14243506,Institution,Hong Kong Polytechnic University
I145487455,Institution,Cairo University
I159247623,Institution,Mansoura University
I848706,Institution,Sungkyunkwan University
I109689652,Institution,FPT University
I12912129,Institution,Northeastern University
I4210088746,Institution,University of Khanh Hoa
I25757504,Institution,China University of Mining and Technology
I4210098369,Institution,Institute of Disaster Prevention
I132210918,Institution,North China Institute of Science and Technology
I63135867,Institution,University of Cincinnati
I194450716,Institution,Jilin University
I46080048,Institution,Jahangirnagar University
I99574509,Institution,Bangladesh Atomic Energy Commission
I28022161,Institution,King Saud University
I139398662,Institution,South Carolina State University
I4210131701,Institution,Institute for Computational Science and Technology
I4210160086,Institution,Dong Thap University
I161913731,Institution,Al Ain University
I131948415,Institution,National Taichung University of Science and Technology
I2799888298,Institution,Skyline University College
I193670377,Institution,University of Karachi
I174731842,Institution,Islamia University of Bahawalpur
I99542240,Institution,Polish Academy of Sciences
I83436808,Institution,Hankuk University of Foreign Studies
I2613432,Institution,University of South Florida
I4210096295,Institution,University of Finance - Marketing
I207776796,Institution,Overseas Chinese University
I47807185,Institution,Saigon University
I185163786,Institution,King Abdulaziz University
I55547365,Institution,Payame Noor University
I177477856,Institution,Politecnico di Torino
I151746483,Institution,University of Waterloo
I67009956,Institution,Iran University of Science and Technology
I98358874,Institution,Delft University of Technology
I86958956,Institution,Ferdowsi University of Mashhad
I176601375,Institution,Khalifa University of Science and Technology
I12450925,Institution,Nha Trang University
I205274468,Institution,Trinity College Dublin
I4210142044,Institution,VinUniversity
I98381234,Institution,University of Oulu
I4210124651,Institution,Phenikaa University
I126231945,Institution,Queen's University Belfast
I186903577,Institution,University of Luxembourg
I4210086947,Institution,Institute of Physics
I4210093468,Institution,Hanoi University of Natural Resources and Environment
I2801894621,Institution,Hai phong University Of Medicine and Pharmacy
I3132161128,Institution,Hai Phong University
I4210132950,Institution,Stomatology Hospital
I4210138746,Institution,Vietnam National Children's Hospital
I4210148201,Institution,Ho Chi Minh City University of Technology and Engineering
I177733328,Institution,Can Tho University
I4210109089,Institution,National Institute Of Hygiene And Epidemiology
I4210146230,Institution,National Institute of Nutrition
I4210153650,Institution,Viet Duc Hospital
I4210115079,Institution,Center for Health Consultation and Community Development
I2799883749,Institution,Da Nang Hospital
I132118926,Institution,Austrian Institute of Technology
I152743029,Institution,Kaohsiung Medical University
I2802587341,Institution,Kaohsiung Medical University Chung-Ho Memorial Hospital
I47519274,Institution,Taipei Medical University
I142974352,Institution,National Sun Yat-sen University
I4210136334,Institution,Chi Mei Medical Center
I56019348,Institution,Chia Nan University of Pharmacy and Science
I4210133311,Institution,Shoolini University
I80281795,Institution,University of Otago
I21250087,Institution,Charles University
I182526193,Institution,Thuyloi University
I119511950,Institution,Glasgow School of Art
I7882870,Institution,University of Glasgow
I206093572,Institution,Nexen (Canada)
I4210118607,Institution,Kaohsiung Armed Forces General Hospital
I68171755,Institution,National Defense Medical Center
I2802331550,Institution,Taipei Medical University Hospital
I365282,Institution,Albany College of Pharmacy and Health Sciences
I4210142271,Institution,Wan Fang Hospital
I106841677,Institution,Mother Teresa Women's University
I157674215,Institution,Presidency University
I91279580,Institution,Chung Shan Medical University
I4210104362,Institution,Chung Shan Medical University Hospital
I98298690,Institution,I-Shou University
I4210137722,Institution,Indonesia International Institute for Life Sciences
I1293718874,Institution,Tri-Service General Hospital
I4210113809,Institution,Chia-Yi Christian Hospital
I162709352,Institution,Sul Ross State University
I94328231,Institution,University of Rio Grande and Rio Grande Community College
I4210095073,Institution,Sustainability Institute
I4210138427,Institution,Computational Physics (United States)
I4210093057,Institution,Faculty (United Kingdom)
I4210127672,Institution,Engineering (Italy)
I1338034494,Institution,XLAB (Slovenia)
I204778367,Institution,Norwegian University of Science and Technology
I18550681,Institution,Pham Ngoc Thach University of Medicine
I196345858,Institution,Chungnam National University
I4210100829,Institution,Le Hong Phong High School for the Gifted
I2802701112,Institution,Institut Pasteur in Ho Chi Minh City
I4210101453,Institution,Saint Petersburg Pasteur Institute
I23582244,Institution,Ho Chi Minh City University of Science
I52179390,Institution,University of Waikato
I173888879,Institution,SINTEF
I205640436,Institution,Curtin University
I4210095603,Institution,Vietnam Posts and Telecommunications Group (Vietnam)
I4210150999,Institution,Research Institute of Posts and Telecommunications
I4210134642,Institution,Lac Hong University
I8961855,Institution,Universidad Nacional Autónoma de México
I875944469,Institution,Koneru Lakshmaiah Education Foundation
I193352282,Institution,Daegu Gyeongbuk Institute of Science and Technology
I86987016,Institution,KTH Royal Institute of Technology
I184531372,Institution,OsloMet – Oslo Metropolitan University
I4210153474,Institution,Simula Metropolitan Center for Digital Engineering
I117222138,Institution,Abu Dhabi University
I163161326,Institution,Neumann University
I4210160947,Institution,Abt Associates (Nepal)
I16473318,Institution,Langston University
I4210156945,Institution,Q.D. Research
I4210090479,Institution,Graduate School Experimental Plant Sciences
I4210088287,Institution,Klinik Preetz
I127073530,Institution,OhioHealth
I1288070718,Institution,Grant Medical Center
I2800593602,Institution,Kilgore College
I38686511,Institution,Chaffey College
I4210117845,Institution,University Of Information Technology
I4210136912,Institution,Wyższa Szkoła Technologii Informatycznych w Warszawie
I4210104442,Institution,Ho Chi Minh City University of Education
I108108428,Institution,Thammasat University
I4210139842,Institution,Tay Bac University
I82475049,Institution,Suranaree University of Technology
I173009982,Institution,Iwate University
I4210110097,Institution,Langdon Hospital
I145311948,Institution,Johns Hopkins University
I75027704,Institution,University of Tennessee at Knoxville
I69356397,Institution,Xi’an Jiaotong-Liverpool University
I182534213,Institution,Universidade do Porto
I135768898,Institution,Ritsumeikan University
I4210139642,Institution,The State Bank of Vietnam
I16733864,Institution,National Taiwan University
I79775147,Institution,Nong Lam University Ho Chi Minh City
I4210144900,Institution,Phu Yen University
I138925566,Institution,Ewha Womans University
I4210110313,Institution,DNA Link (South Korea)
I127859547,Institution,Yogyakarta State University
I2802425954,Institution,Center for Scientific Review
I4210126127,Institution,Institut d'Anàlisi Econòmica
I4210126637,Institution,Uji Hospital
I4210129039,Institution,Transport Corporation of India (India)
I4210157299,Institution,IAIN Palangka Raya
I85788879,Institution,Peninsula College of Medicine and Dentistry
I4210142079,Institution,Eastern International University
I69181431,Institution,Universidad de las Américas Puebla
I196137440,Institution,International University of Japan
I4387154394,Institution,National Kaohsiung University of Science and Technology
I165737746,Institution,Tomas Bata University in Zlín
I205133468,Institution,Airlangga University
I4210151045,Institution,Ministry of Agriculture and Rural Development
I208356959,Institution,Văn Hiến University
I4210096430,Institution,Lampang Rajabhat University
I82497590,Institution,Auburn University
I45756140,Institution,Hanoi University of Industry
I4210093659,Institution,University of Transport and Communications
I35568498,Institution,Kochi University of Technology
I4210134673,Institution,The Institute of Statistical Mathematics
I173093425,Institution,Chang Gung University
I4429535,Institution,State University of Makassar
I4210110116,Institution,Institute of Applied Technology
I114395901,Institution,University of Nebraska–Lincoln
I78577930,Institution,Columbia University
I196051555,Institution,Shahid Chamran University of Ahvaz
I99464096,Institution,KU Leuven
I124601658,Institution,University of Parma
I4403928193,Institution,"Istituto Nazionale di Fisica Nucleare, Gruppo Collegato di Parma"
I30771326,Institution,Italian Institute of Technology
I4210135780,Institution,Center for Nano Science and Technology
I93860229,Institution,Politecnico di Milano
I4210093221,Institution,United Biscuits (United Kingdom)
I310553,Institution,Tohoku Gakuin University
I64222039,Institution,National University of Mongolia
I136761661,Institution,Institut Pasteur Korea
I2610724,Institution,Chemnitz University of Technology
I4577782,Institution,Technische Universität Berlin
I22265921,Institution,National Central University
I99552915,Institution,University of Rajasthan
I196699116,Institution,Wuhan University of Technology
I3132707006,Institution,Vinh Medical University
I3122832768,Institution,Kurdistan University of Medical Sciences
I4210088633,Institution,Soil Conservation and Watershed Management Research
I4210141426,Institution,Agricultural Research & Education Organization
I112536369,Institution,Yazd University
I169045520,Institution,Universidade Federal da Paraíba
I170013655,Institution,Isfahan University of Technology
I110116418,Institution,Maharaja Sayajirao University of Baroda
I2800875726,Institution,Fritz Haber Institute of the Max Planck Society
I4210086020,Institution,Vinh Long University of Technology Education
I166337079,Institution,Queen Mary University of London
I4210097717,Institution,Don State Technical University
I4210144126,Institution,Tien Giang General Hospital
I4210110070,Institution,Diplomatic Academy of Vietnam
I1285420085,Institution,Hung Yen University of Technology and Education
I4210087755,Institution,University of Theatre and Cinema Ho Chi Minh City
I913630986,Institution,Tra Vinh University
I85461943,Institution,Saveetha University
I111277659,Institution,Chonnam National University
I4210138988,Institution,King Khalid University Hospital
I76903346,Institution,University of Coimbra
I149851306,Institution,National Academy of Sciences of Ukraine
I302256491,Institution,Lesya Ukrainka Volyn National University
I4210098675,Institution,Frantsevich Institute for Problems in Materials Science
I120938084,Institution,Belgorod National Research University
I125989756,Institution,Skolkovo Institute of Science and Technology
I40542001,Institution,University of Ulsan
I134085113,Institution,King Fahd University of Petroleum and Minerals
I88761825,Institution,Korea University of Science and Technology
I89004649,Institution,Korea Institute of Industrial Technology
I91045830,Institution,Texas A&M University
I75256744,Institution,Tennessee State University
I107851509,Institution,Chinese Academy of Tropical Agricultural Sciences
I1306264927,Institution,Institut de Recherche pour le Développement
I131077856,Institution,Centre de Coopération Internationale en Recherche Agronomique pour le Développement
I4210088668,Institution,"Institut National de Recherche pour l'Agriculture, l'Alimentation et l'Environnement"
I4210109893,Institution,Rubber Research Institute
I4210136436,Institution,Institut Agro Montpelier
I4210146893,Institution,International Center for Tropical Agriculture
I4210166444,Institution,Institut de Recherche pour le Développement
I11701301,Institution,Griffith University
I4387154701,Institution,Thai Nguyen University Of Education
I4210097553,Institution,Universitas 17 Agustus 1945 Jakarta
I4210122635,Institution,Universitas 17 Agustus 1945 Surabaya
I4210130863,Institution,Universitas 17 Agustus 1945 Cirebon
I4210137223,Institution,Universitas 17 Agustus 1945 Semarang
I19880235,Institution,Lomonosov Moscow State University
I1313323035,Institution,Russian Academy of Sciences
I81365569,Institution,Russian Academy of Natural Sciences
I114030911,Institution,Otsuka (Japan)
I93251985,Institution,Irkutsk State University
I4210149923,Institution,Severtsov Institute of Ecology and Evolution
I140172145,Institution,University of Connecticut
I15780179,Institution,Sullivan University
I2800139702,Institution,Australian College of Nursing
I29236304,Institution,Advisory Board Company (United States)
I4210091794,Institution,Office of the Director
I4210096674,Institution,State Innovation Exchange
I4210115349,Institution,Ion Exchange (India)
I4210117499,Institution,Yale New Haven Health System
I4210131376,Institution,Cardiovascular Research Center
I4210146710,Institution,Mayo Clinic in Florida
I4210146725,Institution,Richardson Electronics (United Kingdom)
I4210150166,Institution,Center for the Study of Healthcare Provider Behavior
I4210154614,Institution,SleepMed
I4210159109,Institution,Garrett Technologies (United States)
I4210164083,Institution,Hauser (United States)
I4210120266,Institution,"Czech Academy of Sciences, Institute of Mathematics"
I3129215250,Institution,Ho Chi Minh City University of Foreign Languages and Information Technology
I73685970,Institution,Vietnam Maritime University
I51780484,Institution,Mersin Üniversitesi
I114017466,Institution,University of Technology Sydney
I1332353952,Institution,NSW Department of Planning and Environment
I118347636,Institution,Australian National University
I1292875679,Institution,Commonwealth Scientific and Industrial Research Organisation
I4210161554,Institution,CSIRO Land and Water
I177877127,Institution,The University of Western Australia
I4210126982,Institution,Viet Nam University Of Traditional Medicine
I4400008996,Institution,Quang Nam University
I131359167,Institution,Le Quy Don Technical University
I142904861,Institution,Hanoi Architectural University
I113306721,Institution,Hiroshima University
I257903683,Institution,Hanoi University of Civil Engineering
I4210103434,Institution,Building Bridges
I4210119410,Institution,Institute of Fundamental Technological Research
I196829312,Institution,La Trobe University
I42894916,Institution,Data61
I205612303,Institution,Chinese Culture University
I79246082,Institution,Thaksin University
I170606269,Institution,University of the Fraser Valley
I129902397,Institution,Dalhousie University
I29199639,Institution,Hanoi University of Mining and Geology
I2802852271,Institution,Vietnam Academy of Social Sciences
I51158804,Institution,Massey University
I135822937,Institution,Hanoi National University of Education
I4210134406,Institution,Hội Tim mạch học Việt Nam
I4210153702,Institution,Hội Gastroenterology Việt Nam
I67868205,Institution,VNU University of Science
I130442723,Institution,Universidade Federal do Rio Grande do Sul
I47403697,Institution,"Instituto Federal de Educação, Ciência e Tecnologia de Santa Catarina"
I118373667,Institution,Seoul National University of Science and Technology
I1291453478,Institution,Esan University
I4210102522,Institution,Vietnam National University of Agriculture
I1305429183,Institution,Schneider Electric (France)
I4210100991,Institution,University Medical Center HCMC
I31512782,Institution,Technische Universität Darmstadt
I9842412,Institution,Nanjing University of Aeronautics and Astronautics
I4210125847,Institution,Baria Vungtau University
I4210134588,Institution,Academy Of Finance
I118564535,Institution,University of Bern
I4210148311,Institution,Hôpitaux de Saint Maurice
I87101506,Institution,Swiss National Science Foundation
I4210134585,Institution,Silvio d'Amico National Academy of Dramatic Arts
I4210120526,Institution,Fraunhofer Institute for Electronic Nano Systems
I4210159515,Institution,Hồng Đức University
I194118695,Institution,Songkhla Rajabhat University
I4210150485,Institution,Loei Rajabhat University
I277688954,Institution,Université Paris-Saclay
I4390039377,Institution,Laboratoire d'Ingénierie des Systèmes de Versailles
I4210098226,Institution,Institute of Materials Science
I228151691,Institution,Ho Chi Minh City International University
I138801177,Institution,University of Ulster
I10660446,Institution,Kunming University of Science and Technology
I28407311,Institution,University of Manchester
I3133213403,Institution,Cebu Technological University
I11880225,Institution,National Institute of Technology Karnataka
I4576418,Institution,University of Technology Malaysia
I119025939,Institution,Shahed University
I3131779051,Institution,Iraqi University
I16471300,Institution,Manipur University
I883909435,Institution,International University
I4210154340,Institution,Jizzakh State Pedagogical University
I254887060,Institution,Universitas Sumatera Utara
I64519617,Institution,Hanoi University
I100086675,Institution,Al-Hussein Bin Talal University
I66867065,Institution,East China Normal University
I138622004,Institution,National Economics University
I4210161636,Institution,Human Growth Foundation
I127366699,Institution,Tula State University
I1315456113,Institution,Vinh University
I177233841,Institution,"Vietnam National University, Hanoi"
I4400600977,Institution,Posts and Telecommunications Institute of Technology
I4210092381,Institution,Vietnam Institute for Advanced Study in Mathematics
I151727225,Institution,Harbin Engineering University
I188760350,Institution,Ollscoil na Gaillimhe – University of Galway
I12833781,Institution,Lampung University
I142608572,Institution,Prince Sattam Bin Abdulaziz University
I21203515,Institution,Kazan Federal University
I51569856,Institution,Sultan Zainal Abidin University
I4210101211,Institution,University of Gonabad
I4387155212,Institution,Can Tho University of Medicine and Pharmacy
I307617284,Institution,Ağrı İbrahim Çeçen University
I2802531901,Institution,Millennium Science Initiative
I4210095567,Institution,Centro Científico Tecnológico de Valparaíso
I75778554,Institution,Federico Santa María Technical University
I19820366,Institution,Chinese Academy of Sciences
I4210092095,Institution,Guangxi Institute of Botany
I174101054,Institution,Changwon National University
I4210096127,Institution,Tashkent Pharmaceutical Institute
I107640659,Institution,South Ural State University
I4210117309,Institution,Ho Chi Minh City University of Social Sciences and Humanities
I4210097659,Institution,Thang Long University
I4210101159,Institution,National Police Academy
I106245021,Institution,Çankaya University
I4210142834,Institution,Institute of Space Science - INFLPR Subsidiary
I181414168,Institution,Texas A&M University – Kingsville
I4210159566,Institution,National Pedagogical University of Uzbekistan
I243754102,Institution,Universidade Federal do Ceará
I112450260,Institution,Zabol University
I4210121509,Institution,Institute of Mechanical Engineering and Industrial Mangement
I64663401,Institution,Centro de Investigación Científica y de Educación Superior de Ensenada
I60134161,Institution,Nagoya University
I4210129552,Institution,Department of Education and Training
I4210148225,Institution,China State Construction Engineering (China)
I91633459,Institution,Middle East University
I4210166894,Institution,Dong Thap Hospital
I25399270,Institution,Southwest Forestry University
I4210108426,Institution,Children's Hospital 2
I4210158110,Institution,Children's Hospital 1
I188891513,Institution,Sanford Burnham Prebys Medical Discovery Institute
I2799424032,Institution,Discovery Institute
I27429435,Institution,Kyoto Institute of Technology
I4210165842,Institution,RIKEN Center for Advanced Photonics
I204442077,Institution,Trinity College
I183111857,Institution,Malmö University
I187531555,Institution,Lund University
I4210156041,Institution,Global Brain Health Institute
I4387153637,Institution,Ho Chi Minh City University of Economics and Finance
I168635309,Institution,University of Calgary
I2801954088,Institution,Islamic Azad University of Kermanshah
I4210152146,Institution,Islamic Azad University Kerman
I4210153608,Institution,Université Moulay Ismail de Meknes
I6406202,Institution,University of Benin
I4210147944,Institution,ABS Consulting (United States)
I4210162568,Institution,Aromatic Plant Research Center
I82495205,Institution,University of Alabama in Huntsville
I136199984,Institution,Harvard University
I36721946,Institution,Kuwait University
I124357947,Institution,University of London
I45084792,Institution,University of Florence
I4210123755,Institution,Vietnam National University of Forestry
I4210137425,Institution,Hanoi University of Pharmacy
I4210108666,Institution,Forest Industry Research Institute
I4400008994,Institution,Vietnamese Academy of Forest Sciences
I165143802,Institution,The University of Queensland
I4210138055,Institution,Agriculture and Food
I4210116576,Institution,Universitas Muslim Indonesia
I4210091958,Institution,Hanoi Open University
I204947315,Institution,Far Eastern Federal University
I212220629,Institution,Peter the Great St. Petersburg Polytechnic University
I68947357,Institution,Université de Strasbourg
I2800403580,Institution,University of Minnesota System
I4210122018,Institution,University of Maryland Extension
I2802066829,Institution,Savannah Technical College
I43439940,Institution,University of Southampton
I2800055476,Institution,Mechanics' Institute
I4403928371,Institution,Bureau of Economic Geology
I86519309,Institution,The University of Texas at Austin
I4210112140,Institution,Universidade Estadual do Rio Grande do Sul
I19409027,Institution,Estonian University of Life Sciences
I71637028,Institution,University of Brighton
I1294671590,Institution,Centre National de la Recherche Scientifique
I15057530,Institution,Université de Bordeaux
I4210099840,Institution,Environnements et Paléoenvironnements Océaniques et Continentaux
I4210142311,Institution,Excelia Business School
I4210122689,Institution,Pham Van Dong University
I12079687,Institution,Edith Cowan University
I267427436,Institution,Saigon Technology University
I2801971706,Institution,Vietnam Sweden hospital
I4210154685,Institution,Hung Vuong University of Ho Chi Minh City
I4210135784,Institution,"Institute of Atomic and Molecular Sciences, Academia Sinica"
I4210111779,Institution,"Institute of Physics, Academia Sinica"
I142637625,Institution,Okinawa Institute of Science and Technology Graduate University
I1289243028,Institution,Oak Ridge National Laboratory
I63098007,Institution,Liverpool John Moores University
I185523456,Institution,University of Southern Queensland
I90745801,Institution,University of New England
I4210100945,Institution,Universidad de Playa Ancha de Ciencias de la Educación
I4210157242,Institution,Rumah Sakit Umum Pusat Dr. Sardjito
I150468666,Institution,Emory University
I4210158018,Institution,BioHybrid Solutions (United States)
I144696833,Institution,Corporate Executive Board (United States)
I4210163004,Institution,Pham Ngoc Thach Hospital
I3129984471,Institution,University of Puthisastra
I1307112335,Institution,Global Affairs Canada
I153718931,Institution,University of Ottawa
I27837315,Institution,University of Michigan
I4210165760,Institution,College of Accounting
I170726198,Institution,University of Novi Sad
I4210162839,Institution,Universitas Tulungagung
I189575948,Institution,South Valley University
I37802460,Institution,Northwest University
I4210146471,Institution,Deutsch Amerikanisches Institut Saarland
I4210125083,Institution,Laboratory of Nanotechnology Instrumentation and Optics
I4210120128,Institution,St David's Medical Center
I4210120565,Institution,Fraunhofer UK Research
I4210102412,Institution,Yan'an University
I169173203,Institution,Délégation Paris 7
I204730241,Institution,Université Paris Cité
I4210087727,Institution,Pôle de Recherche pour l'Organisation et la Diffusion de l'Information Géographique
I4210091437,Institution,Sorbonne Paris Cité
I4210101766,Institution,Éditions Gallimard (France)
I4210102955,Institution,Centre Hospitalier Universitaire Brugmann
I138689650,Institution,University of Padua
I4210152155,Institution,Yunnan Investment Group (China)
I4210158737,Institution,Marietta Memorial Hospital
I4210086057,Institution,Moscow State University of Civil Engineering
I12832649,Institution,Gachon University
I192915278,Institution,International Business School
I13144388,Institution,Ekiti State University
I1283280774,Institution,Brigham and Women's Hospital
I19700959,Institution,Florida International University
I75717288,Institution,Rogers (United States)
I4210119317,Institution,CK-CARE
I4210134331,Institution,Ho Chi Minh National Academy of Politics
I4210106257,Institution,Voronezh State Technical University
I4210157430,Institution,V. A. Trapeznikov Institute of Control Sciences
I172951950,Institution,McNeese State University
I4210157207,Institution,Ho Chi Minh City University of Fine Arts
I4210133559,Institution,Zuyderland Medisch Centrum
I2800191616,Institution,Maastricht University Medical Centre
I141059654,Institution,Emirates College for Advanced Education
I4388891800,Institution,Liwa University
I87482320,Institution,University of Management and Technology
I4210150297,Institution,Institute of Business Management
I120378409,Institution,South Ural State Humanitarian Pedagogical University
I186771145,Institution,Covenant University
I11892038,Institution,University of Nigeria
I89015989,Institution,Dankook University
I2800525753,Institution,Beijing Botanical Garden
I4210120696,Institution,South China Botanical Garden
I921990950,Institution,University of Colorado Denver
I4210166539,Institution,Korean Society of Ginseng
I4210119680,Institution,Instituto de Cibernética Matemática y Física
I4210123161,Institution,"Ministerio de Ciencia, Tecnología y Medio Ambiente"
I2656126,Institution,University of Havana
I3130395211,Institution,Instituto Tecnológico Superior de Xalapa
I57093077,Institution,Swinburne University of Technology
I184693016,Institution,China Medical University
I4210126829,Institution,China Medical University Hospital
I61893789,Institution,TU Bergakademie Freiberg
I4210156679,Institution,Vietnam Academy of Agricultural Sciences
I2800139495,Institution,Science for Life Laboratory
I4210116270,Institution,Ministry of Science and Technology
I3132362326,Institution,Ho Chi Minh City University of Architecture
I123754550,Institution,Moog (United States)
I132091411,Institution,A. Alikhanyan National Laboratory
I4210086928,Institution,Institute of Numerical Mathematics
I141584323,Institution,University of Hertfordshire
I29894533,Institution,Charles Darwin University
I154893126,Institution,Guizhou Normal University
I165932596,Institution,National University of Singapore
I4210134375,Institution,Research Institute for Aquaculture No1
I107139324,Institution,Kagoshima University
I4210111884,Institution,Universitas PGRI Semarang
I4210138249,Institution,Universitas Bojonegoro
I176714629,Institution,Bell (Canada)
I4210152127,Institution,Conway School of Landscape Design
I4210096386,Institution,Bridge University
I223822909,Institution,Heidelberg University
I8087733,Institution,University of Tübingen
I155781252,Institution,University of South Carolina
I4210139315,Institution,IC Independent Consulting (Australia)
I137902535,Institution,North Carolina State University
I4210095895,Institution,Adam Taliaferro Foundation
I4210148301,Institution,Institute of Mathematics
I4210125363,Institution,Natural History Museum of Utah
I192389796,Institution,Cal Poly Humboldt
I98947143,Institution,California State Polytechnic University
I4210144979,Institution,Paget Foundation
I219193219,Institution,Purdue University West Lafayette
I2802613557,Institution,Royal Ontario Museum
I162838928,Institution,National Chung Hsing University
I4210093852,Institution,"Institute of Plant and Microbial Biology, Academia Sinica"
I24185976,Institution,Sichuan University
I4210119991,Institution,Laboratoire Informatique d'Avignon
I25846049,Institution,National Tsing Hua University
I126460647,Institution,Universidade Federal do Rio Grande
I4210108007,Institution,Svay Rieng University
I1340206300,Institution,Defence Research and Development Organisation
I25390106,Institution,University of Hawaii–West Oahu
I2801607516,Institution,Associated Press
I4210087759,Institution,Universidad de las Américas
I4210146410,Institution,Science Oxford
I163361683,Institution,Cognizant (United States)
I4210088637,Institution,Soka University
I98285908,Institution,The University of Osaka
I4210104926,Institution,Cicatelli Associates
I4210105595,Institution,Institute of Art
I4210138169,Institution,Osaka Research Institute of Industrial Science and Technology
I171589843,Institution,Blue Yonder (United States)
I4210164862,Institution,Artificial Intelligence in Medicine (Canada)
I16718484,Institution,Hess (United States)
I4210145656,Institution,Institute of Art History
I4210151606,Institution,Águas de Portugal (Portugal)
I4210163712,Institution,Adámas Nano (United States)
I4210165018,Institution,Direção Geral do Património Cultural
I4210166095,Institution,Centro Hospitalar do Baixo Vouga
I900231141,Institution,CAE (Canada)
I4210117836,Institution,Space Micro (United States)
I130579109,Institution,IHI Corporation (United States)
I4401200389,Institution,Dalian Naval Academy
I4210125796,Institution,University Children's Hospital Tübingen
I2802768257,Institution,Robert Bosch Hospital
I4210120009,Institution,Dr. Margarete Fischer-Bosch-Institute of Clinical Pharmacology
I17937529,Institution,German Cancer Research Center
I4210113917,Institution,Olgahospital
I55769427,Institution,Indiana University – Purdue University Indianapolis
I1283055418,Institution,Indiana University Health
I4210157659,Institution,Macopharma (Germany)
I4210155144,Institution,University Hospital Ulm
I170897317,Institution,Duke University
I4210088741,Institution,Clinical Research Institute
I1282516798,Institution,Atrium Health Wake Forest Baptist
I87216513,Institution,Michigan State University
I4210113015,Institution,Peterson (Norway)
I158438070,Institution,Universidad de La Laguna
I4210141097,Institution,Tân Tạo University
I4210087915,Institution,Massachusetts General Hospital
I4210160873,Institution,Bishkek Academy of Finance and Economics
I862669128,Institution,Xiaomi (China)
I71187865,Institution,Henkel (Germany)
I4210106751,Institution,Juzo (Germany)
I4210110925,Institution,Jiaozuo University
I291402441,Institution,Anderson University - Indiana
I63966007,Institution,Massachusetts Institute of Technology
I135598925,Institution,Kyushu University
I4210152274,Institution,Miyoshi Kasei (Japan)
I143302722,Institution,University of Kentucky
I4210161116,Institution,Nomura Holdings (Japan)
I4210143899,Institution,Center for Vascular Biology Research
I110200422,Institution,Universidade Federal de Minas Gerais
I4210119527,Institution,Qi2
I4210153282,Institution,Bharti Hospital
I163150328,Institution,Pondicherry Institute of Medical Sciences
I1332387789,Institution,Siriraj Hospital
I25399158,Institution,Mahidol University
I2251586001,Institution,Singapore General Hospital
I44461941,Institution,University of Houston
I11935315,Institution,École Nationale Supérieure de Chimie de Montpellier
I19894307,Institution,Université de Montpellier
I4210159287,Institution,Institut Européen des Membranes
I2802443542,Institution,GF Strong Rehabilitation Centre
I4210131056,Institution,Banking University
I159885104,Institution,École Pratique des Hautes Études
I4210117271,Institution,Laboratoire Cognitions Humaine et Artificielle
I4210112569,Institution,Nanhua University
I182627622,Institution,Université Sorbonne Nouvelle
I43895496,Institution,National University of Laos
I2801662971,Institution,Ankara Sosyal Bilimler Üniversitesi
I90090648,Institution,Shijiazhuang Tiedao University
I111268130,Institution,CSL (United Kingdom)
I2802195347,Institution,Langley Porter Psychiatric Hospital and Clinics
I4210124344,Institution,GA Drilling (Slovakia)
I4210149240,Institution,Barber-Nichols (United States)
I26120043,Institution,Ochanomizu University
I91807558,Institution,National Cheng Kung University
I3132158071,Institution,University of Science and Technology of Benin
I114531698,Institution,Tokyo Institute of Technology
I4210138918,Institution,University Of Transport Technology
I1332092204,Institution,National Science and Technology Development Agency
I902798049,Institution,National Center for Genetic Engineering and Biotechnology
I4210105946,Institution,Suan Sunandha Rajabhat University
I168719708,Institution,City University of Hong Kong
I4210127180,Institution,Horizons Clinical Research Center
I4210102461,Institution,Ural State University of Economics
I4210135839,Institution,Cat Tien National Park
I1286329397,Institution,United States Geological Survey
I4210103174,Institution,EA Technology
I898388014,Institution,Woodside (Australia)
I20942203,Institution,Hainan University
I4210119841,Institution,VNU Central Institute for Natural Resources and Environmental Studies
I197081775,Institution,Annamalai University
I48076826,Institution,Chiang Mai University
I260719752,Institution,Scotland's Rural College
I13590829,Institution,Dhurakij Pundit University
I4389425394,Institution,Institute for Tropical Technology
I4210141966,Institution,China Academy of Railway Sciences
I1304085615,Institution,Nvidia (United Kingdom)
I4210148897,Institution,Saigon International University
I3132567084,Institution,University of Southern Philippines Foundation
I4210125903,Institution,University Research Co (United States)
I4210095523,Institution,Hanoi Pedagogical University 2
I118692353,Institution,University of Science and Technology
I21376657,Institution,Tanta University
I39534123,Institution,Gwangju Institute of Science and Technology
I93906172,Institution,Anyang University
I130309236,Institution,Kafrelsheikh University
I4387155442,Institution,University of Economics and Law
I144889574,Institution,Université de Pau et des Pays de l'Adour
I79238269,Institution,Universidad de Sevilla
I153512688,Institution,National Taiwan Ocean University
I139264467,Institution,Seoul National University
I4210097536,Institution,University of Guelma
I4210091658,Institution,Institute of Experimental Physics of the Slovak Academy of Sciences
I4210098535,Institution,Center for Clinical Studies
I4210104666,Institution,Heartlands Hospital
I4210114363,Institution,Technical Data Analysis (United States)
I4210120668,Institution,Creative Commons
I4210157340,Institution,Emerging Concepts (United States)
I4210157790,Institution,Statistical Research (United States)
I111966504,Institution,University of Fukui
I125590103,Institution,Fukui University of Technology
I136750679,Institution,Garvan Institute of Medical Research
I31746571,Institution,UNSW Sydney
I204824540,Institution,University of Wollongong
I4210104335,Institution,Institute for Basic Science
I74801974,Institution,The University of Tokyo
I4210145414,Institution,Hung Vuong Hospital
I169556180,Institution,GSI Helmholtz Centre for Heavy Ion Research
I4210162022,Institution,RIKEN Nishina Center
I197347611,Institution,Korea University
I201537933,Institution,Tohoku University
I4210092312,Institution,Horia Hulubei National Institute for R and D in Physics and Nuclear Engineering
I4210142646,Institution,Extreme Light Infrastructure - Nuclear Physics
I98677209,Institution,University of Edinburgh
I172553438,Institution,Jeonju National University of Education
I80611190,Institution,Jeonbuk National University
I48566637,Institution,Ulsan National Institute of Science and Technology
I180670191,Institution,"University of California, San Francisco"
I1289196864,Institution,Croatian Meteorological and Hydrological Service
I170979836,Institution,Jadavpur University
I136848882,Institution,Optech (Canada)
I47164929,Institution,Najran University
I4210162957,Institution,National Center for Technological Progress
I4210136194,Institution,University of Labor and Social Affairs
I20089843,Institution,Princeton University
I4210122257,Institution,Vietnam Military Medical University
I172901346,Institution,St Petersburg University
I4210108168,Institution,Universidad a Distancia de Madrid
I4210122217,Institution,Irkutsk National Research Technical University
I4210148533,Institution,Institute for System Dynamics and Control Theory
I3121602497,Institution,Lorestan University of Medical Sciences
I4210146027,Institution,Leibniz Institute for Agricultural Engineering and Bioeconomy
I4210088379,Institution,Anova Corp (Vietnam)
I2722730,Institution,Inner Mongolia University
I4210090124,Institution,Tecnológico Nacional de México
I4210150146,Institution,Moscow State University
I160993911,Institution,Queensland University of Technology
I55060895,Institution,University of Greenwich
I149581226,Institution,Hawaii Pacific University
I117965899,Institution,University of Hawaiʻi at Mānoa
I158552681,Institution,University of Life Sciences in Lublin
I4210145660,Institution,Bio-Medical Science (South Korea)
I4210112186,Institution,Hungarian University of Sports Science
I4210106910,Institution,SEAMEO Regional Center for Food and Nutrition
I13850615,Institution,Kunming Institute of Botany
I4210156213,Institution,American Rock Mechanics Association
I193365169,Institution,National Chi Nan University
I165507594,Institution,Kangwon National University
I189643551,Institution,Hanoi Medical University
I4210159142,Institution,108 Military Central Hospital
I4210145338,Institution,Yunnan Institute of Tropical Crops
I2801941164,Institution,Cho Ray Hospital
I47818738,Institution,Sultan Qaboos University
I4210158617,Institution,Ho Chi Minh City University of Culture
I2801049591,Institution,"Instituto Federal de Educação, Ciência e Tecnologia do Rio Grande do Sul"
I4210122802,Institution,Winchester Science Centre
I4210089944,Institution,Qiongtai Teachers College
I98251732,Institution,McMaster University
I67031392,Institution,Carleton University
I4210128965,Institution,University Yahia Fares of Medea
I179331831,Institution,Taif University
I188815454,Institution,Oita University
I4210126772,Institution,Indonesian Agency for Agricultural Research and Development
I4387154144,Institution,National Research and Innovation Agency
I111199411,Institution,University of Peradeniya
I317356780,Institution,Osaka City University
I119744171,Institution,Higher Colleges of Technology
I80188885,Institution,Nippon Medical School
I181547552,Institution,Baylor College of Medicine
I3132999081,Institution,Marwadi University
I121799043,Institution,Electric Power University
I4210148490,Institution,The Vietnam National Institute of Educational Sciences
I4210099641,Institution,Higher Institute of Food Industries of Tunis
I4210118835,Institution,National Center for Cancer Care and Research
I4210148235,Institution,"Department of Environment, Land, Water and Planning"
I2608206482,Institution,Universitas Ahmad Dahlan
I198596950,Institution,Millennium Institute
I55133342,Institution,University of Macerata
I4210101388,Institution,Health Sciences and Nutrition
I4210088963,Institution,University of Ha'il
I142263535,Institution,University of Nottingham
I27765905,Institution,North-West University
I33278361,Institution,University of Zambia
I4210092733,Institution,National Centre for Genetic Resources and Biotechnology
I28290843,Institution,University of Surrey
I4210086194,Institution,Institut des Sciences Moléculaires
I72677000,Institution,International School of Management
I205783295,Institution,Cornell University
I4210166400,Institution,Bayer (France)
I4210145880,Institution,Sultan Qaboos University Hospital
I4210115343,Institution,HCMC Hospital of Dermato Venereology
I179093154,Institution,University of New Hampshire at Manchester
I25041050,Institution,Augusta University
I154348853,Institution,Universidad Autónoma de Santo Domingo
I199856841,Institution,Universidad de Oriente
I4210166374,Institution,Trung Vuong University
I56590836,Institution,Monash University
I3130697706,Institution,University of Science and Technology - The University of Da Nang
I4210128583,Institution,Agence Parisienne du Climat
I45129253,Institution,University College London
I62916508,Institution,Technical University of Munich
I161929037,Institution,Université de Bretagne Occidentale
I2802204017,Institution,Université de Bretagne Sud
I4210126368,Institution,Institut de Recherche Dupuy de Lôme
I861853513,Institution,Sapienza University of Rome
I4210127772,Institution,International University of Batam
I10232997,Institution,L. N. Gumilyov Eurasian National University
I4210158385,Institution,Taipei Medical University-Shuang Ho Hospital
I205158640,Institution,University of Skövde
I114150738,Institution,Fu Jen Catholic University
I4210165704,Institution,Memorial Hospital
I82571370,Institution,GLA University
I83205935,Institution,Malaviya National Institute of Technology Jaipur
I886702836,Institution,Deen Dayal Upadhyaya Gorakhpur University
I4210130708,Institution,S&C Electric Company (United States)
I3130313246,Institution,Ho Chi Minh City University of Law
I142631665,Institution,École nationale des ponts et chaussées
I197681013,Institution,Université Paris-Est Créteil
I4210126119,Institution,"Laboratoire Eau, Environnement et Systèmes Urbains"
I92008406,Institution,University of Stavanger
I4210131147,Institution,SRM University
I4210162935,Institution,Federal Agency for Scientific Organizations
I242057862,Institution,Central Mindanao University
I161371597,Institution,Universiti of Malaysia Sabah
I4210129855,Institution,Sabah Forestry Department
I2801454379,Institution,Xishuangbanna Tropical Botanical Garden
I189462010,Institution,Universiti Brunei Darussalam
I4210154967,Institution,National Museum of Nature and Science
I894293524,Institution,University of Chittagong
I4210113837,Institution,Taiwan Forestry Research Institute
I170396143,Institution,National Botanical Research Institute
I2802505396,Institution,Teaching Hospital Kandy
I4210167104,Institution,Institute of Botany
I187293425,Institution,University of Ostrava
I4210102087,Institution,Centre for Healthy Start Initiative
I4210166347,Institution,S.P.E.C.I.E.S.
I161296585,Institution,Tokyo University of Science
I4210157535,Institution,Eastman Dental Hospital
I4210130964,Institution,Research Institute on Contemporary Southeast Asia
I189909677,Institution,Pakistan Institute of Development Economics
I119896790,Institution,Sebelas Maret University
I130343225,Institution,Universiti Putra Malaysia
I4210102512,Institution,Cotton University
I4210091240,Institution,Maldives National University
I271457894,Institution,Universidad San Ignacio de Loyola
I16969244,Institution,University of Eswatini
I192619145,Institution,University of the Witwatersrand
I72227227,Institution,Makerere University
I215330179,Institution,Lupane State University
I4210087849,Institution,University of Rwanda
I69552723,Institution,University of Pretoria
I4210125530,Institution,Université Evangélique en Afrique
I157273133,Institution,University of Botswana
I4210101907,Institution,Lilongwe University of Agriculture and Natural Resources
I155028946,Institution,Tribhuvan University
I4210116687,Institution,MRC Unit the Gambia
I2801261953,Institution,Fisheries Agency
I4287427,Institution,University of Lomé
I161372803,Institution,Strathmore University
I185492890,Institution,University of Canterbury
I12859529,Institution,University of Nairobi
I4210119417,Institution,Université d'Abomey-Calavi
I144917393,Institution,Mongolian University of Science and Technology
I62885914,Institution,Universidade Federal do Amazonas
I80849659,Institution,Instituto Nacional de Pesquisas Espaciais
I184647316,Institution,South Dakota School of Mines and Technology
I1925986,Institution,Loyola University Chicago
I88273585,Institution,Universidade Federal de São Paulo
I4210136482,Institution,Federal Center for Technological Education of Minas Gerais
I4400009067,Institution,Lomonosov Moscow State University Marine Research Center LLC
I4210123799,Institution,Hue University of Agriculture and Forestry
I4210095297,Institution,MIT University
I4210126287,Institution,Thai Nguyen University of Agriculture and Forestry
I4387156139,Institution,Hung Vuong University
I180634299,Institution,University of Sistan and Baluchestan
I76835614,Institution,University of Missouri
I72539421,Institution,University of Tikrit
I4210090603,Institution,Rice Research Institute
I169521973,Institution,University of New Mexico
I204250578,Institution,"University of California, Irvine"
I1302275403,Institution,Administration for Children and Families
I2801328717,Institution,Families USA
I4210100294,Institution,Center for Children
I2800649613,Institution,University of Missouri Health System
I145608581,Institution,University of Miami
I4210157065,Institution,Sylvester Comprehensive Cancer Center
I4210125938,Institution,Jagannath University
I96673099,Institution,Technical University of Denmark
I17442442,Institution,State Grid Corporation of China (China)
I2801227569,Institution,Ghent University Hospital
I686019,Institution,AGH University of Krakow
I205746353,Institution,University of Dhaka
I119004910,Institution,Silesian University of Technology
I1341015664,Institution,Ministry of Education and Training
I4210157823,Institution,Government of Mizoram
I91277730,Institution,Maulana Azad National Institute of Technology
I132359460,Institution,University of Burdwan
I10052268,Institution,New Mexico State University
I71920554,Institution,King Abdullah University of Science and Technology
I134635517,Institution,Bandung Institute of Technology
I4210094876,Institution,Ministry of Education
I4210156889,Institution,CRC CARE
I78757542,Institution,University of Newcastle Australia
I99043593,Institution,Macquarie University
I40413290,Institution,University of Gdańsk
I285663978,Institution,Weatherford College
I4210120471,Institution,Instituto de Telecomunicações
I4210126395,Institution,Inform (Germany)
I60858718,Institution,University of Aveiro
I4210149358,Institution,Nokia (France)
I55240360,Institution,Yeungnam University
I154864474,Institution,National Taiwan University of Science and Technology
I4528857,Institution,University of Kuala Lumpur
I82952536,Institution,King Khalid University
I882248123,Institution,Delta University for Science and Technology
I108714496,Institution,Tunis University
I4210131288,Institution,National Engineering School of Tunis
I63596082,Institution,Tunis El Manar University
I33849332,Institution,University of Malaya
I131868736,Institution,Prince of Songkla University
I71437568,Institution,Universidade de Pernambuco
I4210101284,Institution,ClearMotion (United States)
I151811957,Institution,Gyeongnam National University of Science and Technology
I148366613,Institution,National Yang Ming Chiao Tung University
I175532246,Institution,University of Eastern Finland
I3131870445,Institution,Woxsen School of Business
I4210107997,Institution,Finland University
I5085271,Institution,Hanken School of Economics
I55285296,Institution,UCSI University
I43406934,Institution,Université Laval
I139322472,Institution,Universiti Sains Malaysia
I184679254,Institution,Saint Joseph University
I4210116098,Institution,Rwanda Development Board
I199440890,Institution,American University of Sharjah
I60342839,Institution,Qatar University
I95457486,Institution,"University of California, Berkeley"
I130828816,Institution,University of Leeds
I120250893,Institution,New York University Abu Dhabi
I4210136542,Institution,Mubadala (United Arab Emirates)
I154136665,Institution,Scion
I4210144295,Institution,Blue Resources Trust
I98635879,Institution,American University of Beirut
I146655781,Institution,University of Liverpool
I40120149,Institution,University of Oxford
I4210097719,Institution,National Council for Scientific Research
I47726972,Institution,Universidad Autónoma de Occidente
I2799747612,Institution,Xunta de Galicia
I15766328,Institution,Universitat de Lleida
I4210117018,Institution,Forest Science and Technology Centre of Catalonia
I144693123,Institution,University of Buea
I223532165,Institution,University of Utah
I185261750,Institution,University of Toronto
I22299242,Institution,Kyoto University
I4210144364,Institution,Centre for Advanced Process Technology for Urban Resource Recovery
I196355604,Institution,National Research Tomsk State University
I30849647,Institution,Tomsk Polytechnic University
I146367977,Institution,Applied Science Private University
I187846814,Institution,EDF Energy (United Kingdom)
I126633494,Institution,University of Basrah
I4210116268,Institution,Qingdao Institute of Marine Geology
I108688024,Institution,Qingdao University
I143413998,Institution,Qingdao University of Science and Technology
I4210119987,Institution,Qingdao Municipal Hospital
I4210154004,Institution,Shandong Provincial Water Resources Research Institute
I31439502,Institution,University of Benghazi
I24676775,Institution,Indian Institute of Technology Madras
I4210102636,Institution,Zuoying Armed Forces General Hospital
I4210107015,Institution,Institute of Minerals and Materials Technology
I876193797,Institution,Vellore Institute of Technology University
I4210149435,Institution,DELL (United States)
I87111246,Institution,Catholic University of Korea
I4210143793,Institution,Thai Binh University of Medicine and Pharmacy
I4210136724,Institution,Institute of Computational Modeling
I124386471,Institution,Khulna University
I161593684,Institution,Stockholm University
I2799628689,Institution,University of Louisiana System
I4210161490,Institution,Viet Tri University of Industry
I77920804,Institution,Albany Medical Center Hospital
I126406834,Institution,Jan Długosz University
I130294970,Institution,Częstochowa University of Technology
I4210090971,Institution,Southeast University
I4210161757,Institution,Chancellor University
I4210091198,Institution,E-Da Hospital
I2801039369,Institution,Marconi University
I887998513,Institution,Bharati Vidyapeeth Deemed University
I204512498,Institution,University of Macau
I157725225,Institution,University of Illinois Urbana-Champaign
I107470533,Institution,Tamkang University
I173664879,Institution,Universidad Autónoma de Baja California
I2800279901,Institution,Earthquake Engineering Research Institute
I154526488,Institution,Inserm
I4210092774,Institution,Hôpital Cochin
I4210097159,Institution,Assistance Publique – Hôpitaux de Paris
I4210141964,Institution,Institut Cochin
I4210126318,Institution,Tampere University Hospital
I2802849423,Institution,University Medical Center
I4210152634,Institution,Bạch Mai Hospital
I1298563314,Institution,ActionAid
I2802089456,Institution,Analytical Services
I135310074,Institution,University of Wisconsin–Madison
I880766802,Institution,Graduate School USA
I4210137766,Institution,Institute for Advanced Study
I7868373,Institution,International Institute for Strategic Studies
I4210109397,Institution,Centre for Biomedical Engineering and Physics
I100625452,Institution,ON Semiconductor (United States)
I66862912,Institution,Chalmers University of Technology
I4210119487,Institution,Taipei City Hospital
I15807432,Institution,Osaka Prefecture University
I3020615197,Institution,Institute of Service and Entrepreneurship of DGTU
I49332381,Institution,University of Oklahoma Health Sciences Center
I8692664,Institution,University of Oklahoma
I170201317,Institution,University of Pittsburgh
I118292597,Institution,National Taipei University of Technology
I4210102224,Institution,City Children's Hospital No. 22
I4210134685,Institution,PetroVietnam University
I125861091,Institution,HELP University
I182023848,Institution,Petronas (Malaysia)
I86677382,Institution,Silpakorn University
I4210136165,Institution,Institute of Nephro Urology
I4210109845,Institution,Vinmec International Hospital
I4210113566,Institution,Burn Institute
I188716491,Institution,Republic Polytechnic
I71270174,Institution,Victoria University
I4210141869,Institution,Universitas Semarang
I2799392579,Institution,Jakarta State Polytechnic
I4392738060,Institution,Politeknik STMI Jakarta
I4210129200,Institution,O. P. Jindal Global University
I163770644,Institution,Okayama University
I2799725268,Institution,Manchester Academic Health Science Centre
I1294350288,Institution,Scania (Sweden)
I4210103231,Institution,Institute for Environmental Management
I127339247,Institution,California State University System
I157485424,Institution,Korea Advanced Institute of Science and Technology
I193775966,Institution,Yonsei University
I1311218312,Institution,Semiconductor Manufacturing International (Italy)
I316699675,Institution,Hodges University
I17145004,Institution,Northwestern Polytechnical University
I2799857465,Institution,Laboratoire de physique des Solides
I51556381,Institution,University of Virginia
I1336096307,Institution,United States Department of Agriculture
I173268674,Institution,Texas A&M University System
I4210124779,Institution,National Aeronautics and Space Administration
I4210099662,Institution,State Key Laboratory of Hydrology-Water Resources and Hydraulic Engineering
I4210155479,Institution,Hospital for Tropical Diseases
I153562115,Institution,Syarif Hidayatullah State Islamic University Jakarta
I207123951,Institution,New Mexico Institute of Mining and Technology
I1294504835,Institution,Marshall Space Flight Center
I4387152983,Institution,Osaka Metropolitan University
I69740276,Institution,Tokyo Metropolitan University
I202391551,Institution,Czech Academy of Sciences
I4210122644,Institution,FZU ‒ Institute of Physics of the Academy of Sciences of the Czech Republic
I3130643134,Institution,Ensenada Institute of Technology
I189513530,Institution,Osaka Electro-Communication University
I41802502,Institution,Kanagawa University
I2802340896,Institution,Purple Mountain Observatory
I185088104,Institution,Tokyo City University
I4210102177,Institution,Institute for Nuclear Research
I171481255,Institution,Shibaura Institute of Technology
I200870766,Institution,Brookhaven National Laboratory
I4210142421,Institution,Korea Institute of Geoscience and Mineral Resources
I137975476,Institution,Shinshu University
I132053463,Institution,Université Libre de Bruxelles
I192455894,Institution,University of Nova Gorica
I77063589,Institution,Kōchi University
I184937672,Institution,Chubu University
I165522056,Institution,Tokyo Denki University
I90023481,Institution,National Institute of Information and Communications Technology
I34250744,Institution,University of Łódź
I109289231,Institution,National Kaohsiung First University of Science and Technology
I151229976,Institution,National Kaohsiung University of Hospitality and Tourism
I192703390,Institution,Ming Chuan University
I16590763,Institution,National Quemoy University
I4210160393,Institution,Advanced Technology Group (Czechia)
I169541294,Institution,Flinders University
I2802457231,Institution,New Generation University College
I137265801,Institution,Osmaniye Korkut Ata University
I36001604,Institution,University of Peshawar
I12469534,Institution,Quaid-i-Azam University
I58716616,Institution,Korea Institute of Science and Technology
I2802050120,Institution,Southern General Hospital
I904090387,Institution,Global University
I1299170990,Institution,Samarkand State University named after Sharof Rashidov
I110357561,Institution,University of the Sciences
I40279923,Institution,Islamic University
I4394709093,Institution,Universitas Islam Negeri Sayyid Ali Rahmatullah Tulungagung
I4210091008,Institution,Universitas Nahdlatul Ulama Indonesia
I4210117859,Institution,Muhammadiyah University of Ponorogo
I110617504,Institution,Tokyo University of Foreign Studies
I181397559,Institution,Asia Pacific University of Technology & Innovation
I4210141757,Institution,Astana Medical University
I149213910,Institution,University of Antwerp
I28630478,Institution,Kanya Maha Vidyalaya
I183638586,Institution,Parthenope University of Naples
I35462925,Institution,Southern Connecticut State University
I24062138,Institution,Konkuk University
I4210157573,Institution,Vietnam Atomic Energy Instiute
I63169043,Institution,United International University
I5023651,Institution,McGill University
I138564716,Institution,Prince Mohammad bin Fahd University
I91951123,Institution,Cheng Shiu University
I4210155448,Institution,National Library of Vietnam
I53012624,Institution,Joint BioEnergy Institute
I102516824,Institution,Université de Technologie de Compiègne
I4210112165,Institution,Laboratoire Roberval
I1307585291,Institution,Khulna University of Engineering and Technology
I29891158,Institution,University of Sharjah
I161010349,Institution,Atma Jaya Catholic University of Indonesia
I133738476,Institution,University of Massachusetts Lowell
I179193067,Institution,Khon Kaen University
I101407740,Institution,Chandigarh University
I4210128752,Institution,"Sri Karan Narendra Agriculture University, Jobner"
I4210109623,Institution,Levi Strauss (United States)
I4210162071,Institution,Harrison Medical Center
I201448701,Institution,University of Washington
I7876267,Institution,Open University of the Netherlands
I130769515,Institution,Pennsylvania State University
I208333798,Institution,University of Missouri–St. Louis
I47838141,Institution,Saint Louis University
I43518871,Institution,National Kaohsiung Marine University
I78768145,Institution,Chihlee Institute of Technology
I189158943,Institution,University of Milan
I2803066834,Institution,Fondazione IRCCS Ca' Granda Ospedale Maggiore Policlinico
I1289490764,Institution,Centers for Disease Control and Prevention
I4210124306,Institution,The Centers
I1315836254,Institution,Ministry of Public Health
I4210102376,Institution,Centers for Disease Control and Prevention
I4210113904,Institution,National Center for HIV/AIDS Viral Hepatitis STD and TB Prevention
I18960004,Institution,University of Kang Ning
I2799342587,Institution,Erlanger Health System
I2801778319,Institution,Royal National Institute for Deaf People
I4210130898,Institution,Tokyo School for the Deaf
I105094715,Institution,National Institute of Technology Kurukshetra
I4210141241,Institution,Fredericksburg Independent School District
I132735039,Institution,University of Debrecen
I84524832,Institution,Alexandria University
I4210124323,Institution,General Commission for Scientific Agricultural Research
I161350542,Institution,China Three Gorges University
I4210106043,Institution,Foundation for Ichthyosis and Related Skin Types
I99682543,Institution,University of Minho
I135237710,Institution,Zhejiang Normal University
I126427551,Institution,Damietta University
I104941359,Institution,Al-Ahliyya Amman University
I4210162190,Institution,"China University of Petroleum, East China"
I182000528,Institution,Ajman University
I192398990,Institution,Zagazig University
I4400009028,Institution,Galala University
I56306041,Institution,Lebanese American University
I4210099114,Institution,"Czech Academy of Sciences, Institute of Biotechnology"
I3130588412,Institution,Sultan Ageng Tirtayasa University
I4210145579,Institution,Advanced Center for Orthopedics
I39555362,Institution,University of Warwick
I60488453,Institution,Middlesex University
I102335020,Institution,Karlsruhe Institute of Technology
I4210088711,Institution,Max Planck Institute for Dynamics and Self-Organization
I5100685,Institution,University of Education
I11947397,Institution,Tata Institute of Fundamental Research
I4210091979,Institution,Institute of Chemical Biology and Fundamental Medicine
I4210158445,Institution,Institute of Natural Science
I98301867,Institution,Hasanuddin University
I104338594,Institution,Inje University
I175548057,Institution,Vinayaka Missions University
I4210115326,Institution,Swami Vivekanand College of Pharmacy
I1320351128,Institution,Delta Air Lines (United States)
I81433678,Institution,Sikkim Manipal University
I197465736,Institution,North Eastern Hill University
I127670440,Institution,Bahauddin Zakariya University
I115475287,Institution,Oklahoma State University
I4210147796,Institution,University of Faisalabad
I61623833,Institution,University of Agriculture Faisalabad
I180437899,Institution,University of Bremen
I163340411,Institution,Hohai University
I198645480,Institution,North China University of Water Resources and Electric Power
I169572211,Institution,Northeast Agricultural University
I864159182,Institution,University of Silesia in Katowice
I4210160793,Institution,Institute of Geographic Sciences and Natural Resources Research
I4210144275,Institution,Dhaka University of Engineering & Technology
I189109744,Institution,Indian Institute of Technology Dhanbad
I4210133406,Institution,Technology Solutions Experts (United States)
I3020445194,Institution,Universidad Nebrija
I2801314757,Institution,Mount Wachusett Community College
I4210113384,Institution,Universidad Católica de Santa Fe
I4210114783,Institution,VA Center for Clinical Management Research
I4210159538,Institution,Mouloud Mammeri University of Tizi-Ouzou
I4210142395,Institution,Torrens University Australia
I84653119,Institution,Academia Sinica
I57496824,Institution,National Institute of Technology Arunachal Pradesh
I199693650,Institution,Umm al-Qura University
I203172682,Institution,Northern Arizona University
I176861719,Institution,University of Shahrood
I98962006,Institution,University of Skikda
I122147150,Institution,Universidad Mayor de San Andrés
I154851008,Institution,Indian Institute of Technology Roorkee
I67388046,Institution,Gorgan University of Agricultural Sciences and Natural Resources
I215927,Institution,University of Madras
I80693520,Institution,American University in Cairo
I4210112595,Institution,Research Institute of Petroleum Exploration and Development
I51622183,Institution,Shaanxi University of Science and Technology
I4210086811,Institution,Islamic Azad University Sari Branch
I88017793,Institution,Port Said University
I4210165529,Institution,University of Business and Technology
I106778892,Institution,Princess Nourah bint Abdulrahman University
I4210091861,Institution,Universidad UTE
I121980950,Institution,Utah State University
I4210111036,Institution,Phenikaa (Vietnam)
I3124969661,Institution,Université des Sciences et de la Technologie d'Oran Mohamed Boudiaf
I4210139160,Institution,Office National de la Météorologie
I44636411,Institution,Tokyo Keizai University
I165745306,Institution,Southwest Petroleum University
I4387156274,Institution,PetroChina Southwest Oil and Gas Field Company (China)
I192168892,Institution,National University of Kaohsiung
I4210096815,Institution,Southwestern Medical Center
I4388891891,Institution,Southwestern Medical Center
I867280407,Institution,The University of Texas Southwestern Medical Center
I162030827,Institution,Thapar Institute of Engineering & Technology
I4210124230,Institution,Université Mustapha Stambouli de Mascara
I885383172,Institution,National University of Malaysia
I919958821,Institution,Bayero University Kano
I78928947,Institution,Kyoto University of Advanced Science
I83332908,Institution,University of Blida
I115715567,Institution,"Birla Institute of Technology, Mesra"
I304664074,Institution,Landmark University
I180664298,Institution,Federal University of Technology
I182997119,Institution,Manonmaniam Sundaranar University
I33585257,Institution,"Anna University, Chennai"
I4210092213,Institution,Ganesamoni Hospital
I162148367,Institution,Pontificia Universidad Católica de Chile
I172787465,Institution,University of Concepción
I10457146,Institution,Universidad de Santiago de Chile
I135388327,Institution,University of Kashmir
I4210099876,Institution,Cluster University Srinagar
I8778637,Institution,National Institute of Technology Srinagar
I2799786571,Institution,Committee on Climate Change
I130009713,Institution,Suez University
I4210118384,Institution,Academy of Scientific Research and Technology
I10180231,Institution,National Authority for Remote Sensing and Space Sciences
I97455420,Institution,Sohag University
I68649149,Institution,University of Malakand
I887064364,Institution,University of Amsterdam
I4210089898,Institution,Molina Center for Energy and the Environment
I203899302,Institution,Universiti Teknologi Petronas
I142732210,Institution,University of Engineering and Technology Lahore
I16076960,Institution,COMSATS University Islamabad
I1327237609,Institution,Ministry of Education of the People's Republic of China
I176808543,Institution,Liaoning Technical University
I4210166499,Institution,Henan Polytechnic University
I4210150479,Institution,Institute for Future Engineering
I1290523313,Institution,Magyar Agrár- és Élettudományi Egyetem
I113940042,Institution,Shanghai University
I928334797,Institution,Semnan University
I123900574,Institution,Pohang University of Science and Technology
I4210108017,Institution,Earth Observatory of Singapore
I4210119759,Institution,Essen University Hospital
I8264552,Institution,Lublin University of Technology
I205984670,Institution,Czech University of Life Sciences Prague
I131651094,Institution,University of Denver
I4210133467,Institution,Xi'an Aeronautical University
I4401726905,Institution,Thai Nguyen University of Medicine and Pharmacy
I2801312763,Institution,Stepan Gzhytskyi National University of Veterinary Medicine and Biotechnologies Lviv
I77443782,Institution,Uzhhorod National University
I4210137731,Institution,Italian Society of Periodontology and Implantology
I2800632838,Institution,American Association of Orthodontists
I86346663,Institution,Royal University of Phnom Penh
I4387930256,Institution,SINTEF Industry
I2802304065,Institution,University Carlo Cattaneo
I123338534,Institution,Università degli Studi del Piemonte Orientale “Amedeo Avogadro”
I60837268,Institution,King Mongkut's University of Technology Thonburi
I4210136301,Institution,Institute for Nuclear Science and Technology
I4210123907,Institution,National University College
I2802194831,Institution,Samsung Medical Center
I153904384,Institution,University of Languages and International Studies
I55952717,Institution,Universitat Rovira i Virgili
I126477371,Institution,Mohammed V University
I100286613,Institution,Hunan Institute of Science and Technology
I35928602,Institution,Kyung Hee University
I4210108050,Institution,Fukui National College of Technology
I4210120810,Institution,National Institute of Technology
I38260057,Institution,In-Q-Tel
I4210101034,Institution,Birla Institute of Technology and Science - Hyderabad Campus
I74796645,Institution,"Birla Institute of Technology and Science, Pilani"
I4387155039,Institution,New Valley University
I52158045,Institution,China Agricultural University
I91041137,Institution,Assiut University
I146416000,Institution,University of Kansas
I102134673,Institution,Linköping University
I4210098205,Institution,State Key Laboratory of Oil and Gas Reservoir Geology and Exploitation
I291386647,Institution,Belarusian State University
I4210118944,Institution,"Czech Academy of Sciences, Institute of Chemical Process Fundamentals"
I2800979047,Institution,Goa Dental College and Hospital
I4387930225,Institution,Universitas PGRI Adi Buana Surabaya
I4210162377,Institution,National Institute of Science and Technology
I4210142209,Institution,John von Neumann University
I2802238791,Institution,Nayanova University
I1334095494,Institution,New York City Department of Health and Mental Hygiene
I4210096256,Institution,Office of Readiness and Response
I4210150894,Institution,Jacobs (United States)
I899146839,Institution,Cook Medical (Denmark)
I4210118335,Institution,Islamic Azad University of Chalous
I160013858,Institution,Istituto Nazionale di Fisica Nucleare
I151221077,Institution,Chung Yuan Christian University
I119806805,Institution,Nagaoka University
I3129754710,Institution,Alexandria Higher Institute of Engineering and Technology
I148751991,Institution,Sogang University
I24943067,Institution,Fudan University
I4210159575,Institution,Huashan Hospital
I1343052199,Institution,Kaiser Permanente
I90767664,Institution,Persian Gulf University
I177136067,Institution,Saga University
I4210133587,Institution,Discovery Air (Canada)
I173911158,Institution,Iowa State University
I52357470,Institution,The Ohio State University
I4210162955,Institution,Universitas Satya Negara Indonesia
I113330528,Institution,Khazar University
I95023434,Institution,University of KwaZulu-Natal
I4210141639,Institution,Max Planck Institute for Plant Breeding Research
I62318514,Institution,University of Duisburg-Essen
I82951845,Institution,RMIT University
I2801398864,Institution,Saxion
I99041443,Institution,Mississippi State University
I4210090782,Institution,Max-Planck-Institut für Kohlenforschung
I2802166871,Institution,Universidad Católica del Norte
I4210138643,Institution,Universidad Técnica Federico Santa María
I4061448,Institution,Universidad de Sonora
I121595252,Institution,Polytechnic University of Puerto Rico
I1332107658,Institution,Universidad Politécnica de Baja California
I147482076,Institution,Institute for Scientific and Technological Research
I4210156903,Institution,Materials Research Group (United States)
I59499333,Institution,Optica
I4210116886,Institution,Chongqing Vocational Institute of Engineering
I2800727921,Institution,Hospital Pulau Pinang
I37445192,Institution,University of Wollongong Malaysia
I12649496,Institution,INTI International University
I45935490,Institution,National Institute of Water and Atmospheric Research
I65079550,Institution,Universiti Malaysia Perlis
I240042149,Institution,Abdelmalek Essaâdi University
I157696592,Institution,Universiti Malaysia Terengganu
I169199633,Institution,Aston University
I205490536,Institution,Dongguk University
I67900169,Institution,Chung-Ang University
I120211734,Institution,Chung Hwa University of Medical Technology
I2802753785,Institution,Mackay Memorial Hospital
I4210127074,Institution,Zhongshan Hospital
I2801520950,Institution,At Bristol
I36234482,Institution,University of Bristol
I133836048,Institution,Royal Veterinary College
I4210090442,Institution,Potters Bar Community Hospital
I4210152766,Institution,Marine Technology Unit
I4210090508,Institution,Azienda Sanitaria Unità Locale di Reggio Emilia
I2800191209,Institution,Pennsylvania Hospital
I17606148,Institution,École Nationale Vétérinaire d'Alfort
I4210088630,Institution,Victorian Infectious Diseases Reference Laboratory
I70931966,Institution,Université de Montréal
I4210086830,Institution,Ospedale San Paolo
I4210117242,Institution,Queen's Hospital
I4210119974,Institution,Queen's Hospital
I4210145253,Institution,Instituut voor Landbouw en Visserijonderzoek
I4210099919,Institution,Carolina Veterinary Specialists
I4210125303,Institution,Hospital Municipal Souza Aguiar
I2802007660,Institution,University Hospital Augsburg
I4210104730,Institution,The Langton Grammar School for Boys
I100930933,Institution,University College Dublin
I2799506148,Institution,Government of Western Australia
I133960621,Institution,Roslin Institute
I4210139188,Institution,Menescalia Centro Veterinario
I4210131435,Institution,Willows Veterinary Centre and Referral Service
I150540706,Institution,University of Veterinary Medicine Vienna
I130692619,Institution,Bern University of Applied Sciences
I185658715,Institution,Universities UK
I4210101951,Institution,Telemetry Associates (United Kingdom)
I9360294,Institution,University of Bologna
I4210107769,Institution,Southern Water (United Kingdom)
I130438778,Institution,Memorial University of Newfoundland
I2800023466,Institution,Energy Technologies Institute
I4210121466,Institution,Indian Institute of Technology Bhilai
I134359838,Institution,Alfaisal University
I4391767729,Institution,Almaarefa University
I4210091339,Institution,Laboratory of Molecular Genetics
I4405263268,Institution,Thai Nguyen University of Information and Communication Technology
I142401562,Institution,Electronics and Telecommunications Research Institute
I130291710,Institution,Visva-Bharati University
I275778967,Institution,Raiganj University
I121750182,Institution,National Institute of Technology Warangal
I4210133503,Institution,Central University of Haryana
I4210136062,Institution,Brown Foundation
I919571938,Institution,The University of Texas Health Science Center at Houston
I57664883,Institution,Ajou University
I4210122016,Institution,Wellcome / EPSRC Centre for Interventional and Surgical Sciences
I107672454,Institution,Dartmouth College
I36258959,Institution,University of California San Diego
I4210099595,Institution,VA San Diego Healthcare System
I4210105147,Institution,"Gouvernance, Risque, Environnement, Développement"
I4210158294,Institution,National Center for Post Traumatic Stress Disorder
I203189479,Institution,The Open University of Japan
I4400600942,Institution,Yonsei University College of Dentistry
I154381313,Institution,Pibulsongkram Rajabhat University
I4210163248,Institution,Institute of Marine Geology and Geophysics
I4210111899,Institution,Burke Foundation
I4210140343,Institution,Connecticut Department of Public Health
I41156924,Institution,Victoria University of Wellington
I4210121772,Institution,Islamic Azad University of Shahrekord
I4210088526,Institution,Naberezhnye Chelny State Pedagogical Institute
I192513696,Institution,National University of San Marcos
I143923087,Institution,Sultan Idris Education University
I3129553732,Institution,Togliatti State University
I181085462,Institution,Sunan Kalijaga State Islamic University Yogyakarta
I4210100953,Institution,Xi'an University of Finance and Economics
I85922643,Institution,Nagaoka University of Technology
I114112103,Institution,Leibniz University Hannover
I4387154758,Institution,Anchor University Lagos
I114756412,Institution,Universidad Autónoma de Ciudad Juárez
I4210154711,Institution,Institute of Finance and Banking
I4210136099,Institution,Quảng Bình University
I32881790,Institution,Université de Poitiers
I149461666,Institution,Ca' Foscari University of Venice
I167694869,Institution,Bu-Ali Sina University
I1333651918,Institution,Indian Institute of Tropical Meteorology
I4387154453,Institution,Al-Ayen Iraqi University
I1317621060,Institution,Indian Institute of Technology Guwahati
I129604602,Institution,The University of Sydney
I145286018,Institution,SRM Institute of Science and Technology
I4401200382,Institution,Universitas Muhammadiyah Kalimantan Timur
I4210159645,Institution,Woldia University
I163753206,Institution,Chungbuk National University
I78037679,Institution,UiT The Arctic University of Norway
I59272784,Institution,"Arab Academy for Science, Technology, and Maritime Transport"
I75092371,Institution,University of Hradec Králové
I464993,Institution,Barkatullah University
I3130958653,Institution,Jagran Lakecity University
I70593384,Institution,Lead City University
I8078737,Institution,Clemson University
I28710699,Institution,Hellenic Mediterranean University
I197610006,Institution,University of Lagos
I904495901,Institution,Ruhr University Bochum
I106969075,Institution,Idaho State University
I84884186,Institution,Newcastle University
I862893732,Institution,Telkom University
I931278978,Institution,College of Business Administration
I103031861,Institution,Plekhanov Russian University of Economics
I193073490,Institution,Siksha O Anusandhan University
I3130997290,Institution,University of Pembangunan Nasional Veteran Jawa Timur
I4387155296,Institution,Thanh Do University
I94658018,Institution,University of Memphis
I123044942,Institution,Universitat Autònoma de Barcelona
I197518295,Institution,IZA - Institute of Labor Economics
I8977528,Institution,Dr. Hari Singh Gour University
I5936373,Institution,University of Montenegro
I74788687,Institution,Comenius University Bratislava
I67337280,Institution,Egyptian Russian University
I4210153885,Institution,Institute of Bioinformatics and Applied Biotechnology
I4210154298,Institution,Leibniz Institute for Zoo and Wildlife Research
I3141906898,Institution,Asia University
I32625721,Institution,University of Saskatchewan
I721619,Institution,Benemérita Universidad Autónoma de Puebla
I3131387778,Institution,Institute of Public Enterprise
I4210119805,Institution,Instituto de Pesca
I4210147329,Institution,Instituto de Desenvolvimento Sustentável Mamirauá
I921716337,Institution,Northeast Petroleum University
I82904351,Institution,University of Santo Tomas
I4210154111,Institution,Université Gustave Eiffel
I4210155267,Institution,Institute for Tourism
I63525965,Institution,Western Sydney University
I206597221,Institution,Kongju National University
I44073558,Institution,Gongju National University of Education
I145808223,Institution,Hanbat National University
I116631150,Institution,Ulsan College
I4210136447,Institution,Ulsan University Hospital
I4210100252,Institution,William Angliss Institute
I4210117728,Institution,Center For Remote Sensing (United States)
I2802042752,Institution,University High School
I89440247,Institution,Myongji University
I134161618,Institution,National Taiwan Normal University
I4210138331,Institution,"Biodiversity Research Center, Academia Sinica"
I15766117,Institution,University of Graz
I4092182,Institution,Graz University of Technology
I4210145347,Institution,Federal Service for Surveillance on Consumer Rights Protection and Human Wellbeing
I220840466,Institution,Chettinad Academy of Research and Education
I2801758192,Institution,Chettinad Health City
I99908691,Institution,Yuan Ze University
I2799677732,Institution,Launceston General Hospital
I4210159985,Institution,Sakon Nakhon Rajabhat University
I204337017,Institution,Aarhus University
I2802335433,Institution,Aarhus University Hospital
I118501908,Institution,National Research University Higher School of Economics
I4210109390,Institution,National Center for Biotechnology Information
I124246371,Institution,York St John University
I4210118097,Institution,Research & Development Institute
I121296143,Institution,Hunan University of Science and Technology
I179324530,Institution,Jilin University of Finance and Economics
I4210086659,Institution,Jilin Jianzhu University
I4210160994,Institution,Ministry of Education
I4210137805,Institution,Victoria School of Management
I205401836,Institution,National Institute for Materials Science
I241749,Institution,University of Cambridge
I4210139501,Institution,Universitas Islam Syekh Yusuf
I74899385,Institution,Central Queensland University
I188538660,Institution,University of Colorado Boulder
I2802236040,Institution,University of Colorado System
I32062511,Institution,Heriot-Watt University
I4210085930,Institution,Heriot-Watt University Malaysia
I4210117796,Institution,Ashesi University
I4210099821,Institution,International University of Management
I4210103010,Institution,Economic Policy Research Centre
I4210098748,Institution,Department of Science and Technology
I1296812847,Institution,Public Policy Institute of California
I4210124077,Institution,Duke Institute for Health Innovation
I60158472,Institution,Concordia University
I4210148861,Institution,Khanh Hoa General Hospital
I174025329,Institution,University of the Sunshine Coast
I188329596,Institution,University of Canberra
I2802604338,Institution,Manly Hospital
I4210134393,Institution,China National Chemical Engineering (China)
I4210131196,Institution,Institute for Bioprocessing and Analytical Measurement Techniques
I4210089758,Institution,Anhalt University of Applied Sciences
I4210116091,Institution,"Department of Physics, Mathematics and Informatics"
I119449181,Institution,Technische Universität Ilmenau
0,Topic,Education & Language Learning
1,Topic,Nanomaterials & Adsorption
2,Topic,Wireless Communications
3,Topic,Natural Products & Antioxidants
4,Topic,Mathematical Modeling & Fractional Equations
5,Topic,Cultural Heritage & Urban Development
6,Topic,2D Electronic Materials
7,Topic,Solar Energy & Heat Transfer
8,Topic,Optimization Algorithms
9,Topic,Clinical Treatment & Patient Care
10,Topic,Water Pollution & Aquatic Environment
11,Topic,Nuclear Physics & Radioactive Decay
12,Topic,Geotechnical Engineering
13,Topic,Consumer Behavior & Marketing
14,Topic,Air Pollution & Emission Control
15,Topic,Machine Learning Applications
16,Topic,Graph Machine Learning
17,Topic,Fuzzy Decision Making (MCDM)
18,Topic,Vietnamese Language Processing
19,Topic,Sustainable Energy & Environmental Economics
20,Topic,Cancer Biology & Immunology
21,Topic,Biodiversity & Phylogenetics
22,Topic,LED Phosphor Materials
23,Topic,Cardiovascular Research
24,Topic,Financial Markets & Corporate Finance
25,Topic,Business Strategy & Entrepreneurship
26,Topic,Structural Vibration Analysis
27,Topic,Tourism Management & Development
28,Topic,Healthcare & Trauma Care
29,Topic,Manufacturing & Process Optimization
30,Topic,Banking & Financial Technology
31,Topic,COVID-19 & Public Health
32,Topic,Hydrology & River Basin Management
33,Topic,Concrete Structures & Fracture Mechanics
34,Topic,Microbiology & Antimicrobial Resistance
35,Topic,Soil Microbiology & Fermentation
36,Topic,Battery Materials & Energy Storage
37,Topic,Computational Materials Science
38,Topic,Surfactants & Colloid Chemistry
39,Topic,Phosphor Materials for White LEDs
40,Topic,Drug Delivery & Nanomedicine
41,Topic,Optical Character Recognition (OCR)
42,Topic,Green Innovation & Corporate Sustainability
43,Topic,Functional Analysis & Operator Theory
44,Topic,International Trade & Economic Growth
45,Topic,Human Resource Management
46,Topic,Human Resource Management
