author_id,degree,betweenness,closeness,pagerank
A5077989995,0.01248154610119447,0.02373678957892566,0.05816591648196637,0.0018383924342353232
A5031161877,0.010334183331096498,0.01933894740716916,0.04175006221431257,0.0016891484462602782
A5005583322,0.013421017313112335,0.0001527150800442777,0.013421017313112333,0.001635255280250465
A5016799901,0.006307878137162797,0.00610978151964948,0.03193696196342074,0.001538026374633273
A5017773373,0.009931552811703128,0.010629318164711984,0.058781296136972576,0.0014910816420725282
A5029157921,0.007515769695342908,0.013661184386144401,0.0450218111901338,0.00148856077538887
A5020412391,0.014092068178767951,0.01374302141603991,0.052452608497247616,0.001453720991107357
A5003396849,0.010334183331096498,0.024494626018840858,0.06367885751165872,0.001438828991371334
A5052000517,0.006307878137162797,0.005006058744376035,0.03698455075167975,0.0014302708874408452
A5074327529,0.009797342638572005,0.013109187532004275,0.06197327323060237,0.0013207992973808184
A5021501825,0.008186820560998525,0.0034240564837748444,0.05467588971871906,0.001251671471705505
A5024782599,0.023486780297946586,0.00022676264200735476,0.023886454646125613,0.0012176512418670378
A5039052968,0.011944705408669978,0.003944019790151725,0.05536072594477579,0.0012065381937276277
A5086434450,0.010065762984834251,8.618144862265634e-05,0.010260977782115883,0.0011970746301642034
A5053998535,0.006039457790900551,0.019675672521590318,0.04919160813549811,0.0011537614671944217
A5028355700,0.010199973157965374,0.05257002950699532,0.06731640552706131,0.0011117762156920973
A5042141088,0.005502617098376057,0.01315123283728727,0.04634989516258263,0.0011016142807229292
A5077358597,0.010468393504227621,0.003164143195117252,0.06415599946144926,0.0010542805617877
A5006705698,0.003086833982015837,0.005195574164198092,0.057634418610887,0.0010381743854613113
A5049698133,0.005368406925244934,0.008206914856218486,0.0428378605192149,0.0010189604403967008
A5000637794,0.006173667964031674,0.0011673353221165871,0.05443909577424201,0.0010094474950324622
A5051450131,0.009394712119178633,0.0002184729782435621,0.06412350365853825,0.0009995394503991655
A5072201492,0.006173667964031674,0.003578348081044781,0.054701201849387274,0.0009711952016128566
A5084344101,0.005636827271507181,0.005459636815862142,0.04666228684206085,0.0009697446084744937
A5022979224,0.0067105086565561675,0.002670243792356279,0.04374503013925356,0.0009565615664855611
A5100648337,0.0045631458864581935,0.031661642536359426,0.05111240169344783,0.0009157601552236045
A5034572659,0.009931552811703128,0.021805655684974827,0.05900438248625065,0.0009129476122797068
A5065984932,0.0067105086565561675,0.005755714806327216,0.05864514728085491,0.0008878140290666272
A5016059020,0.010334183331096498,0.010635743065061846,0.05931241687711657,0.0008494440904212771
A5042425451,0.009394712119178633,0.0021050280240276394,0.04885802296620347,0.0008424521273956537
A5064606348,0.006173667964031674,0.002646442409332513,0.04259899151857898,0.0008404550061831019
A5031177860,0.008186820560998525,0.0006942442122659818,0.06410263087713831,0.0008104631500009975
A5061049640,0.01248154610119447,0.011223783329793565,0.050240196188049126,0.0007906823549352151
A5070026123,0.0028184136357535905,0.001499361032353144,0.042695452908122884,0.0007890210308404485
A5100701432,0.005099986578982687,0.002321489742439108,0.057313854647587544,0.0007790721756693634
A5046033495,0.003489464501409207,0.0004520026252881408,0.032999565084473687,0.0007623021960898438
A5091523509,0.005099986578982687,0.0007781496456827964,0.038525674190240125,0.0007389833322543675
A5015269024,0.006978929002818414,0.007616174404487039,0.06116695337941735,0.0007321459058647971
A5060017962,0.0028184136357535905,0.0024797368159522153,0.04016255701613409,0.0007172605165650507
A5022245617,0.006039457790900551,0.014689483537755508,0.05874622608955907,0.0007039405750376635
A5067110618,0.006173667964031674,0.00579406443019989,0.055937309172226515,0.0007031934560714852
A5041369109,0.0073815595222117844,0.000621801070770125,0.05953156123612781,0.0006973654523244215
A5050411356,0.004026305193933701,0.004119291484857407,0.05430399047496774,0.0006647860643662506
A5038668071,0.003757884847671454,9.839677391170414e-06,0.0037578848476714534,0.0006485826972528646
A5065278638,0.013957858005636828,5.031815747538595e-05,0.018195386592854072,0.0006360195554138603
A5020362824,0.0032210441551469605,0.004926027646997602,0.03304263019672248,0.0006301949538990955
A5078613366,0.0024157831163602204,6.413264648950323e-06,0.002498373992133219,0.0006280628532258227
A5081322932,0.0033552543282780838,1.7510374266235154e-05,0.0036534991574583577,0.0006235456757519943
A5046981823,0.003489464501409207,0.00026581106924180556,0.034798822766080206,0.0006136993619865897
A5024654850,0.004160515367064824,0.016599201748824,0.05446418908247794,0.0006119070836127959
A5074528425,0.006307878137162797,0.00010876844750124465,0.06407018910176038,0.0005871457915978717
A5076831357,0.003086833982015837,0.006094254788267157,0.035340039103565105,0.0005840792435065139
A5059661400,0.003086833982015837,3.138319444798915e-05,0.05345720528191818,0.000584021557762363
A5023064512,0.006173667964031674,0.024451671958595503,0.06113530547832076,0.0005772049055422607
A5041882067,0.004160515367064824,0.002589991388468209,0.03852734911031883,0.0005771393041814729
A5010412662,0.007515769695342908,0.003060145000356096,0.06330810262616077,0.000576594965186219
A5067659457,0.005636827271507181,0.004607642170107603,0.05655308363503501,0.0005719753420896932
A5058364233,0.00362367467454033,0.0032585149148936362,0.04126693615967769,0.000571648059119678
A5008497258,0.00442893571332707,5.706400619337692e-06,0.008036537313240917,0.0005691739025736602
A5076045469,0.006039457790900551,0.0043310999824262425,0.061446874258840566,0.0005648781874634479
A5027646035,0.012749966447456717,5.017284740360776e-05,0.017661971350718286,0.0005600167944783085
A5051291679,0.003086833982015837,0.00033698273094202066,0.03439565373133569,0.0005574007982669497
A5015416684,0.001878942423835727,8.989877104687659e-05,0.0426707829622977,0.0005554296399259283
A5071517633,0.00362367467454033,0.0007772429680067043,0.05221771378003645,0.0005526467511240923
A5068268080,0.0021473627700979736,3.6570020329688643e-06,0.0021473627700979736,0.0005522077458642385
A5085218551,0.005368406925244934,0.0020709107958051436,0.04884590439911801,0.0005498071945257442
A5091402542,0.004697356059589317,0.009017586725890942,0.05074363379300267,0.0005495242209239787
A5072077918,0.006039457790900551,0.003944010444056369,0.05988355715518455,0.0005487503212867383
A5016425643,0.005771037444638304,0.018774426503445393,0.06495542186916357,0.0005486841834387989
A5014938626,0.004026305193933701,0.005796400303773808,0.06320199839967182,0.0005481711758143487
A5029072011,0.0022815729432290968,3.8371499163663454e-06,0.0022815729432290968,0.0005476226287854673
A5076303094,0.003086833982015837,0.0018648797637650745,0.05029294404591235,0.0005403531352973995
A5023492471,0.004160515367064824,0.0024148012068030945,0.056110857033653,0.0005348704393700904
A5101772613,0.003892095020802577,0.001478006187666603,0.05133297538511881,0.0005305605355453537
A5101861939,0.005368406925244934,0.0035776567031782095,0.055768340867876944,0.0005303172273032706
A5035326900,0.005905247617769427,6.616577255715359e-05,0.05585973844501866,0.0005278790138595826
A5004618448,0.003086833982015837,0.004196879188947206,0.04889306596198613,0.0005205014417343777
A5088410956,0.0033552543282780838,0.000145047495448795,0.04933950339964359,0.0005201555948627395
A5042254735,0.001878942423835727,0.00010978143558333475,0.0426707829622977,0.0005197049781553005
A5007717816,0.004160515367064824,0.001187634206489504,0.05145219151513911,0.0005169607801811334
A5006496190,0.006173667964031674,8.474191617194832e-06,0.006184404777882163,0.0005156435120522989
A5020833933,0.006173667964031674,8.474191617194832e-06,0.006184404777882163,0.0005156435120522989
A5087106458,0.0033552543282780838,0.006229475608080915,0.062495544468335586,0.0005149196438898984
A5075235852,0.0045631458864581935,0.0012728637533027433,0.052963591953203354,0.0005121259579411226
A5044058358,0.005099986578982687,0.002765552878766897,0.056647073674315936,0.0005067901604887657
A5040773786,0.00362367467454033,0.0011393310676716213,0.05401766606083317,0.0005013131790581199
A5052605854,0.003489464501409207,1.6076397114391202e-05,0.0037365332292187744,0.0004996338675181836
A5100623456,0.004294725540195947,2.8540646407940624e-06,0.007153780284714595,0.0004974195690650463
A5085044386,0.0012078915581801102,1.5492717972183365e-06,0.0012491869960666094,0.000489782290001533
A5104387604,0.004160515367064824,0.0007261673031364026,0.05835167054461043,0.0004877904126261718
A5015900702,0.004294725540195947,0.026332093248596967,0.05783376757560521,0.00048416999863795765
A5080275074,0.0025499932894913436,0.003251927507290734,0.03092769890453168,0.0004826864846279727
A5001474077,0.004831566232720441,1.219923824348302e-05,0.053667634856078644,0.000482647035272523
A5052167850,0.00362367467454033,0.007353352200947271,0.05262079571052779,0.0004761949392978509
A5090982786,0.003086833982015837,0.0006370154238062954,0.055353809960398424,0.00047522741062804545
A5011297917,0.0021473627700979736,1.0208723198016109e-05,0.003891300877766298,0.00047203020369208183
A5085566730,0.004160515367064824,0.0018298103447442107,0.05491985749634349,0.00047174207135040614
A5048993786,0.0028184136357535905,0.0013316575023772268,0.05970201236642292,0.0004680112106527884
A5038068417,0.0045631458864581935,0.0030399686213928214,0.0620926864182314,0.00046482516864503797
A5076358810,0.0045631458864581935,0.001845899490010021,0.056535044373907405,0.0004641013007995062
A5015187278,0.004294725540195947,0.002244085285385236,0.05957958992611258,0.0004636710537027665
A5075209004,0.0013421017313112334,0.0011258954892244247,0.041721561194934136,0.00046128199162066087
A5041694698,0.0024157831163602204,0.00228344648121643,0.03633327814358043,0.00046048394876587557
A5121950089,0.010065762984834251,2.260757908124587e-05,0.015360411344675674,0.0004591505224959123
A5028948267,0.004026305193933701,0.0002971945349934056,0.058773499175023114,0.0004584175773993079
A5102004247,0.005502617098376057,4.691086065847731e-06,0.005622186161711057,0.00045648848191264565
A5059510291,0.004026305193933701,0.0009766439168736737,0.05295726189560169,0.00045637602599257304
A5051004413,0.0020131525969668503,3.0084696527379327e-06,0.00201315259696685,0.00045531186918734375
A5053552469,0.002684203462622467,0.014534311240150605,0.048470536594705384,0.0004533322995894891
A5078787236,0.002684203462622467,0.021841517048140413,0.06421178324476476,0.00045295663215337095
A5100632425,0.002684203462622467,0.0015508093951794209,0.03301247282673963,0.00045282129880963037
A5004341522,0.0020131525969668503,0.0005233007776083387,0.044710618832067735,0.0004518696082361499
A5041707620,0.004026305193933701,0.00042025352151306785,0.054422379743973875,0.00045004580670042813
A5008382937,0.0024157831163602204,0.00017163933611113213,0.03851144324718607,0.00044941145153333913
A5054233093,0.006039457790900551,0.0013957797682791328,0.0632583925020343,0.00044927013022574017
A5107436860,0.010065762984834251,2.841708619849037e-05,0.01585445966277928,0.0004489254405331525
A5059958821,0.0022815729432290968,0.0016977136531378609,0.035695916400588036,0.00044504503428665964
A5007636550,0.0017447322507046035,0.012713744057819632,0.04559277772089307,0.0004449970010913338
A5045162054,0.0029526238088847137,0.0019194408660194154,0.05824620070071304,0.0004432367122595534
A5100776154,0.0025499932894913436,3.6930316096483604e-06,0.0025499932894913436,0.0004388602607788943
LOCAL_A000099,0.0024157831163602204,0.000768347971153433,0.030954166074993836,0.00043661652901172084
A5061317037,0.0022815729432290968,0.00018684427368170626,0.03939921398515054,0.00043433294776501583
A5048072243,0.003086833982015837,0.0008900540635434663,0.03577878436566601,0.00043393105595529273
A5042211118,0.008455240907260771,7.466492385696759e-06,0.014855411519645242,0.0004312948091676363
A5030726191,0.0033552543282780838,0.04797521453644404,0.05272724582382332,0.0004306349506199832
A5108652190,0.002684203462622467,7.640515112984978e-06,0.003402476426231627,0.0004281391348113185
A5102010814,0.001878942423835727,0.023804379337569893,0.05154646466734519,0.0004262828234425396
A5087000202,0.003757884847671454,0.0017745531160340035,0.0413545578683559,0.00042396317099717515
A5022545715,0.0033552543282780838,0.0008300343711980567,0.05868981228259204,0.0004215433848920369
A5083945787,0.0016105220775734803,0.0013067927461653272,0.03189328512779812,0.0004182105373110358
A5045826726,0.005099986578982687,3.321962152026876e-06,0.005331383429208762,0.00041619826357100124
A5053018788,0.0016105220775734803,4.0456067528691445e-06,0.0015121012839439897,0.0004108401245376782
A5088958605,0.0013421017313112334,5.224288618526949e-07,0.0018043812165406583,0.0004082392870300963
A5102885587,0.0014763119044423568,0.01176282810559188,0.042666674076119335,0.00040532476002437073
A5055473116,0.002684203462622467,0.0001498609603454067,0.03922221919806137,0.000404991099442406
A5063042707,0.0045631458864581935,0.0007030244877525714,0.04745310953472549,0.00040207895073189674
A5069934465,0.002684203462622467,8.375732212826323e-06,0.003402476426231627,0.0004015508073078073
A5002827253,0.0029526238088847137,0.0009116364430593692,0.06084358534576028,0.000401119831354312
A5035740729,0.0010736813850489868,7.686309691625856e-07,0.029980777798636556,0.0004001955459430271
A5073647327,0.003489464501409207,0.00022866074192896287,0.05647559637772033,0.00039871557967377524
A5089022716,0.003489464501409207,0.0008140021127199228,0.05295093335092008,0.0003976882075694043
A5023756965,0.003489464501409207,0.006478450677190736,0.058515422797781276,0.0003969772127479677
A5034194161,0.005099986578982687,0.0040652690526632885,0.06040604073214945,0.0003967501136953972
A5073592697,0.003489464501409207,9.84790817033083e-06,0.006863762165064003,0.0003965863508690854
A5024466583,0.0029526238088847137,0.0015307245213438197,0.05485187054722695,0.0003964896812810629
A5008876218,0.003757884847671454,3.9878736454755704e-06,0.0037578848476714534,0.00039578621404999173
A5064861833,0.006173667964031674,4.070094387235728e-06,0.006173667964031674,0.00039282310567043474
A5015707475,0.006173667964031674,4.070094387235728e-06,0.006173667964031674,0.00039282310567043474
A5029736742,0.006173667964031674,4.070094387235728e-06,0.006173667964031674,0.00039282310567043474
A5080216121,0.003757884847671454,0.023050570780985512,0.059298525916624746,0.00039247095118807905
A5086812774,0.00362367467454033,0.004948059536258066,0.06351455442114305,0.00039094912715144326
A5006965773,0.0016105220775734803,5.1522294651679565e-06,0.001755614156634154,0.00038914151316149693
A5094282888,0.0017447322507046035,9.114696521540336e-05,0.03850056785319859,0.00038810445995160513
A5049382316,0.001878942423835727,0.001586562961483659,0.049064962520333225,0.00038556518021895926
A5119564603,0.003489464501409207,0.0014598475415083195,0.05866067522082469,0.0003838422306466354
A5036377736,0.0025499932894913436,0.0005122648896765055,0.037842930311134775,0.0003826527687013061
A5023835346,0.0021473627700979736,0.001700005352822763,0.034398991559700276,0.0003817003653043491
A5014362711,0.0022815729432290968,4.2385794498704e-05,0.005020075178187056,0.0003800027976498091
A5091576742,0.0014763119044423568,0.008637406446952304,0.03410903431588463,0.00037973415712714057
A5104035119,0.006173667964031674,0.02061078949342704,0.06689212111722515,0.00037852185106891943
A5048050751,0.002684203462622467,0.0022595321642390693,0.034981518989499805,0.00037818298873458495
A5081588915,0.002684203462622467,0.0007657404256980033,0.042516219471825684,0.0003774569790103179
A5068152663,0.0032210441551469605,0.0006605147283560532,0.056954710663003213,0.0003760824030603198
A5092892831,0.0022815729432290968,3.352913245644189e-06,0.002089325938473704,0.00037594794585951453
A5056815476,0.0032210441551469605,0.0037714656273022834,0.04760350346803817,0.0003738695725659789
A5030801216,0.003489464501409207,8.183771484154206e-06,0.05309369244269358,0.0003731356280644642
A5032903751,0.003892095020802577,0.005728624488816185,0.05877934670255023,0.00037310815491880715
A5102013370,0.0028184136357535905,0.0013607421826968057,0.05263798643111274,0.0003715715586671333
A5065962329,0.0022815729432290968,0.0018274201291840473,0.03990035211891034,0.0003713309373088752
A5049765310,0.003086833982015837,6.523378018037985e-06,0.003307076317410501,0.0003711883981124213
A5076489521,0.003757884847671454,0.002096611091025395,0.058992598892357785,0.0003703623462296498
A5010793698,0.0021473627700979736,0.0004467145216221408,0.052878263653022166,0.0003699163064536764
A5088349333,0.0020131525969668503,0.0029939948925792642,0.039226559571564464,0.0003699068788730696
A5012381405,0.0025499932894913436,0.00377137738343432,0.037442404113613256,0.00036933985167630104
A5069724897,0.0013421017313112334,5.224288618526949e-07,0.046632821351908785,0.0003692366355154781
A5036410800,0.0045631458864581935,0.0044233676601213075,0.06404009398475202,0.00036716193034411866
A5042098541,0.003489464501409207,7.31916436912169e-05,0.053757162302759995,0.0003658878683988169
A5027283721,0.0021473627700979736,1.0124311046938434e-06,0.002630519393370017,0.0003657749159521664
A5054964486,0.0032210441551469605,0.0002898369519753968,0.05718441121255718,0.00036540127162410765
A5001675506,0.0020131525969668503,1.080887300384886e-06,0.00201315259696685,0.0003617564555334893
A5101975004,0.0020131525969668503,1.080887300384886e-06,0.00201315259696685,0.0003617564555334893
A5026391773,0.008052610387867401,1.0179681025315192e-05,0.014734307621387267,0.0003614145897493899
A5015953024,0.003892095020802577,0.0005914680029626048,0.05386335332387167,0.0003605063962366132
A5073205104,0.002684203462622467,3.6570020329688643e-06,0.002684203462622467,0.00036048873811953203
A5088984994,0.00362367467454033,0.016249146755993833,0.06251317865131197,0.00036023884839311794
A5002515116,0.0032210441551469605,0.036058465616418636,0.05984715992307942,0.00035938400836066977
A5014950400,0.019460475104012886,2.1368939982230093e-05,0.019460475104012883,0.00035935806902278233
A5061345492,0.003757884847671454,0.0026725847105519784,0.0548960429016291,0.0003592221052847654
A5053295960,0.0014763119044423568,0.013438809538190712,0.04486340406829335,0.00035837894882552544
A5072737254,0.0014763119044423568,0.0010454882412972808,0.029092505845540153,0.00035701260889006725
A5091554286,0.0029526238088847137,0.007899888463716608,0.043708351199062814,0.00035580459379268883
A5024449095,0.0029526238088847137,0.00019055663875950868,0.043666353965902016,0.00035572420356988276
A5033971798,0.0028184136357535905,0.016309371392048095,0.046375363470668195,0.00035570040743877036
A5101205557,0.005099986578982687,0.0007648212801055341,0.059201471077627,0.00035516072003154354
A5005338149,0.0022815729432290968,0.01979218236206568,0.048371322865696814,0.0003543395725204143
A5035821509,0.004697356059589317,0.0006692003847163835,0.06323582278871119,0.00035416845376656103
A5030875962,0.00362367467454033,0.013415136054871227,0.056636212728382346,0.00035384234339637773
A5068477180,0.003489464501409207,9.088682422929533e-05,0.058828121386152316,0.00035374755509465184
A5011855564,0.0029526238088847137,0.0009896429388639935,0.05029722575407223,0.00035135460710655064
A5083147348,0.0021473627700979736,2.465863388094447e-06,0.0022736782271625604,0.00035002085905091974
A5102806749,0.00362367467454033,0.03206621447803423,0.05890241412834819,0.00034988433197622186
A5121974717,0.008186820560998525,1.2412337921763368e-05,0.014774455598557258,0.00034876499399250874
A5072861318,0.0028184136357535905,1.3904219168320472e-06,0.00281841363575359,0.00034787000844595435
A5012509568,0.001878942423835727,0.011269210508047833,0.0558773492582363,0.00034758222645101135
A5092687136,0.001878942423835727,0.0003105907219640555,0.041235252922665236,0.0003474786635336787
A5111275451,0.003757884847671454,0.00020435118452687397,0.05637858705099078,0.00034573748925533236
A5010882179,0.004831566232720441,1.1231219708258512e-05,0.005137733190175815,0.0003455284902572797
A5071543919,0.003086833982015837,0.0017642852324989329,0.05332371505872788,0.0003454393471574354
A5040375274,0.0029526238088847137,0.001426583224556779,0.06072684304536411,0.00034446046662291185
A5083170304,0.00362367467454033,0.00030517259397862544,0.060225411706887666,0.00034265646215603544
A5107334594,0.0022815729432290968,3.4588393612316353e-06,0.0022815729432290968,0.0003422316052334811
A5036551566,0.003086833982015837,0.001826406497093464,0.056725032521107284,0.00034211700919822055
LOCAL_A000052,0.0021473627700979736,0.006967282269457249,0.0483990617455488,0.0003388761059440231
A5029896071,0.0033552543282780838,0.0024096215228590727,0.059828977893667194,0.00033856140640620684
A5036310727,0.003757884847671454,8.289528546867916e-06,0.047428982341566464,0.00033820488476378984
A5010415543,0.0033552543282780838,0.0024121744426399967,0.059828977893667194,0.0003380333161152147
A5101644358,0.0013421017313112334,1.6573605272568251e-06,0.001380447495062983,0.00033755839477834305
A5031811244,0.003892095020802577,0.00024047862482953221,0.05374412156959176,0.00033626485682050026
A5067497938,0.006978929002818414,7.189090609243851e-06,0.014420811714549238,0.00033534403639973897
A5087438050,0.0009394712119178635,6.323190707251583e-06,0.001591685562046305,0.00033406373483575697
A5085893079,0.003757884847671454,2.7343064155719984e-05,0.006957786304311456,0.0003329763386500628
A5085150492,0.00362367467454033,0.031903480488622946,0.058286425977440055,0.00033295996720911144
A5021369042,0.005636827271507181,2.148516964329264e-06,0.00567977452690914,0.00033286670398460837
A5064521237,0.005636827271507181,2.148516964329264e-06,0.00567977452690914,0.00033286670398460837
A5053135691,0.005636827271507181,2.148516964329264e-06,0.00567977452690914,0.00033286670398460837
A5101863198,0.0021473627700979736,0.0006944400658500715,0.034975996391088074,0.0003321277563657503
A5052932812,0.003489464501409207,1.0411769661682066e-05,0.059451685265060956,0.0003320292848447167
A5018614044,0.00362367467454033,0.0002923266106649345,0.05718994679494037,0.00033168552467003053
A5007252074,0.0033552543282780838,6.369356106245373e-05,0.05944969111199802,0.0003309670723051214
A5080476765,0.0021473627700979736,0.0005249174041309927,0.06098594870008936,0.00032995694175516713
A5070726803,0.0016105220775734803,6.665471685706797e-07,0.0018634566346282895,0.00032944196833818024
A5101648170,0.002684203462622467,6.698303832421229e-07,0.0026903039250375177,0.00032871824078161424
A5029071674,0.003757884847671454,0.00012557029881105465,0.05579994462494088,0.0003283860711824473
A5015915107,0.0022815729432290968,3.2462747973908676e-05,0.059507575917338074,0.00032756222328944915
A5068124673,0.004294725540195947,0.0005385959164125274,0.05922521022261569,0.000327467418864218
A5064645144,0.003086833982015837,0.020325313241281107,0.055692987717508705,0.00032713761052827347
A5011427978,0.0021473627700979736,2.723664427557153e-06,0.032654831622116534,0.00032679460234503864
A5104855964,0.0025499932894913436,0.0013019078671907451,0.03849973153883911,0.0003250488857685883
A5039592401,0.002684203462622467,0.008955722595279715,0.057208406478874055,0.00032456645433561165
A5011173370,0.0016105220775734803,3.1932588515862005e-05,0.057826219938727476,0.000324548015578861
A5090445830,0.0012078915581801102,7.018904675991379e-06,0.0017118127742762148,0.00032442045813922666
A5029407674,0.0012078915581801102,7.926506869489164e-07,0.00120789155818011,0.00032234923463367744
A5018426724,0.0014763119044423568,2.847849083611527e-06,0.05357516598518823,0.00032204907239532534
A5109127716,0.0022815729432290968,3.9632534347445814e-07,0.0022815729432290968,0.00032166058010600683
A5052836637,0.0022815729432290968,3.9632534347445814e-07,0.0022815729432290968,0.00032166058010600683
A5067718322,0.0008052610387867401,0.0009153674251192804,0.026659451296922432,0.0003214199578022799
A5076730030,0.0012078915581801102,1.621330950577329e-06,0.0013844838912473775,0.00032117566884215954
A5100623707,0.0024157831163602204,4.330974072818411e-05,0.05320206643219058,0.00031977613007727954
A5057073317,0.001878942423835727,1.9095675640132984e-06,0.0018789424238357267,0.00031947315156697926
A5100766548,0.0014763119044423568,1.6933901039363214e-06,0.002417756795376854,0.0003142252390668375
A5009050600,0.00724734934908066,2.1512912966233575e-05,0.01558110690997274,0.0003141099706078827
A5084985533,0.00362367467454033,0.016080283038038327,0.0611732868920028,0.00031406689896561473
A5088692992,0.0025499932894913436,3.4556419312665715e-07,0.002573334189166321,0.0003134310001367758
A5053086929,0.0025499932894913436,3.4556419312665715e-07,0.002573334189166321,0.0003134310001367758
A5003625164,0.0024157831163602204,4.860717435670214e-07,0.05373271611708343,0.0003102011810773413
A5056133033,0.002684203462622467,0.01273559653475043,0.06306257395915307,0.0003097600892812392
A5007840514,0.0028184136357535905,0.0031019726010835377,0.05665069491536141,0.0003093076728059577
A5009794917,0.0008052610387867401,1.80147883397481e-08,0.0016239430948865924,0.0003084068431692405
A5069853519,0.0008052610387867401,1.80147883397481e-08,0.0016239430948865924,0.0003084068431692405
A5076135647,0.0014763119044423568,4.984091440663641e-07,0.0338213426670101,0.00030770515974285444
A5059009171,0.0028184136357535905,0.0007150310469947069,0.05553766932353577,0.0003072240245116383
A5082978015,0.0020131525969668503,0.00018837271516188755,0.03439031455307831,0.0003071642700132204
A5040349893,0.003086833982015837,0.00018827417228317044,0.05443575174673661,0.0003066263172099563
A5102556818,0.008589451080391894,3.9533114178880546e-05,0.016042086404350633,0.0003057607785987534
A5066821118,0.003757884847671454,0.0005663820305849962,0.050729109883851306,0.0003056340004458968
A5102955956,0.0014763119044423568,1.6813802450431553e-07,0.029092505845540153,0.000305492116038365
A5042854558,0.0016105220775734803,0.0015847935712425306,0.05719548344914151,0.00030538633973854626
A5062003821,0.001878942423835727,2.671740913006024e-06,0.0029164083653413944,0.00030530316688927506
A5016154330,0.0024157831163602204,0.009660262033455592,0.055684238936881375,0.00030513602024144807
A5020463942,0.0009394712119178635,4.323549201539544e-07,0.0009394712119178633,0.00030379409015314127
A5052291165,0.0025499932894913436,5.259412689972436e-07,0.0025499932894913436,0.0003036222071489192
A5002766078,0.0025499932894913436,5.259412689972436e-07,0.0025499932894913436,0.0003036222071489192
A5047251015,0.0025499932894913436,5.259412689972436e-07,0.0025499932894913436,0.00030362220714891914
A5066581436,0.002684203462622467,0.00048323750292575754,0.056486395803359055,0.0003035361202460575
A5033921756,0.0025499932894913436,3.4556419312665715e-07,0.002573334189166321,0.0003018465907773537
A5064424890,0.0014763119044423568,1.2970647604618632e-06,0.0014763119044423566,0.0003016888943814337
A5025852195,0.006442088310293921,5.910842570216001e-06,0.014269013696501352,0.000301346996990079
A5062937996,0.004160515367064824,0.0014901143775370735,0.06051122024998283,0.00030083604429512986
A5028419754,0.003086833982015837,0.0032148352641981257,0.05144024498975467,0.00030081305923508383
LOCAL_A000088,0.0032210441551469605,0.03814797421558181,0.06410494940400742,0.00030072477080924915
A5025851364,0.003086833982015837,0.0032242721902201814,0.05563878955021181,0.00030057465979229384
A5080477516,0.0017447322507046035,0.0010293379835506966,0.02909346095078787,0.00030015660092264437
A5014324941,0.0022815729432290968,0.017148599533094614,0.04948138253781504,0.00029993727353309435
A5041023060,0.0025499932894913436,0.014916653101225722,0.04536637762675328,0.00029981001812791314
A5041057723,0.0032210441551469605,3.0541179255557695e-05,0.05638755539329337,0.0002995613253753223
A5027033593,0.0012078915581801102,0.0008566436295828784,0.05604166322399283,0.0002995478319930759
A5101523512,0.0013421017313112334,1.6668464231517238e-05,0.04470159754652065,0.00029949997486506216
A5013654224,0.004294725540195947,0.0063075596574945405,0.05428902015872813,0.000298839460004599
A5076966340,0.0012078915581801102,0.0003925782674997905,0.040727368930603365,0.0002979834782696148
A5067287880,0.017849953026439404,2.961066819461863e-06,0.017973050255298523,0.0002973071060365223
A5044033680,0.0013421017313112334,9.727985703463974e-07,0.0013421017313112334,0.00029640023280594043
A5117509360,0.003086833982015837,0.006385524633949876,0.06051535240105153,0.00029623722467841804
A5068398026,0.0016105220775734803,0.00022831042002379755,0.04340754919355384,0.00029594689250748426
A5061332152,0.0016105220775734803,0.00022831042002379755,0.04340754919355384,0.00029594689250748426
A5019381003,0.0008052610387867401,0.00039247017876975205,0.053397615121776244,0.0002957579594907946
A5089793687,0.0024157831163602204,0.0007713830411425298,0.05131068383770474,0.0002947314794510718
A5019183004,0.002684203462622467,5.243161253930494e-07,0.00659634285993164,0.0002947192943804279
A5063801562,0.003892095020802577,0.006708544582716326,0.05111977275307886,0.00029445762782187536
A5060415594,0.0010736813850489868,0.0025127791062259696,0.03695139458192426,0.00029434466103821943
A5068804587,0.0020131525969668503,1.3332768157399433e-06,0.05537802346889539,0.00029404414450508333
A5039877065,0.001878942423835727,9.727985703463974e-07,0.0018789424238357267,0.0002939394976499507
A5039286027,0.001878942423835727,9.727985703463974e-07,0.0018789424238357267,0.0002939394976499507
A5104330936,0.006442088310293921,4.470042226835555e-06,0.014269013696501352,0.00029355325324038873
A5010818401,0.0024157831163602204,5.89814760195707e-05,0.05384698894491864,0.0002931867378920659
A5053245824,0.0017447322507046035,1.0900038750901526e-06,0.0017536795955800117,0.0002927720469208536
A5021056526,0.0008052610387867401,1.4411830671798477e-07,0.041231415835899995,0.000292123437072486
A5018885199,0.007784190041605154,2.2718230014404447e-05,0.01576228257171661,0.0002915262281057569
A5025726068,0.0024157831163602204,0.0014256122281250576,0.04653609308202481,0.00029128491365588364
A5009893388,0.0024157831163602204,0.0014256122281250576,0.04653609308202481,0.00029128491365588364
A5062184716,0.004160515367064824,0.006623955369600265,0.06335789093880022,0.0002909265021734725
A5088701092,0.0010736813850489868,0.0002114990394324462,0.05642525360930875,0.00029082404283728815
A5117365838,0.006442088310293921,6.325714920103363e-06,0.014269013696501352,0.0002902416303855027
A5016410629,0.002684203462622467,3.831345938559572e-06,0.006232127609996764,0.00028962591037808656
A5009692670,0.0008052610387867401,0.0002617548745765399,0.029939755416095087,0.0002889140229232558
A5080211232,0.003757884847671454,0.0089291624798737,0.06358519197538914,0.0002888548633009745
A5060162053,0.0024157831163602204,1.2446486551579421e-06,0.007374185336874909,0.00028881114502718306
A5052168970,0.0032210441551469605,2.114281067874073e-06,0.05096542561312391,0.00028767083311126857
A5063325493,0.0009394712119178635,1.4411830671798479e-08,0.03847298864986535,0.0002872953828629519
A5069114387,0.0016105220775734803,6.125028035514354e-07,0.03805745294543809,0.0002867095470047182
A5044784332,0.001878942423835727,0.0016971011503343094,0.05823280461039549,0.0002863679851384728
A5076833967,0.0032210441551469605,0.0006336955224199756,0.058087756984858324,0.0002853252751424238
A5010667167,0.0016105220775734803,6.796488328177691e-07,0.0016440746208562609,0.00028491570293857053
A5089334735,0.0009394712119178635,0.0005233956554935947,0.03844294727403256,0.0002846627198503422
LOCAL_A000548,0.0017447322507046035,0.0010452180194721848,0.057376938851472874,0.0002843561419194967
A5071278301,0.0017447322507046035,3.0625140177571774e-06,0.0019172881875874764,0.00028327699847385313
A5081893974,0.001878942423835727,8.052608388223896e-07,0.04901475777439151,0.00028274055735981403
A5015787949,0.0025499932894913436,3.4556419312665715e-07,0.002573334189166321,0.0002827332147442516
A5036823105,0.0010736813850489868,6.845619569104278e-07,0.0010736813850489868,0.0002821599838630791
A5033629831,0.002684203462622467,3.451404070510771e-05,0.06020495401073397,0.0002821300851504112
A5120715242,0.0013421017313112334,0.00013093868756862504,0.042339495977688,0.0002820673114314114
A5102851626,0.0010736813850489868,0.0006539728463095355,0.04047069555468779,0.0002820217139266664
A5033598598,0.0010736813850489868,5.40443650192443e-07,0.0010736813850489868,0.00028178920402512585
A5004974582,0.0017447322507046035,0.0003926142970764701,0.051992538388395,0.0002817275701882033
A5112681572,0.0016105220775734803,4.6117858149755135e-06,0.002038317004428936,0.00028171878545461685
A5006709815,0.0006710508656556167,3.062514017757177e-07,0.0006902237475314915,0.0002817048285374153
A5070354745,0.0014763119044423568,5.764732268719392e-07,0.0014763119044423566,0.0002809622267197211
A5014397493,0.0014763119044423568,5.764732268719392e-07,0.0014763119044423566,0.0002809622267197211
A5025095503,0.017447322507046035,2.0209431841146487e-05,0.017636055563011677,0.0002804388048740083
A5012338314,0.0021473627700979736,2.5725611226400995e-07,0.007294031148430615,0.00027983018840408835
A5045162218,0.001878942423835727,5.626876026005596e-06,0.05833822590178063,0.00027939952709162854
A5052253557,0.00362367467454033,2.614153820079903e-07,0.04889036856234131,0.00027922495550734383
A5041603130,0.00362367467454033,2.614153820079903e-07,0.04889036856234131,0.00027922495550734383
A5067800126,0.00362367467454033,2.614153820079903e-07,0.04889036856234131,0.00027922495550734383
A5017913111,0.00362367467454033,2.614153820079903e-07,0.04889036856234131,0.00027922495550734383
A5082446801,0.003086833982015837,4.484850972341247e-06,0.006727396029334255,0.00027885874563486873
A5042985909,0.0022815729432290968,9.539089877781725e-05,0.05373271611708343,0.0002787907027869299
A5026676431,0.0029526238088847137,0.0011948624696244258,0.05456311427891504,0.0002786319656664848
A5088363082,0.003489464501409207,2.990131522043369e-06,0.0034942577218781755,0.0002769361743426842
A5130087177,0.0021473627700979736,0.0004389830411248203,0.049488290643938046,0.00027655217385158255
A5124913994,0.0013421017313112334,5.224288618526949e-07,0.04560333567791064,0.00027649478394122326
A5042163751,0.0020131525969668503,1.4513700010624436e-07,0.007254603953033694,0.0002763762128137187
A5025004943,0.0006710508656556167,4.323549201539544e-07,0.0006902237475314915,0.0002763656503672679
A5065553213,0.0014763119044423568,0.021534610232350686,0.04947585744136441,0.0002763085224197766
A5006699363,0.0021473627700979736,0.0009965924970823108,0.054719778978758786,0.0002753153008475568
A5089944324,0.0022815729432290968,6.363495532613157e-07,0.0073338892421378876,0.000275103511884134
A5032768223,0.004160515367064824,0.007941611302697564,0.05985524437276678,0.0002748507368455923
A5026229677,0.0006710508656556167,3.963253434744582e-07,0.0006902237475314915,0.00027382511074672364
A5028926914,0.0025499932894913436,0.0005058561067183456,0.05864126658026725,0.000273552943567538
A5016906942,0.003086833982015837,0.000305700780688505,0.05375227128626443,0.0002729950441894068
A5023652148,0.0017447322507046035,0.009049827204876909,0.03534074377623571,0.0002729713175918074
A5055289089,0.0033552543282780838,2.2652618817787776e-06,0.05579467484486549,0.00027268884601995064
A5021197768,0.0017447322507046035,9.908133586861455e-07,0.042601039350110496,0.00027208712146007335
A5044657350,0.0025499932894913436,3.868649288151979e-06,0.0061941268318870275,0.00027171170806050693
A5071115771,0.0032210441551469605,0.000619105223477953,0.02914225461412735,0.00027093767722900254
A5099116975,0.0012078915581801102,4.143401318142063e-07,0.04459025966393271,0.00027083968587271733
A5079947544,0.001878942423835727,1.3955456033858194e-05,0.004384198988950029,0.0002706685361281456
A5042786686,0.0032210441551469605,0.001012822742141274,0.048796146718848,0.00027038901515097076
A5062017995,0.0014763119044423568,2.0015411810234067e-05,0.05449265614518054,0.000269595124482072
A5057019956,0.0009394712119178635,1.9696168584791255e-07,0.03711233203764887,0.0002689898556137686
LOCAL_A000316,0.009394712119178633,0.01585247467473804,0.03790605986530353,0.0002680353029805884
A5106774781,0.00040263051939337007,1.80147883397481e-07,0.0005368406925244933,0.00026753621155366735
A5104011371,0.0013421017313112334,0.0005231974928218575,0.032648816290056316,0.00026731155338852137
A5030979939,0.0020131525969668503,9.547837820066492e-07,0.0021473627700979736,0.0002672969219004033
A5101617017,0.0009394712119178635,1.5853013738978328e-06,0.001252628282557151,0.00026707578785154326
A5113227826,0.0021473627700979736,1.4007021429824712e-05,0.05319408268921628,0.00026700402889042303
A5024009181,0.0020131525969668503,2.0296661529449523e-06,0.00201315259696685,0.0002667470643926857
A5008610676,0.0008052610387867401,3.422809784552139e-07,0.00080526103878674,0.0002667031983414305
A5057048916,0.005502617098376057,9.478323626050162e-06,0.015020014417369845,0.00026659670724275326
A5004083201,0.001878942423835727,0.004070244981548787,0.051389534086868194,0.00026591646571699345
A5033959758,0.0016105220775734803,5.764732268719392e-07,0.03689217020777647,0.0002659074531010287
A5064913428,0.0017447322507046035,7.579513394482683e-05,0.05324042178197649,0.0002656955642339045
A5048556948,0.0021473627700979736,1.4740152138942808e-07,0.0022764110134932845,0.0002655614049078967
A5086554424,0.002684203462622467,0.0027222703648844193,0.059693969254049954,0.0002648997709457657
A5027205370,0.0024157831163602204,9.727985703463972e-07,0.007374185336874909,0.00026474791081880776
A5027797037,0.0024157831163602204,9.727985703463972e-07,0.007374185336874909,0.00026474791081880776
A5077878204,0.01771574285330828,4.180106175967561e-06,0.01785929677267005,0.0002645349903532469
A5026934828,0.0012078915581801102,6.3772350722708285e-06,0.0025293455705480937,0.000263934962178611
A5021323660,0.01677627164139042,1.4226325321082678e-06,0.017101629636859805,0.0002638840863566615
A5079381636,0.01677627164139042,1.4226325321082678e-06,0.017101629636859805,0.0002638840863566615
A5086095919,0.01677627164139042,1.4226325321082678e-06,0.017101629636859805,0.0002638840863566615
A5020096319,0.01677627164139042,1.4226325321082678e-06,0.017101629636859805,0.0002638840863566615
A5015551812,0.0021473627700979736,0.001963499680173757,0.04359332073497792,0.00026298994058483727
A5111817425,0.0022815729432290968,4.989550467433261e-07,0.0028661328084224344,0.0002629662184748043
A5111719564,0.0022815729432290968,4.989550467433261e-07,0.0028661328084224344,0.0002629662184748042
A5009714502,0.0006710508656556167,2.341922484167253e-07,0.0006710508656556167,0.00026164731177587475
A5077159769,0.0008052610387867401,0.00030999363215529014,0.0417117422777058,0.0002608738499494277
A5120691164,0.0012078915581801102,4.323549201539544e-08,0.04233848457125788,0.00026063006490544146
A5006513255,0.0021473627700979736,0.0012876150658116044,0.05217774496944174,0.00025912160841329236
A5024027185,0.0008052610387867401,0.0,0.03439031455307831,0.000258721396701376
A5004526884,0.0008052610387867401,0.005818956781622034,0.04407793188565026,0.0002583740912177843
A5064050048,0.0012078915581801102,1.621330950577329e-06,0.0013844838912473775,0.0002582542735372027
LOCAL_A000261,0.01637364112199705,0.0026041097136639464,0.03530202846516347,0.00025806526468722415
LOCAL_A000230,0.01637364112199705,0.0026041097136639464,0.03530202846516347,0.00025806526468722415
LOCAL_A000231,0.01637364112199705,0.0026041097136639464,0.03530202846516347,0.00025806526468722415
A5108824078,0.0022815729432290968,4.0808215248113e-06,0.04876124246511492,0.0002577773949445185
A5028491207,0.01731311233391491,2.5606633889188523e-05,0.017526514845228994,0.00025742655111505805
A5050533579,0.0024157831163602204,0.0025318347924898317,0.056943731441670586,0.0002573500319938869
A5121050124,0.0005368406925244934,1.80147883397481e-07,0.0005368406925244934,0.00025698602831382075
A5049791266,0.0025499932894913436,0.0014166829279008179,0.0574811455251345,0.0002567551992194613
A5013795804,0.0014763119044423568,0.0001593543805521379,0.03302108359954535,0.00025669887773795017
A5019746336,0.0013421017313112334,1.3853372233266292e-06,0.04260308737853942,0.00025660290391335316
A5089584186,0.0033552543282780838,0.002420191720272162,0.0532932507779414,0.0002563107990427024
A5084293052,0.0014763119044423568,4.0533273764433226e-07,0.0019821810185519755,0.00025611333371681187
A5020785151,0.0013421017313112334,9.748702710054685e-05,0.04340542309215578,0.0002559270179730847
A5041560102,0.0005368406925244934,1.80147883397481e-07,0.0005368406925244934,0.0002558941304471183
A5047968074,0.0017447322507046035,0.000434255051400245,0.03497392586621144,0.0002556172935207194
A5092859826,0.0016105220775734803,0.00026040263205312,0.03478857717082452,0.0002549519499647664
A5066154677,0.0016105220775734803,0.00026040263205312,0.03478857717082452,0.0002549519499647664
A5077666944,0.003086833982015837,0.0071247126539230815,0.05109471982016827,0.0002542614112524202
A5045268600,0.0020131525969668503,0.0012273945270621274,0.0435783147973248,0.00025334160635976424
A5016008264,0.001878942423835727,2.1738197994197004e-05,0.053696901903293154,0.0002530649669619547
A5012042206,0.0045631458864581935,3.0184778684822366e-05,0.005058691141096187,0.00025238351285701593
A5080843178,0.0032210441551469605,0.00030120592846427364,0.05375390152620397,0.0002519559603087727
A5110964815,0.0016105220775734803,0.0009491884901595608,0.03301185794337755,0.000251798185037877
A5056454683,0.0008052610387867401,3.242661901154658e-07,0.00080526103878674,0.0002513858861658615
A5060471872,0.006442088310293921,1.2188691168755957e-05,0.015317020352176594,0.0002507585327249058
A5026149302,0.0016105220775734803,0.00013123773305506492,0.05289404444079017,0.0002507425511248929
A5036337561,0.0017447322507046035,2.2722653025868934e-06,0.0019379949000134212,0.00025048969050238824
A5070948770,0.0010736813850489868,0.0,0.03326651978531471,0.00025000070693047646
A5112608982,0.0008052610387867401,0.0,0.03439031455307831,0.0002497508716125597
A5072705588,0.0010736813850489868,1.9095675640132984e-06,0.0013421017313112334,0.00024963587732571935
A5091945662,0.0028184136357535905,3.0896890015508777e-06,0.05389119560696902,0.00024937995327796686
A5058292518,0.0008052610387867401,2.2304023658735743e-08,0.0013746375308581725,0.0002493532626619093
A5036382252,0.003086833982015837,6.155910529811073e-07,0.057973755106698846,0.0002492135299661742
A5072269422,0.0024157831163602204,0.003901472456786764,0.0436728098248527,0.00024919139454106215
A5091266202,0.0022815729432290968,0.0005039635864136004,0.051291380151121314,0.00024908454854337945
A5082803859,0.0017447322507046035,3.4964999370912196e-05,0.05333976288437453,0.0002489081967477183
A5053050741,0.003489464501409207,6.0889984588348575e-06,0.003489464501409207,0.00024889198137133337
A5010372016,0.0008052610387867401,0.01024392924151436,0.03656263313299633,0.0002488269121192721
A5021654534,0.0025499932894913436,1.3527097617604365e-05,0.05874233200059648,0.0002485025485907272
A5113201220,0.0022815729432290968,0.0010318418539548024,0.05364489364454121,0.00024829407306619386
A5050425757,0.003086833982015837,1.605611873729219e-05,0.05772827962745089,0.0002480366705410611
A5087019672,0.0017447322507046035,1.7294196806158177e-06,0.0017536795955800117,0.0002477833672053063
A5069510364,0.003086833982015837,0.001075650971637376,0.05721209984576639,0.0002469860610018753
A5102384455,0.0014763119044423568,0.03846213662180884,0.04373315668867661,0.0002467537465424087
A5103195189,0.0020131525969668503,1.2970647604618632e-06,0.002106516195666762,0.0002448389423502801
A5090559942,0.0020131525969668503,1.2970647604618632e-06,0.002106516195666762,0.0002448389423502801
A5102013689,0.0005368406925244934,1.981626717372291e-07,0.000603945779090055,0.0002441466962926732
A5101487006,0.005368406925244934,1.0560902459716974e-05,0.014978522664835672,0.0002433711093404729
A5080704496,0.0028184136357535905,3.698364658877143e-07,0.002964824733714816,0.0002433244425442646
A5052958591,0.0028184136357535905,3.698364658877143e-07,0.002964824733714816,0.0002433244425442646
A5045175158,0.0028184136357535905,3.698364658877143e-07,0.002964824733714816,0.0002433244425442646
A5080892177,0.0028184136357535905,3.698364658877143e-07,0.002964824733714816,0.0002433244425442646
A5037139048,0.0022815729432290968,0.0006458138980554144,0.055314076559577964,0.00024321701973703227
A5123188130,0.0022815729432290968,0.0006458138980554144,0.055314076559577964,0.00024321701973703227
LOCAL_A000067,0.0013421017313112334,8.542484061148612e-07,0.002870839484632935,0.00024289760746504198
A5010733986,0.0012078915581801102,1.3907416598285533e-05,0.002962296614155425,0.00024230066674896385
A5086143812,0.002684203462622467,0.0054798296558242485,0.05231790421589861,0.00024229529660585035
A5064878852,0.0016105220775734803,5.305532540448706e-07,0.0024175490396908927,0.0002422303627337577
A5017596097,0.0013421017313112334,5.4426054179016935e-05,0.03098555316646848,0.0002419702863787175
A5000994184,0.0020131525969668503,3.196753451524727e-05,0.0538420815700224,0.00024195331538752303
A5102771088,0.0021473627700979736,3.062514017757176e-07,0.005975510590761603,0.0002417186104704155
A5023168181,0.0016105220775734803,2.0990390526304275e-05,0.04932165412889932,0.00024168231053530017
A5043412244,0.0016105220775734803,1.2970647604618632e-06,0.00161052207757348,0.00024151131428944766
A5023592446,0.016642061468259296,1.5041383072143892e-06,0.01699860777157752,0.00024074491730138075
A5055888733,0.0021473627700979736,2.161774600769772e-06,0.0021473627700979736,0.0002405564227560457
A5048385480,0.0016105220775734803,0.0035619140423889697,0.042788219813673825,0.0002403130174653408
A5059380500,0.0025499932894913436,0.0007012706115595026,0.060202909005502625,0.0002400410384480758
A5079187530,0.016642061468259296,2.214253002723226e-06,0.01699860777157752,0.00023999991221757659
A5067434970,0.0013421017313112334,0.0006538191201157031,0.042604111466599294,0.00023990670178259524
A5087097985,0.0032210441551469605,0.00012120607891617503,0.061051070962832736,0.0002396895264194302
A5121974331,0.005502617098376057,4.005918250998161e-06,0.014010917841525876,0.00023893885282444302
A5056442046,0.0017447322507046035,1.441183067179848e-06,0.0017447322507046035,0.00023841914138945022
A5091026666,0.0012078915581801102,0.00015240599095771103,0.030977429714620246,0.0002378081269642106
A5084269594,0.0021473627700979736,8.239967767921451e-05,0.058680096713084266,0.0002371040599841153
A5014591962,0.0020131525969668503,3.965549988120007e-05,0.05350238902170426,0.00023675841632916797
A5130658184,0.0012078915581801102,7.20591533589924e-07,0.00120789155818011,0.0002362995236564119
A5086896127,0.0005368406925244934,3.3507506311931467e-06,0.0010309781481436294,0.00023629526914069134
LOCAL_A000024,0.006173667964031674,4.84029453013743e-05,0.015230969676040769,0.00023601570086621357
A5069022584,0.001878942423835727,1.339528190119841e-07,0.0020187446875139805,0.00023565892606723407
A5049578807,0.0028184136357535905,0.00024718734466265866,0.029140817170418064,0.00023520066533150286
A5021733333,0.0021473627700979736,6.714654917364522e-07,0.047796063888733004,0.0002348136351867926
A5062256983,0.0025499932894913436,0.0025000593859708406,0.05621586022335692,0.00023441456520518748
A5078162843,0.0010736813850489868,2.2416058485267702e-05,0.003891300877766298,0.000234385682404521
A5025732300,0.0013421017313112334,6.478588407168914e-05,0.03298359804823667,0.00023380871727706902
A5075791229,0.0010736813850489868,1.0088281470258935e-06,0.001159959353490423,0.00023363966717376773
A5076004552,0.0021473627700979736,0.0002821170135405966,0.05293511860468303,0.0002335791555418308
A5051430246,0.0012078915581801102,0.00041655832206040924,0.030966605068961248,0.00023354849395880063
A5064476016,0.002684203462622467,0.00019027750063502682,0.05443073647570779,0.00023343213505935413
A5089407510,0.0021473627700979736,2.2158189657890157e-07,0.002630519393370017,0.00023326280154070862
A5067379892,0.0021473627700979736,2.2158189657890157e-07,0.002630519393370017,0.00023326280154070862
A5091244134,0.0021473627700979736,2.2158189657890157e-07,0.002630519393370017,0.00023326280154070862
LOCAL_A000026,0.005771037444638304,5.67058957238569e-05,0.015103691377912294,0.00023299048820388225
A5108502319,0.002684203462622467,9.014238949592882e-07,0.002877624006252615,0.0002328781313560036
A5100612147,0.00362367467454033,0.024548306726194714,0.06371777542141203,0.00023197968924106534
A5069277141,0.0012078915581801102,0.0005226450393127719,0.05736950997352227,0.00023146822646114755
A5044845498,0.0009394712119178635,4.323549201539544e-07,0.0009394712119178633,0.0002310934758378209
A5114222021,0.0013421017313112334,1.5372619383251707e-07,0.0022683176174877508,0.00023076807487414815
A5047754943,0.0006710508656556167,7.20591533589924e-08,0.0006710508656556167,0.0002307049863296488
A5060295199,0.0020131525969668503,2.6970711685794296e-07,0.04779477499452572,0.00023044115214252803
A5058586048,0.0010736813850489868,2.5941295209237265e-06,0.0013532859124054935,0.00023042532312174017
A5053690387,0.0009394712119178635,0.00039247017876975216,0.04469596109149133,0.00023042413636140645
A5091968955,0.0017447322507046035,0.00031141115541015587,0.06082479292775995,0.00023031626904637038
A5058794010,0.00040263051939337007,1.80147883397481e-07,0.0004294725540195947,0.0002298814308226329
LOCAL_A000095,0.0016105220775734803,2.6091218909546325e-06,0.0024828882029257816,0.00022970324166006606
A5047172220,0.0012078915581801102,0.000496773604972642,0.05650440402722597,0.00022956690689743728
A5017259848,0.0017447322507046035,0.0005520087636653749,0.05833630574425637,0.00022936656953410691
A5065970712,0.003086833982015837,1.4189786387684567e-07,0.048884974655836196,0.00022908373593475545
A5073055413,0.005771037444638304,6.393320047068842e-06,0.014083701830313022,0.00022896969076453093
LOCAL_A000019,0.005636827271507181,6.384240470675041e-05,0.015061736679640317,0.0002285217669539614
A5039058211,0.0016105220775734803,0.0006537566688494586,0.05821750233615809,0.00022834224718118487
A5034973872,0.0028184136357535905,0.001185407205539561,0.06148524391597853,0.00022821792614635976
A5101906855,0.001878942423835727,0.013683928711878198,0.05970000138513868,0.0002278803318780957
A5060701822,0.006442088310293921,5.912018350737254e-06,0.014269013696501352,0.00022718941860792917
LOCAL_A000084,0.0012078915581801102,0.001175573027898602,0.04442373213830607,0.0002267471369588723
A5103120340,0.0013421017313112334,1.4411830671798482e-07,0.051987963191423125,0.0002261619394990271
A5103133298,0.0024157831163602204,8.579306336692771e-05,0.05333173776433055,0.00022614322748436337
A5079480834,0.0024157831163602204,8.579306336692771e-05,0.05333173776433055,0.00022614322748436337
A5055305566,0.0008052610387867401,1.981626717372291e-07,0.0013852407155319514,0.00022608565331950676
A5102840591,0.0005368406925244934,2.522070367564734e-07,0.0007157875900326578,0.00022594395813077626
A5054946215,0.0008052610387867401,7.20591533589924e-08,0.0009059186686350825,0.00022585594571267634
A5100772703,0.0016105220775734803,0.0006568634975537244,0.056205163985602755,0.00022574442783042454
A5040081743,0.0016105220775734803,3.4588393612316353e-06,0.0017317441694338495,0.000225368038358866
A5065058297,0.0016105220775734803,5.269325589376319e-07,0.029089163470957954,0.00022534295333439692
A5111250556,0.0013421017313112334,4.502124365320062e-07,0.002449783026886771,0.00022513588698210374
A5020358581,0.004026305193933701,8.554554901651235e-07,0.004580463328152532,0.00022466789161833812
A5046846003,0.002684203462622467,0.0002768023514509557,0.057363939577369884,0.0002245185680104006
A5073172349,0.0012078915581801102,0.0005294649220134527,0.03298482573319928,0.00022447602734575352
A5036887999,0.0013421017313112334,2.3779520608467493e-06,0.0014365459272183201,0.00022391668389556586
A5045408352,0.0022815729432290968,0.0012755058525661417,0.048790773581511786,0.00022379936588211164
A5090730240,0.0021473627700979736,0.008841892326268275,0.0575782483633941,0.00022379052705616084
A5026969387,0.0014763119044423568,3.422809784552139e-07,0.05289246593816578,0.0002237506081258128
A5035378097,0.002684203462622467,1.8872635403545622e-07,0.0040686873538698445,0.00022368126364006883
A5088238351,0.0012078915581801102,3.4588393612316353e-06,0.0017317441694338495,0.00022361329861374137
A5033052825,0.0020131525969668503,1.3691239138208556e-06,0.0020816854513316793,0.00022291001578206965
A5077090472,0.0020131525969668503,1.3691239138208556e-06,0.0020816854513316793,0.00022291001578206965
A5114050306,0.0020131525969668503,1.3691239138208556e-06,0.0020816854513316793,0.00022291001578206965
A5002945095,0.00040263051939337007,7.20591533589924e-08,0.00040263051939337,0.00022282403751454124
A5091133342,0.001878942423835727,6.100425078630531e-05,0.05644681808726383,0.00022208215251306115
A5073610685,0.0006710508656556167,2.161774600769772e-07,0.0006710508656556167,0.00022198511995359356
A5041894479,0.0006710508656556167,2.161774600769772e-07,0.0006710508656556167,0.00022198511995359354
A5065884707,0.00040263051939337007,1.80147883397481e-08,0.0007733062356602821,0.0002216126595461105
A5100977585,0.0016105220775734803,0.0017305448514104904,0.038503913474006585,0.00022123271218973646
A5021368295,0.0021473627700979736,8.611419010345919e-07,0.006429346838161219,0.00022081765903815158
A5049616479,0.0014763119044423568,3.843154845812927e-07,0.0015473643490411867,0.00022077563360146612
A5035120699,0.0014763119044423568,3.843154845812927e-07,0.0015473643490411867,0.00022077563360146612
A5068068488,0.00040263051939337007,1.080887300384886e-07,0.00040263051939337,0.00022076833257157988
A5130900413,0.0005368406925244934,1.441183067179848e-07,0.0005368406925244934,0.0002205781813612303
A5069939265,0.0005368406925244934,1.441183067179848e-07,0.0005368406925244934,0.0002205781813612303
A5037185882,0.0012078915581801102,0.00011226254814890832,0.03943603322257075,0.00022056667313078159
A5091701946,0.0008052610387867401,0.00039247017876975216,0.04095700977774176,0.00022040924148819413
A5009738758,0.002684203462622467,1.0596842202434935e-05,0.04642030436924117,0.00022024989161809768
A5101438067,0.002684203462622467,1.0596842202434935e-05,0.04642030436924117,0.00022024989161809768
A5000972753,0.0006710508656556167,5.40443650192443e-08,0.0012725112711691694,0.00021959284416253703
A5087144106,0.0009394712119178635,8.647098403079088e-07,0.0010826287299243948,0.00021943834795240638
A5093416618,0.0025499932894913436,0.0001955729344544738,0.05849031882786605,0.00021891401574277686
A5023890153,0.0025499932894913436,0.0001955729344544738,0.05849031882786605,0.00021891401574277683
A5030900211,0.0008052610387867401,2.882366134359696e-07,0.00080526103878674,0.00021874400796046417
A5086880424,0.0012078915581801102,0.0005231494533862847,0.035128505988068284,0.00021843510019505408
A5066817807,0.015836800429472556,3.0876270139512285e-06,0.01640563308187133,0.00021837971139345908
A5037701642,0.0013421017313112334,1.7654492572953137e-06,0.001461399662983343,0.00021813992674836526
A5056482864,0.0016105220775734803,1.3318075665456629e-06,0.0025795195275801906,0.00021771678198820676
A5010395979,0.016642061468259296,3.362776161822016e-06,0.01699860777157752,0.00021754583988803597
A5078266246,0.0020131525969668503,6.907261147678421e-05,0.0513181122020441,0.00021707328822806763
A5020164540,0.0020131525969668503,6.907261147678421e-05,0.0513181122020441,0.00021707328822806763
A5089477886,0.016507851295128172,2.8160363932043293e-06,0.01689681970108903,0.0002168663552503728
A5025936190,0.016507851295128172,2.8160363932043293e-06,0.01689681970108903,0.0002168663552503728
A5052322742,0.016507851295128172,2.8160363932043293e-06,0.01689681970108903,0.0002168663552503728
A5031029211,0.0024157831163602204,3.64509229622601e-05,0.050953704034096055,0.00021661196851152683
A5040535770,0.001878942423835727,0.000914754922315729,0.0585347482123583,0.00021604726426950905
A5018054378,0.0020131525969668503,0.011304745024603944,0.05445414898371627,0.00021599278939969888
A5032091221,0.0022815729432290968,0.00019133712859841038,0.056697813215674894,0.00021545167331877844
A5100705609,0.002684203462622467,2.4135197198765077e-07,0.002877624006252615,0.00021540205353765148
A5060570144,0.002684203462622467,2.4135197198765077e-07,0.002877624006252615,0.00021540205353765148
A5050247722,0.0017447322507046035,3.60295766794962e-07,0.0017447322507046035,0.00021534398348254565
A5110277318,0.0017447322507046035,3.60295766794962e-07,0.0017447322507046035,0.00021534398348254565
A5035159452,0.0017447322507046035,3.60295766794962e-07,0.0017447322507046035,0.00021534398348254565
A5113049027,0.0012078915581801102,2.882366134359696e-07,0.0013844838912473775,0.00021526420806621772
A5057664957,0.0013421017313112334,0.0007842918251592733,0.05204597524878126,0.00021521172108390015
A5000758877,0.005368406925244934,2.7838812009672063e-06,0.013974807228532253,0.00021502466697195116
A5034056640,0.005368406925244934,2.7838812009672063e-06,0.013974807228532253,0.00021502466697195116
A5019446985,0.005368406925244934,2.7838812009672063e-06,0.013974807228532253,0.00021502466697195116
A5116174047,0.0014763119044423568,4.0597612294218037e-07,0.038491370393128554,0.00021493575818665859
A5054046541,0.001878942423835727,1.762566524290783e-05,0.058668442274809565,0.00021489333996174825
A5014186775,0.0009394712119178635,3.60295766794962e-07,0.0009394712119178633,0.00021464988388330644
A5085306572,0.0010736813850489868,1.080887300384886e-07,0.033819406589234206,0.00021443999585002045
A5100715903,0.0009394712119178635,4.035312588103574e-06,0.0017094137840911498,0.00021414914402859362
A5068122335,0.0010736813850489868,2.161774600769772e-07,0.0010736813850489868,0.00021384292336154958
A5048092944,0.0010736813850489868,2.161774600769772e-07,0.0010736813850489868,0.00021384292336154958
A5065836015,0.0010736813850489868,2.161774600769772e-07,0.0010736813850489868,0.00021384292336154958
A5116456162,0.0010736813850489868,2.161774600769772e-07,0.0010736813850489868,0.00021384292336154958
A5104034403,0.0028184136357535905,0.0002037956591583682,0.05581927567151666,0.00021369133882481045
A5083954845,0.0010736813850489868,0.0,0.03326651978531471,0.00021360835038530097
A5012148464,0.0020131525969668503,0.0014718512386550215,0.05829025985404187,0.00021352578732620036
A5003667222,0.0012078915581801102,0.0002601355452691115,0.034787211547272705,0.00021349767094254256
A5086706877,0.0009394712119178635,0.0,0.04233646190335365,0.00021338493559986763
A5126618891,0.0009394712119178635,0.0,0.04233646190335365,0.00021338493559986763
A5101464450,0.0009394712119178635,0.0,0.04233646190335365,0.00021338493559986763
A5042970296,0.0008052610387867401,1.080887300384886e-07,0.0008589451080391894,0.00021278946492043498
A5084347766,0.00040263051939337007,1.80147883397481e-08,0.0004793220468968691,0.0002126159218463004
A5025363291,0.002684203462622467,0.00011629189258604892,0.029140338054026455,0.00021246919760003737
A5010910230,0.002684203462622467,0.00011629189258604892,0.029140338054026455,0.00021246919760003737
A5065649299,0.002684203462622467,0.00011629189258604892,0.029140338054026455,0.00021246919760003737
A5064804073,0.002684203462622467,0.00011629189258604892,0.029140338054026455,0.00021246919760003737
A5007358249,0.002684203462622467,0.00011629189258604892,0.029140338054026455,0.00021246919760003737
A5085026472,0.002684203462622467,0.00011629189258604892,0.029140338054026455,0.00021246919760003737
A5102791402,0.0016105220775734803,0.0010451459603188257,0.040035546445041724,0.00021244092157575393
A5030100270,0.0033552543282780838,0.01903619473364719,0.06301997017216603,0.00021239722386309377
A5068564087,0.00040263051939337007,5.044140735129467e-07,0.000597845316675004,0.00021227934908478208
A5008780017,0.0016105220775734803,7.288027760454785e-05,0.04932165412889932,0.00021221600183478858
A5088934266,0.0008052610387867401,8.381165813301854e-07,0.0013746375308581725,0.00021214471191105945
A5002715032,0.0022815729432290968,1.2983658285086228e-06,0.0023071367857302634,0.00021188496656628845
A5044305514,0.0013421017313112334,1.192286187560311e-06,0.04931890923343621,0.0002110658670900027
A5103324738,0.0012078915581801102,0.0005231494533862848,0.035718936741676685,0.00021086148422094157
A5120716071,0.0012078915581801102,0.0005231494533862848,0.035718936741676685,0.00021086148422094154
A5104687879,0.0010736813850489868,4.323549201539544e-07,0.0010736813850489868,0.00021073501360879837
A5081148659,0.0005368406925244934,3.60295766794962e-08,0.0005368406925244934,0.00021004479518354124
A5083291115,0.0005368406925244934,3.60295766794962e-08,0.0005368406925244934,0.00021004479518354124
A5043402758,0.0022815729432290968,0.0004335192661043006,0.05386335332387167,0.00021000713488345497
A5112944835,0.0006710508656556167,0.0002617188449998605,0.04469370690745403,0.00020972966776354023
A5065748190,0.0012078915581801102,0.001685469169255867,0.03528867379038322,0.00020949554679892512
A5001918418,0.0017447322507046035,4.0625877255166253e-07,0.05190878752114565,0.0002092669600427794
A5101545411,0.0017447322507046035,4.0625877255166253e-07,0.05190878752114565,0.0002092669600427794
A5022483359,0.0017447322507046035,4.0625877255166253e-07,0.05190878752114565,0.0002092669600427794
A5068462237,0.0028184136357535905,0.00013626474475061215,0.05796996275011438,0.0002092500905536355
A5039967759,0.00040263051939337007,5.40443650192443e-08,0.0008547068920455749,0.000209050393014144
A5077856417,0.0013421017313112334,0.0028311946751378623,0.039909336661157334,0.0002086492943253367
A5081664588,0.0012078915581801102,0.00015912874782393724,0.05235963489282119,0.00020848557937169437
A5082438382,0.0017447322507046035,3.3219269698495493e-06,0.001988298861201827,0.00020826117486521262
A5058096520,0.0017447322507046035,0.0006010908216820785,0.04438368369824448,0.0002081609499535978
A5078382134,0.003892095020802577,1.9037527003526916e-06,0.013589536853810813,0.0002077241141816655
A5088757599,0.0013421017313112334,1.261035183782367e-07,0.04754603753311686,0.00020754521585334375
A5016461160,0.0012078915581801102,4.3067723038796756e-05,0.046585019216790126,0.00020741449822939757
A5069645890,0.0012078915581801102,4.3067723038796756e-05,0.046585019216790126,0.00020741449822939757
A5035306169,0.0022815729432290968,0.003689273131790007,0.06345543092341832,0.00020725036115224913
A5087546110,0.016105220775734803,2.217126787397736e-06,0.016598640529893342,0.00020723148668782136
A5037640754,0.016105220775734803,2.217126787397736e-06,0.016598640529893342,0.00020723148668782136
A5069302582,0.016105220775734803,2.217126787397736e-06,0.016598640529893342,0.00020723148668782136
A5084444623,0.0028184136357535905,0.0031298996897212777,0.06380034705262769,0.00020702778013141675
A5074371760,0.0021473627700979736,1.6270083384177346e-06,0.007294031148430615,0.00020644940354855204
A5100744810,0.00040263051939337007,7.20591533589924e-08,0.00040263051939337,0.00020642606318961414
A5082387253,0.0008052610387867401,1.80147883397481e-08,0.04627124167507302,0.00020581330706647482
A5078012911,0.0008052610387867401,1.80147883397481e-08,0.04627124167507302,0.00020581330706647482
A5104101705,0.0016105220775734803,2.790709431355956e-07,0.007138838996336347,0.00020571324364201404
A5059823880,0.0022815729432290968,0.00044008065422371484,0.04739600591314339,0.0002056255501308564
A5025451580,0.0013421017313112334,1.80147883397481e-07,0.04259796767664088,0.00020557759986517197
A5070681699,0.00040263051939337007,0.0,0.0006607270061839919,0.00020549241336895245
A5022176740,0.0006710508656556167,0.00026171884499986037,0.04403084592755813,0.000205209003673992
A5072883137,0.0025499932894913436,6.227111836106259e-07,0.0027954061775025407,0.00020516813806612815
A5008470911,0.0016105220775734803,0.0013213943754999018,0.04756262454706948,0.0002047892495911586
A5030756029,0.0013421017313112334,0.0003316631407933915,0.03300263744082372,0.0002047374174726718
A5034981153,0.0010736813850489868,0.000675506523304999,0.029980777798636556,0.00020472675544617176
A5066490148,0.0017447322507046035,4.097404689373669e-05,0.05952956172108948,0.00020466891978515906
A5058150074,0.0016105220775734803,0.0061007045022162905,0.048745149645819504,0.00020389543878232858
A5024135624,0.0017447322507046035,0.0009093791962907033,0.04359439298312665,0.0002038572260380457
A5046942020,0.0002684203462622467,0.0,0.0003019728895450275,0.00020340859972664576
A5032570574,0.0014763119044423568,9.57649234314286e-07,0.048771976915850224,0.00020340457065850975
A5006545912,0.0014763119044423568,9.57649234314286e-07,0.048771976915850224,0.00020340457065850975
A5090829303,0.0014763119044423568,9.57649234314286e-07,0.048771976915850224,0.00020340457065850975
A5101974080,0.0009394712119178635,1.441183067179848e-07,0.0009394712119178633,0.00020336992429072435
LOCAL_A000553,0.0009394712119178635,1.441183067179848e-07,0.0009394712119178633,0.00020336992429072435
A5001700413,0.0008052610387867401,0.0002623313478034118,0.03632434244916273,0.0002033352217621781
A5005115625,0.0021473627700979736,0.012113329727109826,0.04652754157251981,0.00020328019287851683
A5016169617,0.0025499932894913436,0.003969930353970622,0.059691958814562754,0.00020324988826940748
A5087859003,0.0006710508656556167,1.441183067179848e-07,0.0007306998314916715,0.00020286406348665097
A5031703189,0.0006710508656556167,1.441183067179848e-07,0.0007306998314916715,0.00020286406348665097
A5026693488,0.0013421017313112334,8.846079342470135e-07,0.002870839484632935,0.00020285652109664867
A5002161235,0.0013421017313112334,1.921577422906464e-07,0.05204750363028213,0.00020275938348765217
A5015920621,0.0012078915581801102,5.7647322687193916e-08,0.0022387399092510785,0.0002023295940900841
A5084660092,0.0012078915581801102,5.7647322687193916e-08,0.0022387399092510785,0.0002023295940900841
A5014633603,0.0012078915581801102,5.7647322687193916e-08,0.0022387399092510785,0.0002023295940900841
A5081831852,0.0021473627700979736,1.298847741144396e-06,0.006429346838161219,0.00020225765903129938
A5124133344,0.001878942423835727,3.843154845812928e-07,0.050835326003785944,0.00020205952637343796
A5124118104,0.001878942423835727,3.843154845812928e-07,0.050835326003785944,0.00020205952637343796
A5039969130,0.0020131525969668503,3.381578574869675e-06,0.05371805907504386,0.0002018152480181291
A5077733475,0.0017447322507046035,2.4000223266165718e-05,0.05232099309585231,0.00020154667011934962
A5100759389,0.0017447322507046035,2.4000223266165718e-05,0.05232099309585231,0.00020154667011934962
A5039122925,0.0005368406925244934,1.441183067179848e-07,0.0005592090547130139,0.0002015264983936609
A5000167478,0.0005368406925244934,1.441183067179848e-07,0.0005592090547130139,0.00020152649839366086
A5087153845,0.0012078915581801102,0.000914754922315729,0.050207462709894825,0.0002011986337908578
A5102884763,0.0016105220775734803,2.6235738020585713e-06,0.04357510058322263,0.0002010811020274307
A5062525719,0.0020131525969668503,0.00032874388021477823,0.050213152424341934,0.0002009086011278595
A5044266379,0.00040263051939337007,2.702218250962215e-07,0.0013746375308581725,0.00020089098020489103
A5089700327,0.004831566232720441,2.1032880854076093e-06,0.013832207154771719,0.00020025577632161218
A5030209618,0.0014763119044423568,5.204214997234086e-06,0.05924302707898509,0.00020009656315675992
A5033056152,0.0008052610387867401,7.20591533589924e-08,0.000966313246544088,0.00020009456711286825
A5018538544,0.0013421017313112334,0.032066539724772095,0.050499291709319806,0.00019997449871086512
A5042237838,0.0017447322507046035,6.515562911308179e-06,0.0023863223466485104,0.00019985968215361754
A5043693171,0.0025499932894913436,0.0009008600124678027,0.05638217404555423,0.00019981864722759765
A5090361625,0.0020131525969668503,9.46276798623991e-07,0.002744169710191692,0.00019972937266424
A5007924087,0.0020131525969668503,9.46276798623991e-07,0.002744169710191692,0.00019972937266423996
A5072224443,0.0010736813850489868,0.005438616728780181,0.055939074647203546,0.00019959710171772708
A5052937759,0.0016105220775734803,0.0023454173531051643,0.04342243773726626,0.00019958437582343977
A5048239767,0.0009394712119178635,7.025767452501759e-07,0.001175355758633171,0.0001995737119697241
LOCAL_A000217,0.0009394712119178635,7.025767452501759e-07,0.001175355758633171,0.0001995737119697241
A5051245111,0.00040263051939337007,1.80147883397481e-08,0.00040263051939337,0.00019954157643212124
A5050155021,0.00040263051939337007,1.80147883397481e-08,0.00040263051939337,0.00019954157643212124
A5053950493,0.0016105220775734803,4.5769619259582566e-05,0.05199863990382858,0.0001995218235370176
A5100701430,0.0009394712119178635,0.0005231494533862849,0.040975000372719846,0.00019948110667776075
A5065293686,0.001878942423835727,0.00039203782384959816,0.056734111431562005,0.00019938030203589259
A5058465231,0.001878942423835727,0.00039203782384959816,0.056734111431562005,0.00019938030203589259
A5036538864,0.0024157831163602204,0.0001826886576203212,0.04741629367083114,0.00019932150803550169
A5019298120,0.0024157831163602204,0.0001826886576203212,0.04741629367083114,0.00019932150803550169
A5064378058,0.0024157831163602204,0.0001826886576203212,0.04741629367083114,0.00019932150803550169
A5020793898,0.0014763119044423568,5.692673115360401e-07,0.002417756795376854,0.00019912482348818716
A5024312801,0.0012078915581801102,8.406901225215779e-08,0.0070267106351373475,0.00019892683233917774
A5012583826,0.0012078915581801102,8.406901225215779e-08,0.0070267106351373475,0.00019892683233917774
A5056823419,0.00040263051939337007,7.20591533589924e-08,0.00040263051939337,0.00019888030940718468
A5080870118,0.00040263051939337007,7.20591533589924e-08,0.00040263051939337,0.00019888030940718468
A5039831806,0.00040263051939337007,7.20591533589924e-08,0.00040263051939337,0.00019888030940718468
A5103029566,0.00040263051939337007,7.20591533589924e-08,0.00040263051939337,0.00019888030940718465
A5048867490,0.00040263051939337007,7.20591533589924e-08,0.00040263051939337,0.00019888030940718465
A5068286496,0.0012078915581801102,0.0075615225814953555,0.043853267050722414,0.00019877982515780512
A5052671761,0.0009394712119178635,0.0005231494533862848,0.050198930555470506,0.00019847513208372247
A5101879339,0.0009394712119178635,0.00026171884499986037,0.04553187178549034,0.00019845904659934413
A5075250567,0.0013421017313112334,0.0005231494533862846,0.047377001901149345,0.0001984264673674344
A5023113227,0.0006710508656556167,1.441183067179848e-07,0.0011437040840739207,0.00019839114697223524
A5008231286,0.0016105220775734803,3.402793353063529e-07,0.0017630336379497566,0.00019834073830598655
A5031627421,0.0016105220775734803,3.402793353063529e-07,0.0017630336379497566,0.00019834073830598655
A5117845190,0.0022815729432290968,0.002616622555669906,0.06229784327318092,0.00019826502736058522
A5060950462,0.0010736813850489868,0.012985724695687867,0.040597696615021585,0.00019799455405895575
A5046940577,0.0013421017313112334,1.6824720503970806e-06,0.001932626493088176,0.000197848320568399
A5061565634,0.0013421017313112334,5.917585018268769e-07,0.001461399662983343,0.00019721917155236901
A5000286137,0.0013421017313112334,5.917585018268769e-07,0.001461399662983343,0.00019721917155236896
A5092080605,0.002684203462622467,0.0009595963629205602,0.048790773581511786,0.00019709431115102748
A5101292188,0.0013421017313112334,0.00013018827155211713,0.034787211547272705,0.00019679202338634193
A5112844608,0.0010736813850489868,0.0007842918251592733,0.05676681958625319,0.000196630960649784
A5066553195,0.0028184136357535905,3.4782713595549594e-05,0.05675591267842952,0.00019635426091704305
A5050879879,0.0013421017313112334,0.0003936093221656226,0.04657400186892648,0.0001962379508937813
A5010057346,0.0024157831163602204,7.542925016123449e-07,0.055782382561357036,0.00019585023662771803
A5086500382,0.0016105220775734803,0.00010327815983770142,0.05203833468751276,0.0001956551563031699
A5018802115,0.0025499932894913436,0.003598064755325008,0.05635886673626295,0.0001951551472051563
A5033765445,0.0010736813850489868,2.527217449947519e-06,0.001491797693649794,0.0001949389295491519
A5016378241,0.0010736813850489868,1.080887300384886e-07,0.038054184457799185,0.00019485908187266538
A5087658530,0.0014763119044423568,0.023001561878358702,0.05811251651273803,0.0001948191004267322
A5121452694,0.0022815729432290968,0.0005397968947035609,0.05071459428642547,0.00019461430782302642
A5091746122,0.0025499932894913436,0.001042578863216499,0.05193464532839093,0.00019457428606941174
A5001133335,0.0010736813850489868,0.005254667556597211,0.040500288860701,0.00019457369105026228
A5053717509,0.0008052610387867401,0.011377992024619882,0.046773114852927906,0.00019392817874068223
A5001226600,0.0008052610387867401,0.011377992024619882,0.046773114852927906,0.00019392817874068223
A5036481436,0.0014763119044423568,0.0009683608704855756,0.04652754157251981,0.00019388274223321956
A5045047983,0.0014763119044423568,0.0009683608704855756,0.04652754157251981,0.00019388274223321953
A5100570849,0.0016105220775734803,0.00012635601689685687,0.05217313712054391,0.00019383494500246776
LOCAL_A000044,0.0016105220775734803,0.00012635601689685687,0.05217313712054391,0.00019383494500246776
A5021931433,0.0020131525969668503,0.0001309092088240691,0.05078288992068987,0.0001934884767782998
A5084280578,0.0009394712119178635,6.125028035514354e-07,0.0009543834533768771,0.00019307890600190488
A5050055502,0.0029526238088847137,0.006085759077329154,0.062321939629452414,0.00019300834748869414
A5073530367,0.0022815729432290968,0.0014137969804519648,0.06175517913317064,0.00019297246162601703
A5052867498,0.0022815729432290968,0.0014137969804519648,0.06175517913317064,0.00019297246162601703
A5061293056,0.0020131525969668503,0.0009270114438683596,0.05617309968059068,0.00019274322844283317
A5008653388,0.0008052610387867401,1.080887300384886e-07,0.001749015554102405,0.00019268141868584358
A5091402697,0.0005368406925244934,1.621330950577329e-07,0.0005368406925244934,0.0001926737179192276
A5055240240,0.00040263051939337007,3.60295766794962e-08,0.0004294725540195947,0.00019262874093839834
A5067398066,0.00040263051939337007,3.60295766794962e-08,0.0004294725540195947,0.00019262874093839834
A5076120969,0.002684203462622467,0.004865577077495591,0.06000113887139027,0.000192203635404934
A5074922240,0.0010736813850489868,0.00047275576619060255,0.03302169882663532,0.00019218666029935461
A5015224146,0.0012078915581801102,0.018811939178903395,0.05450941538127009,0.00019202891764690723
A5007129032,0.0010736813850489868,0.00019618104501985684,0.04334809697757226,0.0001919417554778768
A5067117391,0.0010736813850489868,0.00019618104501985684,0.04334809697757226,0.0001919417554778768
A5074800646,0.0022815729432290968,0.017445289929417195,0.06019881941179258,0.000191821636472821
A5041279466,0.0022815729432290968,7.583203753556967e-07,0.055780626962988515,0.00019152128256653614
A5007945291,0.0013421017313112334,0.0007916844859513141,0.04126309317444642,0.00019146524808221608
A5076945065,0.0010736813850489868,9.779327850232255e-05,0.04340329719902038,0.00019139987118884036
A5056072889,0.00040263051939337007,1.80147883397481e-08,0.00040263051939337,0.00019105737375146715
A5059133436,0.00040263051939337007,1.80147883397481e-08,0.00040263051939337,0.00019105737375146715
A5005108080,0.0016105220775734803,1.5928243796642505e-05,0.040226364982342194,0.00019073636339204651
A5136194177,0.0013421017313112334,1.080887300384886e-07,0.03571461816632405,0.00019056205438340403
A5136203748,0.0013421017313112334,1.080887300384886e-07,0.03571461816632405,0.000190562054383404
A5116628216,0.0008052610387867401,0.0,0.044697088268781604,0.00019006234523110204
A5116628217,0.0008052610387867401,0.0,0.044697088268781604,0.00019006234523110204
A5067080251,0.0013421017313112334,4.5397266616165223e-07,0.002382716841820668,0.00019000106882625196
A5000548221,0.0010736813850489868,6.310454977765974e-07,0.0455576198108677,0.00018893132142478182
A5014333309,0.0013421017313112334,2.954425287718688e-07,0.002382716841820668,0.00018883092462952702
A5093797244,0.0006710508656556167,7.20591533589924e-08,0.0007306998314916715,0.00018878270193625505
A5101826892,0.0009394712119178635,0.008807887681582837,0.05161100844826875,0.0001886529875959535
A5004532785,0.0010736813850489868,1.2970647604618632e-06,0.001881523388703633,0.00018860219381046985
A5090514977,0.0006710508656556167,3.675016821308612e-07,0.0007306998314916715,0.00018860191703246748
A5104136263,0.0013421017313112334,2.2186398636337667e-06,0.0027422944330822065,0.00018854647455026808
A5066152930,0.0017447322507046035,0.0004715963217354881,0.05536764365755512,0.00018850002858567923
A5086950255,0.011407864716145485,2.1794567767234555e-06,0.013764726293082282,0.00018846830779346648
A5092593524,0.0017447322507046035,0.010657444640548608,0.06336921738789363,0.00018795051135396255
A5050662303,0.001878942423835727,3.652194032026837e-05,0.05131662635711382,0.00018792173327161638
A5082370353,0.001878942423835727,3.652194032026837e-05,0.05131662635711382,0.00018792173327161638
A5077608549,0.001878942423835727,3.652194032026837e-05,0.05131662635711382,0.00018792173327161638
A5084044708,0.001878942423835727,3.652194032026837e-05,0.05131662635711382,0.00018792173327161638
A5112876838,0.001878942423835727,3.652194032026837e-05,0.05131662635711382,0.00018792173327161638
A5053533713,0.0012078915581801102,1.441183067179848e-07,0.001437966140690607,0.00018779466612172684
A5010525452,0.0016105220775734803,1.8824668526759238e-05,0.04017074955513241,0.00018774274680245242
A5101719668,0.004831566232720441,3.922720412197981e-06,0.013832207154771719,0.00018752944217868844
LOCAL_A000097,0.0016105220775734803,0.0009153735718197049,0.04126501457758835,0.00018744166859706112
A5044593104,0.0017447322507046035,0.001072579460559045,0.05847295177071021,0.00018739746121326466
A5129679066,0.0013421017313112334,0.0003925446348040577,0.05178139655025117,0.00018729417103836277
A5063563629,0.0022815729432290968,0.017301290356204303,0.05443909577424201,0.00018726325580405837
A5049764226,0.0012078915581801102,0.00873676132580098,0.04332690349138282,0.00018706253654161508
A5069711950,0.0013421017313112334,5.580188883783707e-06,0.04931890923343621,0.00018705010848187815
A5080190481,0.0014763119044423568,0.017145903074399643,0.037914168633751834,0.00018698253805766437
A5052038865,0.001878942423835727,0.0009146146628612019,0.053727829547774865,0.000186769253915135
A5079146545,0.0005368406925244934,3.60295766794962e-08,0.0005368406925244934,0.0001864356258133269
A5109304397,0.0005368406925244934,3.60295766794962e-08,0.0005368406925244934,0.0001864356258133269
A5110942797,0.0009394712119178635,0.00011280342493954709,0.05235654144871786,0.00018606012525025206
A5127784211,0.0016105220775734803,0.00022560100888226523,0.050207462709894825,0.0001858193712079314
A5062653189,0.0013421017313112334,0.00018775206568061743,0.059754345474596175,0.00018578605061393726
A5089096517,0.0013421017313112334,0.00018775206568061743,0.059754345474596175,0.00018578605061393726
A5060189092,0.014897329217554692,8.775076903470148e-07,0.015764072011630548,0.00018570707311204597
A5021828664,0.014897329217554692,8.775076903470148e-07,0.015764072011630548,0.00018570707311204597
A5077271389,0.014897329217554692,8.775076903470148e-07,0.015764072011630548,0.00018570707311204597
A5108048174,0.0016105220775734803,3.302711195620485e-07,0.007138838996336347,0.00018564487723402113
A5017599839,0.0016105220775734803,3.302711195620485e-07,0.007138838996336347,0.00018564487723402113
A5076809954,0.0010736813850489868,0.00026527282115019086,0.03096335915029432,0.0001856028477936422
A5070587435,0.0025499932894913436,6.521353378988813e-05,0.05267396698531851,0.00018551475374672366
A5025312667,0.0025499932894913436,6.521353378988813e-05,0.05267396698531851,0.00018551475374672366
A5083804370,0.0025499932894913436,6.521353378988813e-05,0.05267396698531851,0.00018551475374672366
A5118883091,0.0025499932894913436,6.521353378988813e-05,0.05267396698531851,0.00018551475374672366
A5051000539,0.0025499932894913436,6.521353378988813e-05,0.05267396698531851,0.00018551475374672366
A5020053167,0.0025499932894913436,6.521353378988813e-05,0.05267396698531851,0.00018551475374672366
A5082945083,0.0025499932894913436,6.521353378988813e-05,0.05267396698531851,0.00018551475374672366
A5074350013,0.0025499932894913436,6.521353378988813e-05,0.05267396698531851,0.00018551475374672366
A5062292777,0.0025499932894913436,6.521353378988813e-05,0.05267396698531851,0.00018551475374672366
A5076626025,0.0025499932894913436,6.521353378988813e-05,0.05267396698531851,0.00018551475374672366
A5009526572,0.0005368406925244934,1.20098588931654e-08,0.0005368406925244934,0.0001853744619113955
A5070660416,0.0005368406925244934,1.20098588931654e-08,0.0005368406925244934,0.0001853744619113955
A5064080611,0.0005368406925244934,1.20098588931654e-08,0.0005368406925244934,0.0001853744619113955
A5026663888,0.0008052610387867401,0.0,0.033265271042079526,0.00018534585343489508
A5065031193,0.0008052610387867401,0.0,0.033265271042079526,0.00018534585343489508
A5044423283,0.0020131525969668503,0.0013432009252689022,0.05652062124886782,0.00018528293799216855
A5071281982,0.0010736813850489868,1.080887300384886e-07,0.03438564413165445,0.00018511786887624628
A5008120161,0.0010736813850489868,0.0005554309532695388,0.0447027250081214,0.00018494403445633255
A5034642372,0.0012078915581801102,0.00026027966357582946,0.034787211547272705,0.00018461995228164857
A5107947365,0.0013421017313112334,1.23459919676634e-06,0.0023861522989156864,0.0001843804683732856
A5019505457,0.0012078915581801102,8.406901225215779e-08,0.059239066851231564,0.00018435672386533087
A5042206762,0.015568380083210308,1.5750859150240947e-06,0.016217062586677402,0.00018410807046220169
A5033052795,0.015568380083210308,1.5750859150240947e-06,0.016217062586677402,0.00018410807046220169
A5090660367,0.015568380083210308,1.5750859150240947e-06,0.016217062586677402,0.00018410807046220169
A5045240225,0.015568380083210308,1.5750859150240947e-06,0.016217062586677402,0.00018410807046220169
A5071186378,0.015568380083210308,1.5750859150240947e-06,0.016217062586677402,0.00018410807046220169
A5059673944,0.015568380083210308,1.5750859150240947e-06,0.016217062586677402,0.00018410807046220169
A5002295771,0.015568380083210308,1.5750859150240947e-06,0.016217062586677402,0.00018410807046220169
A5054097796,0.015568380083210308,1.5750859150240947e-06,0.016217062586677402,0.00018410807046220169
A5074353144,0.015568380083210308,1.5750859150240947e-06,0.016217062586677402,0.00018410807046220169
A5108812264,0.015568380083210308,1.5750859150240947e-06,0.016217062586677402,0.00018410807046220169
A5042670765,0.015568380083210308,1.5750859150240947e-06,0.016217062586677402,0.00018410807046220169
A5110701424,0.015568380083210308,1.5750859150240947e-06,0.016217062586677402,0.00018410807046220169
LOCAL_A000002,0.015568380083210308,1.5750859150240947e-06,0.016217062586677402,0.00018410807046220169
A5014186524,0.015568380083210308,1.5750859150240947e-06,0.016217062586677402,0.00018410807046220169
A5043825329,0.015568380083210308,1.5750859150240947e-06,0.016217062586677402,0.00018410807046220169
A5074774772,0.015568380083210308,1.5750859150240947e-06,0.016217062586677402,0.00018410807046220169
A5103323474,0.0014763119044423568,0.011177145187351311,0.054591684874083564,0.00018403334683174497
A5045312477,0.0006710508656556167,7.20591533589924e-08,0.02997672120290904,0.0001839905112658376
A5089706471,0.001878942423835727,0.013451284758405955,0.056542258697186154,0.00018330663644035658
A5048355279,0.0028184136357535905,4.934960199737054e-07,0.0040158472583650415,0.00018298242834069765
A5055541043,0.0028184136357535905,4.934960199737054e-07,0.0040158472583650415,0.00018298242834069765
A5054983995,0.0012078915581801102,0.0052736491385778584,0.03990843802485864,0.00018297108125707565
A5004067290,0.0008052610387867401,0.0001961810450198568,0.03740210693063492,0.0001828267206757122
A5040711397,0.0008052610387867401,0.0001961810450198568,0.03740210693063492,0.0001828267206757122
A5025049120,0.0012078915581801102,7.074763717491733e-07,0.002433508988283199,0.00018273050291598735
A5090389160,0.0013421017313112334,0.00040469312639827983,0.05000348825284235,0.00018266953664329704
A5040168155,0.0022815729432290968,0.00021251762761537022,0.055780626962988515,0.00018265669940451952
A5043524211,0.0024157831163602204,0.0010559889856182384,0.06075806935387876,0.00018262906306062033
A5101955675,0.0021473627700979736,0.0002756259174062463,0.053711547400509034,0.00018260067361505872
A5036824452,0.0006710508656556167,4.683844968334506e-06,0.002909866585586302,0.00018240482106322928
A5060927410,0.0009394712119178635,8.719157556438368e-05,0.04469483397105024,0.000182375368589061
A5056443847,0.0009394712119178635,8.719157556438368e-05,0.04469483397105024,0.000182375368589061
A5008510859,0.0009394712119178635,8.719157556438368e-05,0.04469483397105024,0.000182375368589061
A5043157568,0.0009394712119178635,1.621330950577329e-07,0.047591999170859996,0.0001822770339903818
A5058935102,0.0014763119044423568,7.20591533589924e-08,0.0014763119044423566,0.0001821883341800808
A5100689692,0.0014763119044423568,7.20591533589924e-08,0.0014763119044423566,0.0001821883341800808
A5035255903,0.0014763119044423568,7.20591533589924e-08,0.0014763119044423566,0.0001821883341800808
A5048664845,0.0014763119044423568,7.20591533589924e-08,0.0014763119044423566,0.00018218833418008078
A5061151551,0.0014763119044423568,7.20591533589924e-08,0.0014763119044423566,0.00018218833418008078
A5001649826,0.0012078915581801102,3.783105551347101e-07,0.0022387399092510785,0.0001820780955345405
A5028777364,0.0012078915581801102,3.3427440585977034e-07,0.0070267106351373475,0.00018183069913283936
A5015962889,0.0008052610387867401,8.627382917938034e-07,0.030956869353955203,0.00018168115852402688
A5110635812,0.00442893571332707,8.709008763268391e-07,0.014120378137162796,0.00018167528055990027
A5028440843,0.00442893571332707,8.709008763268391e-07,0.014120378137162796,0.00018167528055990027
A5061989511,0.00442893571332707,8.709008763268391e-07,0.014120378137162796,0.00018167528055990027
A5028482510,0.00442893571332707,8.709008763268391e-07,0.014120378137162796,0.00018167528055990027
A5112840902,0.00442893571332707,8.709008763268391e-07,0.014120378137162796,0.00018167528055990027
LOCAL_A000726,0.0009394712119178635,0.000523149453386285,0.038467143594617406,0.0001814617607603488
A5072701601,0.0012078915581801102,4.80394355726616e-07,0.005838142531203865,0.0001813625872953402
A5067125998,0.001878942423835727,9.405868130295015e-07,0.0026869995078960323,0.00018133273618110325
A5015142652,0.0013421017313112334,5.497083984814564e-07,0.045559961984525145,0.00018123732176738802
A5068896645,0.0005368406925244934,4.323549201539544e-07,0.000597845316675004,0.00018115426038880144
A5035585781,0.0008052610387867401,1.80147883397481e-08,0.04627124167507302,0.0001809032754589305
A5088223152,0.0016105220775734803,0.000327176023208884,0.056459404979676255,0.00018085564573485171
A5073087031,0.0016105220775734803,0.000327176023208884,0.056459404979676255,0.00018085564573485171
A5091163237,0.0022815729432290968,1.3067870271849018e-06,0.002697968608584633,0.00018083779757618467
A5135198317,0.00040263051939337007,1.80147883397481e-07,0.0004392332938836763,0.00018062659573542852
A5074503531,0.0002684203462622467,1.080887300384886e-07,0.0003578937950163289,0.00018035101399365162
A5018935783,0.0002684203462622467,3.60295766794962e-08,0.0002684203462622467,0.00017960412655176056
A5129903790,0.0002684203462622467,3.60295766794962e-08,0.0002684203462622467,0.00017960412655176056
A5074180869,0.0002684203462622467,3.60295766794962e-08,0.0002684203462622467,0.00017960412655176056
A5103253581,0.0002684203462622467,3.60295766794962e-08,0.0002684203462622467,0.00017960412655176056
A5046042230,0.0002684203462622467,3.60295766794962e-08,0.0002684203462622467,0.00017960412655176056
A5064898960,0.0008052610387867401,3.602957667949619e-08,0.0012781921250583175,0.0001795422205429914
A5054358107,0.0008052610387867401,3.602957667949619e-08,0.0012781921250583175,0.0001795422205429914
A5054634942,0.00040263051939337007,1.80147883397481e-08,0.00040263051939337,0.00017950905094658571
A5019874446,0.00040263051939337007,1.80147883397481e-08,0.00040263051939337,0.00017950905094658571
A5036249628,0.00040263051939337007,1.80147883397481e-08,0.00040263051939337,0.00017950905094658571
A5022457847,0.00040263051939337007,1.80147883397481e-08,0.00040263051939337,0.00017950905094658571
A5111347325,0.00040263051939337007,1.80147883397481e-08,0.00040263051939337,0.00017950905094658571
A5103152813,0.00040263051939337007,1.80147883397481e-08,0.00040263051939337,0.00017950905094658571
A5036260987,0.0006710508656556167,0.000914971099775806,0.04470159754652065,0.00017907588587552742
LOCAL_A000592,0.0010736813850489868,1.080887300384886e-07,0.0010736813850489868,0.00017894819043441976
A5081533584,0.0010736813850489868,1.080887300384886e-07,0.0010736813850489868,0.00017894819043441976
A5088783066,0.001878942423835727,0.00017406223167279323,0.044493991091077906,0.00017890795690750263
A5079651930,0.0025499932894913436,9.607887114532321e-08,0.0025499932894913436,0.00017853919441016152
A5101304286,0.0025499932894913436,9.607887114532321e-08,0.0025499932894913436,0.00017853919441016152
A5101315003,0.0025499932894913436,9.607887114532321e-08,0.0025499932894913436,0.00017853919441016152
A5086375063,0.0025499932894913436,9.607887114532321e-08,0.0025499932894913436,0.00017853919441016152
A5087428803,0.0025499932894913436,9.607887114532321e-08,0.0025499932894913436,0.00017853919441016152
A5109724358,0.0025499932894913436,9.607887114532321e-08,0.0025499932894913436,0.00017853919441016152
A5113118240,0.0025499932894913436,9.607887114532321e-08,0.0025499932894913436,0.00017853919441016152
A5113118238,0.0025499932894913436,9.607887114532321e-08,0.0025499932894913436,0.00017853919441016152
A5101366509,0.0025499932894913436,9.607887114532321e-08,0.0025499932894913436,0.00017853919441016152
A5039896793,0.0021473627700979736,1.4782457504672381e-05,0.047796063888733004,0.00017847736803274343
A5027351152,0.002684203462622467,0.00030956836423572955,0.057966170889651926,0.00017834315361403742
A5085740219,0.0010736813850489868,0.0001308233929232507,0.05222848507800198,0.000177759380627915
LOCAL_A000010,0.0010736813850489868,0.0001308233929232507,0.05222848507800198,0.000177759380627915
A5100705624,0.0009394712119178635,0.0014358927243374084,0.04471625898481171,0.00017759849990090266
A5110094777,0.001878942423835727,2.743509589579528e-06,0.0026869995078960323,0.00017735131001615355
A5012021096,0.002684203462622467,4.1763275069142917e-07,0.04888093000694992,0.00017713028792101438
A5068309504,0.002684203462622467,4.1763275069142917e-07,0.04888093000694992,0.00017713028792101438
A5003021924,0.0024157831163602204,1.6547869860654325e-06,0.027507234509055872,0.0001769502532088377
A5113137129,0.002684203462622467,1.7060961443175937e-07,0.04888093000694992,0.000176936540878191
A5018227404,0.002684203462622467,1.7060961443175937e-07,0.04888093000694992,0.000176936540878191
A5016226095,0.0025499932894913436,0.00019362165023221334,0.05717518762289097,0.00017672674376886325
A5020729122,0.0025499932894913436,2.954252557091629e-07,0.0040158472583650415,0.00017651047190756885
A5031370887,0.0025499932894913436,2.954252557091629e-07,0.0040158472583650415,0.00017651047190756885
A5113119675,0.0025499932894913436,2.954252557091629e-07,0.0040158472583650415,0.00017651047190756885
A5116116783,0.0006710508656556167,2.40197177863308e-08,0.0006710508656556167,0.00017650193734311377
A5059989774,0.0006710508656556167,2.40197177863308e-08,0.0006710508656556167,0.00017650193734311377
A5054482402,0.0006710508656556167,2.40197177863308e-08,0.0006710508656556167,0.00017650193734311377
A5061220760,0.0006710508656556167,2.40197177863308e-08,0.0006710508656556167,0.00017650193734311374
A5026652025,0.0006710508656556167,2.40197177863308e-08,0.0006710508656556167,0.00017650193734311374
A5042115750,0.0006710508656556167,2.40197177863308e-08,0.0006710508656556167,0.00017650193734311374
A5010198389,0.0013421017313112334,0.0066953411052171645,0.060728923800650925,0.00017638909603867917
A5058668108,0.0012078915581801102,0.0009149530849874662,0.03847048340869521,0.00017621680128459673
A5078984352,0.0010736813850489868,4.503697084937025e-08,0.001680544776598414,0.0001762073113453791
A5017779359,0.0006710508656556167,5.40443650192443e-08,0.00120789155818011,0.00017611719999383686
A5055658324,0.0016105220775734803,0.019594690467232372,0.045299126951950035,0.00017603494255576487
A5102708623,0.00040263051939337007,0.00026171884499986037,0.02527953732113359,0.00017590492145744607
LOCAL_A000594,0.0020131525969668503,1.6084664345492376e-05,0.05831711111878116,0.00017575495073835583
A5100637270,0.0021473627700979736,1.7022362126393607e-05,0.05387808977146149,0.00017575025262756418
A5014860684,0.0016105220775734803,0.00020103423005648477,0.05792070722620906,0.00017565015996141896
A5064720446,0.0009394712119178635,0.0028283863932027295,0.04372344684038872,0.00017559904092144863
A5038001329,0.0008052610387867401,0.00013089545207660967,0.03191051170505198,0.00017554561856747834
A5109960792,0.0013421017313112334,0.0008051568064490174,0.054723157994380545,0.00017554204858058687
A5133435331,0.00040263051939337007,3.242661901154658e-07,0.0005368406925244933,0.00017535162949283765
A5066871783,0.0006710508656556167,2.40197177863308e-08,0.03711077788735102,0.00017526063803751608
A5040974749,0.0013421017313112334,0.00023548587084815692,0.05286406899281168,0.00017486492724770814
A5108865394,0.0012078915581801102,0.00025783848419761823,0.035736221492096085,0.00017486079206586625
A5042307561,0.0012078915581801102,0.0,0.05448930553454045,0.00017485736892254914
A5056915949,0.0020131525969668503,4.2118784789257206e-05,0.0544173669365059,0.00017461126942283967
A5019646634,0.0010736813850489868,1.080887300384886e-07,0.0016149957500111842,0.00017434721731847202
A5061140260,0.0014763119044423568,0.00011659684435500034,0.05323722339066434,0.00017432547347859246
LOCAL_A000021,0.003757884847671454,1.1340655698108731e-06,0.011020782936322181,0.00017421922736865635
LOCAL_A000013,0.003757884847671454,1.1340655698108731e-06,0.011020782936322181,0.00017421922736865635
LOCAL_A000020,0.003757884847671454,1.1340655698108731e-06,0.011020782936322181,0.00017421922736865635
LOCAL_A000017,0.003757884847671454,1.1340655698108731e-06,0.011020782936322181,0.00017421922736865635
LOCAL_A000018,0.003757884847671454,1.1340655698108731e-06,0.011020782936322181,0.00017421922736865635
LOCAL_A000025,0.003757884847671454,1.1340655698108731e-06,0.011020782936322181,0.00017421922736865635
LOCAL_A000022,0.003757884847671454,1.1340655698108731e-06,0.011020782936322181,0.00017421922736865635
LOCAL_A000014,0.003757884847671454,1.1340655698108731e-06,0.011020782936322181,0.00017421922736865635
A5080788166,0.004294725540195947,4.738786059615559e-06,0.014654662715325712,0.0001739069323098036
A5111002528,0.0008052610387867401,0.00013082339292325073,0.04470610773419087,0.00017385422414438042
A5089869571,0.0008052610387867401,0.00013082339292325073,0.04470610773419087,0.00017385422414438042
A5061056422,0.0009394712119178635,0.0036388070967457186,0.032989737387100926,0.00017368070520271505
A5027768275,0.0008052610387867401,0.011538365799512265,0.0479992861509004,0.00017325275831202026
A5121030745,0.0016105220775734803,0.0005399651886755031,0.05626761615041738,0.0001732294877892683
A5039113161,0.0017447322507046035,0.000620968403948556,0.05375390152620397,0.0001731593965033195
A5113366228,0.0016105220775734803,9.007394169874048e-08,0.005838142531203865,0.00017310091300172924
A5101481517,0.0016105220775734803,9.007394169874048e-08,0.005838142531203865,0.00017310091300172924
A5008258299,0.0016105220775734803,9.007394169874048e-08,0.005838142531203865,0.00017310091300172924
A5022231076,0.0017447322507046035,0.0005829650529945658,0.06155571288584021,0.0001730731743315749
A5045109374,0.0013421017313112334,3.60295766794962e-08,0.0013421017313112334,0.00017305979896550697
A5064560837,0.0013421017313112334,3.60295766794962e-08,0.0013421017313112334,0.00017305979896550697
A5029670464,0.0013421017313112334,3.60295766794962e-08,0.0013421017313112334,0.00017305979896550697
A5059002683,0.0013421017313112334,3.60295766794962e-08,0.0013421017313112334,0.00017305979896550697
A5021979532,0.0013421017313112334,3.60295766794962e-08,0.0013421017313112334,0.00017305979896550697
A5084339087,0.0013421017313112334,3.60295766794962e-08,0.0013421017313112334,0.00017305979896550697
A5017851662,0.0016105220775734803,6.390058614053905e-05,0.05790178507422402,0.00017299459101645018
A5091622578,0.0012078915581801102,0.00039247017876975205,0.061057380498897515,0.00017283636239270414
A5035975805,0.0014763119044423568,1.621330950577329e-07,0.0014763119044423566,0.00017244764816619536
A5109344144,0.0014763119044423568,1.621330950577329e-07,0.0014763119044423566,0.00017244764816619536
A5017544315,0.0002684203462622467,2.161774600769772e-07,0.0004384198988950029,0.00017240224730641308
A5086822781,0.0028184136357535905,0.0002442832607761587,0.05850190259842874,0.00017227705365837302
LOCAL_A000389,0.0021473627700979736,8.415332184169064e-07,0.00377097852309888,0.00017226785061309662
A5133427062,0.00040263051939337007,2.882366134359696e-07,0.000483156623272044,0.0001720697064882882
A5007637251,0.0012078915581801102,0.01317553837011333,0.05016341110387176,0.00017197539572119704
A5124970310,0.0012078915581801102,0.00029702343878597396,0.04666843017331079,0.00017187018645930686
A5053488393,0.0016105220775734803,8.700236347886626e-05,0.048663508446280916,0.00017162666882037322
A5058934086,0.0016105220775734803,1.5346220189595793e-05,0.05371805907504386,0.00017156403175010843
A5089967345,0.001878942423835727,1.3756747459444004e-08,0.05078143490693934,0.00017138343204262335
A5004575662,0.001878942423835727,1.3756747459444004e-08,0.05078143490693934,0.00017138343204262335
A5007086934,0.001878942423835727,1.3756747459444004e-08,0.05078143490693934,0.00017138343204262335
A5080120497,0.001878942423835727,1.3756747459444004e-08,0.05078143490693934,0.00017138343204262335
A5071460878,0.001878942423835727,1.3756747459444004e-08,0.05078143490693934,0.00017138343204262335
A5110045504,0.001878942423835727,1.3756747459444004e-08,0.05078143490693934,0.0001713834320426233
LOCAL_A000285,0.0021473627700979736,0.005260830842635908,0.05414307747432403,0.00017100552917530368
A5085027248,0.0013421017313112334,8.561313696699333e-08,0.0017303525892976976,0.00017082093496898008
A5009209108,0.0009394712119178635,1.441183067179848e-07,0.04259489644609462,0.00017058352534531
A5038225521,0.0006710508656556167,0.00026171884499986037,0.03213674531961337,0.000170482444438817
A5068935522,0.0008052610387867401,1.981626717372291e-07,0.02745737631482567,0.00017039572089944715
A5046597225,0.0014763119044423568,0.0004466106834404,0.04437479384897717,0.00017037431616011482
A5084774480,0.0014763119044423568,6.35796650745322e-08,0.053711547400509034,0.0001703642669653296
A5006096258,0.0008052610387867401,1.80147883397481e-08,0.00080526103878674,0.00016986627850679452
A5067058159,0.0008052610387867401,1.80147883397481e-08,0.00080526103878674,0.00016986627850679452
A5017369658,0.0008052610387867401,1.80147883397481e-08,0.00080526103878674,0.00016986627850679452
LOCAL_A000202,0.0008052610387867401,1.80147883397481e-08,0.00080526103878674,0.00016986627850679452
A5013260322,0.0006710508656556167,3.4588393612316353e-06,0.002283436973411473,0.00016978260013759006
A5028272884,0.0014763119044423568,1.080887300384886e-07,0.007101067361435096,0.00016909744812357806
A5089107968,0.0005368406925244934,1.20098588931654e-08,0.0005368406925244934,0.00016899074848203115
A5058058761,0.0005368406925244934,1.20098588931654e-08,0.0005368406925244934,0.00016899074848203115
A5015273816,0.0005368406925244934,1.20098588931654e-08,0.0005368406925244934,0.00016899074848203115
A5018288108,0.0012078915581801102,1.80147883397481e-08,0.05448930553454045,0.0001688851527558603
A5061034390,0.0013421017313112334,8.430920943002111e-06,0.002740124368093768,0.0001686969548414293
A5053333628,0.0017447322507046035,5.539547414472541e-07,0.00587188901982354,0.00016869218681900045
A5034076654,0.0012078915581801102,1.1349316654041303e-06,0.04754476208814843,0.00016855406948404865
A5080595139,0.0012078915581801102,1.1349316654041303e-06,0.04754476208814843,0.00016855406948404865
A5017305518,0.0002684203462622467,0.0,0.0002684203462622467,0.00016833940368289952
A5003545280,0.0005368406925244934,7.20591533589924e-07,0.000966313246544088,0.00016827953365802263
LOCAL_A000091,0.001878942423835727,0.020210878468959102,0.05796237952521412,0.00016826316364698272
A5078738355,0.0002684203462622467,0.0,0.0003578937950163289,0.00016818933892589517
A5075681850,0.0005368406925244934,0.0,0.0005368406925244934,0.00016805707659330014
A5043383799,0.0005368406925244934,0.0,0.0005368406925244934,0.00016805707659330014
A5085078871,0.0014763119044423568,0.0011747890681538425,0.05216545918065685,0.0001680496994736403
A5114195715,0.0010736813850489868,1.8014788339748096e-07,0.032642803173751234,0.00016787295401946004
A5061408196,0.0022815729432290968,2.0278392459276304e-05,0.05705555115638672,0.00016783677161980504
A5121943369,0.004160515367064824,2.872627354210459e-06,0.013657997996651168,0.00016764669753805352
A5046667713,0.0005368406925244934,7.20591533589924e-08,0.0005592090547130139,0.0001674399016646617
A5113121460,0.00362367467454033,1.0455148995039458e-06,0.013521758615138438,0.0001673136874591344
A5021889240,0.0013421017313112334,1.6543580625335337e-06,0.02908820864784752,0.00016729254159863314
A5053119189,0.0009394712119178635,0.0470518348767742,0.05135975082216225,0.00016723515531578972
A5007262927,0.001878942423835727,1.6466088440572297e-06,0.002505256565114302,0.00016712654907816217
A5125899320,0.003757884847671454,9.183313229717599e-07,0.013555563011676283,0.00016689300856119425
A5000210296,0.0016105220775734803,0.0008275387967816918,0.055034113992299245,0.0001668654111068855
A5016698027,0.0017447322507046035,2.1897976048538243e-07,0.002446994784530249,0.00016680071745288206
A5019750138,0.0017447322507046035,2.1897976048538243e-07,0.002446994784530249,0.00016680071745288203
A5015668847,0.0005368406925244934,1.20098588931654e-08,0.02997621420562861,0.00016667962176064116
A5057673381,0.0010736813850489868,0.0005134510296816477,0.03298298424002525,0.00016666633436891373
A5059332003,0.0020131525969668503,9.380271693604712e-07,0.002566360383775627,0.0001666433884957792
A5068570499,0.0012078915581801102,2.7622675454280424e-07,0.059239066851231564,0.00016641770600949056
A5066145908,0.0016105220775734803,0.00011248377943696037,0.048773319054514354,0.00016634072885039143
A5032242801,0.0017447322507046035,1.697393390234043e-07,0.002446994784530249,0.0001663161585250617
A5109711777,0.0017447322507046035,1.697393390234043e-07,0.002446994784530249,0.0001663161585250617
A5042264865,0.0005368406925244934,0.006456500140965719,0.048331751005481094,0.00016600196403873224
A5007099952,0.001878942423835727,0.0005031046836505563,0.05387972765228749,0.00016569728306666204
A5112057266,0.0010736813850489868,5.40443650192443e-08,0.05288773099552391,0.00016564553914977755
A5001746495,0.002684203462622467,0.012986741562031962,0.06331488733333324,0.00016561398492951165
A5080864544,0.0013421017313112334,0.004232790469124419,0.037644400006839066,0.00016541926357218508
A5015962281,0.0013421017313112334,1.981626717372291e-07,0.05434228548588064,0.00016519429324344961
A5060158506,0.0013421017313112334,1.981626717372291e-07,0.05434228548588064,0.00016519429324344961
A5060317298,0.0010736813850489868,1.20098588931654e-08,0.0013726040433864886,0.00016500689880933676
A5062476242,0.0010736813850489868,1.20098588931654e-08,0.0013726040433864886,0.00016500689880933676
A5110180724,0.0010736813850489868,1.20098588931654e-08,0.0013726040433864886,0.00016500689880933676
A5007640729,0.0010736813850489868,1.20098588931654e-08,0.0013726040433864886,0.00016500689880933676
A5056677817,0.0010736813850489868,1.20098588931654e-08,0.0013726040433864886,0.00016500689880933676
A5023973706,0.0022815729432290968,0.048680604039358706,0.05566325307377272,0.00016493381936041445
A5052468815,0.0017447322507046035,0.00025516266357576597,0.0487599009910038,0.0001649138825236483
A5034421354,0.0016105220775734803,3.843154845812927e-07,0.005838142531203865,0.00016482041907425217
A5069149378,0.0010736813850489868,1.8915527756735506e-07,0.0013152596966850086,0.00016470597710065282
A5012114425,0.00885787142665414,3.83804321165592e-06,0.03296090234921515,0.00016436432462114896
A5005197974,0.0006710508656556167,0.010744019765825766,0.039381705168803405,0.00016403060771435335
A5015294864,0.0009394712119178635,1.441183067179848e-07,0.0013765145962166495,0.00016399630221442603
A5035626095,0.0009394712119178635,1.441183067179848e-07,0.0013765145962166495,0.00016399630221442603
A5058555117,0.0009394712119178635,1.441183067179848e-07,0.0013765145962166495,0.00016399630221442603
A5072098542,0.0009394712119178635,1.441183067179848e-07,0.0013765145962166495,0.00016399630221442603
A5085634489,0.0010736813850489868,0.002215422640445542,0.0384896985997654,0.0001637697276556553
A5031687662,0.0005368406925244934,0.0,0.0008388135820695209,0.0001637610353851513
A5115998618,0.0005368406925244934,0.0,0.0008388135820695209,0.0001637610353851513
A5036727378,0.0005368406925244934,0.0,0.0008388135820695209,0.0001637610353851513
A5082583844,0.0005368406925244934,0.0,0.0008388135820695209,0.0001637610353851513
A5016209496,0.0020131525969668503,0.0005295764647010433,0.050017599580132556,0.0001636171826573139
A5080968099,0.0014763119044423568,1.318774889999508e-07,0.002433508988283199,0.00016352737558443585
A5103064996,0.0021473627700979736,0.0032508602135668985,0.030974722843795825,0.00016349169447759293
A5079805985,0.0012078915581801102,1.084627090880788e-05,0.04900798122831459,0.0001634089225850275
A5078522070,0.0024157831163602204,0.003085751726593478,0.06379345791030476,0.0001628725473140459
A5128385340,0.0006710508656556167,9.00739416987405e-09,0.0006710508656556167,0.0001627006947422763
A5128378047,0.0006710508656556167,9.00739416987405e-09,0.0006710508656556167,0.0001627006947422763
A5128405095,0.0006710508656556167,9.00739416987405e-09,0.0006710508656556167,0.0001627006947422763
A5128606674,0.0006710508656556167,9.00739416987405e-09,0.0006710508656556167,0.0001627006947422763
A5108757199,0.01449469869816132,2.1000505352755583e-06,0.015504224670779493,0.00016252972858194444
A5077280166,0.01449469869816132,2.1000505352755583e-06,0.015504224670779493,0.00016252972858194444
A5057837479,0.01449469869816132,2.1000505352755583e-06,0.015504224670779493,0.00016252972858194444
A5074537027,0.01449469869816132,2.1000505352755583e-06,0.015504224670779493,0.00016252972858194444
A5003886399,0.01449469869816132,2.1000505352755583e-06,0.015504224670779493,0.00016252972858194444
A5052145396,0.01449469869816132,2.1000505352755583e-06,0.015504224670779493,0.00016252972858194444
A5052436567,0.01449469869816132,2.1000505352755583e-06,0.015504224670779493,0.00016252972858194444
A5109947023,0.01449469869816132,2.1000505352755583e-06,0.015504224670779493,0.00016252972858194444
A5009356185,0.01449469869816132,2.1000505352755583e-06,0.015504224670779493,0.00016252972858194444
A5110454044,0.001878942423835727,4.754271300999252e-07,0.006010868641594511,0.00016191716082826084
A5090960288,0.001878942423835727,4.754271300999252e-07,0.006010868641594511,0.00016191716082826084
A5000459728,0.0012078915581801102,5.973570626873626e-06,0.05938196941474845,0.0001618798959326218
A5028391766,0.014628908871292446,2.5161500979791268e-06,0.015589883370618054,0.0001618459696925276
A5067522840,0.014628908871292446,2.5161500979791268e-06,0.015589883370618054,0.0001618459696925276
A5138149664,0.0009394712119178635,0.0,0.02997773524892169,0.0001617281078543085
A5112728667,0.0009394712119178635,0.0,0.02997773524892169,0.0001617281078543085
A5055538986,0.0009394712119178635,0.0,0.02997773524892169,0.0001617281078543085
A5001105773,0.0009394712119178635,0.0,0.02997773524892169,0.0001617281078543085
A5138180568,0.0009394712119178635,0.0,0.02997773524892169,0.0001617281078543085
A5036595306,0.0009394712119178635,0.0,0.02997773524892169,0.0001617281078543085
A5085537455,0.0009394712119178635,0.0,0.02997773524892169,0.0001617281078543085
A5101399124,0.0010736813850489868,0.00011476491514389784,0.0447027250081214,0.00016155167225629554
A5076098136,0.0005368406925244934,0.0001308954520766097,0.05155096248282473,0.00016139731662157897
A5037305946,0.001878942423835727,0.009009519067726112,0.052583327630748154,0.00016105829121842487
A5101567168,0.001878942423835727,6.726580038338864e-07,0.05360108997526151,0.00016093429619114385
LOCAL_A000208,0.001878942423835727,6.726580038338864e-07,0.05360108997526151,0.00016093429619114385
A5094282889,0.0006710508656556167,0.0,0.03847131845283258,0.00016077048404172496
A5082307315,0.0012078915581801102,2.561427680661673e-05,0.049742461371333875,0.00016071986475013871
A5081592766,0.0005368406925244934,0.00013082339292325073,0.037804185762899074,0.00016069312093021848
A5035122431,0.0005368406925244934,0.00013082339292325073,0.037804185762899074,0.00016069312093021848
A5091530626,0.0033552543282780838,7.880755026086629e-07,0.004238637706648612,0.00016050544327106904
A5069753355,0.0033552543282780838,7.880755026086629e-07,0.004238637706648612,0.00016050544327106904
A5113048693,0.0009394712119178635,2.9177358286824248e-06,0.0017178902160783786,0.00016022386396239097
A5087405854,0.0012078915581801102,3.398064448740496e-05,0.04876795094301508,0.00016016785418792491
A5034169259,0.0012078915581801102,3.398064448740496e-05,0.04876795094301508,0.00016016785418792491
A5066453892,0.0020131525969668503,0.0007437093218671613,0.062036179248232313,0.00016009079573974351
A5032599875,0.008589451080391894,0.0002908616608994151,0.03526129319437365,0.00015994016959869375
A5056627231,0.003086833982015837,1.9033806670077285e-07,0.004115778642687782,0.00015977490713046198
A5034254599,0.003086833982015837,1.9033806670077285e-07,0.004115778642687782,0.00015977490713046198
A5088899338,0.003086833982015837,1.9033806670077285e-07,0.004115778642687782,0.00015977490713046198
A5048563533,0.003086833982015837,1.9033806670077285e-07,0.004115778642687782,0.00015977490713046198
A5111866351,0.0014763119044423568,2.2018074637469898e-07,0.0016863800015171583,0.00015959550104986412
A5015337386,0.0014763119044423568,2.2018074637469898e-07,0.0016863800015171583,0.0001595955010498641
A5042743185,0.00040263051939337007,1.80147883397481e-08,0.0005368406925244933,0.00015943649197489558
A5061277637,0.0014763119044423568,0.000395450280244164,0.04937248986355778,0.0001594023014020359
A5053225960,0.0008052610387867401,0.0001308954520766097,0.038050099637655585,0.00015925584645125576
A5053995609,0.0008052610387867401,7.866457575023336e-07,0.0036739097672765604,0.000159248597181509
A5078092289,0.0016105220775734803,0.002932856110652175,0.05885156199767556,0.0001591206515937428
A5001857425,0.0014763119044423568,1.5273249180306184e-05,0.058294094235034774,0.00015904116590055876
A5001562845,0.0014763119044423568,1.5273249180306184e-05,0.058294094235034774,0.00015904116590055876
A5040005212,0.0012078915581801102,4.323549201539545e-08,0.05669962702332119,0.00015870972462399166
A5085629269,0.0012078915581801102,4.323549201539545e-08,0.05669962702332119,0.00015870972462399166
A5059374909,0.0012078915581801102,4.323549201539545e-08,0.05669962702332119,0.00015870972462399163
A5078074629,0.0017447322507046035,1.7328510688710075e-07,0.05105498030021596,0.00015845007589240751
A5101985554,0.0008052610387867401,4.683844968334506e-07,0.001195690633350008,0.0001581534763400091
A5062084624,0.0006710508656556167,0.0,0.0006710508656556167,0.00015813430252167895
A5046399932,0.0006710508656556167,0.0,0.0006710508656556167,0.00015813430252167895
A5062225876,0.0006710508656556167,0.0,0.0006710508656556167,0.00015813430252167895
A5113033300,0.0006710508656556167,2.702218250962215e-07,0.0013541205527856624,0.0001580467466572084
A5003989156,0.012884176620587842,0.012113323827530019,0.04925312327697644,0.0001580031489495256
A5073906374,0.0022815729432290968,0.00011105705491900644,0.055780626962988515,0.00015737589738251058
A5015069505,0.0013421017313112334,0.0010990500673430713,0.03780983106753983,0.00015714995419601813
A5107976280,0.0008052610387867401,1.3511091254811075e-08,0.0023555606027757412,0.00015709179470428916
A5101690410,0.0014763119044423568,0.023659138878211857,0.054669143773041246,0.00015706552427658286
A5101569963,0.0005368406925244934,1.441183067179848e-06,0.0014763119044423566,0.00015702456097447083
A5088952493,0.0017447322507046035,6.206214272557529e-05,0.05635169913271007,0.00015677404200347263
A5054226404,0.0009394712119178635,0.0,0.051983388799589296,0.00015676035371728637
A5101997513,0.0009394712119178635,0.0,0.051983388799589296,0.00015676035371728637
LOCAL_A000576,0.0009394712119178635,0.0,0.051983388799589296,0.00015676035371728637
A5101813011,0.0005368406925244934,0.0,0.0005368406925244934,0.00015675492790484237
A5069029743,0.0005368406925244934,0.0,0.0005368406925244934,0.00015675492790484237
A5063551372,0.0005368406925244934,0.0,0.0005368406925244934,0.00015675492790484237
A5036761658,0.0008052610387867401,0.008676992229506233,0.05160950559437415,0.0001565129699978955
A5068605413,0.0002684203462622467,1.80147883397481e-07,0.000483156623272044,0.00015642337936722084
A5065502298,0.0013421017313112334,0.0031059312471717116,0.053711547400509034,0.00015589914428983687
A5001693984,0.0008052610387867401,0.00026171884499986037,0.05239833380996296,0.00015581803228988458
A5059773332,0.0014763119044423568,1.0036810646431087e-07,0.006232127609996764,0.00015566803527839864
A5104001656,0.0014763119044423568,1.0036810646431087e-07,0.006232127609996764,0.00015566803527839864
A5053761995,0.0005368406925244934,1.5853013738978328e-06,0.0012270644400559846,0.00015538740103356182
A5102673704,0.0014763119044423568,0.0033993000033779317,0.042502965014916,0.00015516459980227773
A5023323877,0.0009394712119178635,0.011148591913086715,0.05436061959029558,0.00015512349720535036
A5053664482,0.0022815729432290968,0.00011144039702673044,0.06099854216416565,0.00015509147700713073
A5040734845,0.002684203462622467,0.005031495319115548,0.06070604333203169,0.00015502387539077266
A5019292270,0.0002684203462622467,9.00739416987405e-07,0.0008173520453751296,0.00015492142721908943
A5070384492,0.004026305193933701,1.0098218055672402e-06,0.013623681418770135,0.00015463692027815006
A5048785235,0.004026305193933701,1.0098218055672402e-06,0.013623681418770135,0.00015463692027815006
A5101149266,0.0010736813850489868,0.00017388951060514095,0.03439164919223823,0.00015450319910878383
A5112763625,0.0009394712119178635,0.012301377775651223,0.04696397999740314,0.00015413267056386447
A5039659391,0.0010736813850489868,0.00019636119290325436,0.03326651978531471,0.00015411016456637428
A5082083737,0.0005368406925244934,0.0,0.0010960497472375073,0.0001540224814242231
A5074621625,0.0006710508656556167,6.542971124996512e-05,0.039186664333104804,0.0001539688001511507
A5004568971,0.0006710508656556167,6.542971124996512e-05,0.039186664333104804,0.0001539688001511507
A5101409609,0.0002684203462622467,0.0,0.0002684203462622467,0.00015371533450698617
A5044476993,0.0002684203462622467,0.0,0.0002684203462622467,0.00015371533450698617
A5046621202,0.0002684203462622467,0.0,0.0002684203462622467,0.00015371533450698617
A5037510069,0.0002684203462622467,0.0,0.0002684203462622467,0.00015371533450698617
A5056025737,0.0009394712119178635,6.0049294465827e-09,0.05265362410867167,0.0001535625148279277
A5049275505,0.0009394712119178635,6.0049294465827e-09,0.05265362410867167,0.0001535625148279277
A5112206530,0.0009394712119178635,6.0049294465827e-09,0.05265362410867167,0.0001535625148279277
A5007693704,0.0010736813850489868,5.40443650192443e-08,0.02908725388741728,0.00015346113452217798
A5076310748,0.0014763119044423568,1.3323304248631382e-06,0.05615352283122635,0.0001531010306332764
A5049884996,0.0008052610387867401,3.086533735543508e-07,0.04259899151857898,0.0001527603299811589
A5010770404,0.0008052610387867401,3.086533735543508e-07,0.04259899151857898,0.0001527603299811589
A5050026611,0.0017447322507046035,0.016079787972080515,0.06131719913931836,0.00015266812897887474
A5048741163,0.001878942423835727,3.4807144613584717e-07,0.055238223559246936,0.0001524520246595613
A5076032909,0.013957858005636828,1.3080328090334266e-06,0.015170800484311117,0.00015220737025775646
A5059745870,0.013957858005636828,1.3080328090334266e-06,0.015170800484311117,0.00015220737025775646
A5012751492,0.013957858005636828,1.3080328090334266e-06,0.015170800484311117,0.00015220737025775646
A5039876499,0.0005368406925244934,0.0,0.044692579900698415,0.00015201620809975744
A5005634790,0.0005368406925244934,0.0,0.044692579900698415,0.00015201620809975744
A5101529135,0.0017447322507046035,0.000458323256307452,0.04877600355345783,0.00015197345615406335
A5033647992,0.001878942423835727,0.011151035101518245,0.05647559637772033,0.00015197325227680808
A5005681997,0.0020131525969668503,2.433116979266428e-05,0.057958588656703634,0.00015193923729766733
LOCAL_A000603,0.0016105220775734803,0.00013733986241395456,0.04875721826420173,0.0001505701779950455
A5103150367,0.0013421017313112334,4.0032862977218e-09,0.0013421017313112334,0.00015038650645383245
A5084694056,0.0013421017313112334,4.0032862977218e-09,0.0013421017313112334,0.00015038650645383245
A5083079358,0.0013421017313112334,4.0032862977218e-09,0.0013421017313112334,0.00015038650645383245
A5029534432,0.0013421017313112334,4.0032862977218e-09,0.0013421017313112334,0.00015038650645383245
A5064910317,0.0013421017313112334,4.0032862977218e-09,0.0013421017313112334,0.00015038650645383245
A5004627844,0.0013421017313112334,4.0032862977218e-09,0.0013421017313112334,0.00015038650645383245
A5070810971,0.0013421017313112334,4.0032862977218e-09,0.0013421017313112334,0.00015038650645383245
A5062156514,0.0013421017313112334,4.0032862977218e-09,0.0013421017313112334,0.00015038650645383245
A5088459735,0.0013421017313112334,4.0032862977218e-09,0.0013421017313112334,0.00015038650645383245
A5015666278,0.0006710508656556167,3.60295766794962e-08,0.053915786241657195,0.00015028049441914823
A5085582592,0.0006710508656556167,0.0002617531588824122,0.030914751899007463,0.00015017228145064156
A5014446590,0.0009394712119178635,1.20098588931654e-08,0.004188725148678372,0.00015017020321123035
A5011814353,0.0021473627700979736,7.919407825325924e-07,0.057007836639498134,0.00015012440135604127
A5103096805,0.0021473627700979736,7.919407825325924e-07,0.057007836639498134,0.00015012440135604127
A5109280766,0.0021473627700979736,7.919407825325924e-07,0.057007836639498134,0.00015012440135604127
LOCAL_A000001,0.0021473627700979736,7.919407825325924e-07,0.057007836639498134,0.00015012440135604127
A5100608566,0.0012078915581801102,1.715694127595057e-08,0.0070267106351373475,0.00014985304703115
A5104277836,0.0012078915581801102,1.715694127595057e-08,0.0070267106351373475,0.00014985304703115
A5066978200,0.0005368406925244934,0.0,0.0005368406925244934,0.00014968262504172706
A5014062090,0.0005368406925244934,0.0,0.0005368406925244934,0.00014968262504172706
A5061828397,0.0005368406925244934,0.0,0.0005368406925244934,0.00014968262504172706
A5028937831,0.0005368406925244934,0.0,0.0005368406925244934,0.00014968262504172706
A5036083952,0.0008052610387867401,4.80394355726616e-08,0.032646410777712236,0.00014961775808623336
A5022798909,0.001878942423835727,7.293135786315836e-07,0.05372620088884165,0.00014958653279487267
A5094057503,0.00040263051939337007,0.0,0.0004793220468968691,0.0001495792288115055
A5111354010,0.00040263051939337007,0.0,0.0004793220468968691,0.0001495792288115055
A5106111285,0.005368406925244934,0.0,0.04559512351106187,0.00014925751729705718
A5006311823,0.005368406925244934,0.0,0.04559512351106187,0.00014925751729705718
A5122295020,0.005368406925244934,0.0,0.04559512351106187,0.00014925751729705718
A5025285609,0.005368406925244934,0.0,0.04559512351106187,0.00014925751729705718
A5018716310,0.005368406925244934,0.0,0.04559512351106187,0.00014925751729705718
A5085954814,0.005368406925244934,0.0,0.04559512351106187,0.00014925751729705718
A5004179658,0.005368406925244934,0.0,0.04559512351106187,0.00014925751729705718
A5044608756,0.005368406925244934,0.0,0.04559512351106187,0.00014925751729705718
A5086503053,0.005368406925244934,0.0,0.04559512351106187,0.00014925751729705718
A5029419036,0.005368406925244934,0.0,0.04559512351106187,0.00014925751729705718
A5059910185,0.005368406925244934,0.0,0.04559512351106187,0.00014925751729705718
A5078138004,0.005368406925244934,0.0,0.04559512351106187,0.00014925751729705718
A5122261563,0.005368406925244934,0.0,0.04559512351106187,0.00014925751729705718
A5052104891,0.005368406925244934,0.0,0.04559512351106187,0.00014925751729705718
A5103322564,0.005368406925244934,0.0,0.04559512351106187,0.00014925751729705718
LOCAL_A000716,0.005368406925244934,0.0,0.04559512351106187,0.00014925751729705718
A5042273243,0.005368406925244934,0.0,0.04559512351106187,0.00014925751729705718
A5054261847,0.005368406925244934,0.0,0.04559512351106187,0.00014925751729705718
A5063760978,0.005368406925244934,0.0,0.04559512351106187,0.00014925751729705718
A5017992365,0.005368406925244934,0.0,0.04559512351106187,0.00014925751729705718
A5009945961,0.005368406925244934,0.0,0.04559512351106187,0.00014925751729705718
A5026678611,0.005368406925244934,0.0,0.04559512351106187,0.00014925751729705718
A5122224274,0.005368406925244934,0.0,0.04559512351106187,0.00014925751729705718
A5069176903,0.005368406925244934,0.0,0.04559512351106187,0.00014925751729705718
A5075293805,0.005368406925244934,0.0,0.04559512351106187,0.00014925751729705718
A5044269266,0.005368406925244934,0.0,0.04559512351106187,0.00014925751729705718
A5011034168,0.005368406925244934,0.0,0.04559512351106187,0.00014925751729705718
A5051526686,0.005368406925244934,0.0,0.04559512351106187,0.00014925751729705718
A5122246823,0.005368406925244934,0.0,0.04559512351106187,0.00014925751729705718
A5035316905,0.005368406925244934,0.0,0.04559512351106187,0.00014925751729705718
A5116302831,0.005368406925244934,0.0,0.04559512351106187,0.00014925751729705718
A5011083260,0.005368406925244934,0.0,0.04559512351106187,0.00014925751729705718
A5111228622,0.005368406925244934,0.0,0.04559512351106187,0.00014925751729705718
A5122189634,0.005368406925244934,0.0,0.04559512351106187,0.00014925751729705718
A5024153751,0.005368406925244934,0.0,0.04559512351106187,0.00014925751729705718
A5122123240,0.005368406925244934,0.0,0.04559512351106187,0.00014925751729705718
A5063909702,0.005368406925244934,0.0,0.04559512351106187,0.00014925751729705718
A5122254251,0.005368406925244934,0.0,0.04559512351106187,0.00014925751729705718
A5036483874,0.005368406925244934,0.0,0.04559512351106187,0.00014925751729705718
A5054981597,0.005368406925244934,0.0,0.04559512351106187,0.00014925751729705718
A5082336411,0.0008052610387867401,0.0,0.0010149644343041202,0.00014920666250202864
A5136546160,0.0008052610387867401,0.0,0.0010149644343041202,0.00014920666250202864
A5136550729,0.0008052610387867401,0.0,0.0010149644343041202,0.00014920666250202864
A5025741771,0.0008052610387867401,0.0,0.0010149644343041202,0.00014920666250202864
A5055109098,0.0008052610387867401,0.0,0.0010149644343041202,0.00014920666250202864
A5136231447,0.0008052610387867401,0.0,0.0010149644343041202,0.00014920666250202864
A5091410883,0.0012078915581801102,0.0,0.03805500152707513,0.00014913408841751334
A5081442162,0.0012078915581801102,0.0,0.03805500152707513,0.00014913408841751334
A5029518373,0.0012078915581801102,0.0,0.03805500152707513,0.00014913408841751334
A5044564966,0.0012078915581801102,0.0,0.03805500152707513,0.00014913408841751334
A5035275556,0.0012078915581801102,0.0,0.03805500152707513,0.00014913408841751334
A5006223967,0.0012078915581801102,0.0,0.03805500152707513,0.00014913408841751334
A5042265263,0.0012078915581801102,0.0,0.03805500152707513,0.00014913408841751334
A5027574307,0.0012078915581801102,0.0,0.03805500152707513,0.00014913408841751334
A5004176765,0.0012078915581801102,0.0,0.03805500152707513,0.00014913408841751334
A5091512952,0.0021473627700979736,0.00010387412949784745,0.06103425190681488,0.0001490761691951646
A5060870949,0.0008052610387867401,0.0,0.033265271042079526,0.0001489922870025775
LOCAL_A000209,0.001878942423835727,9.7473981329025e-05,0.053874814308529306,0.0001488511714994274
A5045975445,0.0010736813850489868,6.793004949191363e-07,0.03265001917916876,0.00014884205353193542
A5007977315,0.0008052610387867401,2.9724400760584366e-07,0.04458689444597613,0.00014880988481686237
LOCAL_A000546,0.0008052610387867401,0.0,0.0013852407155319514,0.00014879017369825816
A5124273116,0.0008052610387867401,0.0,0.0013852407155319514,0.00014879017369825816
A5124256204,0.0008052610387867401,0.0,0.0013852407155319514,0.00014879017369825816
LOCAL_A000545,0.0008052610387867401,0.0,0.0013852407155319514,0.00014879017369825816
A5119314122,0.0008052610387867401,0.0,0.0013852407155319514,0.00014879017369825816
A5124290475,0.0008052610387867401,0.0,0.0013852407155319514,0.00014879017369825816
A5136085905,0.0008052610387867401,1.080887300384886e-07,0.0009586440937937382,0.00014874583902051137
A5120906618,0.0013421017313112334,4.831389084908945e-05,0.053322110807244416,0.0001485845043380385
A5033058790,0.0022815729432290968,0.0010606080856006468,0.054643861295575684,0.00014850782001803108
LOCAL_A000589,0.0009394712119178635,2.341922484167253e-07,0.0016447885047558943,0.00014837063433951296
LOCAL_A000103,0.0016105220775734803,0.0005809641845927292,0.058631567075391085,0.0001483201953752372
A5089855087,0.0009394712119178635,4.9826623301547725e-05,0.03939045763133675,0.00014830667039596627
A5039479946,0.0013421017313112334,1.5843063950411028e-05,0.04922849876738042,0.00014816113708988928
A5061545552,0.0017447322507046035,8.661690049229637e-05,0.0544140255778582,0.0001477389450113062
A5077443977,0.0013421017313112334,0.0002563905140628887,0.042410414709434976,0.00014766453895109625
A5087254067,0.0013421017313112334,6.536771858966485e-05,0.04132370345353222,0.00014761566799786907
A5073908772,0.0025499932894913436,7.695917551289821e-05,0.05675227797380714,0.0001473987103431088
A5092090247,0.0006710508656556167,0.0005231584607804547,0.040975000372719846,0.00014737724225377286
A5090037972,0.0010736813850489868,1.1866832391802314e-05,0.03688909880368808,0.00014737092600377433
A5008682765,0.0010736813850489868,1.1866832391802314e-05,0.03688909880368808,0.00014737092600377433
A5009690733,0.0010736813850489868,1.1866832391802314e-05,0.03688909880368808,0.00014737092600377433
A5034944739,0.0010736813850489868,1.1866832391802314e-05,0.03688909880368808,0.00014737092600377433
A5108140676,0.0010736813850489868,1.1866832391802314e-05,0.03688909880368808,0.00014737092600377433
A5084793653,0.0010736813850489868,1.1866832391802314e-05,0.03688909880368808,0.00014737092600377433
A5010689925,0.0010736813850489868,1.1866832391802314e-05,0.03688909880368808,0.00014737092600377433
A5040443493,0.0008052610387867401,0.0,0.0008589451080391894,0.0001472671108369512
A5104084220,0.0008052610387867401,0.0,0.0008589451080391894,0.0001472671108369512
A5081530810,0.0008052610387867401,0.0,0.0008589451080391894,0.0001472671108369512
A5031113286,0.0008052610387867401,0.0,0.0008589451080391894,0.0001472671108369512
A5078120613,0.0008052610387867401,0.0,0.0008589451080391894,0.0001472671108369512
A5060527763,0.0008052610387867401,0.0,0.0008589451080391894,0.0001472671108369512
A5086635649,0.0008052610387867401,8.111011750658405e-05,0.04574811938263376,0.00014711905752102052
A5101851526,0.0008052610387867401,1.80147883397481e-08,0.05281051342695382,0.00014692503349565618
A5065688594,0.0008052610387867401,1.80147883397481e-08,0.05281051342695382,0.00014692503349565618
A5021292806,0.0022815729432290968,0.02206817883022932,0.06509139671387114,0.00014689357632328442
A5103221637,0.0005368406925244934,0.0,0.0005368406925244934,0.00014685539309760865
A5008510437,0.0021473627700979736,2.2687667648817276e-07,0.003865252986176352,0.00014680396252800037
A5019922027,0.0008052610387867401,5.7148211668257175e-08,0.001195690633350008,0.00014678275487825263
A5089263417,0.0008052610387867401,5.7148211668257175e-08,0.001195690633350008,0.00014678275487825263
A5074122666,0.0008052610387867401,5.7148211668257175e-08,0.001195690633350008,0.00014678275487825263
A5010707914,0.001878942423835727,0.00010404679675800838,0.05305872473721701,0.00014662732631979866
A5100717750,0.0013421017313112334,1.8915527756735506e-07,0.05844595683831813,0.00014622134087019102
A5071928109,0.001878942423835727,0.0,0.048061763189033734,0.00014609974425826088
A5117599546,0.001878942423835727,0.0,0.048061763189033734,0.00014609974425826088
A5036081937,0.001878942423835727,0.0,0.048061763189033734,0.00014609974425826088
A5025952021,0.001878942423835727,0.0,0.048061763189033734,0.00014609974425826088
A5012274597,0.001878942423835727,0.0,0.048061763189033734,0.00014609974425826088
A5113287346,0.001878942423835727,0.0,0.048061763189033734,0.00014609974425826088
A5075005049,0.001878942423835727,0.0,0.048061763189033734,0.00014609974425826088
A5091611269,0.001878942423835727,0.0,0.048061763189033734,0.00014609974425826088
A5072516040,0.001878942423835727,0.0,0.048061763189033734,0.00014609974425826088
A5074093573,0.001878942423835727,0.0,0.048061763189033734,0.00014609974425826088
A5088212360,0.001878942423835727,0.0,0.048061763189033734,0.00014609974425826088
A5081826415,0.001878942423835727,0.0,0.048061763189033734,0.00014609974425826088
A5005562712,0.001878942423835727,0.0,0.048061763189033734,0.00014609974425826088
A5117599545,0.001878942423835727,0.0,0.048061763189033734,0.00014609974425826088
A5013383889,0.0008052610387867401,3.7500784393908965e-06,0.0034795230071031974,0.00014586907113959679
A5065581277,0.0006710508656556167,0.0,0.0007306998314916715,0.00014574035216546023
A5009247971,0.0006710508656556167,0.0,0.0007306998314916715,0.00014574035216546023
A5070240653,0.0006710508656556167,0.0,0.0007306998314916715,0.00014574035216546023
A5049003532,0.0006710508656556167,0.0,0.0007306998314916715,0.00014574035216546023
A5024527579,0.0006710508656556167,0.0,0.0007306998314916715,0.00014574035216546023
A5055270754,0.0005368406925244934,6.60542239124097e-08,0.03711000086101334,0.00014566681308101273
A5027527648,0.003892095020802577,1.2423991958446966e-09,0.003891300877766298,0.00014559991897269048
A5111349661,0.003892095020802577,1.2423991958446966e-09,0.003891300877766298,0.00014559991897269048
A5035021719,0.003892095020802577,1.2423991958446966e-09,0.003891300877766298,0.00014559991897269048
A5025657852,0.003892095020802577,1.2423991958446966e-09,0.003891300877766298,0.00014559991897269048
A5100681381,0.003892095020802577,1.2423991958446966e-09,0.003891300877766298,0.00014559991897269048
A5009714575,0.003892095020802577,1.2423991958446966e-09,0.003891300877766298,0.00014559991897269048
A5022270322,0.003892095020802577,1.2423991958446966e-09,0.003891300877766298,0.00014559991897269048
A5016981467,0.003892095020802577,1.2423991958446966e-09,0.003891300877766298,0.00014559991897269048
A5113714554,0.003892095020802577,1.2423991958446966e-09,0.003891300877766298,0.00014559991897269048
A5010001093,0.003892095020802577,1.2423991958446966e-09,0.003891300877766298,0.00014559991897269048
A5086419990,0.003892095020802577,1.2423991958446966e-09,0.003891300877766298,0.00014559991897269048
A5113211574,0.003892095020802577,1.2423991958446966e-09,0.003891300877766298,0.00014559991897269048
A5036850374,0.003892095020802577,1.2423991958446966e-09,0.003891300877766298,0.00014559991897269048
A5084845414,0.003892095020802577,1.2423991958446966e-09,0.003891300877766298,0.00014559991897269048
A5107276587,0.003892095020802577,1.2423991958446966e-09,0.003891300877766298,0.00014559991897269048
A5053530979,0.003892095020802577,1.2423991958446966e-09,0.003891300877766298,0.00014559991897269048
A5002953807,0.003892095020802577,1.2423991958446966e-09,0.003891300877766298,0.00014559991897269048
A5068659658,0.003892095020802577,1.2423991958446966e-09,0.003891300877766298,0.00014559991897269048
A5011418488,0.003892095020802577,1.2423991958446966e-09,0.003891300877766298,0.00014559991897269048
A5088838623,0.003892095020802577,1.2423991958446966e-09,0.003891300877766298,0.00014559991897269048
A5101884633,0.003892095020802577,1.2423991958446966e-09,0.003891300877766298,0.00014559991897269048
A5086241692,0.003892095020802577,1.2423991958446966e-09,0.003891300877766298,0.00014559991897269048
A5000164844,0.003892095020802577,1.2423991958446966e-09,0.003891300877766298,0.00014559991897269048
A5083743252,0.003892095020802577,1.2423991958446966e-09,0.003891300877766298,0.00014559991897269048
A5014247682,0.003892095020802577,1.2423991958446966e-09,0.003891300877766298,0.00014559991897269048
A5009865975,0.003892095020802577,1.2423991958446966e-09,0.003891300877766298,0.00014559991897269048
A5104753098,0.003892095020802577,1.2423991958446966e-09,0.003891300877766298,0.00014559991897269048
A5051704996,0.003892095020802577,1.2423991958446966e-09,0.003891300877766298,0.00014559991897269048
A5029973339,0.0010736813850489868,1.441183067179848e-07,0.05198491350742057,0.00014544785536858804
A5063548021,0.0009394712119178635,2.862349702871087e-07,0.039190130262509615,0.00014531162034142747
A5015152865,0.0008052610387867401,7.446112513762547e-08,0.001195690633350008,0.0001452571861559418
A5091544796,0.0008052610387867401,7.446112513762547e-08,0.001195690633350008,0.0001452571861559418
A5057758597,0.0012078915581801102,1.8014788339748096e-08,0.0070267106351373475,0.00014509016297436153
A5110569154,0.0012078915581801102,2.40197177863308e-09,0.0016706852586322596,0.00014508690762302142
LOCAL_A000607,0.0012078915581801102,2.40197177863308e-09,0.0016706852586322596,0.00014508690762302142
A5041058125,0.0012078915581801102,2.40197177863308e-09,0.0016706852586322596,0.00014508690762302142
A5113037102,0.0012078915581801102,2.40197177863308e-09,0.0016706852586322596,0.00014508690762302142
LOCAL_A000608,0.0012078915581801102,2.40197177863308e-09,0.0016706852586322596,0.00014508690762302142
LOCAL_A000606,0.0012078915581801102,2.40197177863308e-09,0.0016706852586322596,0.00014508690762302142
A5004189991,0.0012078915581801102,2.40197177863308e-09,0.0016706852586322596,0.00014508690762302142
A5024924822,0.0002684203462622467,0.0,0.00041940679103476047,0.0001449769713645489
A5110319120,0.0008052610387867401,0.0024059781626737534,0.04661197246796752,0.0001449204221875378
A5052054550,0.0013421017313112334,4.91515568658183e-05,0.059523563981797326,0.00014478717807013964
A5052862902,0.00040263051939337007,0.0,0.0440286583311886,0.0001445222707982122
A5071682792,0.00040263051939337007,3.7831055513471007e-06,0.001277832070938583,0.00014447418563198161
A5015417417,0.0005368406925244934,0.0,0.000603945779090055,0.0001444136743439332
A5113457602,0.0005368406925244934,0.0,0.000603945779090055,0.0001444136743439332
A5018307990,0.0005368406925244934,0.0,0.000603945779090055,0.0001444136743439332
LOCAL_A000216,0.0005368406925244934,0.0,0.000603945779090055,0.0001444136743439332
A5058526082,0.0008052610387867401,0.0001308954520766097,0.04840567093054751,0.00014438171479264105
A5091627176,0.0013421017313112334,1.9099112850634918e-06,0.05383390459927701,0.00014410606209565207
LOCAL_A000078,0.0006710508656556167,4.2034506126078896e-08,0.0009202983300419886,0.00014384792174842786
A5087959841,0.0006710508656556167,4.2034506126078896e-08,0.0009202983300419886,0.00014384792174842786
A5101863680,0.0006710508656556167,4.2034506126078896e-08,0.0009202983300419886,0.00014384792174842786
LOCAL_A000079,0.0006710508656556167,4.2034506126078896e-08,0.0009202983300419886,0.00014384792174842786
A5032063674,0.0006710508656556167,8.801722836774207e-07,0.030944978456953248,0.0001438301690338927
A5112851593,0.0010736813850489868,7.846616797933504e-06,0.04126597534626303,0.00014381722829660744
A5001802727,0.0017447322507046035,3.00246472329135e-09,0.0023863223466485104,0.00014372898469743782
A5102070282,0.0017447322507046035,3.00246472329135e-09,0.0023863223466485104,0.00014372898469743782
A5103558942,0.0017447322507046035,3.00246472329135e-09,0.0023863223466485104,0.00014372898469743782
A5102818446,0.0020131525969668503,6.045855398938223e-07,0.052905096597773114,0.00014365788595892905
A5051963851,0.0008052610387867401,9.60788711453232e-08,0.0012582203731042812,0.00014354213229348753
A5041470006,0.0016105220775734803,3.7159853641560937e-06,0.0059405660843828804,0.0001435237378134254
A5102895643,0.0008052610387867401,0.0003240502891297833,0.032980529235615876,0.000143344994778671
A5083276453,0.0020131525969668503,9.375608524950218e-08,0.003725545046916966,0.00014333786752268455
A5121514013,0.0012078915581801102,0.0014586546707030387,0.05382246101190395,0.00014294453006829093
A5010462592,0.0005368406925244934,1.80147883397481e-08,0.04662546079293918,0.00014283601393682438
A5012956416,0.0020131525969668503,3.897085564123805e-06,0.003817533813507508,0.00014275642635551815
A5081945254,0.00040263051939337007,0.005790781652658668,0.03407231422050054,0.000142650748246564
A5113279192,0.0009394712119178635,0.0,0.001052207757348007,0.0001424894612953163
A5047638529,0.0009394712119178635,0.0,0.001052207757348007,0.0001424894612953163
A5063270063,0.0009394712119178635,0.0,0.001052207757348007,0.0001424894612953163
A5053164561,0.0009394712119178635,0.0,0.001052207757348007,0.0001424894612953163
LOCAL_A000715,0.0009394712119178635,0.0,0.001052207757348007,0.0001424894612953163
A5045611980,0.0009394712119178635,0.0,0.001052207757348007,0.0001424894612953163
A5055240207,0.0009394712119178635,0.0,0.001052207757348007,0.0001424894612953163
A5100328627,0.0022815729432290968,5.08528957439466e-07,0.04974106536601922,0.00014237654332528366
A5103066046,0.0022815729432290968,5.08528957439466e-07,0.04974106536601922,0.00014237654332528366
A5061856949,0.0022815729432290968,5.08528957439466e-07,0.04974106536601922,0.00014237654332528366
A5100612055,0.0022815729432290968,5.08528957439466e-07,0.04974106536601922,0.00014237654332528366
A5023227947,0.0022815729432290968,5.08528957439466e-07,0.04974106536601922,0.00014237654332528366
A5017284186,0.0022815729432290968,5.08528957439466e-07,0.04974106536601922,0.00014237654332528366
A5074064328,0.0022815729432290968,5.08528957439466e-07,0.04974106536601922,0.00014237654332528366
A5077289428,0.0022815729432290968,5.08528957439466e-07,0.04974106536601922,0.00014237654332528366
A5082221333,0.0022815729432290968,5.08528957439466e-07,0.04974106536601922,0.00014237654332528366
A5071852839,0.0022815729432290968,5.08528957439466e-07,0.04974106536601922,0.00014237654332528366
A5005886146,0.0022815729432290968,5.08528957439466e-07,0.04974106536601922,0.00014237654332528366
A5104652264,0.0022815729432290968,5.08528957439466e-07,0.04974106536601922,0.00014237654332528366
A5065568852,0.0022815729432290968,5.08528957439466e-07,0.04974106536601922,0.00014237654332528366
A5100383157,0.0022815729432290968,5.08528957439466e-07,0.04974106536601922,0.00014237654332528366
A5071238214,0.0022815729432290968,5.08528957439466e-07,0.04974106536601922,0.00014237654332528366
A5077232345,0.0022815729432290968,5.08528957439466e-07,0.04974106536601922,0.00014237654332528366
A5036212178,0.0009394712119178635,1.441183067179848e-08,0.04555644881434256,0.0001423734804263325
A5035840553,0.0009394712119178635,1.441183067179848e-08,0.04555644881434256,0.0001423734804263325
A5030177637,0.0009394712119178635,1.441183067179848e-08,0.04555644881434256,0.0001423734804263325
A5024408684,0.0005368406925244934,0.0,0.000603945779090055,0.00014234319473723877
A5061704682,0.0005368406925244934,0.0,0.000603945779090055,0.00014234319473723877
A5024754432,0.0005368406925244934,0.0,0.000603945779090055,0.00014234319473723877
A5027706693,0.0005368406925244934,0.0,0.000603945779090055,0.00014234319473723877
A5090352762,0.0033552543282780838,0.0,0.045577535966312574,0.00014225061660180883
A5103802413,0.0033552543282780838,0.0,0.045577535966312574,0.00014225061660180883
A5054960739,0.0033552543282780838,0.0,0.045577535966312574,0.00014225061660180883
A5026745688,0.0033552543282780838,0.0,0.045577535966312574,0.00014225061660180883
A5051445017,0.0033552543282780838,0.0,0.045577535966312574,0.00014225061660180883
A5008748101,0.0033552543282780838,0.0,0.045577535966312574,0.00014225061660180883
A5066533851,0.0033552543282780838,0.0,0.045577535966312574,0.00014225061660180883
A5098699139,0.0033552543282780838,0.0,0.045577535966312574,0.00014225061660180883
A5076400696,0.0033552543282780838,0.0,0.045577535966312574,0.00014225061660180883
A5098695042,0.0033552543282780838,0.0,0.045577535966312574,0.00014225061660180883
A5030073755,0.0033552543282780838,0.0,0.045577535966312574,0.00014225061660180883
A5106740255,0.0033552543282780838,0.0,0.045577535966312574,0.00014225061660180883
A5057050099,0.0033552543282780838,0.0,0.045577535966312574,0.00014225061660180883
A5015660461,0.0033552543282780838,0.0,0.045577535966312574,0.00014225061660180883
A5044034763,0.0033552543282780838,0.0,0.045577535966312574,0.00014225061660180883
A5024332433,0.0033552543282780838,0.0,0.045577535966312574,0.00014225061660180883
A5012780158,0.0033552543282780838,0.0,0.045577535966312574,0.00014225061660180883
A5037786157,0.0033552543282780838,0.0,0.045577535966312574,0.00014225061660180883
A5029852484,0.0033552543282780838,0.0,0.045577535966312574,0.00014225061660180883
A5011245031,0.0033552543282780838,0.0,0.045577535966312574,0.00014225061660180883
A5082881656,0.0033552543282780838,0.0,0.045577535966312574,0.00014225061660180883
A5044406931,0.0033552543282780838,0.0,0.045577535966312574,0.00014225061660180883
A5073649293,0.0033552543282780838,0.0,0.045577535966312574,0.00014225061660180883
A5042948921,0.0033552543282780838,0.0,0.045577535966312574,0.00014225061660180883
A5085741547,0.0033552543282780838,0.0,0.045577535966312574,0.00014225061660180883
A5079913240,0.0002684203462622467,0.0,0.0003578937950163289,0.00014215493145046132
A5057714841,0.0002684203462622467,0.0,0.0003578937950163289,0.00014215493145046132
A5049649933,0.0016105220775734803,3.0024647232913495e-07,0.053453980792049854,0.00014203178772906946
A5043003589,0.0020131525969668503,4.32918705583159e-05,0.05674500996100394,0.00014202503619744014
A5006420582,0.0017447322507046035,6.463771837172133e-06,0.05715859265744315,0.0001419966494807023
A5010191491,0.0016105220775734803,3.693104595691928e-06,0.05616775918624615,0.0001419106576251166
A5081741097,0.0012078915581801102,0.0033114917418031694,0.047201620312711315,0.00014184472811307563
A5026865222,0.0010736813850489868,0.0,0.001252628282557151,0.00014184136236090512
A5039829241,0.0010736813850489868,0.0,0.001252628282557151,0.00014184136236090512
A5130391613,0.0010736813850489868,0.0,0.001252628282557151,0.00014184136236090512
A5101308540,0.0010736813850489868,0.0,0.001252628282557151,0.00014184136236090512
A5128730894,0.0010736813850489868,0.0,0.001252628282557151,0.00014184136236090512
A5130362156,0.0010736813850489868,0.0,0.001252628282557151,0.00014184136236090512
A5130341667,0.0010736813850489868,0.0,0.001252628282557151,0.00014184136236090512
A5130363023,0.0010736813850489868,0.0,0.001252628282557151,0.00014184136236090512
LOCAL_A000566,0.0006710508656556167,7.20591533589924e-08,0.04458577281953102,0.00014177503960222142
A5111016928,0.0008052610387867401,0.02257711118058733,0.04892275701451908,0.0001417294356845748
A5029048793,0.0012078915581801102,0.00039082393452240276,0.04247749888848405,0.00014168783864168362
A5112073302,0.0013421017313112334,3.763089119858492e-07,0.0016161141681206102,0.0001415098029482039
A5079788081,0.0020131525969668503,0.0,0.05451947587197383,0.00014150575559452734
A5124048792,0.0020131525969668503,0.0,0.05451947587197383,0.00014150575559452734
A5123952632,0.0020131525969668503,0.0,0.05451947587197383,0.00014150575559452734
A5055712772,0.0020131525969668503,0.0,0.05451947587197383,0.00014150575559452734
A5123902480,0.0020131525969668503,0.0,0.05451947587197383,0.00014150575559452734
A5123940368,0.0020131525969668503,0.0,0.05451947587197383,0.00014150575559452734
A5123919836,0.0020131525969668503,0.0,0.05451947587197383,0.00014150575559452734
A5123993505,0.0020131525969668503,0.0,0.05451947587197383,0.00014150575559452734
A5007251700,0.0020131525969668503,0.0,0.05451947587197383,0.00014150575559452734
A5040269249,0.0020131525969668503,0.0,0.05451947587197383,0.00014150575559452734
A5124037743,0.0020131525969668503,0.0,0.05451947587197383,0.00014150575559452734
A5123961539,0.0020131525969668503,0.0,0.05451947587197383,0.00014150575559452734
A5027988721,0.0020131525969668503,0.0,0.05451947587197383,0.00014150575559452734
A5123991349,0.0020131525969668503,0.0,0.05451947587197383,0.00014150575559452734
A5058677337,0.0005368406925244934,7.746358986091683e-07,0.0009021906082703292,0.00014127778874069893
A5112157787,0.0012078915581801102,0.0,0.0019117146754142568,0.00014127131191508485
A5136294812,0.0012078915581801102,0.0,0.0019117146754142568,0.00014127131191508485
A5099225713,0.0012078915581801102,0.0,0.0019117146754142568,0.00014127131191508485
A5075390584,0.0012078915581801102,0.0,0.0019117146754142568,0.00014127131191508485
A5136285735,0.0012078915581801102,0.0,0.0019117146754142568,0.00014127131191508485
A5136291996,0.0012078915581801102,0.0,0.0019117146754142568,0.00014127131191508485
A5135570915,0.0012078915581801102,0.0,0.0019117146754142568,0.00014127131191508485
A5081445314,0.0012078915581801102,0.0,0.0019117146754142568,0.00014127131191508485
A5136314463,0.0012078915581801102,0.0,0.0019117146754142568,0.00014127131191508485
A5071407430,0.0013421017313112334,3.2754160617723818e-09,0.0013532859124054935,0.00014124172505030778
A5064913339,0.0013421017313112334,3.2754160617723818e-09,0.0013532859124054935,0.00014124172505030778
A5056762239,0.0013421017313112334,3.2754160617723818e-09,0.0013532859124054935,0.00014124172505030778
A5038116070,0.0013421017313112334,3.2754160617723818e-09,0.0013532859124054935,0.00014124172505030778
A5095860330,0.0013421017313112334,3.2754160617723818e-09,0.0013532859124054935,0.00014124172505030778
A5019473435,0.0013421017313112334,3.2754160617723818e-09,0.0013532859124054935,0.00014124172505030778
A5113792609,0.0013421017313112334,3.2754160617723818e-09,0.0013532859124054935,0.00014124172505030778
A5038674343,0.0013421017313112334,3.2754160617723818e-09,0.0013532859124054935,0.00014124172505030778
A5063075884,0.0013421017313112334,3.2754160617723818e-09,0.0013532859124054935,0.00014124172505030778
A5108227773,0.0010736813850489868,0.0,0.0012484667268011474,0.0001410929661704098
A5016121125,0.0010736813850489868,0.0,0.0012484667268011474,0.0001410929661704098
A5093091534,0.0010736813850489868,0.0,0.0012484667268011474,0.0001410929661704098
A5065742799,0.0010736813850489868,0.0,0.0012484667268011474,0.0001410929661704098
A5052138057,0.0010736813850489868,0.0,0.0012484667268011474,0.0001410929661704098
A5076784188,0.0010736813850489868,0.0,0.0012484667268011474,0.0001410929661704098
A5021698878,0.0010736813850489868,0.0,0.0012484667268011474,0.0001410929661704098
A5032662195,0.0010736813850489868,0.0,0.0012484667268011474,0.0001410929661704098
A5120906256,0.0013421017313112334,0.00018505919291782557,0.05509570210830293,0.00014101836463703652
A5061980990,0.0008052610387867401,6.004929446582699e-08,0.038462969642404456,0.00014101267798628995
A5120017289,0.0008052610387867401,6.004929446582699e-08,0.038462969642404456,0.00014101267798628995
A5084471393,0.0006710508656556167,0.0,0.033817470733104316,0.00014096873720940729
A5056865763,0.0006710508656556167,0.0,0.033817470733104316,0.00014096873720940729
LOCAL_A000345,0.008186820560998525,8.932952895742859e-10,0.03525918875449096,0.00014092852118611704
LOCAL_A000341,0.008186820560998525,8.932952895742859e-10,0.03525918875449096,0.00014092852118611704
LOCAL_A000356,0.008186820560998525,8.932952895742859e-10,0.03525918875449096,0.00014092852118611704
A5063440811,0.008186820560998525,8.932952895742859e-10,0.03525918875449096,0.00014092852118611704
LOCAL_A000342,0.008186820560998525,8.932952895742859e-10,0.03525918875449096,0.00014092852118611704
LOCAL_A000346,0.008186820560998525,8.932952895742859e-10,0.03525918875449096,0.00014092852118611704
LOCAL_A000334,0.008186820560998525,8.932952895742859e-10,0.03525918875449096,0.00014092852118611704
LOCAL_A000352,0.008186820560998525,8.932952895742859e-10,0.03525918875449096,0.00014092852118611704
LOCAL_A000354,0.008186820560998525,8.932952895742859e-10,0.03525918875449096,0.00014092852118611704
LOCAL_A000355,0.008186820560998525,8.932952895742859e-10,0.03525918875449096,0.00014092852118611704
LOCAL_A000369,0.008186820560998525,8.932952895742859e-10,0.03525918875449096,0.00014092852118611704
LOCAL_A000330,0.008186820560998525,8.932952895742859e-10,0.03525918875449096,0.00014092852118611704
LOCAL_A000325,0.008186820560998525,8.932952895742859e-10,0.03525918875449096,0.00014092852118611704
LOCAL_A000327,0.008186820560998525,8.932952895742859e-10,0.03525918875449096,0.00014092852118611704
LOCAL_A000362,0.008186820560998525,8.932952895742859e-10,0.03525918875449096,0.00014092852118611704
LOCAL_A000319,0.008186820560998525,8.932952895742859e-10,0.03525918875449096,0.00014092852118611704
LOCAL_A000365,0.008186820560998525,8.932952895742859e-10,0.03525918875449096,0.00014092852118611704
LOCAL_A000329,0.008186820560998525,8.932952895742859e-10,0.03525918875449096,0.00014092852118611704
LOCAL_A000347,0.008186820560998525,8.932952895742859e-10,0.03525918875449096,0.00014092852118611704
LOCAL_A000328,0.008186820560998525,8.932952895742859e-10,0.03525918875449096,0.00014092852118611704
LOCAL_A000336,0.008186820560998525,8.932952895742859e-10,0.03525918875449096,0.00014092852118611704
LOCAL_A000326,0.008186820560998525,8.932952895742859e-10,0.03525918875449096,0.00014092852118611704
LOCAL_A000348,0.008186820560998525,8.932952895742859e-10,0.03525918875449096,0.00014092852118611704
LOCAL_A000367,0.008186820560998525,8.932952895742859e-10,0.03525918875449096,0.00014092852118611704
LOCAL_A000350,0.008186820560998525,8.932952895742859e-10,0.03525918875449096,0.00014092852118611704
LOCAL_A000351,0.008186820560998525,8.932952895742859e-10,0.03525918875449096,0.00014092852118611704
LOCAL_A000324,0.008186820560998525,8.932952895742859e-10,0.03525918875449096,0.00014092852118611704
LOCAL_A000323,0.008186820560998525,8.932952895742859e-10,0.03525918875449096,0.00014092852118611704
LOCAL_A000366,0.008186820560998525,8.932952895742859e-10,0.03525918875449096,0.00014092852118611704
LOCAL_A000357,0.008186820560998525,8.932952895742859e-10,0.03525918875449096,0.00014092852118611704
LOCAL_A000353,0.008186820560998525,8.932952895742859e-10,0.03525918875449096,0.00014092852118611704
LOCAL_A000344,0.008186820560998525,8.932952895742859e-10,0.03525918875449096,0.00014092852118611704
A5114023578,0.008186820560998525,8.932952895742859e-10,0.03525918875449096,0.00014092852118611704
LOCAL_A000363,0.008186820560998525,8.932952895742859e-10,0.03525918875449096,0.00014092852118611704
LOCAL_A000364,0.008186820560998525,8.932952895742859e-10,0.03525918875449096,0.00014092852118611704
LOCAL_A000370,0.008186820560998525,8.932952895742859e-10,0.03525918875449096,0.00014092852118611704
LOCAL_A000339,0.008186820560998525,8.932952895742859e-10,0.03525918875449096,0.00014092852118611704
LOCAL_A000317,0.008186820560998525,8.932952895742859e-10,0.03525918875449096,0.00014092852118611704
LOCAL_A000331,0.008186820560998525,8.932952895742859e-10,0.03525918875449096,0.00014092852118611704
LOCAL_A000360,0.008186820560998525,8.932952895742859e-10,0.03525918875449096,0.00014092852118611704
LOCAL_A000333,0.008186820560998525,8.932952895742859e-10,0.03525918875449096,0.00014092852118611704
LOCAL_A000332,0.008186820560998525,8.932952895742859e-10,0.03525918875449096,0.00014092852118611704
LOCAL_A000320,0.008186820560998525,8.932952895742859e-10,0.03525918875449096,0.00014092852118611704
A5059821967,0.008186820560998525,8.932952895742859e-10,0.03525918875449096,0.00014092852118611704
LOCAL_A000322,0.008186820560998525,8.932952895742859e-10,0.03525918875449096,0.00014092852118611704
LOCAL_A000349,0.008186820560998525,8.932952895742859e-10,0.03525918875449096,0.00014092852118611704
LOCAL_A000343,0.008186820560998525,8.932952895742859e-10,0.03525918875449096,0.00014092852118611704
LOCAL_A000361,0.008186820560998525,8.932952895742859e-10,0.03525918875449096,0.00014092852118611704
LOCAL_A000340,0.008186820560998525,8.932952895742859e-10,0.03525918875449096,0.00014092852118611704
LOCAL_A000359,0.008186820560998525,8.932952895742859e-10,0.03525918875449096,0.00014092852118611704
LOCAL_A000335,0.008186820560998525,8.932952895742859e-10,0.03525918875449096,0.00014092852118611704
LOCAL_A000368,0.008186820560998525,8.932952895742859e-10,0.03525918875449096,0.00014092852118611704
LOCAL_A000338,0.008186820560998525,8.932952895742859e-10,0.03525918875449096,0.00014092852118611704
LOCAL_A000337,0.008186820560998525,8.932952895742859e-10,0.03525918875449096,0.00014092852118611704
LOCAL_A000321,0.008186820560998525,8.932952895742859e-10,0.03525918875449096,0.00014092852118611704
LOCAL_A000358,0.008186820560998525,8.932952895742859e-10,0.03525918875449096,0.00014092852118611704
LOCAL_A000318,0.008186820560998525,8.932952895742859e-10,0.03525918875449096,0.00014092852118611704
LOCAL_A000427,0.0013421017313112334,0.0,0.0015617183782530718,0.00014087048227942413
A5116441306,0.0013421017313112334,0.0,0.0015617183782530718,0.00014087048227942413
LOCAL_A000423,0.0013421017313112334,0.0,0.0015617183782530718,0.00014087048227942413
A5101267559,0.0013421017313112334,0.0,0.0015617183782530718,0.00014087048227942413
A5075064773,0.0013421017313112334,0.0,0.0015617183782530718,0.00014087048227942413
A5033041246,0.0013421017313112334,0.0,0.0015617183782530718,0.00014087048227942413
LOCAL_A000422,0.0013421017313112334,0.0,0.0015617183782530718,0.00014087048227942413
LOCAL_A000426,0.0013421017313112334,0.0,0.0015617183782530718,0.00014087048227942413
LOCAL_A000424,0.0013421017313112334,0.0,0.0015617183782530718,0.00014087048227942413
LOCAL_A000425,0.0013421017313112334,0.0,0.0015617183782530718,0.00014087048227942413
A5113344629,0.0006710508656556167,0.0,0.0012484667268011474,0.00014073835091269252
A5104197221,0.0006710508656556167,0.0,0.0012484667268011474,0.00014073835091269252
A5101790883,0.0006710508656556167,0.0,0.0012484667268011474,0.00014073835091269252
A5015918478,0.0006710508656556167,0.0,0.0012484667268011474,0.00014073835091269252
A5082824466,0.0022815729432290968,0.00010893181481557541,0.05942975693665953,0.000140385405111089
A5010231114,0.0009394712119178635,0.0004035786256322249,0.049009336387622976,0.00014037643765900891
A5089932663,0.0010736813850489868,0.0,0.001260084403286658,0.000140275539378515
A5036815509,0.0010736813850489868,0.0,0.001260084403286658,0.000140275539378515
A5073228138,0.0010736813850489868,0.0,0.001260084403286658,0.000140275539378515
A5047381339,0.0010736813850489868,0.0,0.001260084403286658,0.000140275539378515
A5008944931,0.0010736813850489868,0.0,0.001260084403286658,0.000140275539378515
A5087028337,0.0010736813850489868,0.0,0.001260084403286658,0.000140275539378515
A5113659799,0.0010736813850489868,0.0,0.001260084403286658,0.000140275539378515
A5024653854,0.0010736813850489868,0.0,0.001260084403286658,0.000140275539378515
A5053412741,0.0012078915581801102,2.4881276431176792e-05,0.057162279594981526,0.00014024742954152334
A5061887361,0.0012078915581801102,1.544124714835551e-08,0.0017317441694338495,0.00014018363574588887
A5075903963,0.0012078915581801102,1.544124714835551e-08,0.0017317441694338495,0.00014018363574588887
A5036734449,0.0012078915581801102,1.544124714835551e-08,0.0017317441694338495,0.00014018363574588887
A5046868741,0.0012078915581801102,1.544124714835551e-08,0.0017317441694338495,0.00014018363574588887
A5047648157,0.0012078915581801102,1.544124714835551e-08,0.0017317441694338495,0.00014018363574588887
A5043763268,0.0012078915581801102,1.544124714835551e-08,0.0017317441694338495,0.00014018363574588887
A5059209425,0.0012078915581801102,1.544124714835551e-08,0.0017317441694338495,0.00014018363574588887
A5102008169,0.0012078915581801102,1.544124714835551e-08,0.0017317441694338495,0.00014018363574588887
A5102008168,0.0017447322507046035,0.00047010354381633195,0.05840551114222623,0.00014002464240528995
A5066953147,0.0006710508656556167,7.20591533589924e-08,0.05119951587722787,0.0001399287722287957
A5066185060,0.0014763119044423568,0.0,0.05236737010258523,0.000139814200096006
A5116329275,0.0014763119044423568,0.0,0.05236737010258523,0.000139814200096006
LOCAL_A000723,0.0014763119044423568,0.0,0.05236737010258523,0.000139814200096006
A5116329277,0.0014763119044423568,0.0,0.05236737010258523,0.000139814200096006
A5071070151,0.0014763119044423568,0.0,0.05236737010258523,0.000139814200096006
A5101451102,0.0014763119044423568,0.0,0.05236737010258523,0.000139814200096006
A5116329276,0.0014763119044423568,0.0,0.05236737010258523,0.000139814200096006
A5008728596,0.0014763119044423568,0.0,0.05236737010258523,0.000139814200096006
A5028803174,0.0014763119044423568,0.0,0.05236737010258523,0.000139814200096006
A5116329274,0.0014763119044423568,0.0,0.05236737010258523,0.000139814200096006
A5023570581,0.0014763119044423568,0.0,0.05236737010258523,0.000139814200096006
A5004161082,0.0010736813850489868,5.147082382785171e-09,0.05368226439065899,0.00013978875042702655
A5044252117,0.0005368406925244934,0.0,0.0007157875900326578,0.00013973650254469046
A5060339388,0.0005368406925244934,0.0,0.0007157875900326578,0.00013973650254469046
A5016425455,0.0005368406925244934,0.0,0.0007157875900326578,0.00013973650254469046
A5018984230,0.0005368406925244934,0.0,0.0007157875900326578,0.00013973650254469046
A5056522373,0.0024157831163602204,0.00021621335822227556,0.059425771705683056,0.00013957825604731726
A5102959200,0.0010736813850489868,0.0,0.037004627549732695,0.00013936685351904768
A5008646614,0.0010736813850489868,0.0,0.037004627549732695,0.00013936685351904768
LOCAL_A000596,0.0010736813850489868,0.0,0.037004627549732695,0.00013936685351904768
A5101149346,0.0010736813850489868,0.0,0.037004627549732695,0.00013936685351904768
A5007062060,0.0010736813850489868,0.0,0.037004627549732695,0.00013936685351904768
A5045073476,0.0010736813850489868,0.0,0.037004627549732695,0.00013936685351904768
LOCAL_A000595,0.0010736813850489868,0.0,0.037004627549732695,0.00013936685351904768
A5101705942,0.0010736813850489868,0.0,0.037004627549732695,0.00013936685351904768
A5087293091,0.0017447322507046035,0.0025940755139635635,0.056367828805202976,0.0001393397541155156
A5068504606,0.0017447322507046035,2.120280409957719e-07,0.052901938367370005,0.00013932893189774713
A5091637262,0.0017447322507046035,2.120280409957719e-07,0.052901938367370005,0.00013932893189774713
A5039312494,0.0017447322507046035,2.120280409957719e-07,0.052901938367370005,0.00013932893189774713
A5104331230,0.0006710508656556167,1.561281656111502e-08,0.03938345535013215,0.00013919438332318933
A5099244504,0.0006710508656556167,1.561281656111502e-08,0.03938345535013215,0.00013919438332318933
LOCAL_A000286,0.0010736813850489868,0.0,0.04872103032387699,0.00013909471103047666
A5101440087,0.0010736813850489868,0.0,0.04872103032387699,0.00013909471103047666
A5111192946,0.0009394712119178635,4.503697084937025e-09,0.0009543834533768771,0.00013891187975161205
A5108769132,0.0009394712119178635,4.503697084937025e-09,0.0009543834533768771,0.00013891187975161205
A5015381463,0.0009394712119178635,4.503697084937025e-09,0.0009543834533768771,0.00013891187975161205
A5000170087,0.0009394712119178635,4.503697084937025e-09,0.0009543834533768771,0.00013891187975161205
A5068268537,0.0009394712119178635,4.503697084937025e-09,0.0009543834533768771,0.00013891187975161205
A5102819254,0.0009394712119178635,4.503697084937025e-09,0.0009543834533768771,0.00013891187975161205
LOCAL_A000172,0.012749966447456717,0.0,0.04484297239960523,0.00013889145192715123
LOCAL_A000171,0.012749966447456717,0.0,0.04484297239960523,0.00013889145192715123
LOCAL_A000138,0.012749966447456717,0.0,0.04484297239960523,0.00013889145192715123
LOCAL_A000168,0.012749966447456717,0.0,0.04484297239960523,0.00013889145192715123
LOCAL_A000124,0.012749966447456717,0.0,0.04484297239960523,0.00013889145192715123
LOCAL_A000198,0.012749966447456717,0.0,0.04484297239960523,0.00013889145192715123
LOCAL_A000179,0.012749966447456717,0.0,0.04484297239960523,0.00013889145192715123
LOCAL_A000109,0.012749966447456717,0.0,0.04484297239960523,0.00013889145192715123
LOCAL_A000126,0.012749966447456717,0.0,0.04484297239960523,0.00013889145192715123
LOCAL_A000170,0.012749966447456717,0.0,0.04484297239960523,0.00013889145192715123
LOCAL_A000130,0.012749966447456717,0.0,0.04484297239960523,0.00013889145192715123
LOCAL_A000149,0.012749966447456717,0.0,0.04484297239960523,0.00013889145192715123
LOCAL_A000110,0.012749966447456717,0.0,0.04484297239960523,0.00013889145192715123
LOCAL_A000129,0.012749966447456717,0.0,0.04484297239960523,0.00013889145192715123
LOCAL_A000127,0.012749966447456717,0.0,0.04484297239960523,0.00013889145192715123
LOCAL_A000176,0.012749966447456717,0.0,0.04484297239960523,0.00013889145192715123
LOCAL_A000132,0.012749966447456717,0.0,0.04484297239960523,0.00013889145192715123
LOCAL_A000141,0.012749966447456717,0.0,0.04484297239960523,0.00013889145192715123
LOCAL_A000136,0.012749966447456717,0.0,0.04484297239960523,0.00013889145192715123
LOCAL_A000186,0.012749966447456717,0.0,0.04484297239960523,0.00013889145192715123
LOCAL_A000121,0.012749966447456717,0.0,0.04484297239960523,0.00013889145192715123
LOCAL_A000166,0.012749966447456717,0.0,0.04484297239960523,0.00013889145192715123
LOCAL_A000120,0.012749966447456717,0.0,0.04484297239960523,0.00013889145192715123
LOCAL_A000113,0.012749966447456717,0.0,0.04484297239960523,0.00013889145192715123
LOCAL_A000188,0.012749966447456717,0.0,0.04484297239960523,0.00013889145192715123
LOCAL_A000107,0.012749966447456717,0.0,0.04484297239960523,0.00013889145192715123
LOCAL_A000196,0.012749966447456717,0.0,0.04484297239960523,0.00013889145192715123
LOCAL_A000111,0.012749966447456717,0.0,0.04484297239960523,0.00013889145192715123
LOCAL_A000112,0.012749966447456717,0.0,0.04484297239960523,0.00013889145192715123
LOCAL_A000182,0.012749966447456717,0.0,0.04484297239960523,0.00013889145192715123
LOCAL_A000174,0.012749966447456717,0.0,0.04484297239960523,0.00013889145192715123
LOCAL_A000160,0.012749966447456717,0.0,0.04484297239960523,0.00013889145192715123
LOCAL_A000123,0.012749966447456717,0.0,0.04484297239960523,0.00013889145192715123
LOCAL_A000162,0.012749966447456717,0.0,0.04484297239960523,0.00013889145192715123
LOCAL_A000201,0.012749966447456717,0.0,0.04484297239960523,0.00013889145192715123
LOCAL_A000156,0.012749966447456717,0.0,0.04484297239960523,0.00013889145192715123
LOCAL_A000164,0.012749966447456717,0.0,0.04484297239960523,0.00013889145192715123
LOCAL_A000165,0.012749966447456717,0.0,0.04484297239960523,0.00013889145192715123
LOCAL_A000122,0.012749966447456717,0.0,0.04484297239960523,0.00013889145192715123
LOCAL_A000191,0.012749966447456717,0.0,0.04484297239960523,0.00013889145192715123
LOCAL_A000151,0.012749966447456717,0.0,0.04484297239960523,0.00013889145192715123
LOCAL_A000197,0.012749966447456717,0.0,0.04484297239960523,0.00013889145192715123
LOCAL_A000183,0.012749966447456717,0.0,0.04484297239960523,0.00013889145192715123
LOCAL_A000187,0.012749966447456717,0.0,0.04484297239960523,0.00013889145192715123
LOCAL_A000161,0.012749966447456717,0.0,0.04484297239960523,0.00013889145192715123
LOCAL_A000169,0.012749966447456717,0.0,0.04484297239960523,0.00013889145192715123
LOCAL_A000119,0.012749966447456717,0.0,0.04484297239960523,0.00013889145192715123
LOCAL_A000142,0.012749966447456717,0.0,0.04484297239960523,0.00013889145192715123
LOCAL_A000140,0.012749966447456717,0.0,0.04484297239960523,0.00013889145192715123
LOCAL_A000137,0.012749966447456717,0.0,0.04484297239960523,0.00013889145192715123
LOCAL_A000117,0.012749966447456717,0.0,0.04484297239960523,0.00013889145192715123
LOCAL_A000157,0.012749966447456717,0.0,0.04484297239960523,0.00013889145192715123
LOCAL_A000180,0.012749966447456717,0.0,0.04484297239960523,0.00013889145192715123
LOCAL_A000116,0.012749966447456717,0.0,0.04484297239960523,0.00013889145192715123
LOCAL_A000177,0.012749966447456717,0.0,0.04484297239960523,0.00013889145192715123
LOCAL_A000193,0.012749966447456717,0.0,0.04484297239960523,0.00013889145192715123
LOCAL_A000159,0.012749966447456717,0.0,0.04484297239960523,0.00013889145192715123
LOCAL_A000146,0.012749966447456717,0.0,0.04484297239960523,0.00013889145192715123
LOCAL_A000154,0.012749966447456717,0.0,0.04484297239960523,0.00013889145192715123
LOCAL_A000108,0.012749966447456717,0.0,0.04484297239960523,0.00013889145192715123
LOCAL_A000144,0.012749966447456717,0.0,0.04484297239960523,0.00013889145192715123
LOCAL_A000195,0.012749966447456717,0.0,0.04484297239960523,0.00013889145192715123
LOCAL_A000115,0.012749966447456717,0.0,0.04484297239960523,0.00013889145192715123
LOCAL_A000192,0.012749966447456717,0.0,0.04484297239960523,0.00013889145192715123
LOCAL_A000189,0.012749966447456717,0.0,0.04484297239960523,0.00013889145192715123
LOCAL_A000147,0.012749966447456717,0.0,0.04484297239960523,0.00013889145192715123
LOCAL_A000190,0.012749966447456717,0.0,0.04484297239960523,0.00013889145192715123
LOCAL_A000194,0.012749966447456717,0.0,0.04484297239960523,0.00013889145192715123
LOCAL_A000167,0.012749966447456717,0.0,0.04484297239960523,0.00013889145192715123
LOCAL_A000145,0.012749966447456717,0.0,0.04484297239960523,0.00013889145192715123
LOCAL_A000150,0.012749966447456717,0.0,0.04484297239960523,0.00013889145192715123
LOCAL_A000133,0.012749966447456717,0.0,0.04484297239960523,0.00013889145192715123
LOCAL_A000135,0.012749966447456717,0.0,0.04484297239960523,0.00013889145192715123
LOCAL_A000118,0.012749966447456717,0.0,0.04484297239960523,0.00013889145192715123
LOCAL_A000199,0.012749966447456717,0.0,0.04484297239960523,0.00013889145192715123
LOCAL_A000173,0.012749966447456717,0.0,0.04484297239960523,0.00013889145192715123
LOCAL_A000114,0.012749966447456717,0.0,0.04484297239960523,0.00013889145192715123
LOCAL_A000184,0.012749966447456717,0.0,0.04484297239960523,0.00013889145192715123
LOCAL_A000153,0.012749966447456717,0.0,0.04484297239960523,0.00013889145192715123
LOCAL_A000175,0.012749966447456717,0.0,0.04484297239960523,0.00013889145192715123
LOCAL_A000134,0.012749966447456717,0.0,0.04484297239960523,0.00013889145192715123
LOCAL_A000152,0.012749966447456717,0.0,0.04484297239960523,0.00013889145192715123
LOCAL_A000163,0.012749966447456717,0.0,0.04484297239960523,0.00013889145192715123
LOCAL_A000178,0.012749966447456717,0.0,0.04484297239960523,0.00013889145192715123
LOCAL_A000143,0.012749966447456717,0.0,0.04484297239960523,0.00013889145192715123
LOCAL_A000128,0.012749966447456717,0.0,0.04484297239960523,0.00013889145192715123
LOCAL_A000139,0.012749966447456717,0.0,0.04484297239960523,0.00013889145192715123
LOCAL_A000200,0.012749966447456717,0.0,0.04484297239960523,0.00013889145192715123
LOCAL_A000185,0.012749966447456717,0.0,0.04484297239960523,0.00013889145192715123
LOCAL_A000155,0.012749966447456717,0.0,0.04484297239960523,0.00013889145192715123
LOCAL_A000181,0.012749966447456717,0.0,0.04484297239960523,0.00013889145192715123
LOCAL_A000131,0.012749966447456717,0.0,0.04484297239960523,0.00013889145192715123
LOCAL_A000158,0.012749966447456717,0.0,0.04484297239960523,0.00013889145192715123
LOCAL_A000148,0.012749966447456717,0.0,0.04484297239960523,0.00013889145192715123
LOCAL_A000125,0.012749966447456717,0.0,0.04484297239960523,0.00013889145192715123
A5037989297,0.0002684203462622467,0.0,0.0002684203462622467,0.00013878309769829888
A5066718144,0.00040263051939337007,3.60295766794962e-08,0.0004793220468968691,0.00013859393580319324
LOCAL_A000682,0.004294725540195947,0.0,0.004294725540195947,0.00013843992053194133
LOCAL_A000700,0.004294725540195947,0.0,0.004294725540195947,0.00013843992053194133
A5112827539,0.004294725540195947,0.0,0.004294725540195947,0.00013843992053194133
A5094633734,0.004294725540195947,0.0,0.004294725540195947,0.00013843992053194133
LOCAL_A000684,0.004294725540195947,0.0,0.004294725540195947,0.00013843992053194133
LOCAL_A000693,0.004294725540195947,0.0,0.004294725540195947,0.00013843992053194133
LOCAL_A000704,0.004294725540195947,0.0,0.004294725540195947,0.00013843992053194133
LOCAL_A000697,0.004294725540195947,0.0,0.004294725540195947,0.00013843992053194133
LOCAL_A000692,0.004294725540195947,0.0,0.004294725540195947,0.00013843992053194133
LOCAL_A000703,0.004294725540195947,0.0,0.004294725540195947,0.00013843992053194133
LOCAL_A000698,0.004294725540195947,0.0,0.004294725540195947,0.00013843992053194133
A5094396568,0.004294725540195947,0.0,0.004294725540195947,0.00013843992053194133
LOCAL_A000699,0.004294725540195947,0.0,0.004294725540195947,0.00013843992053194133
LOCAL_A000701,0.004294725540195947,0.0,0.004294725540195947,0.00013843992053194133
LOCAL_A000680,0.004294725540195947,0.0,0.004294725540195947,0.00013843992053194133
A5099757064,0.004294725540195947,0.0,0.004294725540195947,0.00013843992053194133
LOCAL_A000694,0.004294725540195947,0.0,0.004294725540195947,0.00013843992053194133
LOCAL_A000702,0.004294725540195947,0.0,0.004294725540195947,0.00013843992053194133
LOCAL_A000688,0.004294725540195947,0.0,0.004294725540195947,0.00013843992053194133
LOCAL_A000706,0.004294725540195947,0.0,0.004294725540195947,0.00013843992053194133
LOCAL_A000685,0.004294725540195947,0.0,0.004294725540195947,0.00013843992053194133
LOCAL_A000679,0.004294725540195947,0.0,0.004294725540195947,0.00013843992053194133
LOCAL_A000689,0.004294725540195947,0.0,0.004294725540195947,0.00013843992053194133
LOCAL_A000695,0.004294725540195947,0.0,0.004294725540195947,0.00013843992053194133
LOCAL_A000691,0.004294725540195947,0.0,0.004294725540195947,0.00013843992053194133
LOCAL_A000696,0.004294725540195947,0.0,0.004294725540195947,0.00013843992053194133
LOCAL_A000690,0.004294725540195947,0.0,0.004294725540195947,0.00013843992053194133
LOCAL_A000705,0.004294725540195947,0.0,0.004294725540195947,0.00013843992053194133
LOCAL_A000681,0.004294725540195947,0.0,0.004294725540195947,0.00013843992053194133
LOCAL_A000686,0.004294725540195947,0.0,0.004294725540195947,0.00013843992053194133
LOCAL_A000683,0.004294725540195947,0.0,0.004294725540195947,0.00013843992053194133
A5099757065,0.004294725540195947,0.0,0.004294725540195947,0.00013843992053194133
LOCAL_A000687,0.004294725540195947,0.0,0.004294725540195947,0.00013843992053194133
LOCAL_A000491,0.005368406925244934,0.0,0.005368406925244934,0.00013843992053194122
LOCAL_A000499,0.005368406925244934,0.0,0.005368406925244934,0.00013843992053194122
LOCAL_A000481,0.005368406925244934,0.0,0.005368406925244934,0.00013843992053194122
LOCAL_A000507,0.005368406925244934,0.0,0.005368406925244934,0.00013843992053194122
LOCAL_A000508,0.005368406925244934,0.0,0.005368406925244934,0.00013843992053194122
LOCAL_A000497,0.005368406925244934,0.0,0.005368406925244934,0.00013843992053194122
LOCAL_A000514,0.005368406925244934,0.0,0.005368406925244934,0.00013843992053194122
LOCAL_A000519,0.005368406925244934,0.0,0.005368406925244934,0.00013843992053194122
LOCAL_A000504,0.005368406925244934,0.0,0.005368406925244934,0.00013843992053194122
LOCAL_A000509,0.005368406925244934,0.0,0.005368406925244934,0.00013843992053194122
LOCAL_A000492,0.005368406925244934,0.0,0.005368406925244934,0.00013843992053194122
LOCAL_A000483,0.005368406925244934,0.0,0.005368406925244934,0.00013843992053194122
LOCAL_A000498,0.005368406925244934,0.0,0.005368406925244934,0.00013843992053194122
LOCAL_A000480,0.005368406925244934,0.0,0.005368406925244934,0.00013843992053194122
LOCAL_A000484,0.005368406925244934,0.0,0.005368406925244934,0.00013843992053194122
LOCAL_A000512,0.005368406925244934,0.0,0.005368406925244934,0.00013843992053194122
LOCAL_A000513,0.005368406925244934,0.0,0.005368406925244934,0.00013843992053194122
LOCAL_A000502,0.005368406925244934,0.0,0.005368406925244934,0.00013843992053194122
LOCAL_A000488,0.005368406925244934,0.0,0.005368406925244934,0.00013843992053194122
LOCAL_A000482,0.005368406925244934,0.0,0.005368406925244934,0.00013843992053194122
LOCAL_A000503,0.005368406925244934,0.0,0.005368406925244934,0.00013843992053194122
LOCAL_A000517,0.005368406925244934,0.0,0.005368406925244934,0.00013843992053194122
LOCAL_A000489,0.005368406925244934,0.0,0.005368406925244934,0.00013843992053194122
LOCAL_A000490,0.005368406925244934,0.0,0.005368406925244934,0.00013843992053194122
LOCAL_A000485,0.005368406925244934,0.0,0.005368406925244934,0.00013843992053194122
LOCAL_A000479,0.005368406925244934,0.0,0.005368406925244934,0.00013843992053194122
LOCAL_A000506,0.005368406925244934,0.0,0.005368406925244934,0.00013843992053194122
LOCAL_A000496,0.005368406925244934,0.0,0.005368406925244934,0.00013843992053194122
LOCAL_A000505,0.005368406925244934,0.0,0.005368406925244934,0.00013843992053194122
LOCAL_A000494,0.005368406925244934,0.0,0.005368406925244934,0.00013843992053194122
LOCAL_A000495,0.005368406925244934,0.0,0.005368406925244934,0.00013843992053194122
LOCAL_A000515,0.005368406925244934,0.0,0.005368406925244934,0.00013843992053194122
LOCAL_A000501,0.005368406925244934,0.0,0.005368406925244934,0.00013843992053194122
LOCAL_A000487,0.005368406925244934,0.0,0.005368406925244934,0.00013843992053194122
LOCAL_A000516,0.005368406925244934,0.0,0.005368406925244934,0.00013843992053194122
LOCAL_A000518,0.005368406925244934,0.0,0.005368406925244934,0.00013843992053194122
LOCAL_A000486,0.005368406925244934,0.0,0.005368406925244934,0.00013843992053194122
LOCAL_A000511,0.005368406925244934,0.0,0.005368406925244934,0.00013843992053194122
LOCAL_A000510,0.005368406925244934,0.0,0.005368406925244934,0.00013843992053194122
LOCAL_A000500,0.005368406925244934,0.0,0.005368406925244934,0.00013843992053194122
LOCAL_A000493,0.005368406925244934,0.0,0.005368406925244934,0.00013843992053194122
A5082418119,0.00040263051939337007,0.0,0.00040263051939337,0.0001384399205319412
LOCAL_A000588,0.0002684203462622467,0.0,0.0002684203462622467,0.0001384399205319412
A5101768172,0.0002684203462622467,0.0,0.0002684203462622467,0.0001384399205319412
A5079426909,0.00013421017313112335,0.0,0.00013421017313112335,0.0001384399205319412
A5049942941,0.0002684203462622467,0.0,0.0002684203462622467,0.0001384399205319412
A5104233840,0.00040263051939337007,0.0,0.00040263051939337,0.0001384399205319412
A5004271260,0.0002684203462622467,0.0,0.0002684203462622467,0.0001384399205319412
A5025759682,0.00040263051939337007,0.0,0.00040263051939337,0.0001384399205319412
A5007233714,0.00040263051939337007,0.0,0.00040263051939337,0.0001384399205319412
LOCAL_A000407,0.0002684203462622467,0.0,0.0002684203462622467,0.0001384399205319412
LOCAL_A000077,0.0012078915581801102,0.0,0.00120789155818011,0.0001384399205319412
LOCAL_A000073,0.0012078915581801102,0.0,0.00120789155818011,0.0001384399205319412
A5100438985,0.0002684203462622467,0.0,0.0002684203462622467,0.0001384399205319412
A5100670952,0.0002684203462622467,0.0,0.0002684203462622467,0.0001384399205319412
A5014499824,0.0002684203462622467,0.0,0.0002684203462622467,0.0001384399205319412
A5065465017,0.0002684203462622467,0.0,0.0002684203462622467,0.0001384399205319412
A5040190344,0.0006710508656556167,0.0,0.0006710508656556167,0.0001384399205319412
A5104132940,0.0006710508656556167,0.0,0.0006710508656556167,0.0001384399205319412
A5114060108,0.0006710508656556167,0.0,0.0006710508656556167,0.0001384399205319412
A5066642825,0.0002684203462622467,0.0,0.0002684203462622467,0.0001384399205319412
A5068322618,0.0006710508656556167,0.0,0.0006710508656556167,0.0001384399205319412
LOCAL_A000294,0.0002684203462622467,0.0,0.0002684203462622467,0.0001384399205319412
LOCAL_A000074,0.0012078915581801102,0.0,0.00120789155818011,0.0001384399205319412
A5134506871,0.0005368406925244934,0.0,0.0005368406925244934,0.0001384399205319412
A5068820312,0.0005368406925244934,0.0,0.0005368406925244934,0.0001384399205319412
A5021691466,0.00040263051939337007,0.0,0.00040263051939337,0.0001384399205319412
A5129696686,0.00040263051939337007,0.0,0.00040263051939337,0.0001384399205319412
A5110647737,0.00013421017313112335,0.0,0.00013421017313112335,0.0001384399205319412
A5100037796,0.00013421017313112335,0.0,0.00013421017313112335,0.0001384399205319412
LOCAL_A000069,0.0012078915581801102,0.0,0.00120789155818011,0.0001384399205319412
LOCAL_A000070,0.0012078915581801102,0.0,0.00120789155818011,0.0001384399205319412
LOCAL_A000072,0.0012078915581801102,0.0,0.00120789155818011,0.0001384399205319412
A5073166210,0.0006710508656556167,0.0,0.0006710508656556167,0.0001384399205319412
A5117428844,0.0006710508656556167,0.0,0.0006710508656556167,0.0001384399205319412
A5133109930,0.0002684203462622467,0.0,0.0002684203462622467,0.0001384399205319412
LOCAL_A000075,0.0012078915581801102,0.0,0.00120789155818011,0.0001384399205319412
A5101781623,0.0006710508656556167,0.0,0.0006710508656556167,0.0001384399205319412
A5108640854,0.0006710508656556167,0.0,0.0006710508656556167,0.0001384399205319412
A5072203401,0.0006710508656556167,0.0,0.0006710508656556167,0.0001384399205319412
A5017957987,0.0006710508656556167,0.0,0.0006710508656556167,0.0001384399205319412
A5021635788,0.0006710508656556167,0.0,0.0006710508656556167,0.0001384399205319412
A5056344750,0.0005368406925244934,0.0,0.0005368406925244934,0.0001384399205319412
A5092228143,0.0006710508656556167,0.0,0.0006710508656556167,0.0001384399205319412
A5127869048,0.0005368406925244934,0.0,0.0005368406925244934,0.0001384399205319412
A5025886183,0.00013421017313112335,0.0,0.00013421017313112335,0.0001384399205319412
A5040689665,0.00013421017313112335,0.0,0.00013421017313112335,0.0001384399205319412
A5075415764,0.00013421017313112335,0.0,0.00013421017313112335,0.0001384399205319412
A5129576085,0.00013421017313112335,0.0,0.00013421017313112335,0.0001384399205319412
A5014472521,0.0002684203462622467,0.0,0.0002684203462622467,0.0001384399205319412
A5137599796,0.0002684203462622467,0.0,0.0002684203462622467,0.0001384399205319412
A5137570767,0.0002684203462622467,0.0,0.0002684203462622467,0.0001384399205319412
A5113668081,0.0006710508656556167,0.0,0.0006710508656556167,0.0001384399205319412
A5130238958,0.0002684203462622467,0.0,0.0002684203462622467,0.0001384399205319412
A5017566261,0.0006710508656556167,0.0,0.0006710508656556167,0.0001384399205319412
A5076866489,0.0006710508656556167,0.0,0.0006710508656556167,0.0001384399205319412
A5104084941,0.0006710508656556167,0.0,0.0006710508656556167,0.0001384399205319412
A5002775135,0.0005368406925244934,0.0,0.0005368406925244934,0.0001384399205319412
A5109035078,0.0005368406925244934,0.0,0.0005368406925244934,0.0001384399205319412
A5112927327,0.0005368406925244934,0.0,0.0005368406925244934,0.0001384399205319412
A5013499835,0.0005368406925244934,0.0,0.0005368406925244934,0.0001384399205319412
A5035311348,0.0002684203462622467,0.0,0.0002684203462622467,0.0001384399205319412
A5021110208,0.0002684203462622467,0.0,0.0002684203462622467,0.0001384399205319412
A5070726452,0.0002684203462622467,0.0,0.0002684203462622467,0.0001384399205319412
A5039111818,0.0002684203462622467,0.0,0.0002684203462622467,0.0001384399205319412
A5113357766,0.0002684203462622467,0.0,0.0002684203462622467,0.0001384399205319412
A5106841018,0.0002684203462622467,0.0,0.0002684203462622467,0.0001384399205319412
A5106781066,0.0002684203462622467,0.0,0.0002684203462622467,0.0001384399205319412
A5040003914,0.0002684203462622467,0.0,0.0002684203462622467,0.0001384399205319412
A5106803393,0.0002684203462622467,0.0,0.0002684203462622467,0.0001384399205319412
A5038261244,0.00040263051939337007,0.0,0.00040263051939337,0.0001384399205319412
A5065973639,0.00040263051939337007,0.0,0.00040263051939337,0.0001384399205319412
A5085021661,0.00040263051939337007,0.0,0.00040263051939337,0.0001384399205319412
A5087547039,0.00040263051939337007,0.0,0.00040263051939337,0.0001384399205319412
A5078525116,0.0006710508656556167,0.0,0.0006710508656556167,0.0001384399205319412
A5058225154,0.0002684203462622467,0.0,0.0002684203462622467,0.0001384399205319412
A5044156341,0.0002684203462622467,0.0,0.0002684203462622467,0.0001384399205319412
A5071378698,0.0002684203462622467,0.0,0.0002684203462622467,0.0001384399205319412
A5091850427,0.0002684203462622467,0.0,0.0002684203462622467,0.0001384399205319412
A5089751241,0.0002684203462622467,0.0,0.0002684203462622467,0.0001384399205319412
A5060576424,0.0005368406925244934,0.0,0.0005368406925244934,0.0001384399205319412
A5088942436,0.0002684203462622467,0.0,0.0002684203462622467,0.0001384399205319412
A5112918103,0.00040263051939337007,0.0,0.00040263051939337,0.0001384399205319412
A5067502210,0.00040263051939337007,0.0,0.00040263051939337,0.0001384399205319412
A5100366805,0.0005368406925244934,0.0,0.0005368406925244934,0.0001384399205319412
A5007880310,0.0005368406925244934,0.0,0.0005368406925244934,0.0001384399205319412
A5045269587,0.0005368406925244934,0.0,0.0005368406925244934,0.0001384399205319412
A5068463807,0.0005368406925244934,0.0,0.0005368406925244934,0.0001384399205319412
A5109758958,0.00040263051939337007,0.0,0.00040263051939337,0.0001384399205319412
A5106284058,0.00040263051939337007,0.0,0.00040263051939337,0.0001384399205319412
LOCAL_A000076,0.0012078915581801102,0.0,0.00120789155818011,0.0001384399205319412
A5106155927,0.00040263051939337007,0.0,0.00040263051939337,0.0001384399205319412
A5007052251,0.0002684203462622467,0.0,0.0002684203462622467,0.0001384399205319412
A5016763122,0.00040263051939337007,0.0,0.00040263051939337,0.0001384399205319412
A5106155928,0.00040263051939337007,0.0,0.00040263051939337,0.0001384399205319412
A5053750142,0.00040263051939337007,0.0,0.00040263051939337,0.0001384399205319412
A5106206940,0.00040263051939337007,0.0,0.00040263051939337,0.0001384399205319412
A5027845624,0.00040263051939337007,0.0,0.00040263051939337,0.0001384399205319412
A5129721131,0.00013421017313112335,0.0,0.00013421017313112335,0.0001384399205319412
A5105012314,0.0002684203462622467,0.0,0.0002684203462622467,0.0001384399205319412
A5068736163,0.0005368406925244934,0.0,0.0005368406925244934,0.0001384399205319412
A5133110342,0.0002684203462622467,0.0,0.0002684203462622467,0.0001384399205319412
A5109230591,0.00040263051939337007,0.0,0.00040263051939337,0.0001384399205319412
A5129644697,0.00013421017313112335,0.0,0.00013421017313112335,0.0001384399205319412
A5050737114,0.0002684203462622467,0.0,0.0002684203462622467,0.0001384399205319412
A5109215282,0.0006710508656556167,0.0,0.0006710508656556167,0.0001384399205319412
A5113595096,0.0006710508656556167,0.0,0.0006710508656556167,0.0001384399205319412
A5047142221,0.00040263051939337007,0.0,0.00040263051939337,0.0001384399205319412
A5041576959,0.00040263051939337007,0.0,0.00040263051939337,0.0001384399205319412
A5013951937,0.00040263051939337007,0.0,0.00040263051939337,0.0001384399205319412
A5054591254,0.00040263051939337007,0.0,0.00040263051939337,0.0001384399205319412
A5112800545,0.00013421017313112335,0.0,0.00013421017313112335,0.0001384399205319412
A5029649717,0.00013421017313112335,0.0,0.00013421017313112335,0.0001384399205319412
A5137821333,0.0005368406925244934,0.0,0.0005368406925244934,0.0001384399205319412
A5101288712,0.0005368406925244934,0.0,0.0005368406925244934,0.0001384399205319412
A5007295809,0.00013421017313112335,0.0,0.00013421017313112335,0.0001384399205319412
A5108638252,0.00013421017313112335,0.0,0.00013421017313112335,0.0001384399205319412
A5029499585,0.00040263051939337007,0.0,0.00040263051939337,0.0001384399205319412
A5133126062,0.0002684203462622467,0.0,0.0002684203462622467,0.0001384399205319412
LOCAL_A000068,0.0012078915581801102,0.0,0.00120789155818011,0.0001384399205319412
A5014156347,0.0005368406925244934,0.0,0.0005368406925244934,0.0001384399205319412
A5093677853,0.00040263051939337007,0.0,0.00040263051939337,0.0001384399205319412
A5096494840,0.00013421017313112335,0.0,0.00013421017313112335,0.0001384399205319412
A5030296089,0.00040263051939337007,0.0,0.00040263051939337,0.0001384399205319412
A5087704967,0.00040263051939337007,0.0,0.00040263051939337,0.0001384399205319412
A5054767996,0.00040263051939337007,0.0,0.00040263051939337,0.0001384399205319412
A5011848775,0.00040263051939337007,0.0,0.00040263051939337,0.0001384399205319412
A5098414159,0.00013421017313112335,0.0,0.00013421017313112335,0.0001384399205319412
A5087917590,0.00013421017313112335,0.0,0.00013421017313112335,0.0001384399205319412
A5098041131,0.00013421017313112335,0.0,0.00013421017313112335,0.0001384399205319412
A5072742774,0.00013421017313112335,0.0,0.00013421017313112335,0.0001384399205319412
LOCAL_A000392,0.00013421017313112335,0.0,0.00013421017313112335,0.0001384399205319412
A5080769160,0.00013421017313112335,0.0,0.00013421017313112335,0.0001384399205319412
A5102660498,0.00013421017313112335,0.0,0.00013421017313112335,0.0001384399205319412
A5070562619,0.00013421017313112335,0.0,0.00013421017313112335,0.0001384399205319412
A5100604668,0.00013421017313112335,0.0,0.00013421017313112335,0.0001384399205319412
A5109742382,0.0006710508656556167,0.0,0.0006710508656556167,0.0001384399205319412
A5114186846,0.0006710508656556167,0.0,0.0006710508656556167,0.0001384399205319412
LOCAL_A000400,0.0006710508656556167,0.0,0.0006710508656556167,0.0001384399205319412
A5079194244,0.00040263051939337007,0.0,0.00040263051939337,0.0001384399205319412
A5133026678,0.00013421017313112335,0.0,0.00013421017313112335,0.0001384399205319412
A5012533041,0.00013421017313112335,0.0,0.00013421017313112335,0.0001384399205319412
LOCAL_A000391,0.00013421017313112335,0.0,0.00013421017313112335,0.0001384399205319412
A5104288554,0.0002684203462622467,0.0,0.0002684203462622467,0.0001384399205319412
A5069867157,0.0006710508656556167,0.0,0.0006710508656556167,0.0001384399205319412
LOCAL_A000646,0.00013421017313112335,0.0,0.00013421017313112335,0.0001384399205319412
A5099127041,0.0006710508656556167,0.0,0.0006710508656556167,0.0001384399205319412
A5103224266,0.0006710508656556167,0.0,0.0006710508656556167,0.0001384399205319412
A5109626592,0.00013421017313112335,0.0,0.00013421017313112335,0.0001384399205319412
A5092778074,0.00013421017313112335,0.0,0.00013421017313112335,0.0001384399205319412
A5058220593,0.00013421017313112335,0.0,0.00013421017313112335,0.0001384399205319412
A5022579647,0.0005368406925244934,0.0,0.0005368406925244934,0.0001384399205319412
A5047445885,0.0005368406925244934,0.0,0.0005368406925244934,0.0001384399205319412
A5138020603,0.00013421017313112335,0.0,0.00013421017313112335,0.0001384399205319412
A5086776190,0.00013421017313112335,0.0,0.00013421017313112335,0.0001384399205319412
A5138052135,0.00013421017313112335,0.0,0.00013421017313112335,0.0001384399205319412
A5138039220,0.00013421017313112335,0.0,0.00013421017313112335,0.0001384399205319412
A5138069038,0.00013421017313112335,0.0,0.00013421017313112335,0.0001384399205319412
A5133005158,0.00013421017313112335,0.0,0.00013421017313112335,0.0001384399205319412
A5104159172,0.00013421017313112335,0.0,0.00013421017313112335,0.0001384399205319412
A5104233841,0.00040263051939337007,0.0,0.00040263051939337,0.0001384399205319412
A5133053510,0.0006710508656556167,0.0,0.0006710508656556167,0.0001384399205319412
A5023847482,0.0006710508656556167,0.0,0.0006710508656556167,0.0001384399205319412
A5034050904,0.0006710508656556167,0.0,0.0006710508656556167,0.0001384399205319412
A5104243858,0.0006710508656556167,0.0,0.0006710508656556167,0.0001384399205319412
LOCAL_A000399,0.0006710508656556167,0.0,0.0006710508656556167,0.0001384399205319412
LOCAL_A000205,0.0002684203462622467,0.0,0.0002684203462622467,0.0001384399205319412
A5092858813,0.0002684203462622467,0.0,0.0002684203462622467,0.0001384399205319412
A5038764838,0.0002684203462622467,0.0,0.0002684203462622467,0.0001384399205319412
A5096746289,0.0002684203462622467,0.0,0.0002684203462622467,0.0001384399205319412
A5053472969,0.0006710508656556167,0.0,0.0006710508656556167,0.0001384399205319412
A5057860286,0.00013421017313112335,0.0,0.00013421017313112335,0.0001384399205319412
A5113182779,0.00013421017313112335,0.0,0.00013421017313112335,0.0001384399205319412
A5102021989,0.00013421017313112335,0.0,0.00013421017313112335,0.0001384399205319412
A5025949224,0.0002684203462622467,0.0,0.0002684203462622467,0.0001384399205319412
A5061059537,0.0002684203462622467,0.0,0.0002684203462622467,0.0001384399205319412
A5138392795,0.00013421017313112335,0.0,0.00013421017313112335,0.0001384399205319412
A5080314531,0.00040263051939337007,0.0,0.00040263051939337,0.0001384399205319412
A5078250747,0.0006710508656556167,0.0,0.0006710508656556167,0.0001384399205319412
A5083202029,0.0006710508656556167,0.0,0.0006710508656556167,0.0001384399205319412
A5133003200,0.0006710508656556167,0.0,0.0006710508656556167,0.0001384399205319412
A5113339823,0.0002684203462622467,0.0,0.0002684203462622467,0.0001384399205319412
A5130080333,0.00040263051939337007,0.0,0.00040263051939337,0.0001384399205319412
A5129840241,0.00040263051939337007,0.0,0.00040263051939337,0.0001384399205319412
A5027548516,0.00040263051939337007,0.0,0.00040263051939337,0.0001384399205319412
A5130058879,0.00040263051939337007,0.0,0.00040263051939337,0.0001384399205319412
A5138215236,0.0006710508656556167,0.0,0.0006710508656556167,0.0001384399205319412
A5130001086,0.00040263051939337007,0.0,0.00040263051939337,0.0001384399205319412
A5050579769,0.00040263051939337007,0.0,0.00040263051939337,0.0001384399205319412
A5130149376,0.00040263051939337007,0.0,0.00040263051939337,0.0001384399205319412
A5130089632,0.00040263051939337007,0.0,0.00040263051939337,0.0001384399205319412
A5132703250,0.00013421017313112335,0.0,0.00013421017313112335,0.0001384399205319412
A5138264912,0.0006710508656556167,0.0,0.0006710508656556167,0.0001384399205319412
A5129859482,0.00040263051939337007,0.0,0.00040263051939337,0.0001384399205319412
A5116787028,0.0006710508656556167,0.0,0.0006710508656556167,0.0001384399205319412
A5010338533,0.0002684203462622467,0.0,0.0002684203462622467,0.0001384399205319412
LOCAL_A000204,0.0002684203462622467,0.0,0.0002684203462622467,0.0001384399205319412
A5108814981,0.0002684203462622467,0.0,0.0002684203462622467,0.0001384399205319412
A5061256998,0.0002684203462622467,0.0,0.0002684203462622467,0.0001384399205319412
A5036617503,0.00040263051939337007,0.0,0.00040263051939337,0.0001384399205319412
A5125432835,0.0005368406925244934,0.0,0.0005368406925244934,0.0001384399205319412
A5125477204,0.0005368406925244934,0.0,0.0005368406925244934,0.0001384399205319412
A5125541114,0.0005368406925244934,0.0,0.0005368406925244934,0.0001384399205319412
A5059041759,0.00040263051939337007,0.0,0.00040263051939337,0.0001384399205319412
A5125476879,0.0005368406925244934,0.0,0.0005368406925244934,0.0001384399205319412
A5007702645,0.00040263051939337007,0.0,0.00040263051939337,0.0001384399205319412
A5125450163,0.0005368406925244934,0.0,0.0005368406925244934,0.0001384399205319412
LOCAL_A000090,0.0005368406925244934,0.0,0.0005368406925244934,0.0001384399205319412
A5115588329,0.00040263051939337007,0.0,0.00040263051939337,0.0001384399205319412
A5070261515,0.00040263051939337007,0.0,0.00040263051939337,0.0001384399205319412
A5042900753,0.00040263051939337007,0.0,0.00040263051939337,0.0001384399205319412
A5107701557,0.00040263051939337007,0.0,0.00040263051939337,0.0001384399205319412
A5090217780,0.00040263051939337007,0.0,0.00040263051939337,0.0001384399205319412
A5072079980,0.00013421017313112335,0.0,0.00013421017313112335,0.0001384399205319412
A5090133883,0.00013421017313112335,0.0,0.00013421017313112335,0.0001384399205319412
A5100709068,0.0005368406925244934,0.0,0.0005368406925244934,0.0001384399205319412
A5085620432,0.00040263051939337007,0.0,0.00040263051939337,0.0001384399205319412
A5114217690,0.00013421017313112335,0.0,0.00013421017313112335,0.0001384399205319412
A5026242942,0.00040263051939337007,0.0,0.00040263051939337,0.0001384399205319412
A5014564005,0.0005368406925244934,0.0,0.0005368406925244934,0.0001384399205319412
A5102896814,0.0005368406925244934,0.0,0.0005368406925244934,0.0001384399205319412
LOCAL_A000071,0.0012078915581801102,0.0,0.00120789155818011,0.0001384399205319412
A5112557251,0.00040263051939337007,0.0,0.00040263051939337,0.0001384399205319412
A5117428845,0.0006710508656556167,0.0,0.0006710508656556167,0.0001384399205319412
A5117428843,0.0006710508656556167,0.0,0.0006710508656556167,0.0001384399205319412
A5111061391,0.00040263051939337007,0.0,0.00040263051939337,0.0001384399205319412
A5011706579,0.00040263051939337007,0.0,0.00040263051939337,0.0001384399205319412
A5125499069,0.0005368406925244934,0.0,0.0005368406925244934,0.0001384399205319412
A5063554916,0.00040263051939337007,0.0,0.00040263051939337,0.0001384399205319412
A5031315212,0.00040263051939337007,0.0,0.00040263051939337,0.0001384399205319412
A5070144964,0.00040263051939337007,0.0,0.00040263051939337,0.0001384399205319412
A5104192946,0.00040263051939337007,0.0,0.00040263051939337,0.0001384399205319412
A5006535949,0.0006710508656556167,0.0,0.0006710508656556167,0.0001384399205319412
A5039189916,0.0005368406925244934,0.0,0.0005368406925244934,0.0001384399205319412
A5044053378,0.0005368406925244934,0.0,0.0005368406925244934,0.0001384399205319412
A5049478123,0.0005368406925244934,0.0,0.0005368406925244934,0.0001384399205319412
A5114132723,0.00040263051939337007,0.0,0.00040263051939337,0.0001384399205319412
A5003874380,0.00040263051939337007,0.0,0.00040263051939337,0.0001384399205319412
A5037669071,0.0005368406925244934,0.0,0.0005368406925244934,0.0001384399205319412
A5036952833,0.00040263051939337007,0.0,0.00040263051939337,0.0001384399205319412
A5101795004,0.00013421017313112335,0.0,0.00013421017313112335,0.0001384399205319412
LOCAL_A000372,0.00013421017313112335,0.0,0.00013421017313112335,0.0001384399205319412
A5045215148,0.0005368406925244934,0.0,0.0005368406925244934,0.0001384399205319412
A5090518122,0.0005368406925244934,0.0,0.0005368406925244934,0.0001384399205319412
A5099127039,0.0006710508656556167,0.0,0.0006710508656556167,0.0001384399205319412
A5044172436,0.00013421017313112335,0.0,0.00013421017313112335,0.0001384399205319412
A5052434957,0.00013421017313112335,0.0,0.00013421017313112335,0.0001384399205319412
A5099127038,0.0006710508656556167,0.0,0.0006710508656556167,0.0001384399205319412
A5027890317,0.0006710508656556167,0.0,0.0006710508656556167,0.0001384399205319412
A5016256744,0.0006710508656556167,0.0,0.0006710508656556167,0.0001384399205319412
A5129735939,0.00040263051939337007,0.0,0.00040263051939337,0.0001384399205319412
A5008055301,0.00013421017313112335,0.0,0.00013421017313112335,0.0001384399205319412
A5055337948,0.00040263051939337007,0.0,0.00040263051939337,0.0001384399205319412
A5100677169,0.00040263051939337007,0.0,0.00040263051939337,0.0001384399205319412
A5012152789,0.00040263051939337007,0.0,0.00040263051939337,0.0001384399205319412
A5018713405,0.00040263051939337007,0.0,0.00040263051939337,0.0001384399205319412
A5109139032,0.00040263051939337007,0.0,0.00040263051939337,0.0001384399205319412
A5101103252,0.00040263051939337007,0.0,0.00040263051939337,0.0001384399205319412
A5055424683,0.00040263051939337007,0.0,0.00040263051939337,0.0001384399205319412
A5099440088,0.00013421017313112335,0.0,0.00013421017313112335,0.0001384399205319412
LOCAL_A000104,0.00040263051939337007,0.0,0.00040263051939337,0.0001384399205319412
A5016269396,0.00040263051939337007,0.0,0.00040263051939337,0.0001384399205319412
A5100612152,0.00040263051939337007,0.0,0.00040263051939337,0.0001384399205319412
A5046435599,0.00040263051939337007,0.0,0.00040263051939337,0.0001384399205319412
A5099440089,0.00013421017313112335,0.0,0.00013421017313112335,0.0001384399205319412
A5005028168,0.00040263051939337007,0.0,0.00040263051939337,0.0001384399205319412
A5117757285,0.00040263051939337007,0.0,0.00040263051939337,0.0001384399205319412
LOCAL_A000086,0.00040263051939337007,0.0,0.00040263051939337,0.0001384399205319412
A5043579879,0.00040263051939337007,0.0,0.00040263051939337,0.0001384399205319412
A5117757287,0.00040263051939337007,0.0,0.00040263051939337,0.0001384399205319412
A5108912822,0.00040263051939337007,0.0,0.00040263051939337,0.0001384399205319412
A5117757286,0.00040263051939337007,0.0,0.00040263051939337,0.0001384399205319412
A5117757563,0.00013421017313112335,0.0,0.00013421017313112335,0.0001384399205319412
A5117757562,0.00013421017313112335,0.0,0.00013421017313112335,0.0001384399205319412
A5053794733,0.0002684203462622467,0.0,0.0002684203462622467,0.0001384399205319412
A5103670294,0.0002684203462622467,0.0,0.0002684203462622467,0.0001384399205319412
A5106845809,0.00013421017313112335,0.0,0.00013421017313112335,0.0001384399205319412
A5041307201,0.0014763119044423568,0.0,0.0014763119044423566,0.0001384399205319412
A5057317030,0.0014763119044423568,0.0,0.0014763119044423566,0.0001384399205319412
A5047733972,0.0014763119044423568,0.0,0.0014763119044423566,0.0001384399205319412
A5056058108,0.0014763119044423568,0.0,0.0014763119044423566,0.0001384399205319412
A5042648484,0.0014763119044423568,0.0,0.0014763119044423566,0.0001384399205319412
A5077994859,0.0014763119044423568,0.0,0.0014763119044423566,0.0001384399205319412
A5017922376,0.0014763119044423568,0.0,0.0014763119044423566,0.0001384399205319412
A5077351891,0.0014763119044423568,0.0,0.0014763119044423566,0.0001384399205319412
LOCAL_A000586,0.0014763119044423568,0.0,0.0014763119044423566,0.0001384399205319412
A5046696824,0.0002684203462622467,0.0,0.0002684203462622467,0.0001384399205319412
A5070418471,0.00040263051939337007,0.0,0.00040263051939337,0.0001384399205319412
A5058088271,0.0005368406925244934,0.0,0.0005368406925244934,0.0001384399205319412
A5012833011,0.00040263051939337007,0.0,0.00040263051939337,0.0001384399205319412
LOCAL_A000414,0.00040263051939337007,0.0,0.00040263051939337,0.0001384399205319412
A5015830577,0.0002684203462622467,0.0,0.0002684203462622467,0.0001384399205319412
LOCAL_A000415,0.00040263051939337007,0.0,0.00040263051939337,0.0001384399205319412
A5103531940,0.0005368406925244934,0.0,0.0005368406925244934,0.0001384399205319412
A5039967609,0.0014763119044423568,0.0,0.0014763119044423566,0.0001384399205319412
A5056041188,0.0014763119044423568,0.0,0.0014763119044423566,0.0001384399205319412
A5097874829,0.0014763119044423568,0.0,0.0014763119044423566,0.0001384399205319412
A5131048753,0.00013421017313112335,0.0,0.00013421017313112335,0.0001384399205319412
A5078920305,0.00013421017313112335,0.0,0.00013421017313112335,0.0001384399205319412
A5030536732,0.0002684203462622467,0.0,0.0002684203462622467,0.0001384399205319412
A5101340227,0.00013421017313112335,0.0,0.00013421017313112335,0.0001384399205319412
A5110369264,0.00013421017313112335,0.0,0.00013421017313112335,0.0001384399205319412
A5085860696,0.0002684203462622467,0.0,0.0002684203462622467,0.0001384399205319412
A5100642380,0.00013421017313112335,0.0,0.00013421017313112335,0.0001384399205319412
A5115633054,0.00040263051939337007,0.0,0.00040263051939337,0.0001384399205319412
A5090865034,0.00040263051939337007,0.0,0.00040263051939337,0.0001384399205319412
A5023755501,0.00013421017313112335,0.0,0.00013421017313112335,0.0001384399205319412
A5014097779,0.00040263051939337007,0.0,0.00040263051939337,0.0001384399205319412
A5074978546,0.00040263051939337007,0.0,0.00040263051939337,0.0001384399205319412
A5115713811,0.00013421017313112335,0.0,0.00013421017313112335,0.0001384399205319412
A5101886347,0.00013421017313112335,0.0,0.00013421017313112335,0.0001384399205319412
A5088350962,0.00013421017313112335,0.0,0.00013421017313112335,0.0001384399205319412
A5059831731,0.00013421017313112335,0.0,0.00013421017313112335,0.0001384399205319412
A5031349506,0.0002684203462622467,0.0,0.0002684203462622467,0.0001384399205319412
A5088561246,0.0005368406925244934,0.0,0.0005368406925244934,0.0001384399205319412
A5059104200,0.0005368406925244934,0.0,0.0005368406925244934,0.0001384399205319412
A5126871406,0.0005368406925244934,0.0,0.0005368406925244934,0.0001384399205319412
A5054360822,0.00040263051939337007,0.0,0.00040263051939337,0.0001384399205319412
A5103072436,0.00040263051939337007,0.0,0.00040263051939337,0.0001384399205319412
A5112070802,0.0005368406925244934,0.0,0.0005368406925244934,0.0001384399205319412
A5136484967,0.00013421017313112335,0.0,0.00013421017313112335,0.0001384399205319412
A5121846813,0.00013421017313112335,0.0,0.00013421017313112335,0.0001384399205319412
A5009549644,0.0005368406925244934,0.0,0.0005368406925244934,0.0001384399205319412
A5080027721,0.00013421017313112335,0.0,0.00013421017313112335,0.0001384399205319412
A5126917756,0.0005368406925244934,0.0,0.0005368406925244934,0.0001384399205319412
A5030043518,0.00013421017313112335,0.0,0.00013421017313112335,0.0001384399205319412
A5139018057,0.0002684203462622467,0.0,0.0002684203462622467,0.0001384399205319412
A5037620294,0.0006710508656556167,0.0,0.0006710508656556167,0.0001384399205319412
A5014433518,0.0006710508656556167,0.0,0.0006710508656556167,0.0001384399205319412
A5039424904,0.0006710508656556167,0.0,0.0006710508656556167,0.0001384399205319412
A5084325237,0.0002684203462622467,0.0,0.0002684203462622467,0.0001384399205319412
A5014568710,0.00013421017313112335,0.0,0.00013421017313112335,0.0001384399205319412
A5004964247,0.00013421017313112335,0.0,0.00013421017313112335,0.0001384399205319412
A5092949062,0.00040263051939337007,0.0,0.00040263051939337,0.0001384399205319412
A5085765783,0.0002684203462622467,0.0,0.0002684203462622467,0.0001384399205319412
A5100425283,0.00013421017313112335,0.0,0.00013421017313112335,0.0001384399205319412
A5023389293,0.00013421017313112335,0.0,0.00013421017313112335,0.0001384399205319412
A5083459846,0.0005368406925244934,0.0,0.0005368406925244934,0.0001384399205319412
A5030132492,0.00013421017313112335,0.0,0.00013421017313112335,0.0001384399205319412
A5015033686,0.00013421017313112335,0.0,0.00013421017313112335,0.0001384399205319412
A5069741011,0.0005368406925244934,0.0,0.0005368406925244934,0.0001384399205319412
A5113482366,0.0005368406925244934,0.0,0.0005368406925244934,0.0001384399205319412
A5023129486,0.0005368406925244934,0.0,0.0005368406925244934,0.0001384399205319412
LOCAL_A000618,0.0005368406925244934,0.0,0.0005368406925244934,0.0001384399205319412
A5101641106,0.00040263051939337007,0.0,0.00040263051939337,0.0001384399205319412
A5126923270,0.00013421017313112335,0.0,0.00013421017313112335,0.0001384399205319412
A5032415906,0.00040263051939337007,0.0,0.00040263051939337,0.0001384399205319412
A5013855040,0.00040263051939337007,0.0,0.00040263051939337,0.0001384399205319412
A5058673187,0.00040263051939337007,0.0,0.00040263051939337,0.0001384399205319412
A5045532432,0.00013421017313112335,0.0,0.00013421017313112335,0.0001384399205319412
A5012628404,0.00013421017313112335,0.0,0.00013421017313112335,0.0001384399205319412
A5100461427,0.00013421017313112335,0.0,0.00013421017313112335,0.0001384399205319412
A5079163262,0.0002684203462622467,0.0,0.0002684203462622467,0.0001384399205319412
A5042843111,0.0005368406925244934,0.0,0.0005368406925244934,0.0001384399205319412
A5060923710,0.0002684203462622467,0.0,0.0002684203462622467,0.0001384399205319412
A5108580995,0.0005368406925244934,0.0,0.0005368406925244934,0.0001384399205319412
A5081680183,0.00013421017313112335,0.0,0.00013421017313112335,0.0001384399205319412
A5137004542,0.0005368406925244934,0.0,0.0005368406925244934,0.0001384399205319412
A5114527443,0.00013421017313112335,0.0,0.00013421017313112335,0.0001384399205319412
A5113453184,0.0005368406925244934,0.0,0.0005368406925244934,0.0001384399205319412
A5109734751,0.00013421017313112335,0.0,0.00013421017313112335,0.0001384399205319412
A5006594954,0.0005368406925244934,0.0,0.0005368406925244934,0.0001384399205319412
A5101843477,0.0005368406925244934,0.0,0.0005368406925244934,0.0001384399205319412
A5066780149,0.0005368406925244934,0.0,0.0005368406925244934,0.0001384399205319412
A5064473053,0.00013421017313112335,0.0,0.00013421017313112335,0.0001384399205319412
A5111119645,0.00040263051939337007,0.0,0.00040263051939337,0.0001384399205319412
A5081814601,0.0005368406925244934,0.0,0.0005368406925244934,0.0001384399205319412
A5078505911,0.0005368406925244934,0.0,0.0005368406925244934,0.0001384399205319412
A5137038659,0.00040263051939337007,0.0,0.00040263051939337,0.0001384399205319412
A5071064677,0.0005368406925244934,0.0,0.0005368406925244934,0.0001384399205319412
A5137058739,0.00040263051939337007,0.0,0.00040263051939337,0.0001384399205319412
A5000585437,0.00040263051939337007,0.0,0.00040263051939337,0.0001384399205319412
A5101648450,0.00013421017313112335,0.0,0.00013421017313112335,0.0001384399205319412
A5137004518,0.0005368406925244934,0.0,0.0005368406925244934,0.0001384399205319412
A5124054050,0.0005368406925244934,0.0,0.0005368406925244934,0.0001384399205319412
A5051831286,0.00040263051939337007,0.0,0.00040263051939337,0.0001384399205319412
A5102214222,0.0005368406925244934,0.0,0.0005368406925244934,0.0001384399205319412
A5001954729,0.0005368406925244934,0.0,0.0005368406925244934,0.0001384399205319412
A5029154290,0.0005368406925244934,0.0,0.0005368406925244934,0.0001384399205319412
A5025125736,0.0005368406925244934,0.0,0.0005368406925244934,0.0001384399205319412
A5046435904,0.0005368406925244934,0.0,0.0005368406925244934,0.0001384399205319412
A5037074523,0.0005368406925244934,0.0,0.0005368406925244934,0.0001384399205319412
A5078539417,0.0005368406925244934,0.0,0.0005368406925244934,0.0001384399205319412
A5100920364,0.00040263051939337007,0.0,0.00040263051939337,0.0001384399205319412
A5084241302,0.00040263051939337007,0.0,0.00040263051939337,0.0001384399205319412
A5058905920,0.00013421017313112335,0.0,0.00013421017313112335,0.0001384399205319412
A5014767912,0.00013421017313112335,0.0,0.00013421017313112335,0.0001384399205319412
A5063678665,0.00013421017313112335,0.0,0.00013421017313112335,0.0001384399205319412
A5036229455,0.00013421017313112335,0.0,0.00013421017313112335,0.0001384399205319412
A5137032582,0.0005368406925244934,0.0,0.0005368406925244934,0.0001384399205319412
LOCAL_A000106,0.00040263051939337007,0.0,0.00040263051939337,0.0001384399205319412
A5136988705,0.0005368406925244934,0.0,0.0005368406925244934,0.0001384399205319412
A5136910678,0.0005368406925244934,0.0,0.0005368406925244934,0.0001384399205319412
A5004755597,0.0005368406925244934,0.0,0.0005368406925244934,0.0001384399205319412
A5058313792,0.00040263051939337007,0.0,0.00040263051939337,0.0001384399205319412
A5074162455,0.00040263051939337007,0.0,0.00040263051939337,0.0001384399205319412
A5011528405,0.00040263051939337007,0.0,0.00040263051939337,0.0001384399205319412
A5104242418,0.00040263051939337007,0.0,0.00040263051939337,0.0001384399205319412
A5056999212,0.00040263051939337007,0.0,0.00040263051939337,0.0001384399205319412
A5030683099,0.00040263051939337007,0.0,0.00040263051939337,0.0001384399205319412
A5027485314,0.00013421017313112335,0.0,0.00013421017313112335,0.0001384399205319412
A5035693571,0.00013421017313112335,0.0,0.00013421017313112335,0.0001384399205319412
A5104242419,0.00040263051939337007,0.0,0.00040263051939337,0.0001384399205319412
A5064935874,0.00040263051939337007,0.0,0.00040263051939337,0.0001384399205319412
A5101812738,0.0005368406925244934,0.0,0.0005368406925244934,0.0001384399205319412
A5103063003,0.00013421017313112335,0.0,0.00013421017313112335,0.0001384399205319412
A5101870783,0.00013421017313112335,0.0,0.00013421017313112335,0.0001384399205319412
A5056529592,0.00013421017313112335,0.0,0.00013421017313112335,0.0001384399205319412
A5023109138,0.00013421017313112335,0.0,0.00013421017313112335,0.0001384399205319412
A5101533670,0.00013421017313112335,0.0,0.00013421017313112335,0.0001384399205319412
A5083180919,0.00040263051939337007,0.0,0.00040263051939337,0.0001384399205319412
A5130242755,0.0002684203462622467,0.0,0.0002684203462622467,0.0001384399205319412
A5117639584,0.0005368406925244934,0.0,0.0005368406925244934,0.0001384399205319412
A5100455479,0.0005368406925244934,0.0,0.0005368406925244934,0.0001384399205319412
A5038791421,0.0005368406925244934,0.0,0.0005368406925244934,0.0001384399205319412
A5100728493,0.00013421017313112335,0.0,0.00013421017313112335,0.0001384399205319412
LOCAL_A000082,0.0006710508656556167,0.0,0.0006710508656556167,0.0001384399205319412
A5108992345,0.0006710508656556167,0.0,0.0006710508656556167,0.0001384399205319412
A5089575397,0.00013421017313112335,0.0,0.00013421017313112335,0.0001384399205319412
A5055880156,0.0006710508656556167,0.0,0.0006710508656556167,0.0001384399205319412
A5010992089,0.0006710508656556167,0.0,0.0006710508656556167,0.0001384399205319412
A5040172783,0.0006710508656556167,0.0,0.0006710508656556167,0.0001384399205319412
A5028411206,0.00013421017313112335,0.0,0.00013421017313112335,0.0001384399205319412
LOCAL_A000083,0.0006710508656556167,0.0,0.0006710508656556167,0.0001384399205319412
A5128142112,0.0005368406925244934,0.0,0.0005368406925244934,0.0001384399205319412
A5062048651,0.0005368406925244934,0.0,0.0005368406925244934,0.0001384399205319412
A5108738049,0.0005368406925244934,0.0,0.0005368406925244934,0.0001384399205319412
A5077930392,0.00040263051939337007,0.0,0.00040263051939337,0.0001384399205319412
A5049923319,0.00040263051939337007,0.0,0.00040263051939337,0.0001384399205319412
LOCAL_A000597,0.0005368406925244934,0.0,0.0005368406925244934,0.0001384399205319412
A5090868432,0.0005368406925244934,0.0,0.0005368406925244934,0.0001384399205319412
A5072903915,0.0006710508656556167,0.0,0.0006710508656556167,0.0001384399205319412
A5068081123,0.0006710508656556167,0.0,0.0006710508656556167,0.0001384399205319412
A5039705052,0.0006710508656556167,0.0,0.0006710508656556167,0.0001384399205319412
A5031344072,0.00013421017313112335,0.0,0.00013421017313112335,0.0001384399205319412
A5111685187,0.00040263051939337007,0.0,0.00040263051939337,0.0001384399205319412
A5085460338,0.0006710508656556167,0.0,0.0006710508656556167,0.0001384399205319412
A5023074991,0.0006710508656556167,0.0,0.0006710508656556167,0.0001384399205319412
A5055133700,0.0006710508656556167,0.0,0.0006710508656556167,0.0001384399205319412
A5010210073,0.0006710508656556167,0.0,0.0006710508656556167,0.0001384399205319412
A5043085038,0.0005368406925244934,0.0,0.0005368406925244934,0.0001384399205319412
A5080417608,0.00013421017313112335,0.0,0.00013421017313112335,0.0001384399205319412
A5111310324,0.00013421017313112335,0.0,0.00013421017313112335,0.0001384399205319412
A5117087722,0.00013421017313112335,0.0,0.00013421017313112335,0.0001384399205319412
A5065243635,0.0006710508656556167,0.0,0.0006710508656556167,0.0001384399205319412
A5034987468,0.0005368406925244934,0.0,0.0005368406925244934,0.0001384399205319412
LOCAL_A000436,0.0005368406925244934,0.0,0.0005368406925244934,0.0001384399205319412
A5041321676,0.0005368406925244934,0.0,0.0005368406925244934,0.0001384399205319412
A5104075933,0.0005368406925244934,0.0,0.0005368406925244934,0.0001384399205319412
A5057592175,0.0006710508656556167,0.0,0.0006710508656556167,0.0001384399205319412
A5102516866,0.0006710508656556167,0.0,0.0006710508656556167,0.0001384399205319412
A5060093847,0.0006710508656556167,0.0,0.0006710508656556167,0.0001384399205319412
A5063300406,0.0006710508656556167,0.0,0.0006710508656556167,0.0001384399205319412
LOCAL_A000724,0.0006710508656556167,0.0,0.0006710508656556167,0.0001384399205319412
A5110367900,0.00013421017313112335,0.0,0.00013421017313112335,0.0001384399205319412
A5116777688,0.0006710508656556167,0.0,0.0006710508656556167,0.0001384399205319412
A5073009058,0.0006710508656556167,0.0,0.0006710508656556167,0.0001384399205319412
A5058571639,0.00013421017313112335,0.0,0.00013421017313112335,0.0001384399205319412
A5100742825,0.0006710508656556167,0.0,0.0006710508656556167,0.0001384399205319412
A5116777687,0.0006710508656556167,0.0,0.0006710508656556167,0.0001384399205319412
A5116777686,0.0006710508656556167,0.0,0.0006710508656556167,0.0001384399205319412
A5116783865,0.00013421017313112335,0.0,0.00013421017313112335,0.0001384399205319412
A5061269743,0.00013421017313112335,0.0,0.00013421017313112335,0.0001384399205319412
A5126087650,0.0005368406925244934,0.0,0.0005368406925244934,0.0001384399205319412
A5114032954,0.0006710508656556167,0.0,0.0006710508656556167,0.0001384399205319412
A5054296239,0.0006710508656556167,0.0,0.0006710508656556167,0.0001384399205319412
A5018186356,0.0006710508656556167,0.0,0.0006710508656556167,0.0001384399205319412
LOCAL_A000376,0.0006710508656556167,0.0,0.0006710508656556167,0.0001384399205319412
LOCAL_A000435,0.0005368406925244934,0.0,0.0005368406925244934,0.0001384399205319412
A5102150319,0.00013421017313112335,0.0,0.00013421017313112335,0.0001384399205319412
A5102498822,0.0005368406925244934,0.0,0.0005368406925244934,0.0001384399205319412
A5101677513,0.00040263051939337007,0.0,0.00040263051939337,0.0001384399205319412
A5017615722,0.00040263051939337007,0.0,0.00040263051939337,0.0001384399205319412
A5085208410,0.00040263051939337007,0.0,0.00040263051939337,0.0001384399205319412
A5112861862,0.0002684203462622467,0.0,0.0002684203462622467,0.0001384399205319412
A5015193720,0.0002684203462622467,0.0,0.0002684203462622467,0.0001384399205319412
A5102490695,0.0002684203462622467,0.0,0.0002684203462622467,0.0001384399205319412
A5076578682,0.0006710508656556167,0.0,0.0006710508656556167,0.0001384399205319412
A5106931559,0.0006710508656556167,0.0,0.0006710508656556167,0.0001384399205319412
A5110098746,0.00040263051939337007,0.0,0.00040263051939337,0.0001384399205319412
LOCAL_A000207,0.00013421017313112335,0.0,0.00013421017313112335,0.0001384399205319412
A5087502668,0.00040263051939337007,0.0,0.00040263051939337,0.0001384399205319412
A5100762383,0.0006710508656556167,0.0,0.0006710508656556167,0.0001384399205319412
A5054917454,0.0006710508656556167,0.0,0.0006710508656556167,0.0001384399205319412
A5023010845,0.00013421017313112335,0.0,0.00013421017313112335,0.0001384399205319412
A5111347523,0.0006710508656556167,0.0,0.0006710508656556167,0.0001384399205319412
A5016982085,0.0006710508656556167,0.0,0.0006710508656556167,0.0001384399205319412
A5051420985,0.0006710508656556167,0.0,0.0006710508656556167,0.0001384399205319412
A5088730223,0.00040263051939337007,0.0,0.00040263051939337,0.0001384399205319412
A5069873921,0.0002684203462622467,0.0,0.0002684203462622467,0.0001384399205319412
A5101639650,0.0005368406925244934,0.0,0.0005368406925244934,0.0001384399205319412
A5065309436,0.0002684203462622467,0.0,0.0002684203462622467,0.0001384399205319412
A5015667422,0.00013421017313112335,0.0,0.00013421017313112335,0.0001384399205319412
A5049339151,0.00013421017313112335,0.0,0.00013421017313112335,0.0001384399205319412
A5130252883,0.0002684203462622467,0.0,0.0002684203462622467,0.0001384399205319412
A5068287338,0.00040263051939337007,0.0,0.00040263051939337,0.0001384399205319412
A5106982387,0.00013421017313112335,0.0,0.00013421017313112335,0.0001384399205319412
A5057274224,0.0006710508656556167,0.0,0.0006710508656556167,0.0001384399205319412
A5016661114,0.0002684203462622467,0.0,0.0002684203462622467,0.0001384399205319412
A5110373196,0.00013421017313112335,0.0,0.00013421017313112335,0.0001384399205319412
A5106716948,0.00013421017313112335,0.0,0.00013421017313112335,0.0001384399205319412
A5109464542,0.0005368406925244934,0.0,0.0005368406925244934,0.0001384399205319412
A5100294403,0.00013421017313112335,0.0,0.00013421017313112335,0.0001384399205319412
A5027706324,0.0005368406925244934,0.0,0.0005368406925244934,0.0001384399205319412
A5065841119,0.00013421017313112335,0.0,0.00013421017313112335,0.0001384399205319412
A5011841596,0.00040263051939337007,0.0,0.00040263051939337,0.0001384399205319412
A5009432444,0.0002684203462622467,0.0,0.0002684203462622467,0.0001384399205319412
A5111144535,0.0005368406925244934,0.0,0.0005368406925244934,0.0001384399205319412
A5050040097,0.0005368406925244934,0.0,0.0005368406925244934,0.0001384399205319412
A5037702503,0.0005368406925244934,0.0,0.0005368406925244934,0.0001384399205319412
A5070244639,0.0005368406925244934,0.0,0.0005368406925244934,0.0001384399205319412
A5128329689,0.00040263051939337007,0.0,0.00040263051939337,0.0001384399205319412
A5107575423,0.00013421017313112335,0.0,0.00013421017313112335,0.0001384399205319412
A5107575422,0.00013421017313112335,0.0,0.00013421017313112335,0.0001384399205319412
A5042837158,0.0005368406925244934,0.0,0.0005368406925244934,0.0001384399205319412
A5100704450,0.00013421017313112335,0.0,0.00013421017313112335,0.0001384399205319412
A5100301925,0.00013421017313112335,0.0,0.00013421017313112335,0.0001384399205319412
A5059278613,0.0005368406925244934,0.0,0.0005368406925244934,0.0001384399205319412
A5101945330,0.00013421017313112335,0.0,0.00013421017313112335,0.0001384399205319412
A5075383762,0.0005368406925244934,0.0,0.0005368406925244934,0.0001384399205319412
A5126085233,0.0005368406925244934,0.0,0.0005368406925244934,0.0001384399205319412
A5025614310,0.0002684203462622467,0.0,0.0002684203462622467,0.0001384399205319412
A5004612077,0.0002684203462622467,0.0,0.0002684203462622467,0.0001384399205319412
A5058840176,0.0002684203462622467,0.0,0.0002684203462622467,0.0001384399205319412
A5053741823,0.0005368406925244934,0.0,0.0005368406925244934,0.0001384399205319412
A5087698693,0.0005368406925244934,0.0,0.0005368406925244934,0.0001384399205319412
A5056449503,0.0005368406925244934,0.0,0.0005368406925244934,0.0001384399205319412
A5128362655,0.00040263051939337007,0.0,0.00040263051939337,0.0001384399205319412
A5128336422,0.00040263051939337007,0.0,0.00040263051939337,0.0001384399205319412
A5137326585,0.00013421017313112335,0.0,0.00013421017313112335,0.0001384399205319412
A5107760606,0.0002684203462622467,0.0,0.0002684203462622467,0.0001384399205319412
A5030044183,0.0005368406925244934,0.0,0.0005368406925244934,0.0001384399205319412
A5058362925,0.0006710508656556167,0.0,0.0006710508656556167,0.0001384399205319412
A5076701661,0.00013421017313112335,0.0,0.00013421017313112335,0.0001384399205319412
A5060980928,0.00013421017313112335,0.0,0.00013421017313112335,0.0001384399205319412
A5039887490,0.00040263051939337007,0.0,0.00040263051939337,0.0001384399205319412
A5102754824,0.0006710508656556167,0.0,0.0006710508656556167,0.0001384399205319412
A5047032205,0.0006710508656556167,0.0,0.0006710508656556167,0.0001384399205319412
A5101538445,0.0005368406925244934,0.0,0.0005368406925244934,0.0001384399205319412
A5035774373,0.00040263051939337007,0.0,0.00040263051939337,0.0001384399205319412
A5087870646,0.00040263051939337007,0.0,0.00040263051939337,0.0001384399205319412
A5111567379,0.00040263051939337007,0.0,0.00040263051939337,0.0001384399205319412
A5090710719,0.00013421017313112335,0.0,0.00013421017313112335,0.0001384399205319412
A5126899755,0.0005368406925244934,0.0,0.0005368406925244934,0.0001384399205319412
A5101716076,0.0005368406925244934,0.0,0.0005368406925244934,0.0001384399205319412
A5022946961,0.0002684203462622467,0.0,0.0002684203462622467,0.0001384399205319412
A5035983964,0.00040263051939337007,0.0,0.00040263051939337,0.0001384399205319412
A5113921883,0.0005368406925244934,0.0,0.0005368406925244934,0.0001384399205319412
A5058620025,0.0005368406925244934,0.0,0.0005368406925244934,0.0001384399205319412
A5100437263,0.00013421017313112335,0.0,0.00013421017313112335,0.0001384399205319412
A5055940614,0.00013421017313112335,0.0,0.00013421017313112335,0.0001384399205319412
A5022413759,0.00040263051939337007,0.0,0.00040263051939337,0.0001384399205319412
A5126099983,0.0005368406925244934,0.0,0.0005368406925244934,0.0001384399205319412
A5116630261,0.00013421017313112335,0.0,0.00013421017313112335,0.0001384399205319412
A5116630260,0.00013421017313112335,0.0,0.00013421017313112335,0.0001384399205319412
A5059732519,0.0006710508656556167,0.0,0.0006710508656556167,0.0001384399205319412
A5036239936,0.0006710508656556167,0.0,0.0006710508656556167,0.0001384399205319412
A5024051545,0.0006710508656556167,0.0,0.0006710508656556167,0.0001384399205319412
A5077352345,0.0006710508656556167,0.0,0.0006710508656556167,0.0001384399205319412
LOCAL_A000575,0.0006710508656556167,0.0,0.0006710508656556167,0.0001384399205319412
A5005258254,0.00040263051939337007,0.0,0.00040263051939337,0.0001384399205319412
A5043793311,0.00040263051939337007,0.0,0.00040263051939337,0.0001384399205319412
A5054780283,0.00040263051939337007,0.0,0.00040263051939337,0.0001384399205319412
A5043243286,0.00040263051939337007,0.0,0.00040263051939337,0.0001384399205319412
A5027651245,0.0006710508656556167,0.0,0.0006710508656556167,0.0001384399205319412
A5101608931,0.00013421017313112335,0.0,0.00013421017313112335,0.0001384399205319412
LOCAL_A000287,0.00013421017313112335,0.0,0.00013421017313112335,0.0001384399205319412
A5046970229,0.00040263051939337007,0.0,0.00040263051939337,0.0001384399205319412
A5116462496,0.00013421017313112335,0.0,0.00013421017313112335,0.0001384399205319412
A5093360005,0.00013421017313112335,0.0,0.00013421017313112335,0.0001384399205319412
A5063960876,0.0005368406925244934,0.0,0.0005368406925244934,0.0001384399205319412
A5137464092,0.0005368406925244934,0.0,0.0005368406925244934,0.0001384399205319412
A5137438584,0.0005368406925244934,0.0,0.0005368406925244934,0.0001384399205319412
A5016189943,0.00040263051939337007,0.0,0.00040263051939337,0.0001384399205319412
A5011868594,0.00040263051939337007,0.0,0.00040263051939337,0.0001384399205319412
A5021296526,0.00013421017313112335,0.0,0.00013421017313112335,0.0001384399205319412
A5126081921,0.0005368406925244934,0.0,0.0005368406925244934,0.0001384399205319412
A5110845742,0.00013421017313112335,0.0,0.00013421017313112335,0.0001384399205319412
LOCAL_A000661,0.00040263051939337007,0.0,0.00040263051939337,0.0001384399205319412
LOCAL_A000660,0.00040263051939337007,0.0,0.00040263051939337,0.0001384399205319412
A5043416024,0.00040263051939337007,0.0,0.00040263051939337,0.0001384399205319412
A5009130748,0.00040263051939337007,0.0,0.00040263051939337,0.0001384399205319412
A5012120874,0.00040263051939337007,0.0,0.00040263051939337,0.0001384399205319412
A5116462497,0.00013421017313112335,0.0,0.00013421017313112335,0.0001384399205319412
LOCAL_A000619,0.0005368406925244934,0.0,0.0005368406925244934,0.0001384399205319412
A5101663684,0.00040263051939337007,0.0,0.00040263051939337,0.0001384399205319412
A5022527502,0.0002684203462622467,0.0,0.0002684203462622467,0.0001384399205319412
A5048344489,0.0002684203462622467,0.0,0.0002684203462622467,0.0001384399205319412
A5112241048,0.0006710508656556167,0.0,0.0006710508656556167,0.0001384399205319412
A5012519187,0.0006710508656556167,0.0,0.0006710508656556167,0.0001384399205319412
A5028188200,0.0006710508656556167,0.0,0.0006710508656556167,0.0001384399205319412
A5022723572,0.0006710508656556167,0.0,0.0006710508656556167,0.0001384399205319412
A5056461250,0.0006710508656556167,0.0,0.0006710508656556167,0.0001384399205319412
LOCAL_A000300,0.0006710508656556167,0.0,0.0006710508656556167,0.0001384399205319412
A5104010371,0.00013421017313112335,0.0,0.00013421017313112335,0.0001384399205319412
A5087208424,0.0002684203462622467,0.0,0.0002684203462622467,0.0001384399205319412
A5135428161,0.00013421017313112335,0.0,0.00013421017313112335,0.0001384399205319412
A5011290352,0.0002684203462622467,0.0,0.0002684203462622467,0.0001384399205319412
A5138992584,0.0002684203462622467,0.0,0.0002684203462622467,0.0001384399205319412
A5065869162,0.00013421017313112335,0.0,0.00013421017313112335,0.0001384399205319412
A5000027231,0.00013421017313112335,0.0,0.00013421017313112335,0.0001384399205319412
A5042992750,0.00013421017313112335,0.0,0.00013421017313112335,0.0001384399205319412
A5102588048,0.00040263051939337007,0.0,0.00040263051939337,0.0001384399205319412
A5108307825,0.00040263051939337007,0.0,0.00040263051939337,0.0001384399205319412
LOCAL_A000632,0.00040263051939337007,0.0,0.00040263051939337,0.0001384399205319412
LOCAL_A000630,0.00040263051939337007,0.0,0.00040263051939337,0.0001384399205319412
LOCAL_A000631,0.00040263051939337007,0.0,0.00040263051939337,0.0001384399205319412
LOCAL_A000629,0.00040263051939337007,0.0,0.00040263051939337,0.0001384399205319412
LOCAL_A000011,0.00013421017313112335,0.0,0.00013421017313112335,0.0001384399205319412
A5084701281,0.0002684203462622467,0.0,0.0002684203462622467,0.0001384399205319412
A5022572064,0.0002684203462622467,0.0,0.0002684203462622467,0.0001384399205319412
A5101479540,0.00013421017313112335,0.0,0.00013421017313112335,0.0001384399205319412
A5005067091,0.00013421017313112335,0.0,0.00013421017313112335,0.0001384399205319412
A5080989266,0.0002684203462622467,0.0,0.0002684203462622467,0.0001384399205319412
LOCAL_A000477,0.00040263051939337007,0.0,0.00040263051939337,0.0001384399205319412
LOCAL_A000476,0.00040263051939337007,0.0,0.00040263051939337,0.0001384399205319412
A5089220341,0.0002684203462622467,0.0,0.0002684203462622467,0.0001384399205319412
A5014429224,0.0002684203462622467,0.0,0.0002684203462622467,0.0001384399205319412
A5046570834,0.0002684203462622467,0.0,0.0002684203462622467,0.0001384399205319412
A5043478466,0.0002684203462622467,0.0,0.0002684203462622467,0.0001384399205319412
A5032440878,0.0002684203462622467,0.0,0.0002684203462622467,0.0001384399205319412
LOCAL_A000478,0.00040263051939337007,0.0,0.00040263051939337,0.0001384399205319412
LOCAL_A000475,0.00040263051939337007,0.0,0.00040263051939337,0.0001384399205319412
A5101260642,0.00040263051939337007,0.0,0.00040263051939337,0.0001384399205319412
A5101260643,0.00040263051939337007,0.0,0.00040263051939337,0.0001384399205319412
A5135130984,0.0002684203462622467,0.0,0.0002684203462622467,0.0001384399205319412
A5120984488,0.0006710508656556167,0.0,0.0006710508656556167,0.0001384399205319412
A5064125102,0.0006710508656556167,0.0,0.0006710508656556167,0.0001384399205319412
LOCAL_A000089,0.0002684203462622467,0.0,0.0002684203462622467,0.0001384399205319412
A5020507166,0.0005368406925244934,0.0,0.0005368406925244934,0.0001384399205319412
A5038180308,0.0002684203462622467,0.0,0.0002684203462622467,0.0001384399205319412
A5035110418,0.0002684203462622467,0.0,0.0002684203462622467,0.0001384399205319412
A5016844947,0.0005368406925244934,0.0,0.0005368406925244934,0.0001384399205319412
A5011654520,0.0005368406925244934,0.0,0.0005368406925244934,0.0001384399205319412
LOCAL_A000659,0.0005368406925244934,0.0,0.0005368406925244934,0.0001384399205319412
A5113942299,0.0005368406925244934,0.0,0.0005368406925244934,0.0001384399205319412
A5097335407,0.0006710508656556167,0.0,0.0006710508656556167,0.0001384399205319412
A5038711387,0.0014763119044423568,0.0,0.0014763119044423566,0.0001384399205319412
A5003055047,0.0014763119044423568,0.0,0.0014763119044423566,0.0001384399205319412
A5112947648,0.0014763119044423568,0.0,0.0014763119044423566,0.0001384399205319412
A5076720627,0.0002684203462622467,0.0,0.0002684203462622467,0.0001384399205319412
A5008248931,0.0002684203462622467,0.0,0.0002684203462622467,0.0001384399205319412
A5120974622,0.0006710508656556167,0.0,0.0006710508656556167,0.0001384399205319412
A5061019153,0.0006710508656556167,0.0,0.0006710508656556167,0.0001384399205319412
A5135136621,0.0002684203462622467,0.0,0.0002684203462622467,0.0001384399205319412
A5121014707,0.0006710508656556167,0.0,0.0006710508656556167,0.0001384399205319412
A5102951176,0.0002684203462622467,0.0,0.0002684203462622467,0.0001384399205319412
LOCAL_A000542,0.0006710508656556167,0.0,0.0006710508656556167,0.0001384399205319412
LOCAL_A000543,0.0006710508656556167,0.0,0.0006710508656556167,0.0001384399205319412
A5062560716,0.0002684203462622467,0.0,0.0002684203462622467,0.0001384399205319412
A5052254001,0.0002684203462622467,0.0,0.0002684203462622467,0.0001384399205319412
A5073069376,0.0002684203462622467,0.0,0.0002684203462622467,0.0001384399205319412
A5102084027,0.0002684203462622467,0.0,0.0002684203462622467,0.0001384399205319412
A5033921165,0.00013421017313112335,0.0,0.00013421017313112335,0.0001384399205319412
A5068093105,0.00013421017313112335,0.0,0.00013421017313112335,0.0001384399205319412
A5112130532,0.0002684203462622467,0.0,0.0002684203462622467,0.0001384399205319412
A5124128619,0.0006710508656556167,0.0,0.0006710508656556167,0.0001384399205319412
A5045159073,0.00013421017313112335,0.0,0.00013421017313112335,0.0001384399205319412
A5102484757,0.00013421017313112335,0.0,0.00013421017313112335,0.0001384399205319412
A5075229392,0.0006710508656556167,0.0,0.0006710508656556167,0.0001384399205319412
A5124070504,0.0006710508656556167,0.0,0.0006710508656556167,0.0001384399205319412
LOCAL_A000012,0.00013421017313112335,0.0,0.00013421017313112335,0.0001384399205319412
A5135511189,0.00013421017313112335,0.0,0.00013421017313112335,0.0001384399205319412
A5121474607,0.0014763119044423568,0.0,0.0014763119044423566,0.0001384399205319412
A5112518881,0.0006710508656556167,0.0,0.0006710508656556167,0.0001384399205319412
LOCAL_A000669,0.00040263051939337007,0.0,0.00040263051939337,0.0001384399205319412
LOCAL_A000667,0.00040263051939337007,0.0,0.00040263051939337,0.0001384399205319412
A5110750141,0.0002684203462622467,0.0,0.0002684203462622467,0.0001384399205319412
A5110958467,0.0002684203462622467,0.0,0.0002684203462622467,0.0001384399205319412
A5011791421,0.0006710508656556167,0.0,0.0006710508656556167,0.0001384399205319412
A5049758571,0.0006710508656556167,0.0,0.0006710508656556167,0.0001384399205319412
A5087389811,0.0006710508656556167,0.0,0.0006710508656556167,0.0001384399205319412
A5065323250,0.0006710508656556167,0.0,0.0006710508656556167,0.0001384399205319412
A5135701536,0.0002684203462622467,0.0,0.0002684203462622467,0.0001384399205319412
A5034683151,0.0006710508656556167,0.0,0.0006710508656556167,0.0001384399205319412
A5037098982,0.0002684203462622467,0.0,0.0002684203462622467,0.0001384399205319412
A5100810839,0.0002684203462622467,0.0,0.0002684203462622467,0.0001384399205319412
A5000845033,0.0002684203462622467,0.0,0.0002684203462622467,0.0001384399205319412
A5055651175,0.0006710508656556167,0.0,0.0006710508656556167,0.0001384399205319412
A5108954551,0.0002684203462622467,0.0,0.0002684203462622467,0.0001384399205319412
A5083592049,0.00013421017313112335,0.0,0.00013421017313112335,0.0001384399205319412
LOCAL_A000668,0.00040263051939337007,0.0,0.00040263051939337,0.0001384399205319412
LOCAL_A000666,0.00040263051939337007,0.0,0.00040263051939337,0.0001384399205319412
A5042362477,0.00013421017313112335,0.0,0.00013421017313112335,0.0001384399205319412
A5000817178,0.00013421017313112335,0.0,0.00013421017313112335,0.0001384399205319412
A5086688190,0.00013421017313112335,0.0,0.00013421017313112335,0.0001384399205319412
A5124944636,0.00013421017313112335,0.0,0.00013421017313112335,0.0001384399205319412
A5028244068,0.0005368406925244934,0.0,0.0005368406925244934,0.0001384399205319412
A5068991338,0.0005368406925244934,0.0,0.0005368406925244934,0.0001384399205319412
A5106649352,0.0005368406925244934,0.0,0.0005368406925244934,0.0001384399205319412
A5024514559,0.00013421017313112335,0.0,0.00013421017313112335,0.0001384399205319412
A5012589054,0.0005368406925244934,0.0,0.0005368406925244934,0.0001384399205319412
A5076286685,0.0005368406925244934,0.0,0.0005368406925244934,0.0001384399205319412
LOCAL_A000051,0.00013421017313112335,0.0,0.00013421017313112335,0.0001384399205319412
A5091799409,0.00040263051939337007,0.0,0.00040263051939337,0.0001384399205319412
A5082854198,0.00013421017313112335,0.0,0.00013421017313112335,0.0001384399205319412
A5041064801,0.00040263051939337007,0.0,0.00040263051939337,0.0001384399205319412
A5007283022,0.00013421017313112335,0.0,0.00013421017313112335,0.0001384399205319412
A5065757063,0.00040263051939337007,0.0,0.00040263051939337,0.0001384399205319412
A5112322690,0.00040263051939337007,0.0,0.00040263051939337,0.0001384399205319412
A5132567939,0.00013421017313112335,0.0,0.00013421017313112335,0.0001384399205319412
A5112388401,0.0006710508656556167,0.0,0.0006710508656556167,0.0001384399205319412
A5101962558,0.0006710508656556167,0.0,0.0006710508656556167,0.0001384399205319412
A5110671768,0.0002684203462622467,0.0,0.0002684203462622467,0.0001384399205319412
A5114045903,0.00013421017313112335,0.0,0.00013421017313112335,0.0001384399205319412
A5094151435,0.00013421017313112335,0.0,0.00013421017313112335,0.0001384399205319412
A5120712991,0.00013421017313112335,0.0,0.00013421017313112335,0.0001384399205319412
A5071719715,0.0002684203462622467,0.0,0.0002684203462622467,0.0001384399205319412
A5135656182,0.0002684203462622467,0.0,0.0002684203462622467,0.0001384399205319412
A5109495255,0.0002684203462622467,0.0,0.0002684203462622467,0.0001384399205319412
A5110345358,0.0006710508656556167,0.0,0.0006710508656556167,0.0001384399205319412
A5079848691,0.0002684203462622467,0.0,0.0002684203462622467,0.0001384399205319412
A5010221839,0.0006710508656556167,0.0,0.0006710508656556167,0.0001384399205319412
A5045898489,0.0006710508656556167,0.0,0.0006710508656556167,0.0001384399205319412
A5009716584,0.0006710508656556167,0.0,0.0006710508656556167,0.0001384399205319412
A5112331051,0.00013421017313112335,0.0,0.00013421017313112335,0.0001384399205319412
A5088868434,0.0006710508656556167,0.0,0.0006710508656556167,0.0001384399205319412
A5063655240,0.0006710508656556167,0.0,0.0006710508656556167,0.0001384399205319412
A5135672485,0.0002684203462622467,0.0,0.0002684203462622467,0.0001384399205319412
A5013790137,0.00013421017313112335,0.0,0.00013421017313112335,0.0001384399205319412
A5110325729,0.0002684203462622467,0.0,0.0002684203462622467,0.0001384399205319412
LOCAL_A000463,0.0006710508656556167,0.0,0.0006710508656556167,0.0001384399205319412
A5018582414,0.0014763119044423568,0.0,0.0014763119044423566,0.0001384399205319412
A5013984891,0.0006710508656556167,0.0,0.0006710508656556167,0.0001384399205319412
LOCAL_A000462,0.0006710508656556167,0.0,0.0006710508656556167,0.0001384399205319412
A5101182142,0.0005368406925244934,0.0,0.0005368406925244934,0.0001384399205319412
A5077256081,0.0002684203462622467,0.0,0.0002684203462622467,0.0001384399205319412
A5058149770,0.0014763119044423568,0.0,0.0014763119044423566,0.0001384399205319412
A5009080326,0.0014763119044423568,0.0,0.0014763119044423566,0.0001384399205319412
A5003211382,0.0014763119044423568,0.0,0.0014763119044423566,0.0001384399205319412
A5025577220,0.0014763119044423568,0.0,0.0014763119044423566,0.0001384399205319412
A5005403550,0.0014763119044423568,0.0,0.0014763119044423566,0.0001384399205319412
A5049636432,0.0014763119044423568,0.0,0.0014763119044423566,0.0001384399205319412
A5017572945,0.0014763119044423568,0.0,0.0014763119044423566,0.0001384399205319412
A5043173692,0.0014763119044423568,0.0,0.0014763119044423566,0.0001384399205319412
A5018821709,0.0014763119044423568,0.0,0.0014763119044423566,0.0001384399205319412
A5028650701,0.0014763119044423568,0.0,0.0014763119044423566,0.0001384399205319412
A5017438640,0.0014763119044423568,0.0,0.0014763119044423566,0.0001384399205319412
A5043386804,0.0002684203462622467,0.0,0.0002684203462622467,0.0001384399205319412
A5121465761,0.0014763119044423568,0.0,0.0014763119044423566,0.0001384399205319412
A5085762348,0.00040263051939337007,0.0,0.00040263051939337,0.0001384399205319412
A5101381093,0.0005368406925244934,0.0,0.0005368406925244934,0.0001384399205319412
A5123935196,0.0005368406925244934,0.0,0.0005368406925244934,0.0001384399205319412
A5075431871,0.00040263051939337007,0.0,0.00040263051939337,0.0001384399205319412
A5081887421,0.00040263051939337007,0.0,0.00040263051939337,0.0001384399205319412
A5050692751,0.00040263051939337007,0.0,0.00040263051939337,0.0001384399205319412
A5007201485,0.00040263051939337007,0.0,0.00040263051939337,0.0001384399205319412
A5037059087,0.0002684203462622467,0.0,0.0002684203462622467,0.0001384399205319412
A5001975381,0.0005368406925244934,0.0,0.0005368406925244934,0.0001384399205319412
A5083456347,0.0002684203462622467,0.0,0.0002684203462622467,0.0001384399205319412
A5134246626,0.00040263051939337007,0.0,0.00040263051939337,0.0001384399205319412
A5025365223,0.0002684203462622467,0.0,0.0002684203462622467,0.0001384399205319412
A5074997780,0.00013421017313112335,0.0,0.00013421017313112335,0.0001384399205319412
A5039791776,0.00013421017313112335,0.0,0.00013421017313112335,0.0001384399205319412
A5122635273,0.00013421017313112335,0.0,0.00013421017313112335,0.0001384399205319412
A5122646940,0.00013421017313112335,0.0,0.00013421017313112335,0.0001384399205319412
A5103505239,0.0005368406925244934,0.0,0.0005368406925244934,0.0001384399205319412
A5112650189,0.0005368406925244934,0.0,0.0005368406925244934,0.0001384399205319412
A5123998661,0.0005368406925244934,0.0,0.0005368406925244934,0.0001384399205319412
A5123995324,0.0005368406925244934,0.0,0.0005368406925244934,0.0001384399205319412
LOCAL_A000396,0.00040263051939337007,0.0,0.00040263051939337,0.0001384399205319412
A5133821499,0.0002684203462622467,0.0,0.0002684203462622467,0.0001384399205319412
A5134286694,0.00040263051939337007,0.0,0.00040263051939337,0.0001384399205319412
A5083662095,0.0002684203462622467,0.0,0.0002684203462622467,0.0001384399205319412
A5038671220,0.0002684203462622467,0.0,0.0002684203462622467,0.0001384399205319412
A5134314768,0.00040263051939337007,0.0,0.00040263051939337,0.0001384399205319412
A5011946964,0.00013421017313112335,0.0,0.00013421017313112335,0.0001384399205319412
A5072476761,0.0002684203462622467,0.0,0.0002684203462622467,0.0001384399205319412
A5119834139,0.00013421017313112335,0.0,0.00013421017313112335,0.0001384399205319412
A5133822558,0.0002684203462622467,0.0,0.0002684203462622467,0.0001384399205319412
A5101258999,0.0002684203462622467,0.0,0.0002684203462622467,0.0001384399205319412
A5042517501,0.00013421017313112335,0.0,0.00013421017313112335,0.0001384399205319412
A5030522798,0.00040263051939337007,0.0,0.00040263051939337,0.0001384399205319412
A5050268148,0.00040263051939337007,0.0,0.00040263051939337,0.0001384399205319412
A5075078838,0.00040263051939337007,0.0,0.00040263051939337,0.0001384399205319412
A5026183594,0.00040263051939337007,0.0,0.00040263051939337,0.0001384399205319412
A5112690050,0.00013421017313112335,0.0,0.00013421017313112335,0.0001384399205319412
A5107588231,0.0012078915581801102,0.0,0.00120789155818011,0.0001384399205319412
A5089950338,0.0005368406925244934,0.0,0.0005368406925244934,0.0001384399205319412
A5028400794,0.0005368406925244934,0.0,0.0005368406925244934,0.0001384399205319412
A5122288736,0.0012078915581801102,0.0,0.00120789155818011,0.0001384399205319412
A5012479711,0.0012078915581801102,0.0,0.00120789155818011,0.0001384399205319412
A5079955478,0.0012078915581801102,0.0,0.00120789155818011,0.0001384399205319412
A5053430025,0.0002684203462622467,0.0,0.0002684203462622467,0.0001384399205319412
A5123559083,0.0002684203462622467,0.0,0.0002684203462622467,0.0001384399205319412
A5073587956,0.0002684203462622467,0.0,0.0002684203462622467,0.0001384399205319412
A5021287285,0.00013421017313112335,0.0,0.00013421017313112335,0.0001384399205319412
A5082528388,0.00013421017313112335,0.0,0.00013421017313112335,0.0001384399205319412
A5001033800,0.0002684203462622467,0.0,0.0002684203462622467,0.0001384399205319412
A5100777969,0.00013421017313112335,0.0,0.00013421017313112335,0.0001384399205319412
A5062877716,0.00013421017313112335,0.0,0.00013421017313112335,0.0001384399205319412
A5052970907,0.0005368406925244934,0.0,0.0005368406925244934,0.0001384399205319412
A5025021236,0.00040263051939337007,0.0,0.00040263051939337,0.0001384399205319412
A5123939718,0.0005368406925244934,0.0,0.0005368406925244934,0.0001384399205319412
A5080590087,0.00040263051939337007,0.0,0.00040263051939337,0.0001384399205319412
A5032779199,0.00040263051939337007,0.0,0.00040263051939337,0.0001384399205319412
A5075020121,0.0012078915581801102,0.0,0.00120789155818011,0.0001384399205319412
A5031822796,0.0012078915581801102,0.0,0.00120789155818011,0.0001384399205319412
A5045294363,0.0005368406925244934,0.0,0.0005368406925244934,0.0001384399205319412
A5122903487,0.0012078915581801102,0.0,0.00120789155818011,0.0001384399205319412
A5012438728,0.0005368406925244934,0.0,0.0005368406925244934,0.0001384399205319412
A5022607270,0.0005368406925244934,0.0,0.0005368406925244934,0.0001384399205319412
A5043809031,0.0005368406925244934,0.0,0.0005368406925244934,0.0001384399205319412
A5122902852,0.0012078915581801102,0.0,0.00120789155818011,0.0001384399205319412
A5122874808,0.0012078915581801102,0.0,0.00120789155818011,0.0001384399205319412
A5061718849,0.0002684203462622467,0.0,0.0002684203462622467,0.0001384399205319412
A5082750409,0.0002684203462622467,0.0,0.0002684203462622467,0.0001384399205319412
LOCAL_A000212,0.0002684203462622467,0.0,0.0002684203462622467,0.0001384399205319412
A5079358556,0.0006710508656556167,0.0,0.0006710508656556167,0.0001384399205319412
A5056465948,0.0006710508656556167,0.0,0.0006710508656556167,0.0001384399205319412
A5077108852,0.0006710508656556167,0.0,0.0006710508656556167,0.0001384399205319412
A5067463039,0.0006710508656556167,0.0,0.0006710508656556167,0.0001384399205319412
A5060646961,0.0006710508656556167,0.0,0.0006710508656556167,0.0001384399205319412
A5087397357,0.0006710508656556167,0.0,0.0006710508656556167,0.0001384399205319412
A5122907744,0.0012078915581801102,0.0,0.00120789155818011,0.0001384399205319412
A5041861160,0.0002684203462622467,0.0,0.0002684203462622467,0.0001384399205319412
A5074508126,0.0002684203462622467,0.0,0.0002684203462622467,0.0001384399205319412
A5043639014,0.0014763119044423568,0.0,0.0014763119044423566,0.0001384399205319412
LOCAL_A000298,0.0006710508656556167,0.0,0.0006710508656556167,0.0001384399205319412
A5121813198,0.00040263051939337007,0.0,0.00040263051939337,0.0001384399205319412
A5121798944,0.00040263051939337007,0.0,0.00040263051939337,0.0001384399205319412
A5109383268,0.0006710508656556167,0.0,0.0006710508656556167,0.0001384399205319412
A5047377666,0.0006710508656556167,0.0,0.0006710508656556167,0.0001384399205319412
A5035960995,0.0006710508656556167,0.0,0.0006710508656556167,0.0001384399205319412
A5075950807,0.0006710508656556167,0.0,0.0006710508656556167,0.0001384399205319412
A5091398943,0.0006710508656556167,0.0,0.0006710508656556167,0.0001384399205319412
A5038883492,0.0002684203462622467,0.0,0.0002684203462622467,0.0001384399205319412
A5101801606,0.0002684203462622467,0.0,0.0002684203462622467,0.0001384399205319412
A5089333255,0.00013421017313112335,0.0,0.00013421017313112335,0.0001384399205319412
A5036038715,0.0006710508656556167,0.0,0.0006710508656556167,0.0001384399205319412
A5020086114,0.0006710508656556167,0.0,0.0006710508656556167,0.0001384399205319412
A5036924759,0.0006710508656556167,0.0,0.0006710508656556167,0.0001384399205319412
A5033808806,0.0006710508656556167,0.0,0.0006710508656556167,0.0001384399205319412
A5052287713,0.0006710508656556167,0.0,0.0006710508656556167,0.0001384399205319412
A5052548763,0.0006710508656556167,0.0,0.0006710508656556167,0.0001384399205319412
A5121760197,0.00040263051939337007,0.0,0.00040263051939337,0.0001384399205319412
A5121763713,0.00040263051939337007,0.0,0.00040263051939337,0.0001384399205319412
A5043987756,0.0002684203462622467,0.0,0.0002684203462622467,0.0001384399205319412
A5121658844,0.0002684203462622467,0.0,0.0002684203462622467,0.0001384399205319412
A5000794649,0.0014763119044423568,0.0,0.0014763119044423566,0.0001384399205319412
A5025370032,0.00013421017313112335,0.0,0.00013421017313112335,0.0001384399205319412
A5048757265,0.00013421017313112335,0.0,0.00013421017313112335,0.0001384399205319412
A5121471224,0.0014763119044423568,0.0,0.0014763119044423566,0.0001384399205319412
A5121476018,0.0014763119044423568,0.0,0.0014763119044423566,0.0001384399205319412
A5121471388,0.0014763119044423568,0.0,0.0014763119044423566,0.0001384399205319412
A5034359529,0.0014763119044423568,0.0,0.0014763119044423566,0.0001384399205319412
A5037259558,0.00013421017313112335,0.0,0.00013421017313112335,0.0001384399205319412
A5121460221,0.0014763119044423568,0.0,0.0014763119044423566,0.0001384399205319412
A5121616489,0.0002684203462622467,0.0,0.0002684203462622467,0.0001384399205319412
A5112687318,0.0005368406925244934,0.0,0.0005368406925244934,0.0001384399205319412
A5029980919,0.0005368406925244934,0.0,0.0005368406925244934,0.0001384399205319412
A5041542952,0.0005368406925244934,0.0,0.0005368406925244934,0.0001384399205319412
A5112911020,0.0005368406925244934,0.0,0.0005368406925244934,0.0001384399205319412
A5070636138,0.0005368406925244934,0.0,0.0005368406925244934,0.0001384399205319412
A5101399107,0.00040263051939337007,0.0,0.00040263051939337,0.0001384399205319412
LOCAL_A000541,0.0006710508656556167,0.0,0.0006710508656556167,0.0001384399205319412
A5030697249,0.00040263051939337007,0.0,0.00040263051939337,0.0001384399205319412
A5081829534,0.0005368406925244934,0.0,0.0005368406925244934,0.0001384399205319412
A5082843977,0.0005368406925244934,0.0,0.0005368406925244934,0.0001384399205319412
A5070137442,0.0005368406925244934,0.0,0.0005368406925244934,0.0001384399205319412
A5050136807,0.0005368406925244934,0.0,0.0005368406925244934,0.0001384399205319412
A5132605860,0.0002684203462622467,0.0,0.0002684203462622467,0.0001384399205319412
A5090948020,0.0002684203462622467,0.0,0.0002684203462622467,0.0001384399205319412
A5069373806,0.0002684203462622467,0.0,0.0002684203462622467,0.0001384399205319412
A5034986304,0.0002684203462622467,0.0,0.0002684203462622467,0.0001384399205319412
A5050257903,0.00013421017313112335,0.0,0.00013421017313112335,0.0001384399205319412
A5032051091,0.00040263051939337007,0.0,0.00040263051939337,0.0001384399205319412
A5133280575,0.00040263051939337007,0.0,0.00040263051939337,0.0001384399205319412
A5134315448,0.00040263051939337007,0.0,0.00040263051939337,0.0001384399205319412
A5021775879,0.0002684203462622467,0.0,0.0002684203462622467,0.0001384399205319412
A5011524280,0.0002684203462622467,0.0,0.0002684203462622467,0.0001384399205319412
A5013127410,0.0002684203462622467,0.0,0.0002684203462622467,0.0001384399205319412
A5133262214,0.00040263051939337007,0.0,0.00040263051939337,0.0001384399205319412
A5010346711,0.0005368406925244934,0.0,0.0005368406925244934,0.0001384399205319412
A5088653693,0.0002684203462622467,0.0,0.0002684203462622467,0.0001384399205319412
A5022241843,0.00040263051939337007,0.0,0.00040263051939337,0.0001384399205319412
A5107851161,0.0002684203462622467,0.0,0.0002684203462622467,0.0001384399205319412
A5134791404,0.00013421017313112335,0.0,0.00013421017313112335,0.0001384399205319412
A5134781418,0.00013421017313112335,0.0,0.00013421017313112335,0.0001384399205319412
A5108957582,0.00013421017313112335,0.0,0.00013421017313112335,0.0001384399205319412
A5034454292,0.00013421017313112335,0.0,0.00013421017313112335,0.0001384399205319412
A5071253475,0.0002684203462622467,0.0,0.0002684203462622467,0.0001384399205319412
A5085410675,0.0002684203462622467,0.0,0.0002684203462622467,0.0001384399205319412
A5104076001,0.0002684203462622467,0.0,0.0002684203462622467,0.0001384399205319412
A5007005563,0.00013421017313112335,0.0,0.00013421017313112335,0.0001384399205319412
A5050803572,0.00013421017313112335,0.0,0.00013421017313112335,0.0001384399205319412
A5112976796,0.00040263051939337007,0.0,0.00040263051939337,0.0001384399205319412
A5112469672,0.00013421017313112335,0.0,0.00013421017313112335,0.0001384399205319412
A5037677437,0.00013421017313112335,0.0,0.00013421017313112335,0.0001384399205319412
A5083516573,0.00013421017313112335,0.0,0.00013421017313112335,0.0001384399205319412
A5100770603,0.00013421017313112335,0.0,0.00013421017313112335,0.0001384399205319412
A5078708416,0.00013421017313112335,0.0,0.00013421017313112335,0.0001384399205319412
A5012841844,0.00040263051939337007,0.0,0.00040263051939337,0.0001384399205319412
A5092774130,0.00040263051939337007,0.0,0.00040263051939337,0.0001384399205319412
LOCAL_A000640,0.00040263051939337007,0.0,0.00040263051939337,0.0001384399205319412
LOCAL_A000447,0.0005368406925244934,0.0,0.0005368406925244934,0.0001384399205319412
A5051565588,0.0005368406925244934,0.0,0.0005368406925244934,0.0001384399205319412
A5075533872,0.0006710508656556167,0.0,0.0006710508656556167,0.0001384399205319412
A5033679750,0.00013421017313112335,0.0,0.00013421017313112335,0.0001384399205319412
A5022868764,0.0006710508656556167,0.0,0.0006710508656556167,0.0001384399205319412
A5002949972,0.00013421017313112335,0.0,0.00013421017313112335,0.0001384399205319412
A5125158520,0.00040263051939337007,0.0,0.00040263051939337,0.0001384399205319412
LOCAL_A000213,0.0006710508656556167,0.0,0.0006710508656556167,0.0001384399205319412
A5100402379,0.0005368406925244934,0.0,0.0005368406925244934,0.0001384399205319412
A5006811097,0.0005368406925244934,0.0,0.0005368406925244934,0.0001384399205319412
A5010632118,0.0005368406925244934,0.0,0.0005368406925244934,0.0001384399205319412
A5001223994,0.0006710508656556167,0.0,0.0006710508656556167,0.0001384399205319412
A5113021945,0.0002684203462622467,0.0,0.0002684203462622467,0.0001384399205319412
A5118694700,0.0002684203462622467,0.0,0.0002684203462622467,0.0001384399205319412
LOCAL_A000452,0.00040263051939337007,0.0,0.00040263051939337,0.0001384399205319412
A5033221741,0.0002684203462622467,0.0,0.0002684203462622467,0.0001384399205319412
A5119568657,0.00040263051939337007,0.0,0.00040263051939337,0.0001384399205319412
A5007649355,0.0005368406925244934,0.0,0.0005368406925244934,0.0001384399205319412
A5093677854,0.00040263051939337007,0.0,0.00040263051939337,0.0001384399205319412
A5020036590,0.0005368406925244934,0.0,0.0005368406925244934,0.0001384399205319412
A5006699792,0.0005368406925244934,0.0,0.0005368406925244934,0.0001384399205319412
A5089807232,0.0005368406925244934,0.0,0.0005368406925244934,0.0001384399205319412
A5022072785,0.0006710508656556167,0.0,0.0006710508656556167,0.0001384399205319412
A5015110890,0.00013421017313112335,0.0,0.00013421017313112335,0.0001384399205319412
A5093706061,0.0005368406925244934,0.0,0.0005368406925244934,0.0001384399205319412
A5107042390,0.00040263051939337007,0.0,0.00040263051939337,0.0001384399205319412
A5002699769,0.00013421017313112335,0.0,0.00013421017313112335,0.0001384399205319412
A5011606020,0.0002684203462622467,0.0,0.0002684203462622467,0.0001384399205319412
LOCAL_A000449,0.00040263051939337007,0.0,0.00040263051939337,0.0001384399205319412
A5118143934,0.0005368406925244934,0.0,0.0005368406925244934,0.0001384399205319412
A5118256435,0.0005368406925244934,0.0,0.0005368406925244934,0.0001384399205319412
A5118143935,0.0005368406925244934,0.0,0.0005368406925244934,0.0001384399205319412
A5118143933,0.0005368406925244934,0.0,0.0005368406925244934,0.0001384399205319412
A5125156133,0.00040263051939337007,0.0,0.00040263051939337,0.0001384399205319412
A5119371023,0.00040263051939337007,0.0,0.00040263051939337,0.0001384399205319412
A5074941223,0.0006710508656556167,0.0,0.0006710508656556167,0.0001384399205319412
A5074702103,0.0006710508656556167,0.0,0.0006710508656556167,0.0001384399205319412
A5041441406,0.0006710508656556167,0.0,0.0006710508656556167,0.0001384399205319412
A5093706060,0.0005368406925244934,0.0,0.0005368406925244934,0.0001384399205319412
A5096196814,0.0005368406925244934,0.0,0.0005368406925244934,0.0001384399205319412
A5055712333,0.0005368406925244934,0.0,0.0005368406925244934,0.0001384399205319412
A5086600645,0.0006710508656556167,0.0,0.0006710508656556167,0.0001384399205319412
A5119371022,0.00040263051939337007,0.0,0.00040263051939337,0.0001384399205319412
A5026614237,0.00013421017313112335,0.0,0.00013421017313112335,0.0001384399205319412
A5112505328,0.0006710508656556167,0.0,0.0006710508656556167,0.0001384399205319412
A5021354106,0.0005368406925244934,0.0,0.0005368406925244934,0.0001384399205319412
A5076305988,0.0005368406925244934,0.0,0.0005368406925244934,0.0001384399205319412
A5105003629,0.0005368406925244934,0.0,0.0005368406925244934,0.0001384399205319412
A5119568656,0.00040263051939337007,0.0,0.00040263051939337,0.0001384399205319412
A5119568655,0.00040263051939337007,0.0,0.00040263051939337,0.0001384399205319412
LOCAL_A000450,0.00013421017313112335,0.0,0.00013421017313112335,0.0001384399205319412
A5049932095,0.0014763119044423568,0.0,0.0014763119044423566,0.0001384399205319412
A5131269179,0.0005368406925244934,0.0,0.0005368406925244934,0.0001384399205319412
A5118388860,0.00013421017313112335,0.0,0.00013421017313112335,0.0001384399205319412
LOCAL_A000309,0.0014763119044423568,0.0,0.0014763119044423566,0.0001384399205319412
A5075519026,0.0002684203462622467,0.0,0.0002684203462622467,0.0001384399205319412
A5028460070,0.00013421017313112335,0.0,0.00013421017313112335,0.0001384399205319412
A5119371024,0.00040263051939337007,0.0,0.00040263051939337,0.0001384399205319412
LOCAL_A000310,0.0014763119044423568,0.0,0.0014763119044423566,0.0001384399205319412
A5058325292,0.00013421017313112335,0.0,0.00013421017313112335,0.0001384399205319412
LOCAL_A000311,0.0014763119044423568,0.0,0.0014763119044423566,0.0001384399205319412
LOCAL_A000307,0.0014763119044423568,0.0,0.0014763119044423566,0.0001384399205319412
LOCAL_A000306,0.0014763119044423568,0.0,0.0014763119044423566,0.0001384399205319412
LOCAL_A000308,0.0014763119044423568,0.0,0.0014763119044423566,0.0001384399205319412
LOCAL_A000313,0.0014763119044423568,0.0,0.0014763119044423566,0.0001384399205319412
LOCAL_A000305,0.0014763119044423568,0.0,0.0014763119044423566,0.0001384399205319412
A5099351333,0.0014763119044423568,0.0,0.0014763119044423566,0.0001384399205319412
LOCAL_A000395,0.0002684203462622467,0.0,0.0002684203462622467,0.0001384399205319412
A5108870180,0.0002684203462622467,0.0,0.0002684203462622467,0.0001384399205319412
A5052092290,0.0002684203462622467,0.0,0.0002684203462622467,0.0001384399205319412
A5017977010,0.00013421017313112335,0.0,0.00013421017313112335,0.0001384399205319412
A5051113352,0.00013421017313112335,0.0,0.00013421017313112335,0.0001384399205319412
A5100380164,0.0014763119044423568,0.0,0.0014763119044423566,0.0001384399205319412
LOCAL_A000314,0.0014763119044423568,0.0,0.0014763119044423566,0.0001384399205319412
A5045616383,0.0014763119044423568,0.0,0.0014763119044423566,0.0001384399205319412
A5000211187,0.0014763119044423568,0.0,0.0014763119044423566,0.0001384399205319412
A5048137524,0.0002684203462622467,0.0,0.0002684203462622467,0.0001384399205319412
A5007724232,0.0002684203462622467,0.0,0.0002684203462622467,0.0001384399205319412
A5024327009,0.0002684203462622467,0.0,0.0002684203462622467,0.0001384399205319412
A5012861326,0.0002684203462622467,0.0,0.0002684203462622467,0.0001384399205319412
A5054933494,0.0002684203462622467,0.0,0.0002684203462622467,0.0001384399205319412
LOCAL_A000446,0.0002684203462622467,0.0,0.0002684203462622467,0.0001384399205319412
A5030713822,0.0006710508656556167,0.0,0.0006710508656556167,0.0001384399205319412
A5043227923,0.0002684203462622467,0.0,0.0002684203462622467,0.0001384399205319412
A5112799690,0.00013421017313112335,0.0,0.00013421017313112335,0.0001384399205319412
LOCAL_A000057,0.0014763119044423568,0.0,0.0014763119044423566,0.0001384399205319412
LOCAL_A000312,0.0014763119044423568,0.0,0.0014763119044423566,0.0001384399205319412
A5088677076,0.0014763119044423568,0.0,0.0014763119044423566,0.0001384399205319412
A5052072118,0.0014763119044423568,0.0,0.0014763119044423566,0.0001384399205319412
A5073614585,0.0014763119044423568,0.0,0.0014763119044423566,0.0001384399205319412
A5085823166,0.0014763119044423568,0.0,0.0014763119044423566,0.0001384399205319412
A5051246640,0.0014763119044423568,0.0,0.0014763119044423566,0.0001384399205319412
A5125196382,0.00040263051939337007,0.0,0.00040263051939337,0.0001384399205319412
A5050925561,0.0014763119044423568,0.0,0.0014763119044423566,0.0001384399205319412
A5100634151,0.0014763119044423568,0.0,0.0014763119044423566,0.0001384399205319412
A5091227553,0.0014763119044423568,0.0,0.0014763119044423566,0.0001384399205319412
A5106181325,0.0006710508656556167,0.0,0.0006710508656556167,0.0001384399205319412
A5110966762,0.00013421017313112335,0.0,0.00013421017313112335,0.0001384399205319412
A5081255705,0.0005368406925244934,0.0,0.0005368406925244934,0.0001384399205319412
A5002965978,0.0002684203462622467,0.0,0.0002684203462622467,0.0001384399205319412
A5041489201,0.00040263051939337007,0.0,0.00040263051939337,0.0001384399205319412
LOCAL_A000641,0.00040263051939337007,0.0,0.00040263051939337,0.0001384399205319412
A5052294575,0.00013421017313112335,0.0,0.00013421017313112335,0.0001384399205319412
A5118143932,0.0005368406925244934,0.0,0.0005368406925244934,0.0001384399205319412
A5090925538,0.0005368406925244934,0.0,0.0005368406925244934,0.0001384399205319412
A5057105630,0.0005368406925244934,0.0,0.0005368406925244934,0.0001384399205319412
LOCAL_A000284,0.0002684203462622467,0.0,0.0002684203462622467,0.0001384399205319412
A5000022585,0.00040263051939337007,0.0,0.00040263051939337,0.0001384399205319412
LOCAL_A000282,0.0002684203462622467,0.0,0.0002684203462622467,0.0001384399205319412
A5108143130,0.00040263051939337007,0.0,0.00040263051939337,0.0001384399205319412
LOCAL_A000455,0.00013421017313112335,0.0,0.00013421017313112335,0.0001384399205319412
LOCAL_A000295,0.00013421017313112335,0.0,0.00013421017313112335,0.0001384399205319412
A5086866654,0.00040263051939337007,0.0,0.00040263051939337,0.0001384399205319412
LOCAL_A000283,0.0002684203462622467,0.0,0.0002684203462622467,0.0001384399205319412
LOCAL_A000454,0.00013421017313112335,0.0,0.00013421017313112335,0.0001384399205319412
A5101951708,0.0005368406925244934,0.0,0.0005368406925244934,0.0001384399205319412
A5053403067,0.0005368406925244934,0.0,0.0005368406925244934,0.0001384399205319412
A5110409610,0.0006710508656556167,0.0,0.0006710508656556167,0.0001384399205319412
A5015396426,0.0006710508656556167,0.0,0.0006710508656556167,0.0001384399205319412
LOCAL_A000296,0.0002684203462622467,0.0,0.0002684203462622467,0.0001384399205319412
A5101588421,0.00013421017313112335,0.0,0.00013421017313112335,0.0001384399205319412
A5032100162,0.00013421017313112335,0.0,0.00013421017313112335,0.0001384399205319412
A5118963635,0.00040263051939337007,0.0,0.00040263051939337,0.0001384399205319412
A5043963174,0.00013421017313112335,0.0,0.00013421017313112335,0.0001384399205319412
A5042315945,0.00040263051939337007,0.0,0.00040263051939337,0.0001384399205319412
A5103560974,0.0005368406925244934,0.0,0.0005368406925244934,0.0001384399205319412
A5119368559,0.0005368406925244934,0.0,0.0005368406925244934,0.0001384399205319412
A5118908313,0.0005368406925244934,0.0,0.0005368406925244934,0.0001384399205319412
A5043430500,0.0006710508656556167,0.0,0.0006710508656556167,0.0001384399205319412
A5119368558,0.0005368406925244934,0.0,0.0005368406925244934,0.0001384399205319412
A5100546631,0.00013421017313112335,0.0,0.00013421017313112335,0.0001384399205319412
A5023271480,0.0005368406925244934,0.0,0.0005368406925244934,0.0001384399205319412
A5013073221,0.0005368406925244934,0.0,0.0005368406925244934,0.0001384399205319412
A5009833099,0.00040263051939337007,0.0,0.00040263051939337,0.0001384399205319412
A5101704561,0.00040263051939337007,0.0,0.00040263051939337,0.0001384399205319412
A5119281889,0.0002684203462622467,0.0,0.0002684203462622467,0.0001384399205319412
LOCAL_A000448,0.0005368406925244934,0.0,0.0005368406925244934,0.0001384399205319412
A5119281888,0.0002684203462622467,0.0,0.0002684203462622467,0.0001384399205319412
A5119281887,0.0002684203462622467,0.0,0.0002684203462622467,0.0001384399205319412
A5100383604,0.0006710508656556167,0.0,0.0006710508656556167,0.0001384399205319412
A5117364495,0.0005368406925244934,0.0,0.0005368406925244934,0.0001384399205319412
A5129503416,0.0010736813850489868,0.0,0.0010736813850489868,0.00013843992053194117
A5126343199,0.0010736813850489868,0.0,0.0010736813850489868,0.00013843992053194117
A5022117269,0.0010736813850489868,0.0,0.0010736813850489868,0.00013843992053194117
A5041778801,0.0010736813850489868,0.0,0.0010736813850489868,0.00013843992053194117
A5129617498,0.0010736813850489868,0.0,0.0010736813850489868,0.00013843992053194117
A5049067140,0.0010736813850489868,0.0,0.0010736813850489868,0.00013843992053194117
A5011289611,0.0010736813850489868,0.0,0.0010736813850489868,0.00013843992053194117
A5113862126,0.0010736813850489868,0.0,0.0010736813850489868,0.00013843992053194117
A5125097696,0.0010736813850489868,0.0,0.0010736813850489868,0.00013843992053194117
A5064176753,0.0010736813850489868,0.0,0.0010736813850489868,0.00013843992053194117
A5129417776,0.0010736813850489868,0.0,0.0010736813850489868,0.00013843992053194117
A5110600308,0.0010736813850489868,0.0,0.0010736813850489868,0.00013843992053194117
A5089526105,0.0010736813850489868,0.0,0.0010736813850489868,0.00013843992053194117
A5037668109,0.0010736813850489868,0.0,0.0010736813850489868,0.00013843992053194117
A5050158948,0.0010736813850489868,0.0,0.0010736813850489868,0.00013843992053194117
A5068613629,0.0010736813850489868,0.0,0.0010736813850489868,0.00013843992053194117
A5010151535,0.0010736813850489868,0.0,0.0010736813850489868,0.00013843992053194117
A5020643866,0.0010736813850489868,0.0,0.0010736813850489868,0.00013843992053194117
A5112843290,0.0010736813850489868,0.0,0.0010736813850489868,0.00013843992053194117
A5016901707,0.0010736813850489868,0.0,0.0010736813850489868,0.00013843992053194117
A5009585629,0.0010736813850489868,0.0,0.0010736813850489868,0.00013843992053194117
A5035968290,0.0010736813850489868,0.0,0.0010736813850489868,0.00013843992053194117
A5061376260,0.0010736813850489868,0.0,0.0010736813850489868,0.00013843992053194117
A5076315053,0.0010736813850489868,0.0,0.0010736813850489868,0.00013843992053194117
A5101103076,0.0010736813850489868,0.0,0.0010736813850489868,0.00013843992053194117
A5108116590,0.0010736813850489868,0.0,0.0010736813850489868,0.00013843992053194117
A5118149060,0.0010736813850489868,0.0,0.0010736813850489868,0.00013843992053194117
LOCAL_A000732,0.0010736813850489868,0.0,0.0010736813850489868,0.00013843992053194117
A5020723643,0.0010736813850489868,0.0,0.0010736813850489868,0.00013843992053194117
A5107408554,0.0010736813850489868,0.0,0.0010736813850489868,0.00013843992053194117
A5058684461,0.0010736813850489868,0.0,0.0010736813850489868,0.00013843992053194117
A5029004884,0.0010736813850489868,0.0,0.0010736813850489868,0.00013843992053194117
A5038719267,0.0010736813850489868,0.0,0.0010736813850489868,0.00013843992053194117
A5070062505,0.0010736813850489868,0.0,0.0010736813850489868,0.00013843992053194117
A5091336030,0.0010736813850489868,0.0,0.0010736813850489868,0.00013843992053194117
A5030402937,0.0010736813850489868,0.0,0.0010736813850489868,0.00013843992053194117
A5068264867,0.0010736813850489868,0.0,0.0010736813850489868,0.00013843992053194117
A5034492478,0.0010736813850489868,0.0,0.0010736813850489868,0.00013843992053194117
A5052442705,0.0010736813850489868,0.0,0.0010736813850489868,0.00013843992053194117
A5101386108,0.0010736813850489868,0.0,0.0010736813850489868,0.00013843992053194117
A5052525223,0.0010736813850489868,0.0,0.0010736813850489868,0.00013843992053194117
A5052999341,0.0010736813850489868,0.0,0.0010736813850489868,0.00013843992053194117
A5057678443,0.0010736813850489868,0.0,0.0010736813850489868,0.00013843992053194117
A5022528171,0.0010736813850489868,0.0,0.0010736813850489868,0.00013843992053194117
A5045740847,0.0010736813850489868,0.0,0.0010736813850489868,0.00013843992053194117
A5058710387,0.0010736813850489868,0.0,0.0010736813850489868,0.00013843992053194117
A5014308617,0.0010736813850489868,0.0,0.0010736813850489868,0.00013843992053194117
A5118149059,0.0010736813850489868,0.0,0.0010736813850489868,0.00013843992053194117
A5070426067,0.0010736813850489868,0.0,0.0010736813850489868,0.00013843992053194117
A5039382955,0.0010736813850489868,0.0,0.0010736813850489868,0.00013843992053194117
A5118149061,0.0010736813850489868,0.0,0.0010736813850489868,0.00013843992053194117
LOCAL_A000731,0.0010736813850489868,0.0,0.0010736813850489868,0.00013843992053194117
A5045513289,0.0010736813850489868,0.0,0.0010736813850489868,0.00013843992053194117
A5113058619,0.0010736813850489868,0.0,0.0010736813850489868,0.00013843992053194117
A5030758686,0.0010736813850489868,0.0,0.0010736813850489868,0.00013843992053194117
A5015882055,0.0010736813850489868,0.0,0.0010736813850489868,0.00013843992053194117
A5043643766,0.0010736813850489868,0.0,0.0010736813850489868,0.00013843992053194117
A5009533013,0.0010736813850489868,0.0,0.0010736813850489868,0.00013843992053194117
A5100383607,0.0010736813850489868,0.0,0.0010736813850489868,0.00013843992053194117
A5014200305,0.0010736813850489868,0.0,0.0010736813850489868,0.00013843992053194117
A5078842316,0.0010736813850489868,0.0,0.0010736813850489868,0.00013843992053194117
A5036720382,0.0010736813850489868,0.0,0.0010736813850489868,0.00013843992053194117
A5029804035,0.0010736813850489868,0.0,0.0010736813850489868,0.00013843992053194117
A5091148818,0.0008052610387867401,0.0,0.00080526103878674,0.00013843992053194114
LOCAL_A000524,0.0008052610387867401,0.0,0.00080526103878674,0.00013843992053194114
A5021802783,0.0013421017313112334,0.0,0.0013421017313112334,0.00013843992053194114
A5010772869,0.0008052610387867401,0.0,0.00080526103878674,0.00013843992053194114
LOCAL_A000523,0.0008052610387867401,0.0,0.00080526103878674,0.00013843992053194114
A5061370494,0.0008052610387867401,0.0,0.00080526103878674,0.00013843992053194114
A5017263869,0.0008052610387867401,0.0,0.00080526103878674,0.00013843992053194114
A5054801180,0.0013421017313112334,0.0,0.0013421017313112334,0.00013843992053194114
LOCAL_A000521,0.0008052610387867401,0.0,0.00080526103878674,0.00013843992053194114
A5067618941,0.0008052610387867401,0.0,0.00080526103878674,0.00013843992053194114
A5006316327,0.0008052610387867401,0.0,0.00080526103878674,0.00013843992053194114
A5103205999,0.0013421017313112334,0.0,0.0013421017313112334,0.00013843992053194114
A5137576630,0.0013421017313112334,0.0,0.0013421017313112334,0.00013843992053194114
A5057475080,0.0013421017313112334,0.0,0.0013421017313112334,0.00013843992053194114
LOCAL_A000472,0.0008052610387867401,0.0,0.00080526103878674,0.00013843992053194114
A5094236769,0.0008052610387867401,0.0,0.00080526103878674,0.00013843992053194114
A5122389452,0.0013421017313112334,0.0,0.0013421017313112334,0.00013843992053194114
A5123864020,0.0013421017313112334,0.0,0.0013421017313112334,0.00013843992053194114
A5001863172,0.0013421017313112334,0.0,0.0013421017313112334,0.00013843992053194114
A5116571599,0.0013421017313112334,0.0,0.0013421017313112334,0.00013843992053194114
A5013889869,0.0013421017313112334,0.0,0.0013421017313112334,0.00013843992053194114
A5066565612,0.0013421017313112334,0.0,0.0013421017313112334,0.00013843992053194114
A5047470642,0.0013421017313112334,0.0,0.0013421017313112334,0.00013843992053194114
A5128165841,0.0013421017313112334,0.0,0.0013421017313112334,0.00013843992053194114
A5101504996,0.0008052610387867401,0.0,0.00080526103878674,0.00013843992053194114
A5137339313,0.0013421017313112334,0.0,0.0013421017313112334,0.00013843992053194114
A5023945815,0.0008052610387867401,0.0,0.00080526103878674,0.00013843992053194114
LOCAL_A000471,0.0008052610387867401,0.0,0.00080526103878674,0.00013843992053194114
A5051552397,0.0013421017313112334,0.0,0.0013421017313112334,0.00013843992053194114
A5072933384,0.0013421017313112334,0.0,0.0013421017313112334,0.00013843992053194114
A5137322044,0.0013421017313112334,0.0,0.0013421017313112334,0.00013843992053194114
A5002005365,0.0013421017313112334,0.0,0.0013421017313112334,0.00013843992053194114
A5113864661,0.0013421017313112334,0.0,0.0013421017313112334,0.00013843992053194114
A5128187188,0.0013421017313112334,0.0,0.0013421017313112334,0.00013843992053194114
A5049806976,0.0008052610387867401,0.0,0.00080526103878674,0.00013843992053194114
A5112844475,0.0008052610387867401,0.0,0.00080526103878674,0.00013843992053194114
A5103087729,0.0008052610387867401,0.0,0.00080526103878674,0.00013843992053194114
A5128348289,0.0013421017313112334,0.0,0.0013421017313112334,0.00013843992053194114
A5110680345,0.0013421017313112334,0.0,0.0013421017313112334,0.00013843992053194114
A5128178653,0.0013421017313112334,0.0,0.0013421017313112334,0.00013843992053194114
LOCAL_A000564,0.0013421017313112334,0.0,0.0013421017313112334,0.00013843992053194114
A5071754735,0.0013421017313112334,0.0,0.0013421017313112334,0.00013843992053194114
A5101053869,0.0013421017313112334,0.0,0.0013421017313112334,0.00013843992053194114
LOCAL_A000520,0.0008052610387867401,0.0,0.00080526103878674,0.00013843992053194114
LOCAL_A000522,0.0008052610387867401,0.0,0.00080526103878674,0.00013843992053194114
LOCAL_A000525,0.0008052610387867401,0.0,0.00080526103878674,0.00013843992053194114
A5128210291,0.0013421017313112334,0.0,0.0013421017313112334,0.00013843992053194114
A5128716151,0.0008052610387867401,0.0,0.00080526103878674,0.00013843992053194114
A5128707607,0.0008052610387867401,0.0,0.00080526103878674,0.00013843992053194114
A5128736244,0.0008052610387867401,0.0,0.00080526103878674,0.00013843992053194114
A5137605807,0.0013421017313112334,0.0,0.0013421017313112334,0.00013843992053194114
A5071784955,0.0008052610387867401,0.0,0.00080526103878674,0.00013843992053194114
A5121799310,0.0013421017313112334,0.0,0.0013421017313112334,0.00013843992053194114
A5065588110,0.0013421017313112334,0.0,0.0013421017313112334,0.00013843992053194114
A5092078833,0.0013421017313112334,0.0,0.0013421017313112334,0.00013843992053194114
A5128753364,0.0008052610387867401,0.0,0.00080526103878674,0.00013843992053194114
LOCAL_A000565,0.0013421017313112334,0.0,0.0013421017313112334,0.00013843992053194114
A5128704412,0.0008052610387867401,0.0,0.00080526103878674,0.00013843992053194114
A5121066759,0.0013421017313112334,0.0,0.0013421017313112334,0.00013843992053194114
A5137525102,0.0013421017313112334,0.0,0.0013421017313112334,0.00013843992053194114
A5052439520,0.0013421017313112334,0.0,0.0013421017313112334,0.00013843992053194114
A5128700301,0.0013421017313112334,0.0,0.0013421017313112334,0.00013843992053194114
A5103731291,0.0013421017313112334,0.0,0.0013421017313112334,0.00013843992053194114
A5046213612,0.0013421017313112334,0.0,0.0013421017313112334,0.00013843992053194114
A5001310284,0.0013421017313112334,0.0,0.0013421017313112334,0.00013843992053194114
A5087602214,0.0008052610387867401,0.0,0.00080526103878674,0.00013843992053194114
A5065444985,0.0008052610387867401,0.0,0.00080526103878674,0.00013843992053194114
A5103014821,0.0013421017313112334,0.0,0.0013421017313112334,0.00013843992053194114
A5124033776,0.0008052610387867401,0.0,0.00080526103878674,0.00013843992053194114
A5028027304,0.0013421017313112334,0.0,0.0013421017313112334,0.00013843992053194114
LOCAL_A000677,0.0013421017313112334,0.0,0.0013421017313112334,0.00013843992053194114
A5111991433,0.0013421017313112334,0.0,0.0013421017313112334,0.00013843992053194114
A5082139032,0.0013421017313112334,0.0,0.0013421017313112334,0.00013843992053194114
A5070181852,0.0013421017313112334,0.0,0.0013421017313112334,0.00013843992053194114
A5108109013,0.0013421017313112334,0.0,0.0013421017313112334,0.00013843992053194114
A5007439601,0.0013421017313112334,0.0,0.0013421017313112334,0.00013843992053194114
A5035497954,0.0013421017313112334,0.0,0.0013421017313112334,0.00013843992053194114
A5124029635,0.0008052610387867401,0.0,0.00080526103878674,0.00013843992053194114
A5036248676,0.0013421017313112334,0.0,0.0013421017313112334,0.00013843992053194114
A5048414571,0.0013421017313112334,0.0,0.0013421017313112334,0.00013843992053194114
A5028487735,0.0008052610387867401,0.0,0.00080526103878674,0.00013843992053194114
A5005051343,0.0008052610387867401,0.0,0.00080526103878674,0.00013843992053194114
A5067977804,0.0008052610387867401,0.0,0.00080526103878674,0.00013843992053194114
A5133348079,0.0008052610387867401,0.0,0.00080526103878674,0.00013843992053194114
A5102806354,0.0008052610387867401,0.0,0.00080526103878674,0.00013843992053194114
A5123901476,0.0008052610387867401,0.0,0.00080526103878674,0.00013843992053194114
A5133342206,0.0008052610387867401,0.0,0.00080526103878674,0.00013843992053194114
A5122306876,0.0008052610387867401,0.0,0.00080526103878674,0.00013843992053194114
A5124022763,0.0008052610387867401,0.0,0.00080526103878674,0.00013843992053194114
A5066866928,0.0008052610387867401,0.0,0.00080526103878674,0.00013843992053194114
A5136968278,0.0008052610387867401,0.0,0.00080526103878674,0.00013843992053194114
A5136968872,0.0008052610387867401,0.0,0.00080526103878674,0.00013843992053194114
A5136903939,0.0008052610387867401,0.0,0.00080526103878674,0.00013843992053194114
A5136974579,0.0008052610387867401,0.0,0.00080526103878674,0.00013843992053194114
A5028381367,0.0013421017313112334,0.0,0.0013421017313112334,0.00013843992053194114
A5063075392,0.0008052610387867401,0.0,0.00080526103878674,0.00013843992053194114
A5109208912,0.0008052610387867401,0.0,0.00080526103878674,0.00013843992053194114
A5113903887,0.0008052610387867401,0.0,0.00080526103878674,0.00013843992053194114
A5090308354,0.0008052610387867401,0.0,0.00080526103878674,0.00013843992053194114
A5136926768,0.0008052610387867401,0.0,0.00080526103878674,0.00013843992053194114
A5112961804,0.0008052610387867401,0.0,0.00080526103878674,0.00013843992053194114
LOCAL_A000006,0.0008052610387867401,0.0,0.00080526103878674,0.00013843992053194114
A5030260489,0.0013421017313112334,0.0,0.0013421017313112334,0.00013843992053194114
A5060222747,0.0013421017313112334,0.0,0.0013421017313112334,0.00013843992053194114
A5136933084,0.0008052610387867401,0.0,0.00080526103878674,0.00013843992053194114
A5084103582,0.0013421017313112334,0.0,0.0013421017313112334,0.00013843992053194114
LOCAL_A000064,0.0013421017313112334,0.0,0.0013421017313112334,0.00013843992053194114
A5136973147,0.0008052610387867401,0.0,0.00080526103878674,0.00013843992053194114
A5123912627,0.0008052610387867401,0.0,0.00080526103878674,0.00013843992053194114
A5084775306,0.0008052610387867401,0.0,0.00080526103878674,0.00013843992053194114
A5039502465,0.0008052610387867401,0.0,0.00080526103878674,0.00013843992053194114
A5010808044,0.0008052610387867401,0.0,0.00080526103878674,0.00013843992053194114
A5074560142,0.0008052610387867401,0.0,0.00080526103878674,0.00013843992053194114
A5124017476,0.0008052610387867401,0.0,0.00080526103878674,0.00013843992053194114
A5110817724,0.0008052610387867401,0.0,0.00080526103878674,0.00013843992053194114
A5120524910,0.0008052610387867401,0.0,0.00080526103878674,0.00013843992053194114
A5064289811,0.0008052610387867401,0.0,0.00080526103878674,0.00013843992053194114
A5065231184,0.0008052610387867401,0.0,0.00080526103878674,0.00013843992053194114
LOCAL_A000526,0.0008052610387867401,0.0,0.00080526103878674,0.00013843992053194114
A5101918597,0.0008052610387867401,0.0,0.00080526103878674,0.00013843992053194114
LOCAL_A000465,0.0008052610387867401,0.0,0.00080526103878674,0.00013843992053194114
A5110956725,0.0008052610387867401,0.0,0.00080526103878674,0.00013843992053194114
A5081151430,0.0008052610387867401,0.0,0.00080526103878674,0.00013843992053194114
A5008909699,0.0008052610387867401,0.0,0.00080526103878674,0.00013843992053194114
LOCAL_A000464,0.0008052610387867401,0.0,0.00080526103878674,0.00013843992053194114
A5064996552,0.0009394712119178635,0.0,0.0009394712119178633,0.0001384399205319411
A5104075392,0.0009394712119178635,0.0,0.0009394712119178633,0.0001384399205319411
A5042953536,0.0009394712119178635,0.0,0.0009394712119178633,0.0001384399205319411
A5028212671,0.0009394712119178635,0.0,0.0009394712119178633,0.0001384399205319411
A5101227434,0.0009394712119178635,0.0,0.0009394712119178633,0.0001384399205319411
A5058972343,0.0009394712119178635,0.0,0.0009394712119178633,0.0001384399205319411
A5023335428,0.0009394712119178635,0.0,0.0009394712119178633,0.0001384399205319411
A5017294870,0.0009394712119178635,0.0,0.0009394712119178633,0.0001384399205319411
A5052811415,0.0009394712119178635,0.0,0.0009394712119178633,0.0001384399205319411
A5086812375,0.0009394712119178635,0.0,0.0009394712119178633,0.0001384399205319411
A5049270537,0.0009394712119178635,0.0,0.0009394712119178633,0.0001384399205319411
A5065939774,0.0009394712119178635,0.0,0.0009394712119178633,0.0001384399205319411
A5059455917,0.0009394712119178635,0.0,0.0009394712119178633,0.0001384399205319411
A5015220416,0.0009394712119178635,0.0,0.0009394712119178633,0.0001384399205319411
A5009152095,0.0009394712119178635,0.0,0.0009394712119178633,0.0001384399205319411
A5012521502,0.0009394712119178635,0.0,0.0009394712119178633,0.0001384399205319411
A5038357686,0.0009394712119178635,0.0,0.0009394712119178633,0.0001384399205319411
A5115980099,0.0009394712119178635,0.0,0.0009394712119178633,0.0001384399205319411
A5027349486,0.0009394712119178635,0.0,0.0009394712119178633,0.0001384399205319411
A5003854144,0.0009394712119178635,0.0,0.0009394712119178633,0.0001384399205319411
A5055790770,0.0009394712119178635,0.0,0.0009394712119178633,0.0001384399205319411
A5112902939,0.0009394712119178635,0.0,0.0009394712119178633,0.0001384399205319411
A5013125404,0.0009394712119178635,0.0,0.0009394712119178633,0.0001384399205319411
A5062478922,0.0009394712119178635,0.0,0.0009394712119178633,0.0001384399205319411
A5050575155,0.0009394712119178635,0.0,0.0009394712119178633,0.0001384399205319411
A5032787752,0.0009394712119178635,0.0,0.0009394712119178633,0.0001384399205319411
A5103712019,0.0009394712119178635,0.0,0.0009394712119178633,0.0001384399205319411
A5062884692,0.0009394712119178635,0.0,0.0009394712119178633,0.0001384399205319411
A5052590300,0.0009394712119178635,0.0,0.0009394712119178633,0.0001384399205319411
A5064602782,0.0009394712119178635,0.0,0.0009394712119178633,0.0001384399205319411
A5067638085,0.0009394712119178635,0.0,0.0009394712119178633,0.0001384399205319411
A5005695272,0.0009394712119178635,0.0,0.0009394712119178633,0.0001384399205319411
A5022972729,0.0009394712119178635,0.0,0.0009394712119178633,0.0001384399205319411
A5048245818,0.0009394712119178635,0.0,0.0009394712119178633,0.0001384399205319411
A5007516284,0.0009394712119178635,0.0,0.0009394712119178633,0.0001384399205319411
A5025022818,0.0009394712119178635,0.0,0.0009394712119178633,0.0001384399205319411
A5069865145,0.0009394712119178635,0.0,0.0009394712119178633,0.0001384399205319411
A5088894961,0.0009394712119178635,0.0,0.0009394712119178633,0.0001384399205319411
A5054062927,0.0009394712119178635,0.0,0.0009394712119178633,0.0001384399205319411
A5048178300,0.0009394712119178635,0.0,0.0009394712119178633,0.0001384399205319411
A5111063999,0.0009394712119178635,0.0,0.0009394712119178633,0.0001384399205319411
A5089409625,0.0009394712119178635,0.0,0.0009394712119178633,0.0001384399205319411
A5070501321,0.0009394712119178635,0.0,0.0009394712119178633,0.0001384399205319411
A5013302470,0.0009394712119178635,0.0,0.0009394712119178633,0.0001384399205319411
LOCAL_A000647,0.0009394712119178635,0.0,0.0009394712119178633,0.0001384399205319411
A5133156427,0.0009394712119178635,0.0,0.0009394712119178633,0.0001384399205319411
A5030649192,0.0009394712119178635,0.0,0.0009394712119178633,0.0001384399205319411
A5002976413,0.0009394712119178635,0.0,0.0009394712119178633,0.0001384399205319411
A5068483265,0.0009394712119178635,0.0,0.0009394712119178633,0.0001384399205319411
A5071644998,0.0009394712119178635,0.0,0.0009394712119178633,0.0001384399205319411
A5097638246,0.0009394712119178635,0.0,0.0009394712119178633,0.0001384399205319411
A5003822713,0.0009394712119178635,0.0,0.0009394712119178633,0.0001384399205319411
A5091922471,0.0009394712119178635,0.0,0.0009394712119178633,0.0001384399205319411
A5002099463,0.0009394712119178635,0.0,0.0009394712119178633,0.0001384399205319411
A5003620404,0.0009394712119178635,0.0,0.0009394712119178633,0.0001384399205319411
A5089278605,0.0009394712119178635,0.0,0.0009394712119178633,0.0001384399205319411
A5065585303,0.0009394712119178635,0.0,0.0009394712119178633,0.0001384399205319411
A5070708078,0.0009394712119178635,0.0,0.0009394712119178633,0.0001384399205319411
A5050464986,0.0009394712119178635,0.0,0.0009394712119178633,0.0001384399205319411
A5073756344,0.0009394712119178635,0.0,0.0009394712119178633,0.0001384399205319411
A5050227832,0.0009394712119178635,0.0,0.0009394712119178633,0.0001384399205319411
A5104115221,0.0009394712119178635,0.0,0.0009394712119178633,0.0001384399205319411
A5019495317,0.0009394712119178635,0.0,0.0009394712119178633,0.0001384399205319411
A5112323416,0.0009394712119178635,0.0,0.0009394712119178633,0.0001384399205319411
A5133198721,0.0009394712119178635,0.0,0.0009394712119178633,0.0001384399205319411
A5036004952,0.0009394712119178635,0.0,0.0009394712119178633,0.0001384399205319411
A5072249565,0.0009394712119178635,0.0,0.0009394712119178633,0.0001384399205319411
A5101204564,0.0009394712119178635,0.0,0.0009394712119178633,0.0001384399205319411
A5027129342,0.0009394712119178635,0.0,0.0009394712119178633,0.0001384399205319411
LOCAL_A000563,0.0009394712119178635,0.0,0.0009394712119178633,0.0001384399205319411
A5110699531,0.0009394712119178635,0.0,0.0009394712119178633,0.0001384399205319411
A5032430599,0.0009394712119178635,0.0,0.0009394712119178633,0.0001384399205319411
A5075390580,0.0032210441551469605,0.0,0.00322104415514696,0.00013843992053194109
A5010760857,0.0032210441551469605,0.0,0.00322104415514696,0.00013843992053194109
A5017621747,0.0032210441551469605,0.0,0.00322104415514696,0.00013843992053194109
A5115399158,0.0032210441551469605,0.0,0.00322104415514696,0.00013843992053194109
A5085179438,0.0032210441551469605,0.0,0.00322104415514696,0.00013843992053194109
A5071127149,0.0032210441551469605,0.0,0.00322104415514696,0.00013843992053194109
A5019703024,0.0032210441551469605,0.0,0.00322104415514696,0.00013843992053194109
A5004839227,0.0032210441551469605,0.0,0.00322104415514696,0.00013843992053194109
A5038218244,0.0032210441551469605,0.0,0.00322104415514696,0.00013843992053194109
A5115399160,0.0032210441551469605,0.0,0.00322104415514696,0.00013843992053194109
A5089557187,0.0032210441551469605,0.0,0.00322104415514696,0.00013843992053194109
A5009230144,0.0032210441551469605,0.0,0.00322104415514696,0.00013843992053194109
A5068485938,0.0032210441551469605,0.0,0.00322104415514696,0.00013843992053194109
A5016561586,0.0032210441551469605,0.0,0.00322104415514696,0.00013843992053194109
LOCAL_A000625,0.0032210441551469605,0.0,0.00322104415514696,0.00013843992053194109
A5010653031,0.0032210441551469605,0.0,0.00322104415514696,0.00013843992053194109
A5031890617,0.0032210441551469605,0.0,0.00322104415514696,0.00013843992053194109
A5021149547,0.0032210441551469605,0.0,0.00322104415514696,0.00013843992053194109
A5045689082,0.0032210441551469605,0.0,0.00322104415514696,0.00013843992053194109
A5028284310,0.0032210441551469605,0.0,0.00322104415514696,0.00013843992053194109
A5115399157,0.0032210441551469605,0.0,0.00322104415514696,0.00013843992053194109
A5101783382,0.0032210441551469605,0.0,0.00322104415514696,0.00013843992053194109
A5077185547,0.0032210441551469605,0.0,0.00322104415514696,0.00013843992053194109
A5115399159,0.0032210441551469605,0.0,0.00322104415514696,0.00013843992053194109
A5080083095,0.0032210441551469605,0.0,0.00322104415514696,0.00013843992053194109
A5136985834,0.013152596966850089,0.0,0.013152596966850087,0.00013843992053194103
A5136930533,0.013152596966850089,0.0,0.013152596966850087,0.00013843992053194103
A5056388805,0.013152596966850089,0.0,0.013152596966850087,0.00013843992053194103
A5136963529,0.013152596966850089,0.0,0.013152596966850087,0.00013843992053194103
A5136945458,0.013152596966850089,0.0,0.013152596966850087,0.00013843992053194103
A5129740652,0.013152596966850089,0.0,0.013152596966850087,0.00013843992053194103
A5136947962,0.013152596966850089,0.0,0.013152596966850087,0.00013843992053194103
A5136962949,0.013152596966850089,0.0,0.013152596966850087,0.00013843992053194103
A5136896145,0.013152596966850089,0.0,0.013152596966850087,0.00013843992053194103
A5021824756,0.013152596966850089,0.0,0.013152596966850087,0.00013843992053194103
A5136910116,0.013152596966850089,0.0,0.013152596966850087,0.00013843992053194103
A5136905975,0.013152596966850089,0.0,0.013152596966850087,0.00013843992053194103
A5056322359,0.013152596966850089,0.0,0.013152596966850087,0.00013843992053194103
A5136928656,0.013152596966850089,0.0,0.013152596966850087,0.00013843992053194103
A5136954205,0.013152596966850089,0.0,0.013152596966850087,0.00013843992053194103
A5134174412,0.013152596966850089,0.0,0.013152596966850087,0.00013843992053194103
A5110833308,0.013152596966850089,0.0,0.013152596966850087,0.00013843992053194103
A5136898771,0.013152596966850089,0.0,0.013152596966850087,0.00013843992053194103
A5136913741,0.013152596966850089,0.0,0.013152596966850087,0.00013843992053194103
A5129686486,0.013152596966850089,0.0,0.013152596966850087,0.00013843992053194103
A5132079624,0.013152596966850089,0.0,0.013152596966850087,0.00013843992053194103
A5129723091,0.013152596966850089,0.0,0.013152596966850087,0.00013843992053194103
A5136943832,0.013152596966850089,0.0,0.013152596966850087,0.00013843992053194103
A5107052422,0.013152596966850089,0.0,0.013152596966850087,0.00013843992053194103
A5136905539,0.013152596966850089,0.0,0.013152596966850087,0.00013843992053194103
A5129715936,0.013152596966850089,0.0,0.013152596966850087,0.00013843992053194103
A5024558444,0.013152596966850089,0.0,0.013152596966850087,0.00013843992053194103
A5086340912,0.013152596966850089,0.0,0.013152596966850087,0.00013843992053194103
A5062250884,0.013152596966850089,0.0,0.013152596966850087,0.00013843992053194103
A5129672000,0.013152596966850089,0.0,0.013152596966850087,0.00013843992053194103
A5132077295,0.013152596966850089,0.0,0.013152596966850087,0.00013843992053194103
A5131974323,0.013152596966850089,0.0,0.013152596966850087,0.00013843992053194103
A5043204255,0.013152596966850089,0.0,0.013152596966850087,0.00013843992053194103
A5129646369,0.013152596966850089,0.0,0.013152596966850087,0.00013843992053194103
A5129737777,0.013152596966850089,0.0,0.013152596966850087,0.00013843992053194103
A5080661941,0.013152596966850089,0.0,0.013152596966850087,0.00013843992053194103
A5129771426,0.013152596966850089,0.0,0.013152596966850087,0.00013843992053194103
A5136964667,0.013152596966850089,0.0,0.013152596966850087,0.00013843992053194103
A5130098630,0.013152596966850089,0.0,0.013152596966850087,0.00013843992053194103
A5136948187,0.013152596966850089,0.0,0.013152596966850087,0.00013843992053194103
A5136952759,0.013152596966850089,0.0,0.013152596966850087,0.00013843992053194103
A5132017636,0.013152596966850089,0.0,0.013152596966850087,0.00013843992053194103
A5136946130,0.013152596966850089,0.0,0.013152596966850087,0.00013843992053194103
A5061134783,0.013152596966850089,0.0,0.013152596966850087,0.00013843992053194103
A5136962121,0.013152596966850089,0.0,0.013152596966850087,0.00013843992053194103
A5132049969,0.013152596966850089,0.0,0.013152596966850087,0.00013843992053194103
A5129663707,0.013152596966850089,0.0,0.013152596966850087,0.00013843992053194103
A5109980044,0.013152596966850089,0.0,0.013152596966850087,0.00013843992053194103
A5136914265,0.013152596966850089,0.0,0.013152596966850087,0.00013843992053194103
A5136981193,0.013152596966850089,0.0,0.013152596966850087,0.00013843992053194103
A5136913949,0.013152596966850089,0.0,0.013152596966850087,0.00013843992053194103
A5041027404,0.013152596966850089,0.0,0.013152596966850087,0.00013843992053194103
A5129668892,0.013152596966850089,0.0,0.013152596966850087,0.00013843992053194103
A5136925850,0.013152596966850089,0.0,0.013152596966850087,0.00013843992053194103
A5134549678,0.013152596966850089,0.0,0.013152596966850087,0.00013843992053194103
A5136977010,0.013152596966850089,0.0,0.013152596966850087,0.00013843992053194103
A5107318322,0.013152596966850089,0.0,0.013152596966850087,0.00013843992053194103
A5020825456,0.013152596966850089,0.0,0.013152596966850087,0.00013843992053194103
A5136930195,0.013152596966850089,0.0,0.013152596966850087,0.00013843992053194103
A5129663908,0.013152596966850089,0.0,0.013152596966850087,0.00013843992053194103
A5136930714,0.013152596966850089,0.0,0.013152596966850087,0.00013843992053194103
A5129700560,0.013152596966850089,0.0,0.013152596966850087,0.00013843992053194103
A5113298949,0.013152596966850089,0.0,0.013152596966850087,0.00013843992053194103
A5129736816,0.013152596966850089,0.0,0.013152596966850087,0.00013843992053194103
A5136898255,0.013152596966850089,0.0,0.013152596966850087,0.00013843992053194103
A5136948813,0.013152596966850089,0.0,0.013152596966850087,0.00013843992053194103
A5045339304,0.013152596966850089,0.0,0.013152596966850087,0.00013843992053194103
A5136931926,0.013152596966850089,0.0,0.013152596966850087,0.00013843992053194103
A5107841618,0.013152596966850089,0.0,0.013152596966850087,0.00013843992053194103
A5076195331,0.013152596966850089,0.0,0.013152596966850087,0.00013843992053194103
A5132104550,0.013152596966850089,0.0,0.013152596966850087,0.00013843992053194103
A5136941845,0.013152596966850089,0.0,0.013152596966850087,0.00013843992053194103
A5132124518,0.013152596966850089,0.0,0.013152596966850087,0.00013843992053194103
A5033819945,0.013152596966850089,0.0,0.013152596966850087,0.00013843992053194103
A5107949962,0.013152596966850089,0.0,0.013152596966850087,0.00013843992053194103
A5136911368,0.013152596966850089,0.0,0.013152596966850087,0.00013843992053194103
A5005475639,0.013152596966850089,0.0,0.013152596966850087,0.00013843992053194103
A5132294692,0.013152596966850089,0.0,0.013152596966850087,0.00013843992053194103
A5136913435,0.013152596966850089,0.0,0.013152596966850087,0.00013843992053194103
A5136905343,0.013152596966850089,0.0,0.013152596966850087,0.00013843992053194103
A5090060709,0.013152596966850089,0.0,0.013152596966850087,0.00013843992053194103
A5136911064,0.013152596966850089,0.0,0.013152596966850087,0.00013843992053194103
A5132046045,0.013152596966850089,0.0,0.013152596966850087,0.00013843992053194103
A5136918616,0.013152596966850089,0.0,0.013152596966850087,0.00013843992053194103
A5136921011,0.013152596966850089,0.0,0.013152596966850087,0.00013843992053194103
A5082263749,0.013152596966850089,0.0,0.013152596966850087,0.00013843992053194103
A5136966328,0.013152596966850089,0.0,0.013152596966850087,0.00013843992053194103
A5136928618,0.013152596966850089,0.0,0.013152596966850087,0.00013843992053194103
A5136932902,0.013152596966850089,0.0,0.013152596966850087,0.00013843992053194103
A5132327831,0.013152596966850089,0.0,0.013152596966850087,0.00013843992053194103
A5136985777,0.013152596966850089,0.0,0.013152596966850087,0.00013843992053194103
A5000572041,0.013152596966850089,0.0,0.013152596966850087,0.00013843992053194103
A5029874126,0.013152596966850089,0.0,0.013152596966850087,0.00013843992053194103
A5136936495,0.013152596966850089,0.0,0.013152596966850087,0.00013843992053194103
A5104384413,0.013152596966850089,0.0,0.013152596966850087,0.00013843992053194103
A5129934117,0.013152596966850089,0.0,0.013152596966850087,0.00013843992053194103
A5136990545,0.013152596966850089,0.0,0.013152596966850087,0.00013843992053194103
A5110723201,0.013152596966850089,0.0,0.013152596966850087,0.00013843992053194103
A5136940267,0.013152596966850089,0.0,0.013152596966850087,0.00013843992053194103
A5081206508,0.0006710508656556167,0.0,0.031909937185999986,0.0001384190027829126
A5002130582,0.0006710508656556167,0.0,0.031909937185999986,0.0001384190027829126
A5033494582,0.0006710508656556167,0.0,0.031909937185999986,0.0001384190027829126
A5047512380,0.0017447322507046035,0.01891962738967627,0.06037723185562927,0.00013840527699224042
A5076108578,0.0016105220775734803,0.0005093069579010306,0.050925886881073384,0.00013838773616480242
A5071493756,0.0017447322507046035,0.000737036176625702,0.054499358602810404,0.00013817248980930907
A5035584901,0.0008052610387867401,8.406901225215779e-08,0.039384330499133306,0.0001381341841888744
A5075332753,0.00040263051939337007,0.0,0.000483156623272044,0.00013813266588213517
A5007425238,0.00040263051939337007,0.0,0.000483156623272044,0.00013813266588213517
A5100748218,0.00040263051939337007,0.0,0.000483156623272044,0.00013813266588213517
A5117935240,0.0013421017313112334,0.00013697771093586114,0.05789800212733559,0.00013800732781149496
A5068500779,0.0005368406925244934,3.60295766794962e-08,0.0009070756528862129,0.00013796772725084222
A5101972755,0.0014763119044423568,0.0003161558475709727,0.058672326573159336,0.0001379283212921625
A5113888338,0.0006710508656556167,2.40197177863308e-08,0.033817470733104316,0.00013790711794979576
A5040768487,0.0006710508656556167,2.40197177863308e-08,0.033817470733104316,0.00013790711794979576
A5090622402,0.0009394712119178635,9.00739416987405e-08,0.006953894980887219,0.00013789498618053614
A5088345418,0.0012078915581801102,0.0012544875121083179,0.043559036622231984,0.00013777613895983302
A5110835806,0.0009394712119178635,2.263307463348826e-06,0.03846380436038102,0.00013773229284528513
A5029795725,0.0013421017313112334,1.3113994412872763e-05,0.05374901110301735,0.0001377269594255878
A5041803184,0.0008052610387867401,1.5814462611838595e-06,0.032962741377410724,0.0001376487884708002
LOCAL_A000279,0.008455240907260771,8.932952895742859e-10,0.032959063526211016,0.000137620287002888
LOCAL_A000266,0.008455240907260771,8.932952895742859e-10,0.032959063526211016,0.000137620287002888
LOCAL_A000221,0.008455240907260771,8.932952895742859e-10,0.032959063526211016,0.000137620287002888
A5057683641,0.008455240907260771,8.932952895742859e-10,0.032959063526211016,0.000137620287002888
LOCAL_A000233,0.008455240907260771,8.932952895742859e-10,0.032959063526211016,0.000137620287002888
LOCAL_A000253,0.008455240907260771,8.932952895742859e-10,0.032959063526211016,0.000137620287002888
LOCAL_A000272,0.008455240907260771,8.932952895742859e-10,0.032959063526211016,0.000137620287002888
LOCAL_A000254,0.008455240907260771,8.932952895742859e-10,0.032959063526211016,0.000137620287002888
LOCAL_A000274,0.008455240907260771,8.932952895742859e-10,0.032959063526211016,0.000137620287002888
LOCAL_A000276,0.008455240907260771,8.932952895742859e-10,0.032959063526211016,0.000137620287002888
LOCAL_A000262,0.008455240907260771,8.932952895742859e-10,0.032959063526211016,0.000137620287002888
LOCAL_A000255,0.008455240907260771,8.932952895742859e-10,0.032959063526211016,0.000137620287002888
LOCAL_A000268,0.008455240907260771,8.932952895742859e-10,0.032959063526211016,0.000137620287002888
LOCAL_A000237,0.008455240907260771,8.932952895742859e-10,0.032959063526211016,0.000137620287002888
LOCAL_A000223,0.008455240907260771,8.932952895742859e-10,0.032959063526211016,0.000137620287002888
LOCAL_A000220,0.008455240907260771,8.932952895742859e-10,0.032959063526211016,0.000137620287002888
LOCAL_A000257,0.008455240907260771,8.932952895742859e-10,0.032959063526211016,0.000137620287002888
LOCAL_A000234,0.008455240907260771,8.932952895742859e-10,0.032959063526211016,0.000137620287002888
LOCAL_A000246,0.008455240907260771,8.932952895742859e-10,0.032959063526211016,0.000137620287002888
LOCAL_A000235,0.008455240907260771,8.932952895742859e-10,0.032959063526211016,0.000137620287002888
LOCAL_A000269,0.008455240907260771,8.932952895742859e-10,0.032959063526211016,0.000137620287002888
LOCAL_A000256,0.008455240907260771,8.932952895742859e-10,0.032959063526211016,0.000137620287002888
LOCAL_A000250,0.008455240907260771,8.932952895742859e-10,0.032959063526211016,0.000137620287002888
LOCAL_A000243,0.008455240907260771,8.932952895742859e-10,0.032959063526211016,0.000137620287002888
LOCAL_A000240,0.008455240907260771,8.932952895742859e-10,0.032959063526211016,0.000137620287002888
LOCAL_A000229,0.008455240907260771,8.932952895742859e-10,0.032959063526211016,0.000137620287002888
LOCAL_A000277,0.008455240907260771,8.932952895742859e-10,0.032959063526211016,0.000137620287002888
LOCAL_A000225,0.008455240907260771,8.932952895742859e-10,0.032959063526211016,0.000137620287002888
LOCAL_A000265,0.008455240907260771,8.932952895742859e-10,0.032959063526211016,0.000137620287002888
LOCAL_A000259,0.008455240907260771,8.932952895742859e-10,0.032959063526211016,0.000137620287002888
LOCAL_A000241,0.008455240907260771,8.932952895742859e-10,0.032959063526211016,0.000137620287002888
LOCAL_A000247,0.008455240907260771,8.932952895742859e-10,0.032959063526211016,0.000137620287002888
LOCAL_A000242,0.008455240907260771,8.932952895742859e-10,0.032959063526211016,0.000137620287002888
LOCAL_A000271,0.008455240907260771,8.932952895742859e-10,0.032959063526211016,0.000137620287002888
LOCAL_A000236,0.008455240907260771,8.932952895742859e-10,0.032959063526211016,0.000137620287002888
LOCAL_A000270,0.008455240907260771,8.932952895742859e-10,0.032959063526211016,0.000137620287002888
LOCAL_A000228,0.008455240907260771,8.932952895742859e-10,0.032959063526211016,0.000137620287002888
LOCAL_A000251,0.008455240907260771,8.932952895742859e-10,0.032959063526211016,0.000137620287002888
LOCAL_A000275,0.008455240907260771,8.932952895742859e-10,0.032959063526211016,0.000137620287002888
A5109594304,0.008455240907260771,8.932952895742859e-10,0.032959063526211016,0.000137620287002888
LOCAL_A000224,0.008455240907260771,8.932952895742859e-10,0.032959063526211016,0.000137620287002888
LOCAL_A000244,0.008455240907260771,8.932952895742859e-10,0.032959063526211016,0.000137620287002888
LOCAL_A000227,0.008455240907260771,8.932952895742859e-10,0.032959063526211016,0.000137620287002888
LOCAL_A000245,0.008455240907260771,8.932952895742859e-10,0.032959063526211016,0.000137620287002888
LOCAL_A000232,0.008455240907260771,8.932952895742859e-10,0.032959063526211016,0.000137620287002888
LOCAL_A000258,0.008455240907260771,8.932952895742859e-10,0.032959063526211016,0.000137620287002888
LOCAL_A000226,0.008455240907260771,8.932952895742859e-10,0.032959063526211016,0.000137620287002888
LOCAL_A000252,0.008455240907260771,8.932952895742859e-10,0.032959063526211016,0.000137620287002888
LOCAL_A000263,0.008455240907260771,8.932952895742859e-10,0.032959063526211016,0.000137620287002888
LOCAL_A000260,0.008455240907260771,8.932952895742859e-10,0.032959063526211016,0.000137620287002888
LOCAL_A000278,0.008455240907260771,8.932952895742859e-10,0.032959063526211016,0.000137620287002888
LOCAL_A000222,0.008455240907260771,8.932952895742859e-10,0.032959063526211016,0.000137620287002888
LOCAL_A000248,0.008455240907260771,8.932952895742859e-10,0.032959063526211016,0.000137620287002888
LOCAL_A000264,0.008455240907260771,8.932952895742859e-10,0.032959063526211016,0.000137620287002888
LOCAL_A000249,0.008455240907260771,8.932952895742859e-10,0.032959063526211016,0.000137620287002888
LOCAL_A000238,0.008455240907260771,8.932952895742859e-10,0.032959063526211016,0.000137620287002888
LOCAL_A000267,0.008455240907260771,8.932952895742859e-10,0.032959063526211016,0.000137620287002888
LOCAL_A000239,0.008455240907260771,8.932952895742859e-10,0.032959063526211016,0.000137620287002888
LOCAL_A000280,0.008455240907260771,8.932952895742859e-10,0.032959063526211016,0.000137620287002888
LOCAL_A000273,0.008455240907260771,8.932952895742859e-10,0.032959063526211016,0.000137620287002888
A5012741140,0.0006710508656556167,0.011430300966953707,0.04584041074699972,0.0001373645691834726
A5007920755,0.0002684203462622467,0.0,0.0003019728895450275,0.00013732423985275764
A5113139645,0.0002684203462622467,0.0,0.0003019728895450275,0.00013732423985275764
A5101966547,0.0002684203462622467,0.0,0.0003019728895450275,0.00013732423985275764
A5101640847,0.0002684203462622467,0.0,0.0003019728895450275,0.00013732423985275764
A5063544628,0.0002684203462622467,0.0,0.0003019728895450275,0.00013732423985275764
A5050137620,0.0002684203462622467,0.0,0.0003019728895450275,0.00013732423985275764
A5108844516,0.0002684203462622467,0.0,0.0003019728895450275,0.00013732423985275764
A5071776831,0.0002684203462622467,0.0,0.0003019728895450275,0.00013732423985275764
A5030511837,0.0002684203462622467,0.0,0.0003019728895450275,0.00013732423985275764
A5102525038,0.0002684203462622467,0.0,0.0003019728895450275,0.00013732423985275764
A5029957844,0.0013421017313112334,0.0008056585109130818,0.0473972733893672,0.0001372648968358539
A5036250530,0.0012078915581801102,0.00019991167913338128,0.05865873377865289,0.00013708097599755408
A5113047463,0.0013421017313112334,0.0020367887151687674,0.043550474018281375,0.00013707315785649728
A5101608786,0.0012078915581801102,1.0294164765570341e-08,0.05188751218227054,0.00013663721209031176
A5005360975,0.0012078915581801102,1.3253823235598995e-05,0.04900798122831459,0.00013655092640773347
A5052843620,0.0010736813850489868,6.763233849963406e-05,0.04126405385365052,0.00013647562370154361
A5007017513,0.0010736813850489868,0.0002473292614284372,0.05261767133125511,0.00013630566434774308
A5104270940,0.0010736813850489868,0.0002010372300931315,0.038490534478293856,0.00013621668799602046
A5110193080,0.0010736813850489868,0.0002010372300931315,0.038490534478293856,0.00013621668799602046
A5101279534,0.0008052610387867401,0.0,0.0022217224606165685,0.00013619976524576762
A5114156207,0.0008052610387867401,0.0,0.0022217224606165685,0.00013619976524576762
A5011627378,0.0008052610387867401,0.0,0.0022217224606165685,0.00013619976524576762
A5113071500,0.0008052610387867401,0.0,0.0022217224606165685,0.00013619976524576762
A5093492663,0.0008052610387867401,0.0,0.0022217224606165685,0.00013619976524576762
A5102592280,0.0008052610387867401,0.0,0.0022217224606165685,0.00013619976524576762
A5040850954,0.00040263051939337007,0.0,0.03710922386721378,0.00013605179150324737
A5112689304,0.00040263051939337007,0.0,0.03710922386721378,0.00013605179150324737
A5009289774,0.0014763119044423568,8.161326587958569e-05,0.053402441806682854,0.0001357973327686388
A5092800840,0.0008052610387867401,0.0,0.0010207036851288065,0.0001357009771612324
A5092800839,0.0008052610387867401,0.0,0.0010207036851288065,0.0001357009771612324
A5045602523,0.0008052610387867401,0.0,0.0010207036851288065,0.0001357009771612324
A5064618445,0.0008052610387867401,0.0,0.0010207036851288065,0.0001357009771612324
A5023139055,0.0008052610387867401,0.0,0.0010207036851288065,0.0001357009771612324
A5070927179,0.0008052610387867401,0.0,0.0010207036851288065,0.0001357009771612324
A5007404256,0.0010736813850489868,1.5772948013023882e-07,0.0023155980575440293,0.00013550431621567647
A5034086695,0.0010736813850489868,1.5772948013023882e-07,0.0023155980575440293,0.00013550431621567647
A5025948063,0.0010736813850489868,1.5772948013023882e-07,0.0023155980575440293,0.00013550431621567647
A5026150255,0.0010736813850489868,1.5772948013023882e-07,0.0023155980575440293,0.00013550431621567647
A5025951446,0.0010736813850489868,1.5772948013023882e-07,0.0023155980575440293,0.00013550431621567647
A5070234669,0.0010736813850489868,1.5772948013023882e-07,0.0023155980575440293,0.00013550431621567647
A5065771880,0.00040263051939337007,1.261035183782367e-07,0.05154796385196164,0.00013527033010895314
A5046047434,0.00040263051939337007,0.0,0.0004384198988950029,0.00013522256307888333
A5071489355,0.00040263051939337007,0.0,0.0004384198988950029,0.00013522256307888333
A5084059075,0.00040263051939337007,0.0,0.0004384198988950029,0.00013522256307888333
A5101925339,0.0008052610387867401,4.353778722835931e-05,0.03439031455307831,0.00013518415849893465
A5045107989,0.0008052610387867401,9.981150788788362e-05,0.05044467457298982,0.00013505231517424836
A5102660187,0.00040263051939337007,0.0,0.0004793220468968691,0.00013486843330062702
A5103520002,0.00040263051939337007,0.0,0.0004793220468968691,0.00013486843330062702
A5017687000,0.00040263051939337007,0.0,0.0004793220468968691,0.00013486843330062702
A5096680269,0.00040263051939337007,0.0,0.0004793220468968691,0.00013486843330062702
A5062889982,0.00040263051939337007,0.0,0.0004793220468968691,0.000134868433300627
A5040640883,0.00040263051939337007,0.0,0.0004793220468968691,0.000134868433300627
A5074116301,0.0005368406925244934,0.0,0.032770757361178855,0.00013484140249048736
A5028473390,0.0005368406925244934,0.0,0.032770757361178855,0.00013484140249048736
A5045420242,0.0005368406925244934,0.0,0.030602487069583482,0.00013482984478255347
A5089906507,0.0005368406925244934,0.0,0.030602487069583482,0.00013482984478255347
A5048690673,0.0005368406925244934,0.0,0.030602487069583482,0.00013482984478255347
A5077520883,0.0005368406925244934,0.0,0.030602487069583482,0.00013482984478255347
A5018592470,0.0002684203462622467,0.0,0.0003578937950163289,0.00013479818168996206
A5080334122,0.0009394712119178635,0.0001326059039146181,0.052091865774805936,0.00013479743076552
A5101455057,0.0012078915581801102,2.5871672213733713e-06,0.04017348114424945,0.00013473278145631734
A5091975690,0.0017447322507046035,5.899579807168968e-09,0.04641179535775629,0.00013465860535598586
A5044270780,0.0017447322507046035,5.899579807168968e-09,0.04641179535775629,0.00013465860535598586
A5004646516,0.0017447322507046035,5.899579807168968e-09,0.04641179535775629,0.00013465860535598586
A5061906200,0.0017447322507046035,5.899579807168968e-09,0.04641179535775629,0.00013465860535598586
A5090071206,0.0017447322507046035,5.899579807168968e-09,0.04641179535775629,0.00013465860535598586
A5061509700,0.0017447322507046035,5.899579807168968e-09,0.04641179535775629,0.00013465860535598586
A5011611673,0.0017447322507046035,5.899579807168968e-09,0.04641179535775629,0.00013465860535598586
A5086326009,0.0017447322507046035,5.899579807168968e-09,0.04641179535775629,0.00013465860535598586
A5103017171,0.0017447322507046035,5.899579807168968e-09,0.04641179535775629,0.00013465860535598586
A5012575818,0.0010736813850489868,0.00016169845254540718,0.037722116444013985,0.0001345846878103518
A5026216458,0.0010736813850489868,0.00021435148380033526,0.05128247565527609,0.0001344885130804556
A5136161517,0.0010736813850489868,0.00038750187833378375,0.052392138139525174,0.00013430951040425257
A5102984408,0.0012078915581801102,1.4540444742597695e-06,0.040157097179671856,0.00013427771777729312
A5069939003,0.0005368406925244934,0.0,0.0006576298483425043,0.00013421705850958176
A5074819339,0.0005368406925244934,0.0,0.0006576298483425043,0.00013421705850958176
A5005894205,0.0005368406925244934,0.0,0.0006576298483425043,0.00013421705850958176
A5006309811,0.0005368406925244934,0.0,0.0006576298483425043,0.00013421705850958176
A5135121032,0.0017447322507046035,0.0,0.002326309667606138,0.00013419176434581077
A5120996342,0.0017447322507046035,0.0,0.002326309667606138,0.00013419176434581077
A5055042504,0.0017447322507046035,0.0,0.002326309667606138,0.00013419176434581077
A5121050176,0.0017447322507046035,0.0,0.002326309667606138,0.00013419176434581077
A5135206950,0.0017447322507046035,0.0,0.002326309667606138,0.00013419176434581077
A5052329546,0.0017447322507046035,0.0,0.002326309667606138,0.00013419176434581077
A5033922417,0.0017447322507046035,0.0,0.002326309667606138,0.00013419176434581077
A5135268164,0.0017447322507046035,0.0,0.002326309667606138,0.00013419176434581077
A5135276087,0.0017447322507046035,0.0,0.002326309667606138,0.00013419176434581077
A5120968951,0.0017447322507046035,0.0,0.002326309667606138,0.00013419176434581077
A5135216739,0.0017447322507046035,0.0,0.002326309667606138,0.00013419176434581077
A5044825873,0.0017447322507046035,0.0,0.002326309667606138,0.00013419176434581077
A5058104633,0.0017447322507046035,0.0,0.002326309667606138,0.00013419176434581077
A5059489963,0.0017447322507046035,0.0,0.002326309667606138,0.00013419176434581077
A5121012343,0.0017447322507046035,0.0,0.002326309667606138,0.00013419176434581077
A5135174498,0.0017447322507046035,0.0,0.002326309667606138,0.00013419176434581077
A5135236530,0.0017447322507046035,0.0,0.002326309667606138,0.00013419176434581077
A5031994008,0.0017447322507046035,0.0,0.002326309667606138,0.00013419176434581077
A5135158832,0.0017447322507046035,0.0,0.002326309667606138,0.00013419176434581077
A5135197974,0.0017447322507046035,0.0,0.002326309667606138,0.00013419176434581077
A5120981353,0.0017447322507046035,0.0,0.002326309667606138,0.00013419176434581077
A5120992317,0.0017447322507046035,0.0,0.002326309667606138,0.00013419176434581077
A5079443977,0.0017447322507046035,0.0,0.002326309667606138,0.00013419176434581077
A5065506534,0.0017447322507046035,0.0,0.002326309667606138,0.00013419176434581077
A5120953003,0.0017447322507046035,0.0,0.002326309667606138,0.00013419176434581077
A5121830684,0.0017447322507046035,0.0,0.002326309667606138,0.00013419176434581077
A5083721261,0.0009394712119178635,0.024846172222776495,0.04067969522187787,0.00013418735118112768
A5139150702,0.0006710508656556167,0.0,0.0008362326172016146,0.0001340270667075135
A5139195928,0.0006710508656556167,0.0,0.0008362326172016146,0.0001340270667075135
A5139173248,0.0006710508656556167,0.0,0.0008362326172016146,0.0001340270667075135
A5139175222,0.0006710508656556167,0.0,0.0008362326172016146,0.0001340270667075135
A5139188409,0.0006710508656556167,0.0,0.0008362326172016146,0.0001340270667075135
A5003473737,0.0008052610387867401,0.0,0.04703502046393496,0.0001338764148448198
A5034938372,0.0008052610387867401,0.0,0.04703502046393496,0.0001338764148448198
A5101353051,0.0008052610387867401,0.0,0.04703502046393496,0.0001338764148448198
A5093981255,0.0008052610387867401,0.0,0.04703502046393496,0.0001338764148448198
A5055004314,0.0008052610387867401,0.0,0.04703502046393496,0.0001338764148448198
A5068511935,0.0008052610387867401,0.0,0.04703502046393496,0.0001338764148448198
A5073182215,0.0010736813850489868,3.783105551347101e-07,0.039882395164761414,0.00013379675069202814
LOCAL_A000610,0.0013421017313112334,0.0,0.05066530333091296,0.00013375896074456492
A5031597959,0.0013421017313112334,0.0,0.05066530333091296,0.00013375896074456492
A5038559143,0.0013421017313112334,0.0,0.05066530333091296,0.00013375896074456492
A5101654962,0.0013421017313112334,0.0,0.05066530333091296,0.00013375896074456492
LOCAL_A000609,0.0013421017313112334,0.0,0.05066530333091296,0.00013375896074456492
A5031764988,0.0013421017313112334,0.0,0.05066530333091296,0.00013375896074456492
A5101569965,0.0013421017313112334,0.0,0.05066530333091296,0.00013375896074456492
A5062616301,0.0013421017313112334,0.0,0.05066530333091296,0.00013375896074456492
A5111252189,0.0013421017313112334,0.0,0.05066530333091296,0.00013375896074456492
A5073151775,0.0013421017313112334,0.0,0.05066530333091296,0.00013375896074456492
A5001311957,0.0005368406925244934,9.806350032741878e-05,0.029938743937871572,0.00013320775427905758
A5000830586,0.0005368406925244934,9.806350032741878e-05,0.029938743937871572,0.00013320775427905758
A5082250333,0.0005368406925244934,9.806350032741878e-05,0.029938743937871572,0.00013320775427905758
A5045258763,0.0012078915581801102,6.27950119246023e-06,0.0402081134555807,0.00013317421657758555
A5053429667,0.0006710508656556167,1.631514611147448e-05,0.03843961223913414,0.00013304476509909218
A5109357060,0.0014763119044423568,5.39736142458749e-06,0.05668693280630708,0.0001328997734293959
A5039189182,0.0014763119044423568,5.39736142458749e-06,0.05668693280630708,0.0001328997734293959
A5072082220,0.0014763119044423568,5.39736142458749e-06,0.05668693280630708,0.0001328997734293959
LOCAL_A000570,0.0014763119044423568,5.39736142458749e-06,0.05668693280630708,0.0001328997734293959
A5107942006,0.0014763119044423568,5.39736142458749e-06,0.05668693280630708,0.0001328997734293959
A5042002273,0.0014763119044423568,5.39736142458749e-06,0.05668693280630708,0.0001328997734293959
A5077330100,0.0014763119044423568,5.39736142458749e-06,0.05668693280630708,0.0001328997734293959
A5029402778,0.0014763119044423568,5.39736142458749e-06,0.05668693280630708,0.0001328997734293959
A5049249147,0.0014763119044423568,5.39736142458749e-06,0.05668693280630708,0.0001328997734293959
A5075466332,0.0006710508656556167,1.080887300384886e-07,0.027456950955399562,0.00013283185768129226
A5107881229,0.0012078915581801102,0.00017096082745754967,0.03780579853505678,0.00013279764092425164
A5019689277,0.0012078915581801102,2.1132958686828355e-05,0.04900798122831459,0.00013276115440697038
A5101757963,0.0012078915581801102,3.60295766794962e-09,0.04068996834386329,0.0001325136390838455
A5030919137,0.0012078915581801102,3.60295766794962e-09,0.04068996834386329,0.0001325136390838455
A5038942051,0.0012078915581801102,3.60295766794962e-09,0.04068996834386329,0.0001325136390838455
A5109713772,0.0012078915581801102,3.60295766794962e-09,0.04068996834386329,0.0001325136390838455
A5011154592,0.0012078915581801102,3.60295766794962e-09,0.04068996834386329,0.0001325136390838455
A5090773160,0.0012078915581801102,3.60295766794962e-09,0.04068996834386329,0.0001325136390838455
A5104296153,0.0012078915581801102,3.60295766794962e-09,0.04068996834386329,0.0001325136390838455
A5101469019,0.0012078915581801102,3.60295766794962e-09,0.04068996834386329,0.0001325136390838455
A5086441327,0.0005368406925244934,0.0,0.0011810495235538853,0.00013250661862095943
A5067894346,0.0005368406925244934,0.0,0.0011810495235538853,0.00013250661862095943
A5066957498,0.0005368406925244934,0.0,0.0011810495235538853,0.00013250661862095943
A5033434650,0.0005368406925244934,0.0,0.0011810495235538853,0.00013250661862095943
A5067559759,0.0006710508656556167,3.60295766794962e-08,0.0008362326172016146,0.00013235134997640434
A5100643970,0.0006710508656556167,3.60295766794962e-08,0.0008362326172016146,0.00013235134997640434
A5118601678,0.0006710508656556167,3.60295766794962e-08,0.0008362326172016146,0.00013235134997640434
A5089444182,0.0006710508656556167,3.60295766794962e-08,0.0008362326172016146,0.00013235134997640434
A5064374149,0.0012078915581801102,1.9250187039578206e-05,0.04016528749115048,0.00013228065418999943
A5015697944,0.0012078915581801102,1.715694127595057e-08,0.0016706852586322596,0.00013209779739026538
A5058888535,0.0012078915581801102,1.715694127595057e-08,0.0016706852586322596,0.00013209779739026538
A5044711213,0.0006710508656556167,7.566211102694202e-07,0.0015466124713205641,0.0001320342346825729
A5069067099,0.0009394712119178635,3.1068287042680787e-06,0.05619625356295371,0.00013199989473106367
A5108426113,0.008589451080391894,6.10553929934582e-07,0.012485703053459593,0.00013197780583303938
A5109354723,0.008589451080391894,6.10553929934582e-07,0.012485703053459593,0.00013197780583303938
A5112261767,0.0006710508656556167,0.0,0.045529532499023764,0.00013196276465935424
A5114183992,0.0006710508656556167,0.0,0.045529532499023764,0.00013196276465935424
A5011576276,0.0006710508656556167,0.0,0.045529532499023764,0.00013196276465935424
A5063002763,0.0006710508656556167,0.0,0.045529532499023764,0.00013196276465935424
A5016510429,0.0013421017313112334,0.00013614129576590842,0.04136807116800478,0.00013191629838313958
A5018665089,0.0009394712119178635,2.7715058984227845e-09,0.001252628282557151,0.00013183351839029847
A5058872102,0.0009394712119178635,2.7715058984227845e-09,0.001252628282557151,0.00013183351839029847
A5112445404,0.0009394712119178635,2.7715058984227845e-09,0.001252628282557151,0.00013183351839029847
A5088536141,0.0009394712119178635,2.7715058984227845e-09,0.001252628282557151,0.00013183351839029847
A5047693293,0.0009394712119178635,2.7715058984227845e-09,0.001252628282557151,0.00013183351839029847
A5022173691,0.0009394712119178635,2.7715058984227845e-09,0.001252628282557151,0.00013183351839029847
A5069847897,0.0006710508656556167,0.0,0.02824679885764825,0.00013170102395200484
A5059379004,0.0006710508656556167,0.0,0.02824679885764825,0.00013170102395200484
A5103749367,0.0006710508656556167,0.0,0.02824679885764825,0.00013170102395200484
A5066981564,0.0006710508656556167,0.0,0.02824679885764825,0.00013170102395200484
A5089711572,0.0006710508656556167,0.0,0.02824679885764825,0.00013170102395200484
A5082627916,0.0012078915581801102,0.0,0.04778704308884028,0.00013143399633807208
A5089200750,0.0012078915581801102,0.0,0.04778704308884028,0.00013143399633807208
A5100012822,0.0012078915581801102,0.0,0.04778704308884028,0.00013143399633807208
A5110731166,0.0012078915581801102,0.0,0.04778704308884028,0.00013143399633807208
A5071504081,0.0012078915581801102,0.0,0.04778704308884028,0.00013143399633807208
A5117644945,0.0012078915581801102,0.0,0.04778704308884028,0.00013143399633807208
A5000259040,0.0010736813850489868,1.0749212700447838e-05,0.04021906238363431,0.00013103240679079018
A5049116546,0.0009394712119178635,1.621330950577329e-08,0.056574745950012675,0.00013091401631623847
A5036356696,0.0010736813850489868,0.00018968340606603099,0.038488862757540813,0.00013069162523949592
A5107867309,0.0010736813850489868,0.00018968340606603099,0.038488862757540813,0.00013069162523949592
LOCAL_A000568,0.0010736813850489868,0.00018968340606603099,0.038488862757540813,0.00013069162523949592
A5016282504,0.0010736813850489868,0.00018968340606603099,0.038488862757540813,0.00013069162523949592
A5076130025,0.0010736813850489868,0.00018968340606603099,0.038488862757540813,0.00013069162523949592
LOCAL_A000569,0.0010736813850489868,0.00018968340606603099,0.038488862757540813,0.00013069162523949592
A5112708761,0.0010736813850489868,0.00018968340606603099,0.038488862757540813,0.00013069162523949592
A5030044861,0.00040263051939337007,0.0,0.053125521285354506,0.00013067588303470058
A5066394609,0.0002684203462622467,0.0,0.0005480248736187537,0.0001306711977615915
A5093925263,0.0006710508656556167,8.526999814147434e-08,0.04096363605338935,0.0001305669786720743
A5102730698,0.0006710508656556167,0.00034047391363124606,0.04728473284214169,0.0001305376736137785
A5011324375,0.0006710508656556167,5.147082382785171e-09,0.0007306998314916715,0.0001305286776393156
A5017536350,0.0006710508656556167,5.147082382785171e-09,0.0007306998314916715,0.0001305286776393156
A5073646553,0.0006710508656556167,5.147082382785171e-09,0.0007306998314916715,0.0001305286776393156
A5067485345,0.0006710508656556167,5.147082382785171e-09,0.0007306998314916715,0.0001305286776393156
A5079461216,0.0016105220775734803,8.147915756288394e-07,0.05244950405782425,0.00013027777485287767
A5029163162,0.0016105220775734803,8.147915756288394e-07,0.05244950405782425,0.00013027777485287767
LOCAL_A000532,0.0016105220775734803,8.147915756288394e-07,0.05244950405782425,0.00013027777485287767
A5087117056,0.0016105220775734803,8.147915756288394e-07,0.05244950405782425,0.00013027777485287767
A5100338420,0.0016105220775734803,8.147915756288394e-07,0.05244950405782425,0.00013027777485287767
A5029102618,0.0016105220775734803,8.147915756288394e-07,0.05244950405782425,0.00013027777485287767
A5079259587,0.0016105220775734803,8.147915756288394e-07,0.05244950405782425,0.00013027777485287767
A5072683795,0.0016105220775734803,8.147915756288394e-07,0.05244950405782425,0.00013027777485287767
A5061973812,0.0016105220775734803,8.147915756288394e-07,0.05244950405782425,0.00013027777485287767
A5071688512,0.0016105220775734803,8.147915756288394e-07,0.05244950405782425,0.00013027777485287767
A5072941252,0.0016105220775734803,8.147915756288394e-07,0.05244950405782425,0.00013027777485287767
A5100613698,0.0012078915581801102,0.0,0.05535899678666908,0.00013027602950780665
LOCAL_A000674,0.0012078915581801102,0.0,0.05535899678666908,0.00013027602950780665
A5104158761,0.0012078915581801102,0.0,0.05535899678666908,0.00013027602950780665
A5104158762,0.0012078915581801102,0.0,0.05535899678666908,0.00013027602950780665
A5083124889,0.0012078915581801102,0.0,0.05535899678666908,0.00013027602950780665
A5102547308,0.0012078915581801102,0.0,0.05535899678666908,0.00013027602950780665
A5101235995,0.0012078915581801102,0.0,0.05535899678666908,0.00013027602950780665
A5078680445,0.0012078915581801102,1.7814624024862006e-07,0.001551469601395786,0.00013025672619330192
A5004131008,0.0012078915581801102,1.893868384233822e-05,0.040168018337458006,0.0001301250390704066
A5135227654,0.0021473627700979736,0.0,0.013160740788035228,0.00013010397583280205
A5135133994,0.0021473627700979736,0.0,0.013160740788035228,0.00013010397583280205
A5135106888,0.0021473627700979736,0.0,0.013160740788035228,0.00013010397583280205
A5135237975,0.0021473627700979736,0.0,0.013160740788035228,0.00013010397583280205
A5135222137,0.0021473627700979736,0.0,0.013160740788035228,0.00013010397583280205
A5135098546,0.0021473627700979736,0.0,0.013160740788035228,0.00013010397583280205
A5135152093,0.0021473627700979736,0.0,0.013160740788035228,0.00013010397583280205
A5135221641,0.0021473627700979736,0.0,0.013160740788035228,0.00013010397583280205
A5135208887,0.0021473627700979736,0.0,0.013160740788035228,0.00013010397583280205
A5103768228,0.0021473627700979736,0.0,0.013160740788035228,0.00013010397583280205
A5135175869,0.0021473627700979736,0.0,0.013160740788035228,0.00013010397583280205
A5112653162,0.0008052610387867401,2.0503347344104007e-05,0.04676941210476032,0.00013000182283373954
A5115946236,0.0006710508656556167,0.00020011144925038293,0.050304363554678766,0.0001299699049553571
A5092349333,0.0006710508656556167,0.0,0.04233342826383541,0.00012993530418395775
A5109484736,0.0009394712119178635,3.3627604900863117e-08,0.04900527113451481,0.00012988331259234956
A5027433720,0.0008052610387867401,0.0,0.0010736813850489866,0.00012985063771881565
A5000375848,0.0008052610387867401,0.0,0.0010736813850489866,0.00012985063771881565
A5073611407,0.0008052610387867401,0.0,0.0010736813850489866,0.00012985063771881565
A5102346530,0.0008052610387867401,0.0,0.0010736813850489866,0.00012985063771881565
A5007737431,0.0008052610387867401,0.0,0.0010736813850489866,0.00012985063771881565
LOCAL_A000461,0.0008052610387867401,0.0,0.0010736813850489866,0.00012985063771881565
A5078128767,0.0008052610387867401,0.0,0.0010736813850489866,0.00012985063771881565
A5104181817,0.0008052610387867401,0.0,0.0010736813850489866,0.00012985063771881565
A5056682277,0.0008052610387867401,0.0,0.0010736813850489866,0.00012985063771881565
LOCAL_A000394,0.0008052610387867401,0.0,0.0010736813850489866,0.00012985063771881565
A5114045481,0.0008052610387867401,0.0,0.0010736813850489866,0.00012985063771881565
LOCAL_A000460,0.0008052610387867401,0.0,0.0010736813850489866,0.00012985063771881565
A5137920385,0.0006710508656556167,0.0,0.0022913931997996665,0.0001297196156538945
A5137993674,0.0006710508656556167,0.0,0.0022913931997996665,0.0001297196156538945
A5137961821,0.0006710508656556167,0.0,0.0022913931997996665,0.0001297196156538945
A5120347235,0.0006710508656556167,0.0,0.0022913931997996665,0.0001297196156538945
A5137928570,0.0006710508656556167,0.0,0.0022913931997996665,0.0001297196156538945
A5083053786,0.0006710508656556167,0.0,0.0462700337063568,0.0001296869527117767
A5035101973,0.0014763119044423568,0.006581533253743563,0.05347817395214523,0.00012967730428546404
A5059660065,0.00040263051939337007,0.0,0.04046607550679233,0.00012960050255076444
A5041135448,0.0014763119044423568,4.863531023326458e-06,0.05615352283122635,0.0001296004097863956
A5079972402,0.0008052610387867401,0.0,0.0013852407155319514,0.0001294809179215667
A5134527313,0.0008052610387867401,0.0,0.0013852407155319514,0.0001294809179215667
A5063218061,0.0008052610387867401,0.0,0.0013852407155319514,0.0001294809179215667
A5134498492,0.0008052610387867401,0.0,0.0013852407155319514,0.0001294809179215667
A5134532908,0.0008052610387867401,0.0,0.0013852407155319514,0.0001294809179215667
A5134502036,0.0008052610387867401,0.0,0.0013852407155319514,0.0001294809179215667
A5007925084,0.0008052610387867401,0.0,0.0013852407155319514,0.00012948091792156668
A5109750908,0.0008052610387867401,0.0,0.0013852407155319514,0.00012948091792156668
A5104942826,0.0008052610387867401,0.0,0.0013852407155319514,0.00012948091792156668
A5104942827,0.0008052610387867401,0.0,0.0013852407155319514,0.00012948091792156668
A5111265074,0.0008052610387867401,0.0,0.0013852407155319514,0.00012948091792156668
A5109750909,0.0008052610387867401,0.0,0.0013852407155319514,0.00012948091792156668
A5018331389,0.001878942423835727,6.760176910820373e-07,0.0036811933201679544,0.0001293497320663741
A5060225029,0.0008052610387867401,0.0,0.05085720634496405,0.00012934652559992807
A5089952804,0.0008052610387867401,0.0,0.05085720634496405,0.00012934652559992807
A5066114368,0.0008052610387867401,0.0,0.05085720634496405,0.00012934652559992807
A5073925871,0.0008052610387867401,0.0,0.05085720634496405,0.00012934652559992807
A5104311871,0.0008052610387867401,0.0,0.05085720634496405,0.00012934652559992807
A5012969367,0.0008052610387867401,0.0,0.05085720634496405,0.00012934652559992807
A5033957854,0.0008052610387867401,0.0,0.03566215901973877,0.0001293272502537786
LOCAL_A000432,0.0008052610387867401,0.0,0.03566215901973877,0.0001293272502537786
A5021261421,0.0008052610387867401,0.0,0.03566215901973877,0.0001293272502537786
LOCAL_A000433,0.0008052610387867401,0.0,0.03566215901973877,0.0001293272502537786
A5063751724,0.0008052610387867401,0.0,0.03566215901973877,0.0001293272502537786
LOCAL_A000434,0.0008052610387867401,0.0,0.03566215901973877,0.0001293272502537786
A5042408344,0.0009394712119178635,0.0,0.05820794249801298,0.00012922042200263085
LOCAL_A000673,0.0009394712119178635,0.0,0.05820794249801298,0.00012922042200263085
A5059639534,0.0009394712119178635,0.0,0.05820794249801298,0.00012922042200263085
A5030946527,0.00040263051939337007,0.0,0.04122853848942746,0.00012913460304984198
A5058891664,0.013286807139981212,5.790436594264516e-07,0.014773659110376272,0.00012911437525380478
A5112430168,0.013286807139981212,5.790436594264516e-07,0.014773659110376272,0.00012911437525380478
A5040371822,0.013286807139981212,5.790436594264516e-07,0.014773659110376272,0.00012911437525380478
A5007830940,0.013286807139981212,5.790436594264516e-07,0.014773659110376272,0.00012911437525380478
A5053615849,0.013286807139981212,5.790436594264516e-07,0.014773659110376272,0.00012911437525380478
A5055699158,0.013286807139981212,5.790436594264516e-07,0.014773659110376272,0.00012911437525380478
A5020337708,0.013286807139981212,5.790436594264516e-07,0.014773659110376272,0.00012911437525380478
A5045600839,0.013286807139981212,5.790436594264516e-07,0.014773659110376272,0.00012911437525380478
A5003722648,0.013286807139981212,5.790436594264516e-07,0.014773659110376272,0.00012911437525380478
A5069442872,0.013286807139981212,5.790436594264516e-07,0.014773659110376272,0.00012911437525380478
A5043580746,0.013286807139981212,5.790436594264516e-07,0.014773659110376272,0.00012911437525380478
A5066757164,0.013286807139981212,5.790436594264516e-07,0.014773659110376272,0.00012911437525380478
A5108190409,0.013286807139981212,5.790436594264516e-07,0.014773659110376272,0.00012911437525380478
A5088508486,0.013286807139981212,5.790436594264516e-07,0.014773659110376272,0.00012911437525380478
A5070913859,0.013286807139981212,5.790436594264516e-07,0.014773659110376272,0.00012911437525380478
A5004988236,0.013286807139981212,5.790436594264516e-07,0.014773659110376272,0.00012911437525380478
A5066273011,0.013286807139981212,5.790436594264516e-07,0.014773659110376272,0.00012911437525380478
A5112293344,0.013286807139981212,5.790436594264516e-07,0.014773659110376272,0.00012911437525380478
A5089854058,0.013286807139981212,5.790436594264516e-07,0.014773659110376272,0.00012911437525380478
A5089872679,0.013286807139981212,5.790436594264516e-07,0.014773659110376272,0.00012911437525380478
A5073811795,0.013286807139981212,5.790436594264516e-07,0.014773659110376272,0.00012911437525380478
A5037329176,0.013286807139981212,5.790436594264516e-07,0.014773659110376272,0.00012911437525380478
A5071898408,0.013286807139981212,5.790436594264516e-07,0.014773659110376272,0.00012911437525380478
A5080893189,0.013286807139981212,5.790436594264516e-07,0.014773659110376272,0.00012911437525380478
A5081805441,0.013286807139981212,5.790436594264516e-07,0.014773659110376272,0.00012911437525380478
A5010398085,0.013286807139981212,5.790436594264516e-07,0.014773659110376272,0.00012911437525380478
A5113885004,0.013286807139981212,5.790436594264516e-07,0.014773659110376272,0.00012911437525380478
A5060777701,0.013286807139981212,5.790436594264516e-07,0.014773659110376272,0.00012911437525380478
A5028938519,0.013286807139981212,5.790436594264516e-07,0.014773659110376272,0.00012911437525380478
A5028419807,0.013286807139981212,5.790436594264516e-07,0.014773659110376272,0.00012911437525380478
A5084227679,0.013286807139981212,5.790436594264516e-07,0.014773659110376272,0.00012911437525380478
A5031646882,0.013286807139981212,5.790436594264516e-07,0.014773659110376272,0.00012911437525380478
A5024725268,0.013286807139981212,5.790436594264516e-07,0.014773659110376272,0.00012911437525380478
A5047250540,0.013286807139981212,5.790436594264516e-07,0.014773659110376272,0.00012911437525380478
A5036038477,0.013286807139981212,5.790436594264516e-07,0.014773659110376272,0.00012911437525380478
A5075291010,0.013286807139981212,5.790436594264516e-07,0.014773659110376272,0.00012911437525380478
A5074474395,0.013286807139981212,5.790436594264516e-07,0.014773659110376272,0.00012911437525380478
A5032316879,0.013286807139981212,5.790436594264516e-07,0.014773659110376272,0.00012911437525380478
A5073238754,0.013286807139981212,5.790436594264516e-07,0.014773659110376272,0.00012911437525380478
A5087155298,0.013286807139981212,5.790436594264516e-07,0.014773659110376272,0.00012911437525380478
A5075910447,0.013286807139981212,5.790436594264516e-07,0.014773659110376272,0.00012911437525380478
A5051606464,0.013286807139981212,5.790436594264516e-07,0.014773659110376272,0.00012911437525380478
A5037542179,0.013286807139981212,5.790436594264516e-07,0.014773659110376272,0.00012911437525380478
A5084459300,0.013286807139981212,5.790436594264516e-07,0.014773659110376272,0.00012911437525380478
A5063136501,0.013286807139981212,5.790436594264516e-07,0.014773659110376272,0.00012911437525380478
A5050478516,0.013286807139981212,5.790436594264516e-07,0.014773659110376272,0.00012911437525380478
A5076850672,0.013286807139981212,5.790436594264516e-07,0.014773659110376272,0.00012911437525380478
A5112753382,0.013286807139981212,5.790436594264516e-07,0.014773659110376272,0.00012911437525380478
LOCAL_A000544,0.0013421017313112334,2.0074017222275897e-05,0.050829494425478135,0.00012910846709648986
A5124109688,0.0013421017313112334,2.0074017222275897e-05,0.050829494425478135,0.00012910846709648986
A5124063539,0.0013421017313112334,2.0074017222275897e-05,0.050829494425478135,0.00012910846709648986
A5124059558,0.0013421017313112334,2.0074017222275897e-05,0.050829494425478135,0.00012910846709648986
A5124079671,0.0013421017313112334,2.0074017222275897e-05,0.050829494425478135,0.00012910846709648986
A5124084838,0.0013421017313112334,2.0074017222275897e-05,0.050829494425478135,0.00012910846709648986
A5109579113,0.0013421017313112334,2.0074017222275897e-05,0.050829494425478135,0.00012910846709648986
A5053336588,0.0013421017313112334,2.0074017222275897e-05,0.050829494425478135,0.00012910846709648986
A5040567185,0.0002684203462622467,0.0,0.0003067661100139962,0.00012894625122156222
A5002904166,0.0010736813850489868,0.0,0.054487630383730855,0.0001288855053807478
A5101466206,0.0012078915581801102,0.0011680158473062357,0.04355796611260745,0.00012864350576658392
A5074435622,0.0013421017313112334,2.407899604178618e-07,0.046570330577592016,0.00012852983894001715
A5111340704,0.0013421017313112334,2.407899604178618e-07,0.046570330577592016,0.00012852983894001715
A5102787852,0.0013421017313112334,2.407899604178618e-07,0.046570330577592016,0.00012852983894001715
A5107377625,0.0013421017313112334,2.407899604178618e-07,0.046570330577592016,0.00012852983894001715
A5022649488,0.0013421017313112334,2.407899604178618e-07,0.046570330577592016,0.00012852983894001715
A5059877507,0.0013421017313112334,2.407899604178618e-07,0.046570330577592016,0.00012852983894001715
A5064437476,0.0005368406925244934,0.0015164176688817305,0.0417117422777058,0.0001284547762473316
A5041172470,0.0014763119044423568,0.004410201691711583,0.05929455826576552,0.0001284330467477197
A5067527606,0.0014763119044423568,1.987537364622622e-06,0.05208115074849394,0.00012830979906084425
A5088732419,0.0014763119044423568,1.987537364622622e-06,0.05208115074849394,0.00012830979906084425
A5111341143,0.0014763119044423568,1.987537364622622e-06,0.05208115074849394,0.00012830979906084425
A5108783693,0.0014763119044423568,1.987537364622622e-06,0.05208115074849394,0.00012830979906084425
A5101876204,0.0014763119044423568,1.987537364622622e-06,0.05208115074849394,0.00012830979906084425
A5107446421,0.0014763119044423568,1.987537364622622e-06,0.05208115074849394,0.00012830979906084425
A5085941799,0.0014763119044423568,1.987537364622622e-06,0.05208115074849394,0.00012830979906084425
A5106802150,0.0014763119044423568,1.987537364622622e-06,0.05208115074849394,0.00012830979906084425
A5114215421,0.0014763119044423568,1.987537364622622e-06,0.05208115074849394,0.00012830979906084425
A5135356426,0.0012078915581801102,0.0013883283425706703,0.051799556965220865,0.00012810212677133066
A5037715406,0.0008052610387867401,7.20591533589924e-08,0.05264580410865553,0.00012803376169420242
A5027177538,0.0022815729432290968,8.18267724527897e-05,0.05674864373469509,0.00012798947794630106
A5038633272,0.0008052610387867401,0.00019713794892033468,0.041231415835899995,0.00012777254740295324
A5101637383,0.0005368406925244934,0.0,0.04758816564069373,0.0001276284154252797
A5039180885,0.0005368406925244934,0.0,0.04758816564069373,0.0001276284154252797
A5093656409,0.0009394712119178635,0.0,0.0015628991129140494,0.00012737639385060988
A5076082548,0.0009394712119178635,0.0,0.0015628991129140494,0.00012737639385060988
A5014340937,0.0009394712119178635,0.0,0.0015628991129140494,0.00012737639385060988
A5021228869,0.0009394712119178635,0.0,0.0015628991129140494,0.00012737639385060988
A5032288969,0.0009394712119178635,0.0,0.0015628991129140494,0.00012737639385060988
A5086572621,0.0009394712119178635,0.0,0.0015628991129140494,0.00012737639385060988
A5090060128,0.0009394712119178635,0.0,0.0015628991129140494,0.00012737639385060988
A5047114429,0.0008052610387867401,0.009242767973944155,0.04737320292737811,0.0001273223134983139
A5101972901,0.0006710508656556167,0.00013089545207660967,0.04233342826383541,0.00012731485453654136
A5024767943,0.0014763119044423568,0.00016922410943527193,0.05292721477355383,0.0001273099333240788
A5102006115,0.0006710508656556167,0.0,0.03812622111820503,0.00012724515630907214
A5019541405,0.0006710508656556167,0.0,0.03812622111820503,0.00012724515630907214
A5086009373,0.0006710508656556167,0.0,0.03812622111820503,0.00012724515630907214
A5091625480,0.0006710508656556167,0.0,0.03812622111820503,0.00012724515630907214
A5033896757,0.0006710508656556167,0.0,0.03812622111820503,0.00012724515630907214
A5102890550,0.0005368406925244934,1.8014788339748096e-08,0.0007157875900326578,0.00012715051645225574
A5029433243,0.0005368406925244934,1.8014788339748096e-08,0.0007157875900326578,0.00012715051645225574
A5018114538,0.0005368406925244934,1.8014788339748096e-08,0.0007157875900326578,0.00012715051645225574
A5113031575,0.0012078915581801102,0.0,0.05916984847172321,0.00012708380195841786
A5071750358,0.0012078915581801102,0.0,0.05916984847172321,0.00012708380195841786
LOCAL_A000534,0.0012078915581801102,0.0,0.05916984847172321,0.00012708380195841786
A5066261564,0.0012078915581801102,0.0,0.05916984847172321,0.00012708380195841786
A5081246759,0.0012078915581801102,0.0,0.05916984847172321,0.00012708380195841786
A5043100261,0.0012078915581801102,0.0,0.05916984847172321,0.00012708380195841786
A5113031574,0.0012078915581801102,0.0,0.05916984847172321,0.00012708380195841786
A5079210120,0.0012078915581801102,0.0,0.05916984847172321,0.00012708380195841786
A5087385345,0.0012078915581801102,0.0,0.05916984847172321,0.00012708380195841786
A5051054748,0.0006710508656556167,4.80394355726616e-08,0.00120789155818011,0.00012699268416022606
A5015706750,0.0005368406925244934,1.4304935164326889e-05,0.03091313428545012,0.00012697404401548006
LOCAL_A000531,0.0014763119044423568,0.0,0.060295071989181735,0.0001268486350611541
A5109994888,0.0014763119044423568,0.0,0.060295071989181735,0.0001268486350611541
A5067409197,0.0014763119044423568,0.0,0.060295071989181735,0.0001268486350611541
A5022294297,0.0014763119044423568,0.0,0.060295071989181735,0.0001268486350611541
A5052409320,0.0014763119044423568,0.0,0.060295071989181735,0.0001268486350611541
A5112633397,0.0014763119044423568,0.0,0.060295071989181735,0.0001268486350611541
A5109711025,0.0014763119044423568,0.0,0.060295071989181735,0.0001268486350611541
A5101613703,0.0014763119044423568,0.0,0.060295071989181735,0.0001268486350611541
A5053655626,0.0020131525969668503,8.666914670253344e-05,0.04887419041258541,0.00012682079624510575
A5083899294,0.0020131525969668503,8.666914670253344e-05,0.04887419041258541,0.00012682079624510575
A5091071937,0.0020131525969668503,8.666914670253344e-05,0.04887419041258541,0.00012682079624510575
A5016644403,0.0016105220775734803,4.1825930781381715e-06,0.0584768102254115,0.00012681650673503165
A5074751857,0.0016105220775734803,4.1825930781381715e-06,0.0584768102254115,0.00012681650673503165
A5002160190,0.0016105220775734803,4.1825930781381715e-06,0.0584768102254115,0.00012681650673503165
A5015253252,0.0016105220775734803,4.1825930781381715e-06,0.0584768102254115,0.00012681650673503165
A5058034466,0.0016105220775734803,4.1825930781381715e-06,0.0584768102254115,0.00012681650673503165
A5114545008,0.0016105220775734803,4.1825930781381715e-06,0.0584768102254115,0.00012681650673503165
A5042434513,0.0016105220775734803,4.1825930781381715e-06,0.0584768102254115,0.00012681650673503165
A5084329073,0.0016105220775734803,4.1825930781381715e-06,0.0584768102254115,0.00012681650673503165
A5100596949,0.0016105220775734803,4.1825930781381715e-06,0.0584768102254115,0.00012681650673503165
A5058772199,0.0012078915581801102,7.720623574177756e-09,0.001846022947407338,0.0001266489403939742
A5071849699,0.0012078915581801102,7.720623574177756e-09,0.001846022947407338,0.0001266489403939742
A5083610651,0.0012078915581801102,7.720623574177756e-09,0.001846022947407338,0.0001266489403939742
A5002058256,0.0012078915581801102,7.720623574177756e-09,0.001846022947407338,0.0001266489403939742
A5089199473,0.0012078915581801102,7.720623574177756e-09,0.001846022947407338,0.0001266489403939742
A5017932855,0.0012078915581801102,7.720623574177756e-09,0.001846022947407338,0.0001266489403939742
A5038661325,0.0012078915581801102,0.0,0.050194665565618725,0.00012664586288179894
A5111189285,0.0012078915581801102,0.0,0.050194665565618725,0.00012664586288179894
LOCAL_A000717,0.0012078915581801102,0.0,0.050194665565618725,0.00012664586288179894
A5101480393,0.0012078915581801102,0.0,0.050194665565618725,0.00012664586288179894
A5058440573,0.0012078915581801102,0.0,0.050194665565618725,0.00012664586288179894
A5108265219,0.0012078915581801102,0.0,0.050194665565618725,0.00012664586288179894
A5123784405,0.0012078915581801102,0.0,0.050194665565618725,0.00012664586288179894
A5121806418,0.0012078915581801102,0.0,0.050194665565618725,0.00012664586288179894
A5050404323,0.0012078915581801102,0.0,0.050194665565618725,0.00012664586288179894
A5068645315,0.0009394712119178635,0.0,0.03805173346047484,0.00012659534505648996
A5059157179,0.0009394712119178635,0.0,0.03805173346047484,0.00012659534505648996
A5045131495,0.0009394712119178635,0.0,0.03805173346047484,0.00012659534505648996
A5035648668,0.0009394712119178635,0.0,0.03805173346047484,0.00012659534505648996
A5063712871,0.0009394712119178635,0.0,0.03805173346047484,0.00012659534505648996
A5061741179,0.0009394712119178635,0.0,0.03805173346047484,0.00012659534505648996
A5055046244,0.0009394712119178635,0.0,0.03805173346047484,0.00012659534505648996
A5101950922,0.0009394712119178635,7.526178239716984e-08,0.002283436973411473,0.00012657392662109826
A5101352949,0.0009394712119178635,7.526178239716984e-08,0.002283436973411473,0.00012657392662109826
A5007967745,0.0009394712119178635,7.526178239716984e-08,0.002283436973411473,0.00012657392662109826
A5049752209,0.0009394712119178635,7.526178239716984e-08,0.002283436973411473,0.00012657392662109826
A5108320384,0.0009394712119178635,7.526178239716984e-08,0.002283436973411473,0.00012657392662109826
A5074595772,0.0009394712119178635,7.526178239716984e-08,0.002283436973411473,0.00012657392662109826
A5031952416,0.0009394712119178635,0.0,0.05227315640659461,0.00012645282317291906
A5088188698,0.0009394712119178635,0.0,0.05227315640659461,0.00012645282317291906
A5037769855,0.0009394712119178635,0.0,0.05227315640659461,0.00012645282317291906
A5047320410,0.0009394712119178635,0.0,0.05227315640659461,0.00012645282317291906
A5071609618,0.0009394712119178635,0.0,0.05227315640659461,0.00012645282317291906
A5038031031,0.0009394712119178635,0.0,0.05227315640659461,0.00012645282317291906
A5101609039,0.0009394712119178635,0.0,0.05227315640659461,0.00012645282317291906
A5028442936,0.0005368406925244934,0.00017421501310425905,0.04662546079293918,0.00012609912927657023
A5029148446,0.0014763119044423568,0.0,0.05265362410867167,0.00012594679332215237
A5085607636,0.0014763119044423568,0.0,0.05265362410867167,0.00012594679332215237
A5069007853,0.0014763119044423568,0.0,0.05265362410867167,0.00012594679332215237
A5102734020,0.0014763119044423568,0.0,0.05265362410867167,0.00012594679332215237
A5110798012,0.0014763119044423568,0.0,0.05265362410867167,0.00012594679332215237
A5099073090,0.0014763119044423568,0.0,0.05265362410867167,0.00012594679332215237
A5040052703,0.0014763119044423568,0.0,0.05265362410867167,0.00012594679332215237
A5109730740,0.0014763119044423568,0.0,0.05265362410867167,0.00012594679332215237
A5052374056,0.0014763119044423568,0.0,0.05265362410867167,0.00012594679332215237
A5113245593,0.0014763119044423568,0.0,0.05265362410867167,0.00012594679332215237
LOCAL_A000675,0.0014763119044423568,0.0,0.05265362410867167,0.00012594679332215237
A5074131915,0.0005368406925244934,0.0,0.02997621420562861,0.00012580006011522662
A5063172364,0.0005368406925244934,0.0,0.02997621420562861,0.00012580006011522662
A5084208478,0.0005368406925244934,0.0,0.02997621420562861,0.00012580006011522662
A5080052377,0.0005368406925244934,0.0,0.02997621420562861,0.00012580006011522662
A5078059796,0.0009394712119178635,0.0002772659062798858,0.04005002126637133,0.0001257210422557002
A5061865174,0.0005368406925244934,0.0,0.04551900868382251,0.00012557880162297064
A5041708086,0.0005368406925244934,0.0,0.04551900868382251,0.00012557880162297064
A5079440745,0.0005368406925244934,0.0,0.04551900868382251,0.00012557880162297064
A5004230431,0.0005368406925244934,0.0,0.04551900868382251,0.00012557880162297064
A5074761112,0.0005368406925244934,0.0,0.0009021906082703292,0.00012544579578967134
A5101464227,0.0005368406925244934,0.0,0.0009021906082703292,0.00012544579578967134
A5025713017,0.0005368406925244934,0.0,0.0009021906082703292,0.00012544579578967134
A5038617538,0.0009394712119178635,2.7525595761564473e-05,0.04259489644609462,0.0001254195782547233
A5022877453,0.0009394712119178635,2.7525595761564473e-05,0.04259489644609462,0.0001254195782547233
A5077602107,0.0009394712119178635,2.7525595761564473e-05,0.04259489644609462,0.0001254195782547233
A5101942828,0.0009394712119178635,2.7525595761564473e-05,0.04259489644609462,0.0001254195782547233
A5033082045,0.0009394712119178635,2.7525595761564473e-05,0.04259489644609462,0.0001254195782547233
A5004952365,0.003489464501409207,2.988957960635123e-06,0.014420811714549238,0.0001253919375340234
A5052946148,0.0002684203462622467,0.0,0.0007971270889000053,0.00012538381927811113
LOCAL_A000582,0.0002684203462622467,0.0,0.0007971270889000053,0.00012538381927811113
A5015861324,0.0005368406925244934,0.0,0.0007733062356602821,0.00012532992086436182
A5053009670,0.0005368406925244934,0.0,0.0007733062356602821,0.00012532992086436182
A5109620041,0.0005368406925244934,0.0,0.0007733062356602821,0.00012532992086436182
A5121936243,0.0005368406925244934,0.0,0.0007733062356602821,0.00012532992086436182
A5121922326,0.001878942423835727,0.0,0.047557519617956345,0.00012530414356023484
A5126146973,0.001878942423835727,0.0,0.047557519617956345,0.00012530414356023484
A5124248425,0.001878942423835727,0.0,0.047557519617956345,0.00012530414356023484
A5124206567,0.001878942423835727,0.0,0.047557519617956345,0.00012530414356023484
A5124225233,0.001878942423835727,0.0,0.047557519617956345,0.00012530414356023484
A5078113857,0.0008052610387867401,0.00017982304530932301,0.034785163312961165,0.00012503279458327346
A5063590027,0.0002684203462622467,0.0,0.03923611177548032,0.00012502429814423925
A5124588332,0.0002684203462622467,0.0,0.03923611177548032,0.00012502429814423925
LOCAL_A000094,0.0008052610387867401,1.0328478648122244e-07,0.002240655207518388,0.00012493327634569793
A5061856161,0.0006710508656556167,2.1449707128308597e-07,0.05356545095267158,0.00012483381667142607
A5060343625,0.0010736813850489868,0.0,0.047785754681099954,0.00012478661272351797
LOCAL_A000301,0.0010736813850489868,0.0,0.047785754681099954,0.00012478661272351797
A5056985800,0.0010736813850489868,0.0,0.047785754681099954,0.00012478661272351797
A5056888335,0.00040263051939337007,6.542971124996509e-05,0.0321349973006853,0.0001247644373229074
A5012248664,0.00040263051939337007,6.542971124996509e-05,0.0321349973006853,0.00012476443732290738
LOCAL_A000047,0.0012078915581801102,3.503438363314744e-05,0.05525199953619294,0.00012475548380347875
A5123202475,0.0006710508656556167,4.503697084937025e-09,0.0007808591891265359,0.00012473394887112038
A5117610020,0.0006710508656556167,4.503697084937025e-09,0.0007808591891265359,0.00012473394887112038
A5137964415,0.0006710508656556167,4.503697084937025e-09,0.0007808591891265359,0.00012473394887112038
LOCAL_A000635,0.0006710508656556167,4.503697084937025e-09,0.0007808591891265359,0.00012473394887112038
LOCAL_A000636,0.0006710508656556167,4.503697084937025e-09,0.0007808591891265359,0.00012473394887112038
LOCAL_A000634,0.0006710508656556167,4.503697084937025e-09,0.0007808591891265359,0.00012473394887112038
LOCAL_A000633,0.0006710508656556167,4.503697084937025e-09,0.0007808591891265359,0.00012473394887112038
A5137959653,0.0006710508656556167,4.503697084937025e-09,0.0007808591891265359,0.00012473394887112038
A5049089848,0.0010736813850489868,1.5844355726734184e-05,0.049006626143947275,0.00012471633173561503
A5002700971,0.0008052610387867401,1.2762507442861391e-05,0.030977971145558728,0.00012466629208002168
A5078885223,0.0005368406925244934,0.0,0.03780257312833522,0.00012460594413407104
A5020360390,0.0005368406925244934,0.0,0.03780257312833522,0.00012460594413407104
A5100342577,0.0005368406925244934,0.0,0.03780257312833522,0.00012460594413407104
A5062199751,0.0005368406925244934,0.0,0.03780257312833522,0.00012460594413407104
A5050688178,0.0020131525969668503,2.998296319774974e-05,0.06176378732652624,0.00012449523296087901
A5061584198,0.0020131525969668503,2.998296319774974e-05,0.06176378732652624,0.00012449523296087901
A5080025175,0.0020131525969668503,2.998296319774974e-05,0.06176378732652624,0.00012449523296087901
LOCAL_A000469,0.0020131525969668503,2.998296319774974e-05,0.06176378732652624,0.00012449523296087901
A5069820449,0.0020131525969668503,2.998296319774974e-05,0.06176378732652624,0.00012449523296087901
A5112607197,0.0020131525969668503,2.998296319774974e-05,0.06176378732652624,0.00012449523296087901
A5110933354,0.0020131525969668503,2.998296319774974e-05,0.06176378732652624,0.00012449523296087901
A5110830995,0.0020131525969668503,2.998296319774974e-05,0.06176378732652624,0.00012449523296087901
LOCAL_A000470,0.0020131525969668503,2.998296319774974e-05,0.06176378732652624,0.00012449523296087901
A5074325383,0.0005368406925244934,0.0,0.0009842079362949044,0.00012431858459966658
A5112588341,0.0005368406925244934,0.0,0.0009842079362949044,0.00012431858459966658
A5114137577,0.0005368406925244934,0.0,0.0009842079362949044,0.00012431858459966658
A5082290380,0.0005368406925244934,0.0,0.0009842079362949044,0.00012431858459966658
A5104122021,0.0006710508656556167,2.001643148860898e-07,0.0022217224606165685,0.00012406620999946624
A5101207218,0.0006710508656556167,2.001643148860898e-07,0.0022217224606165685,0.00012406620999946624
A5104075025,0.0006710508656556167,2.001643148860898e-07,0.0022217224606165685,0.00012406620999946624
A5065997378,0.0006710508656556167,2.001643148860898e-07,0.0022217224606165685,0.00012406620999946624
A5087105119,0.0005368406925244934,0.0,0.0011614341905577979,0.0001240251467842813
A5043749543,0.0005368406925244934,0.0,0.0011614341905577979,0.0001240251467842813
A5112744355,0.0005368406925244934,0.0,0.0011614341905577979,0.0001240251467842813
A5110846094,0.0005368406925244934,0.0,0.0011614341905577979,0.0001240251467842813
A5015030111,0.0005368406925244934,0.0,0.0011614341905577979,0.0001240251467842813
A5026364638,0.0005368406925244934,0.0,0.0011614341905577979,0.0001240251467842813
A5072878768,0.0005368406925244934,0.0,0.0011614341905577979,0.0001240251467842813
A5041448847,0.0005368406925244934,0.0,0.0011614341905577979,0.0001240251467842813
A5023183230,0.0006710508656556167,0.0,0.03804928277885827,0.00012398517910171676
A5049567040,0.0006710508656556167,0.0,0.03804928277885827,0.00012398517910171676
A5052953385,0.0006710508656556167,0.0,0.03804928277885827,0.00012398517910171676
A5108761377,0.0006710508656556167,0.0,0.03804928277885827,0.00012398517910171676
A5116540098,0.0006710508656556167,1.2943768396619639e-06,0.04783476306601525,0.00012394657202388737
A5048243071,0.0012078915581801102,0.00032997124934916445,0.05636424363561765,0.0001238381223402625
A5034877777,0.00013421017313112335,0.0,0.00034511187376574573,0.0001237021681647833
A5066599245,0.0006710508656556167,1.140936594850713e-07,0.03926479632074253,0.00012359798718924685
A5135251830,0.0002684203462622467,0.0,0.00040263051939337,0.00012358422649939537
A5027335588,0.0006710508656556167,0.00013089545207660967,0.04002921700029354,0.00012341940611529685
A5103955201,0.0005368406925244934,0.0,0.0012491869960666094,0.00012324278800233908
A5103138840,0.0005368406925244934,0.0,0.0012491869960666094,0.00012324278800233908
A5100352958,0.0005368406925244934,0.0,0.0012491869960666094,0.00012324278800233908
A5053378533,0.0014763119044423568,1.5537736240265105e-06,0.047388402479131495,0.00012324168961711822
A5018766595,0.0014763119044423568,1.5537736240265105e-06,0.047388402479131495,0.00012324168961711822
A5108746448,0.0014763119044423568,1.5537736240265105e-06,0.047388402479131495,0.00012324168961711822
A5059034951,0.0014763119044423568,1.5537736240265105e-06,0.047388402479131495,0.00012324168961711822
A5000866983,0.0014763119044423568,1.5537736240265105e-06,0.047388402479131495,0.00012324168961711822
A5076717996,0.0014763119044423568,1.5537736240265105e-06,0.047388402479131495,0.00012324168961711822
A5013475006,0.0014763119044423568,1.5537736240265105e-06,0.047388402479131495,0.00012324168961711822
A5056993916,0.0014763119044423568,1.5537736240265105e-06,0.047388402479131495,0.0001232416896171182
A5069165069,0.0014763119044423568,1.5537736240265105e-06,0.047388402479131495,0.0001232416896171182
A5111361534,0.0006710508656556167,0.0,0.0011437040840739207,0.00012307569238208423
A5067682063,0.0006710508656556167,0.0,0.0011437040840739207,0.00012307569238208423
A5109019942,0.0006710508656556167,0.0,0.0011437040840739207,0.00012307569238208423
A5111361533,0.0006710508656556167,0.0,0.0011437040840739207,0.00012307569238208423
A5121038845,0.00013421017313112335,0.0,0.0003067661100139962,0.00012294493014532016
A5100443627,0.00040263051939337007,0.0,0.0005368406925244933,0.0001227569107147863
A5018334271,0.00040263051939337007,0.0,0.0005368406925244933,0.0001227569107147863
A5049138961,0.00040263051939337007,0.0,0.0005368406925244933,0.0001227569107147863
A5135683200,0.0005368406925244934,0.0,0.0006607270061839919,0.0001226429889155443
A5135708090,0.0005368406925244934,0.0,0.0006607270061839919,0.0001226429889155443
A5135706046,0.0005368406925244934,0.0,0.0006607270061839919,0.0001226429889155443
A5135723552,0.0005368406925244934,0.0,0.0006607270061839919,0.0001226429889155443
A5108271314,0.0006710508656556167,0.0,0.034784480621788655,0.0001226271896718078
A5130102011,0.002684203462622467,8.17423602606787e-07,0.014194306818509198,0.00012249672319166743
A5130084594,0.002684203462622467,8.17423602606787e-07,0.014194306818509198,0.00012249672319166743
A5129878561,0.002684203462622467,8.17423602606787e-07,0.014194306818509198,0.00012249672319166743
A5130160039,0.002684203462622467,8.17423602606787e-07,0.014194306818509198,0.00012249672319166743
A5040078698,0.0008052610387867401,8.485710592931873e-05,0.052862492278752,0.0001223253636407152
A5121620694,0.0010736813850489868,9.00739416987405e-09,0.001260084403286658,0.00012231785412681088
A5133248498,0.0010736813850489868,9.00739416987405e-09,0.001260084403286658,0.00012231785412681088
A5139102677,0.0010736813850489868,9.00739416987405e-09,0.001260084403286658,0.00012231785412681088
A5139065087,0.0010736813850489868,9.00739416987405e-09,0.001260084403286658,0.00012231785412681088
A5139063661,0.0010736813850489868,9.00739416987405e-09,0.001260084403286658,0.00012231785412681088
A5139063594,0.0010736813850489868,9.00739416987405e-09,0.001260084403286658,0.00012231785412681088
A5136219938,0.0013421017313112334,0.0,0.04771114571772363,0.0001222207451564353
A5136180805,0.0013421017313112334,0.0,0.04771114571772363,0.0001222207451564353
A5101114148,0.0013421017313112334,0.0,0.04771114571772363,0.0001222207451564353
A5125543565,0.0013421017313112334,0.0,0.04771114571772363,0.0001222207451564353
A5136188560,0.0013421017313112334,0.0,0.04771114571772363,0.0001222207451564353
A5125536071,0.0013421017313112334,0.0,0.04771114571772363,0.0001222207451564353
A5136190142,0.0013421017313112334,0.0,0.04771114571772363,0.0001222207451564353
A5136234928,0.0013421017313112334,0.0,0.04771114571772363,0.0001222207451564353
A5136217108,0.0013421017313112334,0.0,0.04771114571772363,0.0001222207451564353
A5103249297,0.0010736813850489868,0.0,0.03812868172106525,0.00012205703387579861
A5029671794,0.0010736813850489868,0.0,0.03812868172106525,0.00012205703387579861
A5102015735,0.0010736813850489868,0.0,0.03812868172106525,0.00012205703387579861
A5032504273,0.0010736813850489868,0.0,0.03812868172106525,0.00012205703387579861
A5077893525,0.0010736813850489868,0.0,0.03812868172106525,0.00012205703387579861
A5083960512,0.0010736813850489868,0.0,0.03812868172106525,0.00012205703387579861
A5004913719,0.0010736813850489868,0.0,0.03812868172106525,0.00012205703387579861
A5048472994,0.0010736813850489868,0.0,0.03812868172106525,0.00012205703387579861
A5065522973,0.0002684203462622467,0.0010451459603188257,0.028194226192227497,0.00012198148628433044
A5023810707,0.0006710508656556167,0.0,0.0011437040840739207,0.0001219600433426773
A5010264989,0.0006710508656556167,0.0,0.0011437040840739207,0.0001219600433426773
A5073610437,0.0006710508656556167,0.0,0.0011437040840739207,0.0001219600433426773
A5112805145,0.0006710508656556167,0.0,0.0011437040840739207,0.0001219600433426773
A5101298039,0.0006710508656556167,0.0,0.0011437040840739207,0.0001219600433426773
A5102791934,0.0006710508656556167,1.5564161735253582e-06,0.03096606403525748,0.00012194279947322213
A5063300125,0.0010736813850489868,0.0,0.05436895736439759,0.00012191643651886244
LOCAL_A000591,0.0010736813850489868,0.0,0.05436895736439759,0.00012191643651886244
A5110918074,0.0010736813850489868,0.0,0.05436895736439759,0.00012191643651886244
A5000226189,0.0010736813850489868,0.0,0.05436895736439759,0.00012191643651886244
A5006198476,0.0010736813850489868,0.0,0.05436895736439759,0.00012191643651886244
A5109789023,0.0010736813850489868,0.0,0.05436895736439759,0.00012191643651886244
A5059455259,0.0010736813850489868,0.0,0.05436895736439759,0.00012191643651886244
LOCAL_A000590,0.0010736813850489868,0.0,0.05436895736439759,0.00012191643651886244
A5102747977,0.0010736813850489868,8.106654752886645e-08,0.048503698342190885,0.0001218414273959051
A5025438611,0.0002684203462622467,0.0,0.025278455673930986,0.00012181510789934866
A5001549960,0.0002684203462622467,0.0,0.025278455673930986,0.00012181510789934866
A5083500033,0.0006710508656556167,0.0,0.0009394712119178633,0.000121806139876334
A5114368828,0.0006710508656556167,0.0,0.0009394712119178633,0.000121806139876334
A5046562648,0.0006710508656556167,0.0,0.0009394712119178633,0.000121806139876334
LOCAL_A000456,0.0006710508656556167,0.0,0.0009394712119178633,0.000121806139876334
A5104779246,0.0006710508656556167,0.0,0.0009394712119178633,0.000121806139876334
A5054630782,0.0013421017313112334,3.204190759755125e-07,0.005771800002440185,0.00012179392231092339
A5022638034,0.0013421017313112334,3.204190759755125e-07,0.005771800002440185,0.00012179392231092339
A5056223358,0.0013421017313112334,3.204190759755125e-07,0.005771800002440185,0.00012179392231092339
A5021153739,0.0013421017313112334,3.204190759755125e-07,0.005771800002440185,0.00012179392231092339
A5008687474,0.0013421017313112334,3.204190759755125e-07,0.005771800002440185,0.00012179392231092339
A5045562391,0.0013421017313112334,3.204190759755125e-07,0.005771800002440185,0.00012179392231092339
A5023075536,0.0013421017313112334,3.204190759755125e-07,0.005771800002440185,0.00012179392231092339
LOCAL_A000604,0.0013421017313112334,3.204190759755125e-07,0.005771800002440185,0.00012179392231092339
A5099116976,0.0005368406925244934,6.305175918911834e-08,0.04458465124951569,0.00012174692046538647
A5056368956,0.0005368406925244934,0.0,0.031887547067791684,0.0001217188648198166
A5061860430,0.0005368406925244934,0.0,0.031887547067791684,0.0001217188648198166
A5026074930,0.0005368406925244934,0.0,0.031887547067791684,0.0001217188648198166
A5062934357,0.00040263051939337007,1.441183067179848e-07,0.0004294725540195947,0.00012171476356929691
A5061672192,0.0020131525969668503,8.367077262377436e-08,0.04887419041258541,0.00012169430754373496
A5101028042,0.0020131525969668503,8.367077262377436e-08,0.04887419041258541,0.00012169430754373496
A5100354734,0.0020131525969668503,8.367077262377436e-08,0.04887419041258541,0.00012169430754373496
A5005385235,0.0020131525969668503,8.367077262377436e-08,0.04887419041258541,0.00012169430754373496
A5057183308,0.0009394712119178635,0.0,0.0015789432133073336,0.00012161927658000803
A5025524243,0.0009394712119178635,0.0,0.0015789432133073336,0.00012161927658000803
A5004702190,0.0009394712119178635,0.0,0.0015789432133073336,0.00012161927658000803
A5023887333,0.0009394712119178635,0.0,0.0015789432133073336,0.00012161927658000803
A5111758380,0.0009394712119178635,0.0,0.0015789432133073336,0.00012161927658000803
A5019197846,0.0009394712119178635,0.0,0.0015789432133073336,0.00012161927658000803
A5087366501,0.0008052610387867401,0.0,0.05134635961301342,0.00012147906919556464
A5000275860,0.0008052610387867401,0.0,0.05134635961301342,0.00012147906919556464
A5092989807,0.0008052610387867401,0.0,0.05134635961301342,0.00012147906919556464
A5063385963,0.0008052610387867401,0.0,0.05134635961301342,0.00012147906919556464
A5059754168,0.0008052610387867401,0.0,0.05134635961301342,0.00012147906919556464
A5113014466,0.0008052610387867401,0.0,0.05134635961301342,0.00012147906919556464
A5039423577,0.0005368406925244934,7.926506869489164e-08,0.0011614341905577979,0.00012146965205622783
A5029663721,0.0005368406925244934,7.926506869489164e-08,0.0011614341905577979,0.00012146965205622783
A5087749642,0.0005368406925244934,7.926506869489164e-08,0.0011614341905577979,0.00012146965205622783
A5103958108,0.0024157831163602204,1.3238640166804282e-06,0.04887823394616798,0.00012145122114490598
A5008093246,0.0008052610387867401,1.3765691561716853e-05,0.046581346188388585,0.00012142563524809388
A5062039544,0.0006710508656556167,2.8429646726072135e-05,0.04844933686299265,0.00012136409662784949
A5018716044,0.0006710508656556167,2.8429646726072135e-05,0.04844933686299265,0.00012136409662784949
A5042803653,0.0006710508656556167,2.8429646726072135e-05,0.04844933686299265,0.00012136409662784949
A5133791329,0.0002684203462622467,0.0,0.00034511187376574573,0.00012132723251082029
A5133814960,0.0002684203462622467,0.0,0.00034511187376574573,0.00012132723251082029
A5056447969,0.00040263051939337007,0.00013078736334657125,0.04469145295077909,0.00012122047356925812
A5135945642,0.0010736813850489868,0.0,0.048983601169665235,0.00012120126787021571
A5135925100,0.0010736813850489868,0.0,0.048983601169665235,0.00012120126787021571
A5062713436,0.0010736813850489868,0.0,0.048983601169665235,0.00012120126787021571
A5107946858,0.0010736813850489868,0.0,0.048983601169665235,0.00012120126787021571
A5007969668,0.0010736813850489868,0.0,0.048983601169665235,0.00012120126787021571
A5135981851,0.0010736813850489868,0.0,0.048983601169665235,0.00012120126787021571
A5135930978,0.0010736813850489868,0.0,0.048983601169665235,0.00012120126787021571
A5135913429,0.0010736813850489868,0.0,0.048983601169665235,0.00012120126787021571
A5119701106,0.0006710508656556167,1.7560961786599184e-06,0.038486355448666666,0.00012114378912777597
A5119701105,0.0006710508656556167,1.7560961786599184e-06,0.038486355448666666,0.00012114378912777597
A5129852678,0.0012078915581801102,0.0,0.004534985716203002,0.00012113351648639203
A5129952168,0.0012078915581801102,0.0,0.004534985716203002,0.00012113351648639203
A5130062909,0.0012078915581801102,0.0,0.004534985716203002,0.00012113351648639203
A5130078744,0.0012078915581801102,0.0,0.004534985716203002,0.00012113351648639203
A5130041802,0.0012078915581801102,0.0,0.004534985716203002,0.00012113351648639203
A5129896200,0.0012078915581801102,0.0,0.004534985716203002,0.00012113351648639203
LOCAL_A000049,0.0012078915581801102,0.0,0.004534985716203002,0.00012113351648639203
A5130155980,0.0012078915581801102,0.0,0.004534985716203002,0.00012113351648639203
LOCAL_A000048,0.0012078915581801102,0.0,0.004534985716203002,0.00012113351648639203
A5030329332,0.00040263051939337007,0.0,0.03778645434648752,0.00012068163520408213
A5122303994,0.00040263051939337007,0.0,0.03778645434648752,0.00012068163520408213
A5122310706,0.00040263051939337007,0.0,0.03778645434648752,0.00012068163520408213
LOCAL_A000730,0.0005368406925244934,0.0,0.03565785416199572,0.00012064223346814091
LOCAL_A000729,0.0005368406925244934,0.0,0.03565785416199572,0.00012064223346814091
LOCAL_A000728,0.0005368406925244934,0.0,0.03565785416199572,0.00012064223346814091
A5072370418,0.0005368406925244934,0.0,0.03565785416199572,0.00012064223346814091
A5024433704,0.0013421017313112334,1.2365502178635443e-06,0.0561517437942592,0.00012038645802805886
A5023909031,0.0009394712119178635,0.0,0.0013129256067175108,0.0001203333556086056
A5007628074,0.0009394712119178635,0.0,0.0013129256067175108,0.0001203333556086056
A5036233313,0.0009394712119178635,0.0,0.0013129256067175108,0.0001203333556086056
A5075075490,0.0009394712119178635,0.0,0.0013129256067175108,0.0001203333556086056
A5058809619,0.0009394712119178635,0.0,0.0013129256067175108,0.0001203333556086056
A5074963113,0.0009394712119178635,0.0,0.0013129256067175108,0.0001203333556086056
A5030164268,0.0009394712119178635,0.0,0.0013129256067175108,0.0001203333556086056
A5130678885,0.0002684203462622467,0.0,0.0003578937950163289,0.00012020659252021015
A5130697482,0.0002684203462622467,0.0,0.0003578937950163289,0.00012020659252021015
LOCAL_A000651,0.0009394712119178635,0.0,0.05038158108877447,0.00012017061878138636
LOCAL_A000650,0.0009394712119178635,0.0,0.05038158108877447,0.00012017061878138636
A5069934157,0.0009394712119178635,0.0,0.05038158108877447,0.00012017061878138636
A5021286794,0.0009394712119178635,0.0,0.05038158108877447,0.00012017061878138636
LOCAL_A000649,0.0009394712119178635,0.0,0.05038158108877447,0.00012017061878138636
A5076030417,0.0009394712119178635,0.0,0.05038158108877447,0.00012017061878138636
LOCAL_A000648,0.0009394712119178635,0.0,0.05038158108877447,0.00012017061878138636
A5037497064,0.0006710508656556167,0.0,0.0021364386862384632,0.00012013889433316728
A5086905703,0.0006710508656556167,0.0,0.0021364386862384632,0.00012013889433316728
A5013697617,0.0013421017313112334,8.147915756288394e-07,0.05244639998585539,0.0001200409147532296
A5002666870,0.0013421017313112334,8.147915756288394e-07,0.05244639998585539,0.0001200409147532296
A5060832511,0.0013421017313112334,8.147915756288394e-07,0.05244639998585539,0.0001200409147532296
A5020354608,0.0013421017313112334,8.147915756288394e-07,0.05244639998585539,0.0001200409147532296
A5073115693,0.0013421017313112334,8.147915756288394e-07,0.05244639998585539,0.0001200409147532296
A5026125675,0.0013421017313112334,8.147915756288394e-07,0.05244639998585539,0.0001200409147532296
A5056350822,0.0013421017313112334,8.147915756288394e-07,0.05244639998585539,0.0001200409147532296
A5081819949,0.0013421017313112334,8.147915756288394e-07,0.05244639998585539,0.0001200409147532296
LOCAL_A000538,0.0013421017313112334,8.147915756288394e-07,0.05244639998585539,0.0001200409147532296
LOCAL_A000028,0.0032210441551469605,9.87323227264458e-07,0.010328048008896216,0.00011999803766724775
LOCAL_A000037,0.0032210441551469605,9.87323227264458e-07,0.010328048008896216,0.00011999803766724775
LOCAL_A000027,0.0032210441551469605,9.87323227264458e-07,0.010328048008896216,0.00011999803766724775
LOCAL_A000030,0.0032210441551469605,9.87323227264458e-07,0.010328048008896216,0.00011999803766724775
LOCAL_A000041,0.0032210441551469605,9.87323227264458e-07,0.010328048008896216,0.00011999803766724775
LOCAL_A000033,0.0032210441551469605,9.87323227264458e-07,0.010328048008896216,0.00011999803766724775
LOCAL_A000032,0.0032210441551469605,9.87323227264458e-07,0.010328048008896216,0.00011999803766724775
LOCAL_A000034,0.0032210441551469605,9.87323227264458e-07,0.010328048008896216,0.00011999803766724775
LOCAL_A000038,0.0032210441551469605,9.87323227264458e-07,0.010328048008896216,0.00011999803766724775
LOCAL_A000040,0.0032210441551469605,9.87323227264458e-07,0.010328048008896216,0.00011999803766724775
LOCAL_A000031,0.0032210441551469605,9.87323227264458e-07,0.010328048008896216,0.00011999803766724775
LOCAL_A000029,0.0032210441551469605,9.87323227264458e-07,0.010328048008896216,0.00011999803766724775
LOCAL_A000036,0.0032210441551469605,9.87323227264458e-07,0.010328048008896216,0.00011999803766724775
LOCAL_A000035,0.0032210441551469605,9.87323227264458e-07,0.010328048008896216,0.00011999803766724775
LOCAL_A000039,0.0032210441551469605,9.87323227264458e-07,0.010328048008896216,0.00011999803766724775
A5100637272,0.00040263051939337007,0.0001308954520766097,0.02911975094261065,0.00011998822132579129
A5077980145,0.0009394712119178635,1.4411830671798477e-07,0.005675065924186997,0.00011996789101921846
A5065393831,0.0008052610387867401,2.5371419688485144e-06,0.030959573105121523,0.0001197727297889573
A5024439777,0.0032210441551469605,2.7274410050078506e-06,0.014344511123466968,0.00011969332163747415
A5031094477,0.0014763119044423568,5.366252172328052e-06,0.047388402479131495,0.00011959021835617723
A5056304373,0.0014763119044423568,5.366252172328052e-06,0.047388402479131495,0.00011959021835617723
A5112037077,0.0014763119044423568,5.366252172328052e-06,0.047388402479131495,0.00011959021835617723
A5013811641,0.0014763119044423568,5.366252172328052e-06,0.047388402479131495,0.00011959021835617723
A5029995327,0.0014763119044423568,5.366252172328052e-06,0.047388402479131495,0.00011959021835617723
A5104004303,0.0014763119044423568,5.366252172328052e-06,0.047388402479131495,0.00011959021835617723
A5088853821,0.0014763119044423568,5.366252172328052e-06,0.047388402479131495,0.00011959021835617723
A5101961231,0.0014763119044423568,5.366252172328052e-06,0.047388402479131495,0.00011959021835617723
A5026429087,0.0014763119044423568,5.366252172328052e-06,0.047388402479131495,0.00011959021835617723
A5135160172,0.0005368406925244934,0.0,0.0007765017159729279,0.00011949108703135806
A5135155521,0.0005368406925244934,0.0,0.0007765017159729279,0.00011949108703135806
A5135244611,0.0005368406925244934,0.0,0.0007765017159729279,0.00011949108703135806
A5114129464,0.0005368406925244934,0.0,0.0007765017159729279,0.00011949108703135806
A5013902945,0.0008052610387867401,3.2754160617723818e-09,0.001195690633350008,0.00011948279737482488
A5110579458,0.0008052610387867401,3.2754160617723818e-09,0.001195690633350008,0.00011948279737482488
A5071788034,0.0008052610387867401,3.2754160617723818e-09,0.001195690633350008,0.00011948279737482488
A5087806761,0.0008052610387867401,3.2754160617723818e-09,0.001195690633350008,0.00011948279737482488
A5007261664,0.0008052610387867401,3.2754160617723818e-09,0.001195690633350008,0.00011948279737482485
A5020851663,0.0008052610387867401,3.2754160617723818e-09,0.001195690633350008,0.00011948279737482485
A5080471605,0.0008052610387867401,3.2754160617723818e-09,0.001195690633350008,0.00011948279737482485
A5044871381,0.0008052610387867401,3.2754160617723818e-09,0.001195690633350008,0.00011948279737482485
A5056794023,0.0010736813850489868,1.180969457827931e-07,0.001491797693649794,0.00011934300773519042
A5062189282,0.0009394712119178635,5.52109657449745e-05,0.053776735272832006,0.00011931784878438303
LOCAL_A000419,0.0006710508656556167,0.0,0.0013374737943067118,0.00011918318985653203
A5100015837,0.0006710508656556167,0.0,0.0013374737943067118,0.00011918318985653203
LOCAL_A000420,0.0006710508656556167,0.0,0.0013374737943067118,0.00011918318985653203
A5025379392,0.0006710508656556167,0.0,0.0013374737943067118,0.00011918318985653203
A5010213012,0.0006710508656556167,0.0,0.0013374737943067118,0.00011918318985653203
A5103990701,0.0002684203462622467,0.0,0.02403446620183607,0.0001191670353264244
A5080404353,0.0002684203462622467,0.0,0.02403446620183607,0.0001191670353264244
A5036583209,0.0014763119044423568,1.5266168361244107e-07,0.001909247946800819,0.00011912321940136915
A5002019686,0.0005368406925244934,1.4411830671798477e-07,0.0012270644400559849,0.00011895760626767863
A5050981728,0.0005368406925244934,1.4411830671798477e-07,0.0012270644400559849,0.00011895760626767863
A5063172188,0.0005368406925244934,1.4411830671798477e-07,0.0012270644400559849,0.00011895760626767863
A5038456548,0.001878942423835727,9.493307541675445e-08,0.027505526966215017,0.0001188979359333005
A5066772680,0.001878942423835727,9.493307541675445e-08,0.027505526966215017,0.0001188979359333005
A5036072460,0.001878942423835727,9.493307541675445e-08,0.027505526966215017,0.0001188979359333005
A5021059255,0.001878942423835727,9.493307541675445e-08,0.027505526966215017,0.0001188979359333005
A5072611129,0.001878942423835727,9.493307541675445e-08,0.027505526966215017,0.0001188979359333005
A5024054120,0.001878942423835727,9.493307541675445e-08,0.027505526966215017,0.0001188979359333005
A5065859187,0.00040263051939337007,0.0,0.041698003555393416,0.00011886238428207406
A5102404071,0.00040263051939337007,0.0,0.041698003555393416,0.00011886238428207406
A5043055992,0.00040263051939337007,0.0,0.041698003555393416,0.00011886238428207406
A5038430822,0.0006710508656556167,2.702218250962215e-08,0.0006710508656556167,0.00011874553854220333
A5100434395,0.0006710508656556167,2.702218250962215e-08,0.0006710508656556167,0.00011874553854220333
A5037131073,0.0006710508656556167,2.702218250962215e-08,0.0006710508656556167,0.00011874553854220333
A5091253663,0.00040263051939337007,0.0,0.0012511851624159563,0.00011862434871638312
A5003489886,0.0009394712119178635,0.0005598746549808581,0.05943972235300815,0.0001185714957097979
A5060405566,0.0009394712119178635,6.674907525571566e-05,0.038488862757540813,0.00011854039741651077
A5051720799,0.0009394712119178635,6.674907525571566e-05,0.038488862757540813,0.00011854039741651077
A5111907929,0.0009394712119178635,6.674907525571566e-05,0.038488862757540813,0.00011854039741651077
A5109595474,0.0009394712119178635,6.674907525571566e-05,0.038488862757540813,0.00011854039741651077
A5120616452,0.0009394712119178635,6.674907525571566e-05,0.038488862757540813,0.00011854039741651077
A5111060140,0.0009394712119178635,2.40197177863308e-09,0.0013842820714381578,0.00011844410372196623
A5096325752,0.0009394712119178635,2.40197177863308e-09,0.0013842820714381578,0.00011844410372196623
A5079356031,0.0009394712119178635,2.40197177863308e-09,0.0013842820714381578,0.00011844410372196623
A5101265078,0.0009394712119178635,2.40197177863308e-09,0.0013842820714381578,0.00011844410372196623
A5004993090,0.0009394712119178635,2.40197177863308e-09,0.0013842820714381578,0.00011844410372196623
A5096042325,0.0009394712119178635,2.40197177863308e-09,0.0013842820714381578,0.00011844410372196623
A5066900397,0.0005368406925244934,2.882366134359696e-07,0.03843711134267305,0.000118408790833114
A5043158224,0.0013421017313112334,2.8465325227437248e-08,0.002080257683532412,0.00011823430795565885
A5073979930,0.0013421017313112334,2.8465325227437248e-08,0.002080257683532412,0.00011823430795565885
A5022001106,0.0013421017313112334,2.8465325227437248e-08,0.002080257683532412,0.00011823430795565885
A5021191541,0.0013421017313112334,2.8465325227437248e-08,0.002080257683532412,0.00011823430795565885
A5081641836,0.0013421017313112334,2.8465325227437248e-08,0.002080257683532412,0.00011823430795565885
A5037481542,0.0009394712119178635,1.7926963996992888e-07,0.0016447885047558943,0.00011804590591056984
A5031407090,0.0009394712119178635,1.7926963996992888e-07,0.0016447885047558943,0.00011804590591056984
A5052527227,0.0009394712119178635,1.7926963996992888e-07,0.0016447885047558943,0.00011804590591056984
A5118272990,0.00040263051939337007,0.0,0.0006607270061839919,0.00011793570458564208
A5039299102,0.00040263051939337007,0.0,0.0006607270061839919,0.00011793570458564208
A5118272989,0.00040263051939337007,0.0,0.0006607270061839919,0.00011793570458564208
A5134759489,0.0002684203462622467,0.0,0.0003578937950163289,0.0001179053553246189
A5120542484,0.0002684203462622467,0.0,0.0003578937950163289,0.0001179053553246189
A5134781207,0.0002684203462622467,0.0,0.0003578937950163289,0.0001179053553246189
A5051597492,0.0002684203462622467,0.0,0.0003578937950163289,0.0001179053553246189
LOCAL_A000453,0.0002684203462622467,0.0,0.0003578937950163289,0.0001179053553246189
A5055050491,0.0002684203462622467,0.0,0.0003578937950163289,0.0001179053553246189
A5103064879,0.0002684203462622467,0.0,0.0003578937950163289,0.0001179053553246189
A5109658764,0.0002684203462622467,0.0,0.0003578937950163289,0.0001179053553246189
A5053823405,0.0006710508656556167,0.00010286384011098126,0.041230456675785634,0.00011787846786724866
A5112950777,0.00013421017313112335,0.0,0.00017894689750816444,0.00011785781752203146
A5035286000,0.00013421017313112335,0.0,0.00017894689750816444,0.00011785781752203146
A5070368948,0.00013421017313112335,0.0,0.00017894689750816444,0.00011785781752203146
A5129782021,0.00013421017313112335,0.0,0.00017894689750816444,0.00011785781752203146
A5016122031,0.00013421017313112335,0.0,0.00017894689750816444,0.00011785781752203146
A5011741622,0.00013421017313112335,0.0,0.00017894689750816444,0.00011785781752203146
A5109344379,0.00013421017313112335,0.0,0.00017894689750816444,0.00011785781752203146
A5101788557,0.00013421017313112335,0.0,0.00017894689750816444,0.00011785781752203146
A5117858545,0.00013421017313112335,0.0,0.00017894689750816444,0.00011785781752203146
A5117424208,0.00013421017313112335,0.0,0.00017894689750816444,0.00011785781752203146
A5129989055,0.0010736813850489868,0.0007859489445938467,0.0525521449659609,0.00011770578193482788
A5110554425,0.00040263051939337007,9.00739416987405e-09,0.0004294725540195947,0.00011752355671407956
A5100418969,0.00040263051939337007,9.00739416987405e-09,0.0004294725540195947,0.00011752355671407956
A5084048258,0.0008052610387867401,0.0,0.053315694766477066,0.00011750456617932984
A5044322231,0.0008052610387867401,0.0,0.053315694766477066,0.00011750456617932984
A5038600660,0.0008052610387867401,0.0,0.053315694766477066,0.00011750456617932984
A5019688833,0.0008052610387867401,0.0,0.053315694766477066,0.00011750456617932984
A5103978016,0.0008052610387867401,0.0,0.053315694766477066,0.00011750456617932984
A5111420624,0.0008052610387867401,0.0,0.053315694766477066,0.00011750456617932984
A5017300335,0.0009394712119178635,4.4971462528134815e-07,0.002147362770097973,0.00011745498173631753
A5024894161,0.0009394712119178635,4.4971462528134815e-07,0.002147362770097973,0.00011745498173631753
A5101775830,0.0009394712119178635,4.4971462528134815e-07,0.002147362770097973,0.00011745498173631753
A5012795098,0.0008052610387867401,0.0,0.0013214540123679837,0.00011736956724878547
A5042752687,0.0008052610387867401,0.0,0.0013214540123679837,0.00011736956724878547
A5074158974,0.0008052610387867401,0.0,0.0013214540123679837,0.00011736956724878547
LOCAL_A000410,0.0008052610387867401,0.0,0.0013214540123679837,0.00011736956724878547
LOCAL_A000411,0.0008052610387867401,0.0,0.0013214540123679837,0.00011736956724878547
A5109136467,0.0008052610387867401,0.0,0.0013214540123679837,0.00011736956724878547
A5010228370,0.0006710508656556167,3.60295766794962e-09,0.0009552606440509367,0.00011735043453305606
A5074035628,0.0006710508656556167,3.60295766794962e-09,0.0009552606440509367,0.00011735043453305606
LOCAL_A000379,0.0006710508656556167,3.60295766794962e-09,0.0009552606440509367,0.00011735043453305606
A5042145631,0.0006710508656556167,3.60295766794962e-09,0.0009552606440509367,0.00011735043453305606
LOCAL_A000438,0.0006710508656556167,3.60295766794962e-09,0.0009552606440509367,0.00011735043453305606
A5046152034,0.0006710508656556167,3.60295766794962e-09,0.0009552606440509367,0.00011735043453305606
A5117346098,0.0006710508656556167,3.60295766794962e-09,0.0009552606440509367,0.00011735043453305606
LOCAL_A000439,0.0006710508656556167,3.60295766794962e-09,0.0009552606440509367,0.00011735043453305606
A5029895401,0.0009394712119178635,0.0,0.05468601175939516,0.00011717764896968991
A5101880043,0.0009394712119178635,0.0,0.05468601175939516,0.00011717764896968991
A5016925074,0.0009394712119178635,0.0,0.05468601175939516,0.00011717764896968991
A5073095832,0.0009394712119178635,0.0,0.05468601175939516,0.00011717764896968991
A5044574268,0.0009394712119178635,0.0,0.05468601175939516,0.00011717764896968991
A5105180206,0.0008052610387867401,4.503697084937025e-09,0.05222540711088185,0.00011717741406148087
A5002834057,0.0008052610387867401,4.503697084937025e-09,0.05222540711088185,0.00011717741406148087
A5101590240,0.0008052610387867401,4.503697084937025e-09,0.05222540711088185,0.00011717741406148087
A5079216361,0.0008052610387867401,4.503697084937025e-09,0.05222540711088185,0.00011717741406148087
A5058540098,0.0017447322507046035,1.679639685783277e-08,0.0534072693642499,0.00011708868761146462
A5061640316,0.0017447322507046035,1.679639685783277e-08,0.0534072693642499,0.00011708868761146462
LOCAL_A000581,0.0017447322507046035,1.679639685783277e-08,0.0534072693642499,0.00011708868761146462
LOCAL_A000580,0.0017447322507046035,1.679639685783277e-08,0.0534072693642499,0.00011708868761146462
A5024548193,0.0017447322507046035,1.679639685783277e-08,0.0534072693642499,0.00011708868761146462
LOCAL_A000579,0.0017447322507046035,1.679639685783277e-08,0.0534072693642499,0.00011708868761146462
A5101726934,0.0017447322507046035,1.679639685783277e-08,0.0534072693642499,0.00011708868761146462
LOCAL_A000578,0.0017447322507046035,1.679639685783277e-08,0.0534072693642499,0.00011708868761146462
A5033547388,0.0017447322507046035,1.679639685783277e-08,0.0534072693642499,0.00011708868761146462
A5008529454,0.0017447322507046035,1.679639685783277e-08,0.0534072693642499,0.00011708868761146462
A5073095780,0.0017447322507046035,1.679639685783277e-08,0.0534072693642499,0.00011708868761146462
A5046502643,0.0006710508656556167,2.2518485424685124e-08,0.0013977030887512704,0.00011698942851998446
A5039307851,0.0006710508656556167,2.2518485424685124e-08,0.0013977030887512704,0.00011698942851998446
A5036830029,0.0006710508656556167,2.2518485424685124e-08,0.0013977030887512704,0.00011698942851998446
A5084294716,0.0006710508656556167,2.2518485424685124e-08,0.0013977030887512704,0.00011698942851998446
A5035224025,0.0014763119044423568,0.0024827163609894226,0.0548603597091032,0.00011690277642473703
A5069826673,0.0012078915581801102,2.0550626561292344e-06,0.05331729863191135,0.00011686596966607691
A5103112755,0.0012078915581801102,2.0550626561292344e-06,0.05331729863191135,0.00011686596966607691
A5108233925,0.0012078915581801102,2.0550626561292344e-06,0.05331729863191135,0.00011686596966607691
A5101815460,0.0012078915581801102,2.0550626561292344e-06,0.05331729863191135,0.00011686596966607691
A5031031874,0.0012078915581801102,2.0550626561292344e-06,0.05331729863191135,0.00011686596966607691
A5049427526,0.0002684203462622467,0.0,0.0011452601440522525,0.00011682279853128961
A5111869788,0.0009394712119178635,3.288013815856121e-08,0.002149599606316826,0.00011679612746501604
A5037459239,0.0009394712119178635,3.288013815856121e-08,0.002149599606316826,0.00011679612746501604
A5008079426,0.0009394712119178635,3.288013815856121e-08,0.002149599606316826,0.00011679612746501604
A5110201827,0.0009394712119178635,3.288013815856121e-08,0.002149599606316826,0.00011679612746501604
A5009283189,0.0009394712119178635,3.288013815856121e-08,0.002149599606316826,0.00011679612746501604
A5113613159,0.0009394712119178635,3.288013815856121e-08,0.002149599606316826,0.00011679612746501604
A5066740309,0.0005368406925244934,1.0294164765570341e-08,0.04719533581301585,0.0001167510352918037
A5132551954,0.0010736813850489868,5.778271833317354e-06,0.050198930555470506,0.00011670010097994548
A5093054692,0.0010736813850489868,5.778271833317354e-06,0.050198930555470506,0.00011670010097994548
A5127813669,0.0010736813850489868,5.778271833317354e-06,0.050198930555470506,0.00011670010097994548
A5132687538,0.0010736813850489868,5.778271833317354e-06,0.050198930555470506,0.00011670010097994548
A5108681897,0.0010736813850489868,5.778271833317354e-06,0.050198930555470506,0.00011670010097994548
A5008961078,0.0006710508656556167,0.0,0.052016953045578525,0.00011669801081446894
A5101189126,0.0006710508656556167,0.0,0.052016953045578525,0.00011669801081446894
A5113930059,0.0006710508656556167,0.0,0.052016953045578525,0.00011669801081446894
A5014271929,0.0006710508656556167,0.0,0.052016953045578525,0.00011669801081446894
A5018903635,0.0006710508656556167,0.0,0.052016953045578525,0.00011669801081446894
A5109582787,0.0028184136357535905,5.281811023465902e-07,0.013322420650296101,0.00011667158771386287
A5109622472,0.001878942423835727,0.00014978493876589147,0.057956693408390735,0.00011662076797045747
A5006133207,0.001878942423835727,0.00014978493876589147,0.057956693408390735,0.00011662076797045747
A5034971656,0.001878942423835727,0.00014978493876589147,0.057956693408390735,0.00011662076797045747
A5104142688,0.001878942423835727,0.00014978493876589147,0.057956693408390735,0.00011662076797045747
A5018594029,0.001878942423835727,0.00014978493876589147,0.057956693408390735,0.00011662076797045747
A5102396654,0.001878942423835727,0.00014978493876589147,0.057956693408390735,0.00011662076797045747
A5112894832,0.001878942423835727,0.00014978493876589147,0.057956693408390735,0.00011662076797045747
A5065602862,0.001878942423835727,0.00014978493876589147,0.057956693408390735,0.00011662076797045747
LOCAL_A000459,0.0006710508656556167,0.0,0.039341493887416416,0.00011660693565924529
A5120194609,0.0006710508656556167,0.0,0.039341493887416416,0.00011660693565924529
A5033928651,0.0006710508656556167,0.0,0.039341493887416416,0.00011660693565924529
A5103028918,0.0006710508656556167,0.0,0.039341493887416416,0.00011660693565924529
A5054736195,0.0006710508656556167,0.0,0.039341493887416416,0.00011660693565924529
A5086911502,0.00040263051939337007,0.0,0.0015808409815925586,0.00011651725223326312
A5061756650,0.00040263051939337007,0.0,0.0015808409815925586,0.00011651725223326312
A5033587154,0.00040263051939337007,0.0,0.0015808409815925586,0.00011651725223326312
A5048623965,0.0006710508656556167,2.4019717786330803e-08,0.0011437040840739207,0.00011650765395406678
A5071384938,0.0006710508656556167,2.4019717786330803e-08,0.0011437040840739207,0.00011650765395406678
A5081588326,0.0006710508656556167,2.4019717786330803e-08,0.0011437040840739207,0.00011650765395406678
A5108286478,0.0006710508656556167,2.4019717786330803e-08,0.0011437040840739207,0.00011650765395406678
A5018512305,0.0006710508656556167,2.4019717786330803e-08,0.0011437040840739207,0.00011650765395406678
A5011004624,0.0006710508656556167,2.4019717786330803e-08,0.0011437040840739207,0.00011650765395406678
A5045080368,0.0006710508656556167,2.4019717786330803e-08,0.0011437040840739207,0.00011650765395406678
A5081127696,0.0006710508656556167,2.4019717786330803e-08,0.0011437040840739207,0.00011650765395406678
A5010718958,0.0012078915581801102,4.503697084937025e-08,0.0012491869960666094,0.00011633371905190072
A5041315606,0.0012078915581801102,4.503697084937025e-08,0.0012491869960666094,0.00011633371905190072
A5017046939,0.0012078915581801102,4.503697084937025e-08,0.0012491869960666094,0.00011633371905190072
A5101846708,0.0012078915581801102,4.503697084937025e-08,0.0012491869960666094,0.00011633371905190069
A5033033828,0.0012078915581801102,4.503697084937025e-08,0.0012491869960666094,0.00011633371905190069
A5074775195,0.00040263051939337007,0.00013064324503985318,0.0407217544601139,0.00011617043419766087
A5066684419,0.0009394712119178635,9.00739416987405e-09,0.058141111439509154,0.00011615533807228593
A5101053857,0.0009394712119178635,9.00739416987405e-09,0.058141111439509154,0.00011615533807228593
A5124362125,0.0010736813850489868,2.5735411913925854e-09,0.04249073746456648,0.00011614964651159471
A5124301476,0.0010736813850489868,2.5735411913925854e-09,0.04249073746456648,0.00011614964651159471
LOCAL_A000547,0.0010736813850489868,2.5735411913925854e-09,0.04249073746456648,0.00011614964651159471
A5124365524,0.0010736813850489868,2.5735411913925854e-09,0.04249073746456648,0.00011614964651159471
A5124436291,0.0010736813850489868,2.5735411913925854e-09,0.04249073746456648,0.00011614964651159471
A5113194675,0.0010736813850489868,2.5735411913925854e-09,0.04249073746456648,0.00011614964651159471
A5124327425,0.0010736813850489868,2.5735411913925854e-09,0.04249073746456648,0.00011614964651159471
A5135945475,0.0005368406925244934,1.8014788339748094e-07,0.001712577730058605,0.00011609871600526707
A5135922283,0.0005368406925244934,1.8014788339748094e-07,0.001712577730058605,0.00011609871600526707
A5135945670,0.0005368406925244934,1.8014788339748094e-07,0.001712577730058605,0.00011609871600526707
A5027981134,0.00040263051939337007,0.00030945987847118923,0.04355796611260745,0.00011608072546980363
A5107415755,0.0002684203462622467,0.0,0.0003019728895450275,0.00011604039112477586
A5085817694,0.0002684203462622467,0.0,0.0003019728895450275,0.00011604039112477586
A5102958072,0.0012078915581801102,2.674556278003589e-05,0.055350352616158054,0.00011599966724030599
A5057264704,0.00040263051939337007,0.0,0.04095417060152037,0.000115964215015693
A5069952562,0.00040263051939337007,0.0,0.04095417060152037,0.000115964215015693
A5032639542,0.0008052610387867401,0.0,0.052076559943644504,0.00011581055484425709
A5122525206,0.0008052610387867401,0.0,0.052076559943644504,0.00011581055484425709
A5122423602,0.0008052610387867401,0.0,0.052076559943644504,0.00011581055484425709
A5122678371,0.0008052610387867401,0.0,0.052076559943644504,0.00011581055484425709
A5096130234,0.0008052610387867401,0.0,0.052076559943644504,0.00011581055484425709
A5122445446,0.0008052610387867401,0.0,0.052076559943644504,0.00011581055484425709
A5021434198,0.0021473627700979736,0.0015428281367098765,0.061207087789549926,0.0001158079122296089
A5100634247,0.0009394712119178635,0.0,0.006953894980887219,0.00011578376765180792
A5100424203,0.0009394712119178635,0.0,0.006953894980887219,0.00011578376765180792
A5075420892,0.0009394712119178635,0.0,0.006953894980887219,0.00011578376765180792
A5074629462,0.0009394712119178635,0.0,0.006953894980887219,0.00011578376765180792
A5022008299,0.0009394712119178635,0.0,0.006953894980887219,0.00011578376765180792
A5100390651,0.0009394712119178635,0.0,0.006953894980887219,0.00011578376765180792
A5077085496,0.0009394712119178635,0.0,0.006953894980887219,0.00011578376765180792
A5054511774,0.0002684203462622467,0.0,0.0004392332938836763,0.00011563831193199105
A5061674272,0.0006710508656556167,0.0,0.0010800723456742783,0.00011550708620592127
A5027281024,0.0006710508656556167,0.0,0.0010800723456742783,0.00011550708620592127
A5067390924,0.0006710508656556167,0.0,0.0010800723456742783,0.00011550708620592127
A5084369012,0.0006710508656556167,0.0,0.0010800723456742783,0.00011550708620592127
A5101280028,0.0006710508656556167,0.0,0.0010800723456742783,0.00011550708620592127
LOCAL_A000408,0.00013421017313112335,0.0,0.000241578311636022,0.00011525283668859876
A5102513442,0.0010736813850489868,7.720623574177756e-09,0.001482412366857408,0.00011512340586905992
A5091955267,0.0010736813850489868,7.720623574177756e-09,0.001482412366857408,0.00011512340586905992
A5063639499,0.0010736813850489868,7.720623574177756e-09,0.001482412366857408,0.00011512340586905992
A5101410064,0.0010736813850489868,7.720623574177756e-09,0.001482412366857408,0.00011512340586905992
A5049779869,0.0010736813850489868,7.720623574177756e-09,0.001482412366857408,0.00011512340586905992
A5047902084,0.0010736813850489868,7.720623574177756e-09,0.001482412366857408,0.00011512340586905992
A5113430687,0.0009394712119178635,4.886979253736925e-05,0.034785163312961165,0.00011509338285143442
A5114245107,0.0009394712119178635,4.886979253736925e-05,0.034785163312961165,0.00011509338285143442
A5052612735,0.0009394712119178635,4.886979253736925e-05,0.034785163312961165,0.00011509338285143442
A5071023394,0.0009394712119178635,0.0,0.054337287421730246,0.00011479788407654841
A5069951259,0.0009394712119178635,0.0,0.054337287421730246,0.00011479788407654841
A5066638282,0.0009394712119178635,0.0,0.054337287421730246,0.00011479788407654841
A5004625284,0.0009394712119178635,0.0,0.054337287421730246,0.00011479788407654841
A5042417560,0.0009394712119178635,0.0,0.054337287421730246,0.00011479788407654841
A5007065483,0.0009394712119178635,0.0,0.054337287421730246,0.00011479788407654841
A5000823484,0.0009394712119178635,0.0,0.054337287421730246,0.00011479788407654841
A5086553552,0.0010736813850489868,2.8752874887163172e-05,0.049006626143947275,0.00011474664439367358
A5129409195,0.0016105220775734803,2.1933170192114656e-08,0.05606116214208436,0.00011449404906726241
A5129411618,0.0016105220775734803,2.1933170192114656e-08,0.05606116214208436,0.00011449404906726241
LOCAL_A000559,0.0016105220775734803,2.1933170192114656e-08,0.05606116214208436,0.00011449404906726241
LOCAL_A000558,0.0016105220775734803,2.1933170192114656e-08,0.05606116214208436,0.00011449404906726241
A5119821511,0.0016105220775734803,2.1933170192114656e-08,0.05606116214208436,0.00011449404906726241
A5129587758,0.0016105220775734803,2.1933170192114656e-08,0.05606116214208436,0.00011449404906726241
LOCAL_A000560,0.0016105220775734803,2.1933170192114656e-08,0.05606116214208436,0.00011449404906726241
LOCAL_A000561,0.0016105220775734803,2.1933170192114656e-08,0.05606116214208436,0.00011449404906726241
A5109766802,0.0016105220775734803,2.1933170192114656e-08,0.05606116214208436,0.00011449404906726241
A5058516893,0.0016105220775734803,2.1933170192114656e-08,0.05606116214208436,0.00011449404906726241
A5101359005,0.0012078915581801102,6.071841517558887e-07,0.0070267106351373475,0.00011442767244894376
A5028273918,0.0012078915581801102,6.071841517558887e-07,0.0070267106351373475,0.00011442767244894376
A5088300934,0.0012078915581801102,6.071841517558887e-07,0.0070267106351373475,0.00011442767244894376
A5042960304,0.0012078915581801102,6.071841517558887e-07,0.0070267106351373475,0.00011442767244894376
A5045498018,0.0012078915581801102,6.071841517558887e-07,0.0070267106351373475,0.00011442767244894376
A5036952576,0.0012078915581801102,6.071841517558887e-07,0.0070267106351373475,0.00011442767244894376
A5036640407,0.0012078915581801102,7.593090310693188e-07,0.0070267106351373475,0.00011432938649657157
A5115601874,0.0012078915581801102,7.593090310693188e-07,0.0070267106351373475,0.00011432938649657157
A5108706799,0.0012078915581801102,7.593090310693188e-07,0.0070267106351373475,0.00011432938649657157
A5058820007,0.0012078915581801102,7.593090310693188e-07,0.0070267106351373475,0.00011432938649657157
A5009717125,0.0012078915581801102,7.593090310693188e-07,0.0070267106351373475,0.00011432938649657157
A5101800295,0.0012078915581801102,7.593090310693188e-07,0.0070267106351373475,0.00011432938649657157
LOCAL_A000658,0.001878942423835727,0.0007824119681129221,0.0592648177998394,0.00011425041669956457
A5101369867,0.0008052610387867401,0.00042660655688925775,0.0412218262424876,0.00011415833247153736
A5035354610,0.0006710508656556167,1.2570579042292615e-06,0.03297316641468219,0.00011411905367103757
A5056170160,0.0006710508656556167,0.0,0.035716057575407,0.00011401868839930416
A5006110409,0.0006710508656556167,0.0,0.035716057575407,0.00011401868839930416
A5107899843,0.0006710508656556167,0.0,0.035716057575407,0.00011401868839930413
A5066757856,0.0006710508656556167,0.0,0.042592849205085,0.00011398761662058073
A5111820289,0.0006710508656556167,0.0,0.042592849205085,0.00011398761662058073
LOCAL_A000615,0.0006710508656556167,0.0,0.042592849205085,0.00011398761662058073
A5070418811,0.0006710508656556167,0.0,0.042592849205085,0.00011398761662058073
A5106172262,0.0006710508656556167,0.0,0.042592849205085,0.00011398761662058073
A5123683358,0.0005368406925244934,0.0,0.033284012039849716,0.00011385365178667088
A5123720576,0.0005368406925244934,0.0,0.033284012039849716,0.00011385365178667088
A5123655582,0.0005368406925244934,0.0,0.033284012039849716,0.00011385365178667088
A5123693668,0.0005368406925244934,0.0,0.033284012039849716,0.00011385365178667088
A5024927907,0.0005368406925244934,0.0,0.033284012039849716,0.00011385365178667086
A5052523494,0.0005368406925244934,0.0,0.033284012039849716,0.00011385365178667086
A5021666100,0.0005368406925244934,0.0,0.033284012039849716,0.00011385365178667086
A5033627409,0.0005368406925244934,0.0,0.033284012039849716,0.00011385365178667086
A5044829491,0.0008052610387867401,1.9561512591140615e-08,0.03248485412613631,0.00011382095906617312
A5081347313,0.0005368406925244934,6.0049294465827e-09,0.03474084405437398,0.0001135969365671652
A5046705053,0.0005368406925244934,6.0049294465827e-09,0.03474084405437398,0.0001135969365671652
A5023990485,0.0005368406925244934,6.0049294465827e-09,0.03474084405437398,0.0001135969365671652
A5114134175,0.0021473627700979736,1.080887300384886e-07,0.0022022669318334334,0.00011359493545263783
A5113118239,0.0021473627700979736,1.080887300384886e-07,0.0022022669318334334,0.00011359493545263783
A5093920008,0.0021473627700979736,1.080887300384886e-07,0.0022022669318334334,0.00011359493545263783
A5022642033,0.0021473627700979736,1.080887300384886e-07,0.0022022669318334334,0.00011359493545263783
LOCAL_A000707,0.0021473627700979736,1.080887300384886e-07,0.0022022669318334334,0.00011359493545263783
A5104243157,0.0021473627700979736,1.080887300384886e-07,0.0022022669318334334,0.00011359493545263783
A5101315004,0.0021473627700979736,1.080887300384886e-07,0.0022022669318334334,0.00011359493545263783
A5100846021,0.0021473627700979736,1.080887300384886e-07,0.0022022669318334334,0.00011359493545263783
A5102865733,0.0009394712119178635,0.000276243911484071,0.0475524157845567,0.00011323044807633385
LOCAL_A000101,0.0009394712119178635,0.000276243911484071,0.0475524157845567,0.00011323044807633385
A5003187325,0.0009394712119178635,0.000276243911484071,0.0475524157845567,0.00011323044807633385
A5075708496,0.0009394712119178635,0.000276243911484071,0.0475524157845567,0.00011323044807633385
A5061799227,0.0009394712119178635,0.000276243911484071,0.0475524157845567,0.00011323044807633385
A5031635334,0.0017447322507046035,0.0002235428453687045,0.05915207559730325,0.00011321931941934098
LOCAL_A000529,0.0005368406925244934,5.892697315226013e-05,0.03711000086101334,0.00011319919538794643
A5113227108,0.0013421017313112334,8.925656000540578e-06,0.05318450535999991,0.00011319649444671852
A5009564069,0.00040263051939337007,0.0,0.000597845316675004,0.0001131858847931271
A5039582436,0.00040263051939337007,0.0,0.000597845316675004,0.0001131858847931271
A5041050732,0.00040263051939337007,0.0,0.000597845316675004,0.0001131858847931271
A5059457085,0.0009394712119178635,0.0,0.051983388799589296,0.00011315284224292798
A5048412714,0.0005368406925244934,0.00011902442614941163,0.03844211346105622,0.0001131144336710682
A5022369934,0.0017447322507046035,9.165765935498206e-08,0.029136984680366223,0.0001131012432304939
A5081961625,0.0017447322507046035,9.165765935498206e-08,0.029136984680366223,0.0001131012432304939
A5019463062,0.0017447322507046035,9.165765935498206e-08,0.029136984680366223,0.0001131012432304939
A5021858410,0.0017447322507046035,9.165765935498206e-08,0.029136984680366223,0.0001131012432304939
A5114549543,0.0017447322507046035,9.165765935498206e-08,0.029136984680366223,0.0001131012432304939
A5079061954,0.0020131525969668503,7.148725531646071e-09,0.003688165277213727,0.00011307136628910881
A5038298046,0.0020131525969668503,7.148725531646071e-09,0.003688165277213727,0.00011307136628910881
A5052492423,0.0006710508656556167,9.908133586861455e-07,0.0015843347267186266,0.00011287141235331367
A5037688862,0.0009394712119178635,2.5735411913925854e-09,0.05083241004737996,0.0001128454782092554
A5101594165,0.0009394712119178635,2.5735411913925854e-09,0.05083241004737996,0.0001128454782092554
A5113721342,0.0009394712119178635,2.5735411913925854e-09,0.05083241004737996,0.0001128454782092554
A5101913899,0.0009394712119178635,2.5735411913925854e-09,0.05083241004737996,0.0001128454782092554
A5098911047,0.0009394712119178635,2.5735411913925854e-09,0.05083241004737996,0.0001128454782092554
A5104314850,0.0009394712119178635,2.5735411913925854e-09,0.05083241004737996,0.0001128454782092554
A5078135589,0.0006710508656556167,0.0,0.04920663097592929,0.00011281435595694879
A5048030754,0.0006710508656556167,0.0,0.04920663097592929,0.00011281435595694879
A5100421249,0.0006710508656556167,0.0,0.04920663097592929,0.00011281435595694879
A5065282480,0.0006710508656556167,0.0,0.04920663097592929,0.00011281435595694879
A5036240913,0.0006710508656556167,0.0,0.04920663097592929,0.00011281435595694879
A5067640205,0.00040263051939337007,1.80147883397481e-08,0.0567468267896775,0.00011264908321763012
A5122895977,0.0010736813850489868,6.020143421752867e-06,0.05506318010196338,0.00011260512152983123
A5117094630,0.0010736813850489868,4.619510739145958e-05,0.045119231228603354,0.00011254077126053637
A5069990651,0.0010736813850489868,4.619510739145958e-05,0.045119231228603354,0.00011254077126053637
A5104423471,0.0010736813850489868,4.619510739145958e-05,0.045119231228603354,0.00011254077126053637
A5015961088,0.0014763119044423568,7.248919322499857e-05,0.051052039090992804,0.00011246656305487934
A5076877524,0.0014763119044423568,7.248919322499857e-05,0.051052039090992804,0.00011246656305487934
A5049516895,0.0014763119044423568,7.248919322499857e-05,0.051052039090992804,0.00011246656305487934
A5070324389,0.0014763119044423568,7.248919322499857e-05,0.051052039090992804,0.00011246656305487934
A5067607444,0.0014763119044423568,7.248919322499857e-05,0.051052039090992804,0.00011246656305487934
A5026340579,0.0014763119044423568,7.248919322499857e-05,0.051052039090992804,0.00011246656305487934
A5027290274,0.0014763119044423568,7.248919322499857e-05,0.051052039090992804,0.00011246656305487934
A5042559130,0.0002684203462622467,7.566211102694202e-07,0.001031074980880376,0.00011238046751611534
A5055097412,0.0008052610387867401,4.4806012024501674e-08,0.00161052207757348,0.0001120787472070777
A5081876084,0.0008052610387867401,4.4806012024501674e-08,0.00161052207757348,0.0001120787472070777
A5106932605,0.0008052610387867401,4.4806012024501674e-08,0.00161052207757348,0.0001120787472070777
A5084339206,0.0008052610387867401,4.4806012024501674e-08,0.00161052207757348,0.0001120787472070777
A5065210241,0.0005368406925244934,0.0,0.03650239194978884,0.00011195211989569289
A5051802781,0.0005368406925244934,0.0,0.03650239194978884,0.00011195211989569286
A5029624791,0.0005368406925244934,0.0,0.03650239194978884,0.00011195211989569286
A5060394256,0.0005368406925244934,0.0,0.0021632560800740274,0.00011192666063520313
A5079721281,0.0005368406925244934,0.0,0.0021632560800740274,0.00011192666063520313
A5110733360,0.0005368406925244934,0.0,0.0021632560800740274,0.00011192666063520313
A5005903867,0.0005368406925244934,0.0,0.0021632560800740274,0.00011192666063520313
A5029774953,0.00040263051939337007,0.0,0.001159959353490423,0.00011188238550168957
A5101705534,0.00040263051939337007,0.0,0.001159959353490423,0.00011188238550168957
A5102408214,0.00040263051939337007,0.0,0.001159959353490423,0.00011188238550168957
A5109478605,0.0006710508656556167,0.0,0.05040450590455869,0.00011171629837239007
A5104301123,0.0006710508656556167,0.0,0.05040450590455869,0.00011171629837239007
A5056839415,0.0006710508656556167,0.0,0.05040450590455869,0.00011171629837239007
A5113092365,0.0006710508656556167,0.0,0.05040450590455869,0.00011171629837239007
A5101290167,0.0006710508656556167,0.0,0.05040450590455869,0.00011171629837239007
A5013060777,0.0006710508656556167,5.40443650192443e-08,0.04233241714727231,0.00011170372420523888
A5069093485,0.0009394712119178635,9.00739416987405e-09,0.0011937641715347286,0.0001116439624477349
A5089369458,0.0009394712119178635,9.00739416987405e-09,0.0011937641715347286,0.0001116439624477349
A5134644764,0.0009394712119178635,9.00739416987405e-09,0.0011937641715347286,0.0001116439624477349
A5101983590,0.0009394712119178635,9.00739416987405e-09,0.0011937641715347286,0.0001116439624477349
A5060496598,0.0009394712119178635,9.00739416987405e-09,0.0011937641715347286,0.0001116439624477349
A5042391653,0.0006710508656556167,0.0,0.0022217224606165685,0.00011164330986254117
A5065463000,0.0006710508656556167,0.0,0.0022217224606165685,0.00011164330986254117
A5092020621,0.0006710508656556167,0.0,0.0022217224606165685,0.00011164330986254117
A5060090368,0.0006710508656556167,0.0,0.0022217224606165685,0.00011164330986254117
A5101870214,0.0006710508656556167,0.0,0.0022217224606165685,0.00011164330986254117
A5077694527,0.0002684203462622467,0.0,0.0014435049732325264,0.00011148478500837505
A5092550508,0.0005368406925244934,0.0,0.04469483397105024,0.00011146461754322308
A5114625656,0.0006710508656556167,1.8673614884744564e-05,0.042592849205085,0.00011132218329406733
A5081343112,0.0006710508656556167,1.8673614884744564e-05,0.042592849205085,0.00011132218329406733
A5029362407,0.0006710508656556167,1.8673614884744564e-05,0.042592849205085,0.00011132218329406733
A5050246251,0.0006710508656556167,1.8673614884744564e-05,0.042592849205085,0.00011132218329406733
A5038835298,0.0006710508656556167,3.89476877104592e-05,0.04562446626823171,0.00011127441223764709
A5045164373,0.0008052610387867401,1.544124714835551e-08,0.0015789432133073336,0.00011124671893613668
A5018419083,0.0008052610387867401,1.544124714835551e-08,0.0015789432133073336,0.00011124671893613668
A5103057827,0.0008052610387867401,1.544124714835551e-08,0.0015789432133073336,0.00011124671893613668
A5053707822,0.0008052610387867401,1.544124714835551e-08,0.0015789432133073336,0.00011124671893613668
A5022909195,0.0008052610387867401,1.544124714835551e-08,0.0015789432133073336,0.00011124671893613668
A5040018532,0.0010736813850489868,7.890193586213325e-05,0.055152279098892115,0.00011118783113694638
A5044387881,0.0012078915581801102,4.1825930781381715e-06,0.05434061936233742,0.00011110211418598128
A5110800043,0.0012078915581801102,4.1825930781381715e-06,0.05434061936233742,0.00011110211418598128
A5116224403,0.0012078915581801102,4.1825930781381715e-06,0.05434061936233742,0.00011110211418598128
A5045704987,0.0012078915581801102,4.1825930781381715e-06,0.05434061936233742,0.00011110211418598128
A5134226784,0.0012078915581801102,4.1825930781381715e-06,0.05434061936233742,0.00011110211418598128
A5081951393,0.0012078915581801102,4.1825930781381715e-06,0.05434061936233742,0.00011110211418598128
A5043767304,0.0012078915581801102,4.1825930781381715e-06,0.05434061936233742,0.00011110211418598128
A5017574392,0.00013421017313112335,0.0,0.000241578311636022,0.00011099711651872823
A5044452244,0.00013421017313112335,0.0,0.000241578311636022,0.00011099711651872823
A5030334886,0.00013421017313112335,0.0,0.000241578311636022,0.00011099711651872823
A5122355350,0.0012078915581801102,8.354886739175675e-06,0.049799765134082526,0.00011097115196262525
A5110085228,0.0005368406925244934,3.60295766794962e-08,0.0005368406925244934,0.00011096740947258931
A5059518320,0.0005368406925244934,3.60295766794962e-08,0.0005368406925244934,0.00011096740947258931
A5064006808,0.0010736813850489868,3.5961573218159726e-07,0.05614818605848055,0.00011091041783872744
A5015225298,0.0010736813850489868,3.5961573218159726e-07,0.05614818605848055,0.00011091041783872744
A5101615863,0.0010736813850489868,7.923231453427382e-07,0.006990113183912674,0.00011084574548749426
A5000949447,0.0010736813850489868,7.923231453427382e-07,0.006990113183912674,0.00011084574548749426
A5049025379,0.0010736813850489868,7.923231453427382e-07,0.006990113183912674,0.00011084574548749426
A5100629829,0.0010736813850489868,7.923231453427382e-07,0.006990113183912674,0.00011084574548749426
A5033467314,0.0010736813850489868,7.923231453427382e-07,0.006990113183912674,0.00011084574548749426
A5021771514,0.0013421017313112334,6.358160590499329e-09,0.04439368903722064,0.0001108252923581758
A5044546353,0.0013421017313112334,6.358160590499329e-09,0.04439368903722064,0.0001108252923581758
A5002781179,0.0013421017313112334,6.358160590499329e-09,0.04439368903722064,0.0001108252923581758
A5068470300,0.0013421017313112334,6.358160590499329e-09,0.04439368903722064,0.0001108252923581758
A5013517307,0.0013421017313112334,6.358160590499329e-09,0.04439368903722064,0.0001108252923581758
A5104125128,0.0013421017313112334,6.358160590499329e-09,0.04439368903722064,0.0001108252923581758
A5036869152,0.0005368406925244934,0.00013064324503985318,0.040722690097695406,0.00011078275696731993
A5101499505,0.0005368406925244934,0.00013064324503985318,0.040722690097695406,0.00011078275696731993
A5083902869,0.0005368406925244934,0.00013064324503985318,0.040722690097695406,0.00011078275696731993
A5119042680,0.0010736813850489868,3.879374384747729e-05,0.055071734801665384,0.00011076606997829756
A5018664401,0.0006710508656556167,0.0,0.04840434894914784,0.00011075941929579322
A5101994945,0.0006710508656556167,0.0,0.04840434894914784,0.00011075941929579322
A5079476476,0.0006710508656556167,0.0,0.04840434894914784,0.00011075941929579322
A5118587893,0.0006710508656556167,0.0,0.04840434894914784,0.00011075941929579322
A5113003739,0.0006710508656556167,0.0,0.04233241714727231,0.0001107482676436983
A5114194696,0.0006710508656556167,0.0,0.001533830550069981,0.00011073739385779056
A5114155395,0.0006710508656556167,0.0,0.001533830550069981,0.00011073739385779056
A5105820446,0.0006710508656556167,0.0,0.001533830550069981,0.00011073739385779056
A5114194697,0.0006710508656556167,0.0,0.001533830550069981,0.00011073739385779056
A5008199788,0.0006710508656556167,0.0,0.001533830550069981,0.00011073739385779056
A5101186189,0.0013421017313112334,2.1193868634997765e-09,0.05631588844439493,0.0001106818256052146
A5135692394,0.0013421017313112334,2.1193868634997765e-09,0.05631588844439493,0.0001106818256052146
A5061596524,0.0013421017313112334,2.1193868634997765e-09,0.05631588844439493,0.0001106818256052146
A5088959676,0.0013421017313112334,2.1193868634997765e-09,0.05631588844439493,0.0001106818256052146
A5136363689,0.0013421017313112334,2.1193868634997765e-09,0.05631588844439493,0.0001106818256052146
A5136378533,0.0013421017313112334,2.1193868634997765e-09,0.05631588844439493,0.0001106818256052146
A5136423173,0.0013421017313112334,2.1193868634997765e-09,0.05631588844439493,0.0001106818256052146
A5136251515,0.0009394712119178635,3.270772991534765e-05,0.03571245927022501,0.00011063703667976076
A5136197888,0.0009394712119178635,3.270772991534765e-05,0.03571245927022501,0.00011063703667976076
A5136238313,0.0009394712119178635,3.270772991534765e-05,0.03571245927022501,0.00011063703667976076
A5136227825,0.0009394712119178635,3.270772991534765e-05,0.03571245927022501,0.00011063703667976076
A5050385284,0.0010736813850489868,1.1043065252265594e-05,0.0042155759509134895,0.00011050456592978558
A5024651450,0.0008052610387867401,0.00018968340606603099,0.03848719118199382,0.00011049403273467743
A5110879294,0.0008052610387867401,0.00018968340606603099,0.03848719118199382,0.00011049403273467743
A5115056502,0.0008052610387867401,0.00018968340606603099,0.03848719118199382,0.00011049403273467743
A5015536551,0.0008052610387867401,0.00018968340606603099,0.03848719118199382,0.00011049403273467743
A5115056501,0.0008052610387867401,0.00018968340606603099,0.03848719118199382,0.00011049403273467743
A5101984598,0.0008052610387867401,2.3583588150508616e-05,0.05204139064280462,0.00011047467231791789
A5045478080,0.0008052610387867401,2.3583588150508616e-05,0.05204139064280462,0.00011047467231791789
A5074304527,0.0008052610387867401,2.3583588150508616e-05,0.05204139064280462,0.00011047467231791789
A5034514715,0.0008052610387867401,2.3583588150508616e-05,0.05204139064280462,0.00011047467231791789
A5026538440,0.0008052610387867401,2.3583588150508616e-05,0.05204139064280462,0.00011047467231791786
A5089469659,0.0008052610387867401,2.3583588150508616e-05,0.05204139064280462,0.00011047467231791786
A5046539676,0.0008052610387867401,2.3583588150508616e-05,0.05204139064280462,0.00011047467231791786
A5101610614,0.0008052610387867401,2.3583588150508616e-05,0.05204139064280462,0.00011047467231791786
A5015670985,0.00040263051939337007,7.20591533589924e-09,0.000597845316675004,0.00011033296346637332
A5048794912,0.00040263051939337007,0.0,0.0007060622151680836,0.00011018132014355283
LOCAL_A000080,0.00040263051939337007,0.0,0.0007060622151680836,0.00011018132014355283
A5008496546,0.00040263051939337007,0.0,0.0007060622151680836,0.00011018132014355283
A5110290912,0.0005368406925244934,0.0,0.0013780171297547734,0.00011011654383338262
A5054072407,0.0005368406925244934,0.0,0.0013780171297547734,0.00011011654383338262
A5030882676,0.0005368406925244934,0.0,0.0013780171297547734,0.00011011654383338262
A5089924692,0.0005368406925244934,0.0,0.0013780171297547734,0.00011011654383338262
A5024527852,0.0006710508656556167,0.0,0.047516719601125926,0.00011010375422071777
A5137873774,0.0006710508656556167,0.0,0.047516719601125926,0.00011010375422071777
A5101860760,0.0006710508656556167,0.0,0.047516719601125926,0.00011010375422071777
A5035589368,0.0006710508656556167,0.0,0.047516719601125926,0.00011010375422071777
A5123931166,0.0006710508656556167,0.0,0.047516719601125926,0.00011010375422071777
A5100610739,0.0005368406925244934,5.147082382785171e-09,0.0008431900007585791,0.00011004862339627954
A5009869107,0.0005368406925244934,5.147082382785171e-09,0.0008431900007585791,0.00011004862339627954
A5062102741,0.0005368406925244934,5.147082382785171e-09,0.0008431900007585791,0.00011004862339627954
A5084006403,0.0006710508656556167,0.0,0.03333785345575948,0.00010994860805536811
LOCAL_A000468,0.0006710508656556167,0.0,0.03333785345575948,0.00010994860805536811
LOCAL_A000467,0.0006710508656556167,0.0,0.03333785345575948,0.00010994860805536811
A5115945200,0.0006710508656556167,0.0,0.03333785345575948,0.00010994860805536811
A5111186868,0.0008052610387867401,3.930499274126858e-08,0.0012582203731042812,0.00010992154583731138
A5101610795,0.0008052610387867401,3.930499274126858e-08,0.0012582203731042812,0.00010992154583731138
A5018757905,0.0008052610387867401,3.930499274126858e-08,0.0012582203731042812,0.00010992154583731138
LOCAL_A000457,0.0008052610387867401,3.930499274126858e-08,0.0012582203731042812,0.00010992154583731138
A5037328649,0.0009394712119178635,9.01244032907286e-08,0.0551505629374863,0.00010990364918857194
A5124895427,0.0005368406925244934,4.1359666435891504e-07,0.045622117457901026,0.0001099020352893073
A5069511944,0.0005368406925244934,4.833920106543599e-05,0.044401474086779996,0.00010970196050127758
A5109776692,0.0002684203462622467,0.0,0.0006794390014763119,0.00010963037964496343
A5080054775,0.0006710508656556167,1.305351563098262e-05,0.03805173346047484,0.00010960156497396862
A5048214234,0.0006710508656556167,1.305351563098262e-05,0.03805173346047484,0.00010960156497396862
A5064985967,0.0006710508656556167,1.305351563098262e-05,0.03805173346047484,0.00010960156497396862
A5090107776,0.0006710508656556167,1.305351563098262e-05,0.03805173346047484,0.00010960156497396862
A5103648741,0.0009394712119178635,1.2222947628517788e-05,0.049999256407187914,0.00010959400144349045
A5104433127,0.0009394712119178635,1.2222947628517788e-05,0.049999256407187914,0.00010959400144349045
A5016633616,0.0009394712119178635,1.2222947628517788e-05,0.049999256407187914,0.00010959400144349045
LOCAL_A000105,0.0009394712119178635,1.2222947628517788e-05,0.049999256407187914,0.00010959400144349045
A5061514881,0.0005368406925244934,1.20098588931654e-08,0.033816825496975775,0.00010935691431140424
A5058605077,0.0009394712119178635,4.459711726403079e-06,0.04973966943905922,0.00010924532884196343
A5101695585,0.0009394712119178635,4.459711726403079e-06,0.04973966943905922,0.00010924532884196343
A5113377787,0.0009394712119178635,4.459711726403079e-06,0.04973966943905922,0.00010924532884196343
A5110131349,0.0009394712119178635,4.459711726403079e-06,0.04973966943905922,0.00010924532884196343
A5026404081,0.0009394712119178635,4.459711726403079e-06,0.04973966943905922,0.00010924532884196343
A5065459150,0.0006710508656556167,4.503697084937025e-09,0.043344916632966426,0.00010903941882972105
A5083914774,0.0006710508656556167,4.503697084937025e-09,0.043344916632966426,0.00010903941882972105
A5053992934,0.0006710508656556167,4.503697084937025e-09,0.043344916632966426,0.00010903941882972105
A5047353442,0.0006710508656556167,0.0,0.0015843347267186266,0.00010903354759053094
A5032750590,0.00040263051939337007,7.20591533589924e-09,0.0005058691141096187,0.00010876770875185865
A5113015228,0.00040263051939337007,7.20591533589924e-09,0.0005058691141096187,0.00010876770875185865
A5050840755,0.0006710508656556167,0.0,0.0412218262424876,0.00010871765112936335
A5072109908,0.0006710508656556167,0.0,0.0412218262424876,0.00010871765112936335
A5101914364,0.0006710508656556167,0.0,0.0412218262424876,0.00010871765112936335
A5007077248,0.0006710508656556167,0.0,0.0412218262424876,0.00010871765112936335
A5100692135,0.0006710508656556167,0.0,0.0412218262424876,0.00010871765112936335
A5090696769,0.0005368406925244934,0.0,0.0321349973006853,0.00010871145163697106
A5047214901,0.0005368406925244934,0.0,0.0321349973006853,0.00010871145163697106
A5101585594,0.0005368406925244934,0.0,0.0321349973006853,0.00010871145163697106
A5000897610,0.0005368406925244934,0.0,0.0321349973006853,0.00010871145163697106
A5006375556,0.0012078915581801102,4.5529739907231984e-05,0.04740487967053592,0.00010870726918460613
A5053540902,0.0012078915581801102,4.5529739907231984e-05,0.04740487967053592,0.00010870726918460613
A5006503198,0.0012078915581801102,4.5529739907231984e-05,0.04740487967053592,0.00010870726918460613
A5087849832,0.0012078915581801102,4.5529739907231984e-05,0.04740487967053592,0.00010870726918460613
A5073170321,0.0012078915581801102,4.5529739907231984e-05,0.04740487967053592,0.00010870726918460613
A5049558646,0.0012078915581801102,4.5529739907231984e-05,0.04740487967053592,0.00010870726918460613
A5001907851,0.0012078915581801102,4.5529739907231984e-05,0.04740487967053592,0.00010870726918460613
A5077653271,0.0013421017313112334,0.0007890280281380606,0.05466745754671346,0.00010861874947025259
A5020702633,0.0008052610387867401,0.0,0.0069180501613981095,0.0001085361224631679
A5038709614,0.0008052610387867401,0.0,0.0069180501613981095,0.0001085361224631679
A5058053647,0.0008052610387867401,0.0,0.0069180501613981095,0.0001085361224631679
A5074353408,0.0008052610387867401,0.0,0.0069180501613981095,0.0001085361224631679
A5085914326,0.0008052610387867401,0.0,0.0069180501613981095,0.0001085361224631679
A5079664614,0.0008052610387867401,0.0,0.0069180501613981095,0.0001085361224631679
A5100344338,0.0010736813850489868,1.0208380059190607e-07,0.006990113183912674,0.0001084959113142302
A5022132012,0.0010736813850489868,1.0208380059190607e-07,0.006990113183912674,0.0001084959113142302
A5112893838,0.0010736813850489868,1.0208380059190607e-07,0.006990113183912674,0.0001084959113142302
A5100632122,0.0010736813850489868,1.0208380059190607e-07,0.006990113183912674,0.0001084959113142302
A5023521273,0.0010736813850489868,1.0208380059190607e-07,0.006990113183912674,0.0001084959113142302
A5041017487,0.0010736813850489868,1.0208380059190607e-07,0.006990113183912674,0.0001084959113142302
A5100449436,0.0010736813850489868,1.0208380059190607e-07,0.006990113183912674,0.0001084959113142302
A5003678121,0.0008052610387867401,8.109514243099303e-08,0.03248485412613631,0.00010841138944803739
A5091523962,0.0008052610387867401,8.109514243099303e-08,0.03248485412613631,0.00010841138944803739
A5087016803,0.0008052610387867401,8.109514243099303e-08,0.03248485412613631,0.00010841138944803739
A5047998559,0.0008052610387867401,8.109514243099303e-08,0.03248485412613631,0.00010841138944803739
A5051137028,0.0009394712119178635,4.4950471694367586e-07,0.05212710335348952,0.00010838231669325503
A5125409075,0.0009394712119178635,4.4950471694367586e-07,0.05212710335348952,0.00010838231669325503
A5125402023,0.0009394712119178635,4.4950471694367586e-07,0.05212710335348952,0.00010838231669325503
A5001795239,0.0009394712119178635,4.4950471694367586e-07,0.05212710335348952,0.00010838231669325503
A5120448212,0.0009394712119178635,4.4950471694367586e-07,0.05212710335348952,0.00010838231669325503
A5125404860,0.0009394712119178635,4.4950471694367586e-07,0.05212710335348952,0.00010838231669325503
A5047027947,0.0005368406925244934,0.0,0.0027984248865638483,0.00010832493053888016
A5112855604,0.0005368406925244934,0.0,0.0027984248865638483,0.00010832493053888014
A5025425560,0.0002684203462622467,1.80147883397481e-08,0.0002684203462622467,0.00010819726021462516
A5126290397,0.0009394712119178635,5.903818042633748e-06,0.04931616464347915,0.0001081304017143355
A5126307449,0.0009394712119178635,5.903818042633748e-06,0.04931616464347915,0.0001081304017143355
A5027556039,0.0009394712119178635,5.903818042633748e-06,0.04931616464347915,0.0001081304017143355
A5002522804,0.0009394712119178635,5.903818042633748e-06,0.04931616464347915,0.0001081304017143355
A5126282675,0.0009394712119178635,5.903818042633748e-06,0.04931616464347915,0.0001081304017143355
LOCAL_A000397,0.0009394712119178635,0.0,0.05852121908215008,0.00010811218019081501
LOCAL_A000398,0.0009394712119178635,0.0,0.05852121908215008,0.00010811218019081501
A5101299685,0.0009394712119178635,0.0,0.05852121908215008,0.00010811218019081501
A5109679550,0.0009394712119178635,0.0,0.05852121908215008,0.00010811218019081501
A5090836028,0.0009394712119178635,0.0,0.05852121908215008,0.00010811218019081501
A5045306957,0.0006710508656556167,1.80147883397481e-08,0.044692579900698415,0.00010810221536560548
A5102762185,0.0006710508656556167,1.80147883397481e-08,0.044692579900698415,0.00010810221536560548
A5073305924,0.0005368406925244934,2.702218250962215e-08,0.0005592090547130139,0.00010802747282464666
A5053616239,0.0005368406925244934,2.702218250962215e-08,0.0005592090547130139,0.00010802747282464666
A5015170656,0.0005368406925244934,2.702218250962215e-08,0.0005592090547130139,0.00010802747282464664
A5110671529,0.0005368406925244934,2.702218250962215e-08,0.0005592090547130139,0.00010802747282464664
A5101860187,0.0016105220775734803,2.608424186078296e-06,0.056725032521107284,0.00010798744172121465
A5067909189,0.0002684203462622467,1.80147883397481e-08,0.0002684203462622467,0.0001078890925818511
A5015134079,0.0002684203462622467,1.80147883397481e-08,0.0002684203462622467,0.0001078890925818511
A5092241114,0.00040263051939337007,1.20098588931654e-08,0.0004793220468968691,0.0001078071419784692
A5054841477,0.00040263051939337007,1.20098588931654e-08,0.0004793220468968691,0.0001078071419784692
A5068433944,0.0010736813850489868,5.702971738369561e-06,0.06101744211526138,0.00010765795954432772
A5019098023,0.0010736813850489868,5.702971738369561e-06,0.06101744211526138,0.00010765795954432772
A5024813208,0.0010736813850489868,5.702971738369561e-06,0.06101744211526138,0.00010765795954432769
A5072884424,0.0010736813850489868,5.702971738369561e-06,0.06101744211526138,0.00010765795954432769
A5042739922,0.0010736813850489868,5.702971738369561e-06,0.06101744211526138,0.00010765795954432769
A5110917966,0.0010736813850489868,5.702971738369561e-06,0.06101744211526138,0.00010765795954432769
A5075749159,0.0013421017313112334,5.372610332918551e-06,0.04739473850470631,0.00010763540726931606
A5075548304,0.0013421017313112334,5.372610332918551e-06,0.04739473850470631,0.00010763540726931606
A5061433803,0.0013421017313112334,5.372610332918551e-06,0.04739473850470631,0.00010763540726931606
A5083849701,0.0013421017313112334,5.372610332918551e-06,0.04739473850470631,0.00010763540726931606
A5018056862,0.0013421017313112334,5.372610332918551e-06,0.04739473850470631,0.00010763540726931606
A5001139341,0.0002684203462622467,0.0,0.0003578937950163289,0.00010760801091977781
A5018388816,0.0002684203462622467,0.0,0.0003578937950163289,0.00010760801091977781
LOCAL_A000404,0.0008052610387867401,0.0,0.052652059922820904,0.0001075796545924178
A5126812074,0.0029526238088847137,7.902810315635866e-07,0.013727152416887378,0.0001075739910051109
A5126849722,0.0029526238088847137,7.902810315635866e-07,0.013727152416887378,0.0001075739910051109
A5086914152,0.0029526238088847137,7.902810315635866e-07,0.013727152416887378,0.0001075739910051109
A5126852895,0.0029526238088847137,7.902810315635866e-07,0.013727152416887378,0.0001075739910051109
A5024588356,0.0029526238088847137,7.902810315635866e-07,0.013727152416887378,0.0001075739910051109
A5126837277,0.0029526238088847137,7.902810315635866e-07,0.013727152416887378,0.0001075739910051109
A5126835975,0.0029526238088847137,7.902810315635866e-07,0.013727152416887378,0.0001075739910051109
A5126799033,0.0029526238088847137,7.902810315635866e-07,0.013727152416887378,0.0001075739910051109
A5005283925,0.0029526238088847137,7.902810315635866e-07,0.013727152416887378,0.0001075739910051109
A5126791070,0.0029526238088847137,7.902810315635866e-07,0.013727152416887378,0.0001075739910051109
A5126824066,0.0029526238088847137,7.902810315635866e-07,0.013727152416887378,0.0001075739910051109
A5126833535,0.0029526238088847137,7.902810315635866e-07,0.013727152416887378,0.0001075739910051109
A5019567462,0.0029526238088847137,7.902810315635866e-07,0.013727152416887378,0.0001075739910051109
A5006458816,0.0014763119044423568,2.8300157961588522e-05,0.05131216933852514,0.0001075350237504329
A5016346715,0.0014763119044423568,2.8300157961588522e-05,0.05131216933852514,0.0001075350237504329
A5008819672,0.0014763119044423568,2.8300157961588522e-05,0.05131216933852514,0.0001075350237504329
A5088052580,0.0008052610387867401,0.0,0.047371936738172804,0.00010747480163307295
A5010674359,0.0008052610387867401,0.0,0.047371936738172804,0.00010747480163307295
A5112402325,0.0008052610387867401,0.0,0.047371936738172804,0.00010747480163307295
A5007187694,0.0008052610387867401,0.0,0.047371936738172804,0.00010747480163307295
LOCAL_A000007,0.0008052610387867401,0.0,0.047371936738172804,0.00010747480163307295
A5014715890,0.0009394712119178635,0.00010915889425056939,0.04555644881434256,0.00010747374271264024
A5022284216,0.0006710508656556167,0.0,0.0462700337063568,0.00010739726457237184
A5019911546,0.0006710508656556167,0.0,0.0462700337063568,0.00010739726457237184
A5067149669,0.0006710508656556167,0.0,0.0462700337063568,0.00010739726457237184
A5082263577,0.0006710508656556167,0.0,0.0462700337063568,0.00010739726457237184
A5010890291,0.0006710508656556167,0.0,0.0462700337063568,0.00010739726457237184
A5085948144,0.0005368406925244934,0.0,0.04318649223006816,0.0001073729295451613
A5020410686,0.0005368406925244934,0.0,0.04318649223006816,0.0001073729295451613
A5074567656,0.0005368406925244934,0.0,0.04318649223006816,0.0001073729295451613
A5031178621,0.0005368406925244934,0.0,0.04318649223006816,0.0001073729295451613
A5068073864,0.0005368406925244934,5.883930118233312e-05,0.03711000086101334,0.00010727349140869302
A5016330319,0.0005368406925244934,5.883930118233312e-05,0.03711000086101334,0.00010727349140869302
A5101966424,0.0013421017313112334,0.00020970657957743836,0.05212250444424177,0.00010709111100519177
A5035799063,0.00040263051939337007,0.0,0.0014121244303361672,0.00010708712005262028
A5117543448,0.0006710508656556167,0.0,0.038462134960656175,0.00010674666197304348
A5117543447,0.0006710508656556167,0.0,0.038462134960656175,0.00010674666197304348
A5117543445,0.0006710508656556167,0.0,0.038462134960656175,0.00010674666197304348
A5117543446,0.0006710508656556167,0.0,0.038462134960656175,0.00010674666197304348
A5117543444,0.0006710508656556167,0.0,0.038462134960656175,0.00010674666197304348
A5101236199,0.0008052610387867401,3.60295766794962e-09,0.03496909559470438,0.00010670532891699056
A5109632243,0.0008052610387867401,3.60295766794962e-09,0.03496909559470438,0.00010670532891699056
A5102547534,0.0008052610387867401,3.60295766794962e-09,0.03496909559470438,0.00010670532891699056
A5115566123,0.0005368406925244934,5.147082382785171e-09,0.00107740944541374,0.00010666113805370996
A5100610737,0.0005368406925244934,5.147082382785171e-09,0.00107740944541374,0.00010666113805370996
A5009671191,0.0005368406925244934,4.503697084937025e-09,0.0007157875900326578,0.00010644588085996335
A5101258839,0.0005368406925244934,4.503697084937025e-09,0.0007157875900326578,0.00010644588085996335
A5104187193,0.0005368406925244934,4.503697084937025e-09,0.0007157875900326578,0.00010644588085996335
A5037126039,0.0005368406925244934,4.503697084937025e-09,0.0007157875900326578,0.00010644588085996335
A5026652437,0.0005368406925244934,4.503697084937025e-09,0.0007157875900326578,0.00010644588085996335
A5135500547,0.0005368406925244934,4.503697084937025e-09,0.0007157875900326578,0.00010644588085996335
A5114010145,0.0006710508656556167,2.7715058984227845e-09,0.0011437040840739207,0.00010642856542200489
A5090904750,0.0006710508656556167,2.7715058984227845e-09,0.0011437040840739207,0.00010642856542200489
A5079183565,0.0006710508656556167,2.7715058984227845e-09,0.0011437040840739207,0.00010642856542200489
A5010203621,0.0006710508656556167,2.7715058984227845e-09,0.0011437040840739207,0.00010642856542200489
A5041231861,0.00040263051939337007,0.0,0.04681512034448869,0.00010638807993014834
A5129723596,0.00040263051939337007,0.0,0.04681512034448869,0.00010638807993014834
A5129722229,0.00040263051939337007,0.0,0.04681512034448869,0.00010638807993014834
A5101038118,0.0006710508656556167,0.0,0.052808939905905405,0.00010636149552947376
A5085454704,0.0006710508656556167,3.1727130515731316e-05,0.03805173346047484,0.00010630509085729058
A5010730262,0.0006710508656556167,3.1727130515731316e-05,0.03805173346047484,0.00010630509085729058
A5017339857,0.0006710508656556167,3.1727130515731316e-05,0.03805173346047484,0.00010630509085729058
A5055323888,0.0006710508656556167,3.1727130515731316e-05,0.03805173346047484,0.00010630509085729058
A5068412234,0.0006710508656556167,3.1727130515731316e-05,0.03805173346047484,0.00010630509085729058
A5054722451,0.0006710508656556167,3.1727130515731316e-05,0.03805173346047484,0.00010630509085729058
A5017407091,0.0005368406925244934,0.0,0.0011064155736175535,0.00010629083468533554
A5012259174,0.0005368406925244934,0.0,0.0011064155736175535,0.00010629083468533554
A5047100737,0.0005368406925244934,0.0,0.0011064155736175535,0.00010629083468533554
A5011543714,0.0005368406925244934,0.0,0.0011064155736175535,0.00010629083468533554
A5064915286,0.0014763119044423568,5.269666019583536e-05,0.05830943680490845,0.0001062483091146052
LOCAL_A000605,0.0014763119044423568,5.269666019583536e-05,0.05830943680490845,0.0001062483091146052
A5111309295,0.0014763119044423568,5.269666019583536e-05,0.05830943680490845,0.0001062483091146052
A5088418938,0.0014763119044423568,5.269666019583536e-05,0.05830943680490845,0.0001062483091146052
A5009658681,0.0012078915581801102,0.00014418306343669767,0.053711547400509034,0.00010619732941745633
A5042273592,0.0012078915581801102,0.00014418306343669767,0.053711547400509034,0.00010619732941745633
A5005987402,0.0012078915581801102,0.00014418306343669767,0.053711547400509034,0.00010619732941745633
A5060864160,0.0012078915581801102,0.00014418306343669767,0.053711547400509034,0.00010619732941745633
A5059892810,0.0008052610387867401,0.0,0.0030730366744976837,0.00010603888503872005
A5010307491,0.0008052610387867401,0.0,0.0030730366744976837,0.00010603888503872005
A5012355715,0.0008052610387867401,0.0,0.0030730366744976837,0.00010603888503872005
A5029178928,0.0008052610387867401,0.0,0.0030730366744976837,0.00010603888503872005
A5075072315,0.0008052610387867401,0.0,0.0030730366744976837,0.00010603888503872005
A5084022579,0.0008052610387867401,0.0,0.0030730366744976837,0.00010603888503872005
A5001365679,0.0005368406925244934,2.001643148860898e-07,0.0021920994944750146,0.00010597270730321794
A5066381765,0.0005368406925244934,2.001643148860898e-07,0.0021920994944750146,0.00010597270730321794
A5053330063,0.0005368406925244934,2.001643148860898e-07,0.0021920994944750146,0.00010597270730321794
A5026319239,0.0009394712119178635,4.3035327700509354e-07,0.0035936057286475647,0.00010594508793967247
A5023751804,0.0002684203462622467,0.0,0.029975200262515173,0.00010590628704140848
A5063243962,0.0002684203462622467,0.0,0.029975200262515173,0.00010590628704140848
A5043214194,0.00040263051939337007,9.00739416987405e-09,0.03508678071667255,0.00010560047050722367
A5107581936,0.00040263051939337007,9.00739416987405e-09,0.03508678071667255,0.00010560047050722367
A5049076609,0.00040263051939337007,0.0,0.0011847518731575026,0.00010546886068211998
A5002233700,0.00040263051939337007,0.0,0.0011847518731575026,0.00010546886068211998
A5038884691,0.00040263051939337007,0.0,0.0011847518731575026,0.00010546886068211998
A5088916464,0.00040263051939337007,0.0,0.0011847518731575026,0.00010546886068211998
A5008300007,0.00040263051939337007,0.0,0.0011847518731575026,0.00010546886068211998
A5063525316,0.00040263051939337007,0.0,0.0011847518731575026,0.00010546886068211998
A5133317571,0.00040263051939337007,0.0,0.0011847518731575026,0.00010546886068211998
A5089611382,0.00040263051939337007,0.0,0.0011847518731575026,0.00010546886068211998
A5133376077,0.00040263051939337007,0.0,0.0011847518731575026,0.00010546886068211998
A5117938566,0.0005368406925244934,0.0,0.001175355758633171,0.00010541384097570734
A5113627912,0.0005368406925244934,0.0,0.001175355758633171,0.00010541384097570734
A5108186826,0.0005368406925244934,0.0,0.001175355758633171,0.00010541384097570734
A5021440982,0.0013421017313112334,0.0003539164313016427,0.048770634851049696,0.00010540821038484185
A5111112361,0.0013421017313112334,0.0003539164313016427,0.048770634851049696,0.00010540821038484185
A5077509813,0.0013421017313112334,0.0003539164313016427,0.048770634851049696,0.00010540821038484185
A5092080606,0.0013421017313112334,0.0003539164313016427,0.048770634851049696,0.00010540821038484185
A5029912738,0.0006710508656556167,0.0,0.03438097497860366,0.00010519877344189563
A5029307415,0.0006710508656556167,0.0,0.03438097497860366,0.00010519877344189563
A5086776390,0.0006710508656556167,0.0,0.03438097497860366,0.00010519877344189563
A5056246280,0.0006710508656556167,0.0,0.03438097497860366,0.00010519877344189563
A5101609050,0.0006710508656556167,0.0,0.03438097497860366,0.00010519877344189563
A5089681202,0.0028184136357535905,2.4581306362040502e-06,0.013322420650296101,0.0001051885016294334
LOCAL_A000431,0.0010736813850489868,2.5735411913925854e-09,0.05672321708769113,0.00010503216788380391
A5053044038,0.0010736813850489868,2.5735411913925854e-09,0.05672321708769113,0.00010503216788380391
A5066979288,0.0010736813850489868,2.5735411913925854e-09,0.05672321708769113,0.00010503216788380391
A5057393450,0.0010736813850489868,2.5735411913925854e-09,0.05672321708769113,0.00010503216788380391
A5104139448,0.0010736813850489868,2.5735411913925854e-09,0.05672321708769113,0.00010503216788380391
LOCAL_A000430,0.0010736813850489868,2.5735411913925854e-09,0.05672321708769113,0.00010503216788380391
A5032288237,0.0008052610387867401,4.323549201539545e-08,0.0013421017313112334,0.00010500008935305412
A5113563018,0.0008052610387867401,4.323549201539545e-08,0.0013421017313112334,0.00010500008935305412
A5077593563,0.0006710508656556167,0.00016296077449978692,0.04469934279392694,0.00010490671669862955
A5054287799,0.0006710508656556167,0.00016296077449978692,0.04469934279392694,0.00010490671669862955
A5011444388,0.0009394712119178635,0.00034105207354328626,0.04754221140348705,0.00010471055379012996
A5102388480,0.0009394712119178635,0.00034105207354328626,0.04754221140348705,0.00010471055379012996
A5050217515,0.0009394712119178635,0.00034105207354328626,0.04754221140348705,0.00010471055379012996
A5081626037,0.0008052610387867401,3.307990254474624e-07,0.045555277878013604,0.00010468391400085121
A5117527759,0.0012078915581801102,9.502537475118586e-09,0.04626037222671149,0.00010467776968451126
A5112631868,0.0012078915581801102,9.502537475118586e-09,0.04626037222671149,0.00010467776968451126
LOCAL_A000637,0.0012078915581801102,9.502537475118586e-09,0.04626037222671149,0.00010467776968451126
LOCAL_A000638,0.0012078915581801102,9.502537475118586e-09,0.04626037222671149,0.00010467776968451126
A5017672291,0.0012078915581801102,9.502537475118586e-09,0.04626037222671149,0.00010467776968451126
A5045070026,0.0012078915581801102,9.502537475118586e-09,0.04626037222671149,0.00010467776968451126
LOCAL_A000059,0.00040263051939337007,0.0,0.03737213792560879,0.00010467486797064655
LOCAL_A000060,0.00040263051939337007,0.0,0.03737213792560879,0.00010467486797064655
A5080272177,0.00040263051939337007,0.0,0.03737213792560879,0.00010467486797064655
A5102780199,0.0006710508656556167,2.133594330605327e-08,0.039852801500281004,0.00010462529429108047
A5049415464,0.0006710508656556167,2.133594330605327e-08,0.039852801500281004,0.00010462529429108047
A5027163198,0.0006710508656556167,2.133594330605327e-08,0.039852801500281004,0.00010462529429108047
A5011794101,0.0005368406925244934,4.2034506126078896e-08,0.0005368406925244934,0.0001046150281877484
A5102376855,0.0005368406925244934,4.2034506126078896e-08,0.0005368406925244934,0.0001046150281877484
A5096362209,0.0009394712119178635,1.9893194933339812e-05,0.05202611445451602,0.00010457889395390442
A5111072575,0.0009394712119178635,1.9893194933339812e-05,0.05202611445451602,0.00010457889395390442
A5035438749,0.0009394712119178635,1.9893194933339812e-05,0.05202611445451602,0.00010457889395390442
A5123217918,0.0008052610387867401,3.00246472329135e-09,0.05061032670251277,0.00010451589412825991
A5123198465,0.0008052610387867401,3.00246472329135e-09,0.05061032670251277,0.00010451589412825991
A5092525310,0.0008052610387867401,3.00246472329135e-09,0.05061032670251277,0.00010451589412825991
A5123199436,0.0008052610387867401,3.00246472329135e-09,0.05061032670251277,0.00010451589412825991
A5112751609,0.0008052610387867401,3.00246472329135e-09,0.05061032670251277,0.00010451589412825991
A5059615758,0.0002684203462622467,0.0,0.001345829791675987,0.00010432775303074418
A5123569809,0.0009394712119178635,5.903818042633748e-06,0.05216545918065685,0.00010422228238235736
A5103059530,0.0009394712119178635,5.903818042633748e-06,0.05216545918065685,0.00010422228238235736
A5101199251,0.0009394712119178635,5.903818042633748e-06,0.05216545918065685,0.00010422228238235736
A5041924362,0.0009394712119178635,5.903818042633748e-06,0.05216545918065685,0.00010422228238235736
A5092528512,0.0002684203462622467,0.0011754649391685634,0.029915498786787245,0.0001041790727535974
A5054399289,0.0002684203462622467,0.0,0.0007381559522211783,0.00010415800248681921
A5029188808,0.0013421017313112334,1.2271525425575808e-05,0.05247434986742057,0.00010414657022213091
A5073331310,0.0013421017313112334,1.2271525425575808e-05,0.05247434986742057,0.00010414657022213091
A5043664908,0.0013421017313112334,1.2271525425575808e-05,0.05247434986742057,0.00010414657022213091
A5111200579,0.0013421017313112334,1.2271525425575808e-05,0.05247434986742057,0.00010414657022213091
A5109718495,0.0013421017313112334,1.2271525425575808e-05,0.05247434986742057,0.00010414657022213091
A5000632223,0.0013421017313112334,1.2271525425575808e-05,0.05247434986742057,0.00010414657022213091
A5050585586,0.0013421017313112334,1.2271525425575808e-05,0.05247434986742057,0.00010414657022213091
A5075515533,0.0013421017313112334,1.2271525425575808e-05,0.05247434986742057,0.00010414657022213091
LOCAL_A000627,0.0005368406925244934,0.0,0.033335972334756464,0.00010411224014552216
A5065578580,0.0005368406925244934,0.0,0.033335972334756464,0.00010411224014552216
LOCAL_A000628,0.0005368406925244934,0.0,0.033335972334756464,0.00010411224014552216
LOCAL_A000626,0.0005368406925244934,0.0,0.033335972334756464,0.00010411224014552216
A5078079634,0.0005368406925244934,7.20591533589924e-09,0.03918579794653984,0.00010405846152939413
A5025713091,0.0005368406925244934,7.20591533589924e-09,0.03918579794653984,0.00010405846152939413
A5101108089,0.003086833982015837,4.809007196520632e-07,0.013388210381902504,0.00010402252749526535
A5007792819,0.003086833982015837,4.809007196520632e-07,0.013388210381902504,0.00010402252749526535
A5073109221,0.003086833982015837,4.809007196520632e-07,0.013388210381902504,0.00010402252749526535
A5070837537,0.003086833982015837,4.809007196520632e-07,0.013388210381902504,0.00010402252749526535
A5049716230,0.003086833982015837,4.809007196520632e-07,0.013388210381902504,0.00010402252749526535
A5051486060,0.003086833982015837,4.809007196520632e-07,0.013388210381902504,0.00010402252749526535
A5006218473,0.003086833982015837,4.809007196520632e-07,0.013388210381902504,0.00010402252749526535
A5089071501,0.003086833982015837,4.809007196520632e-07,0.013388210381902504,0.00010402252749526535
A5113393298,0.003086833982015837,4.809007196520632e-07,0.013388210381902504,0.00010402252749526535
A5111334653,0.003086833982015837,4.809007196520632e-07,0.013388210381902504,0.00010402252749526535
A5046738686,0.003086833982015837,4.809007196520632e-07,0.013388210381902504,0.00010402252749526535
A5088917647,0.003086833982015837,4.809007196520632e-07,0.013388210381902504,0.00010402252749526535
A5110281713,0.0006710508656556167,0.0,0.05235808812507746,0.00010400936977604633
A5012959918,0.0006710508656556167,0.0,0.05235808812507746,0.00010400936977604633
A5113850859,0.0006710508656556167,0.0,0.05235808812507746,0.00010400936977604633
A5076831599,0.0006710508656556167,0.0,0.05235808812507746,0.00010400936977604633
A5091397923,0.0006710508656556167,0.0,0.05235808812507746,0.00010400936977604633
A5102650285,0.0009394712119178635,4.26075318659824e-06,0.055207252713742744,0.00010387162551271187
A5091522531,0.0009394712119178635,8.088675009887734e-05,0.04134780452868301,0.00010381988629905143
A5009757136,0.0005368406925244934,8.364008872025902e-08,0.0020878832615512256,0.0001037681741877221
A5052029634,0.0005368406925244934,8.364008872025902e-08,0.0020878832615512256,0.0001037681741877221
A5124377472,0.0006710508656556167,1.5132422205388405e-07,0.05134784718028789,0.00010364833713607087
A5124364946,0.0006710508656556167,1.5132422205388405e-07,0.05134784718028789,0.00010364833713607087
A5124393123,0.0006710508656556167,1.5132422205388405e-07,0.05134784718028789,0.00010364833713607087
A5124453177,0.0006710508656556167,1.5132422205388405e-07,0.05134784718028789,0.00010364833713607087
A5103213810,0.0008052610387867401,1.4656569789628542e-05,0.050697186530949574,0.00010364827498340244
A5016501138,0.0008052610387867401,1.4656569789628542e-05,0.050697186530949574,0.00010364827498340244
A5117603944,0.0005368406925244934,0.0,0.03297255299466071,0.00010361625149382856
LOCAL_A000442,0.0005368406925244934,0.0,0.03297255299466071,0.00010361625149382856
LOCAL_A000441,0.0005368406925244934,0.0,0.03297255299466071,0.00010361625149382856
A5039918314,0.00040263051939337007,0.0,0.044659921411127276,0.0001035607761307465
A5034342997,0.0009394712119178635,5.778271833317354e-06,0.052305552342393306,0.00010348782864224158
A5031297358,0.0009394712119178635,5.778271833317354e-06,0.052305552342393306,0.00010348782864224158
A5055532716,0.0009394712119178635,5.778271833317354e-06,0.052305552342393306,0.00010348782864224158
A5113009765,0.0009394712119178635,5.778271833317354e-06,0.052305552342393306,0.00010348782864224158
A5102537963,0.00040263051939337007,0.0,0.03631020325170035,0.00010330296003075256
A5053364755,0.0008052610387867401,3.116079070859427e-05,0.038472153533221844,0.00010330216675805105
A5023462796,0.0008052610387867401,3.116079070859427e-05,0.038472153533221844,0.00010330216675805105
A5026382468,0.0008052610387867401,3.116079070859427e-05,0.038472153533221844,0.00010330216675805105
A5084819749,0.0008052610387867401,3.116079070859427e-05,0.038472153533221844,0.00010330216675805105
A5085127149,0.0008052610387867401,3.116079070859427e-05,0.038472153533221844,0.00010330216675805105
A5002151461,0.00040263051939337007,0.0,0.0008547068920455749,0.00010321852747127987
A5124951340,0.00040263051939337007,0.0,0.0008547068920455749,0.00010321852747127987
A5109917542,0.00040263051939337007,0.0,0.0008547068920455749,0.00010321852747127987
A5078701490,0.0008052610387867401,5.794211013275343e-07,0.002104415514696014,0.00010321392359712383
A5021210951,0.0014763119044423568,0.002606299867093086,0.05474851391968607,0.0001031388421295628
A5101024767,0.0005368406925244934,0.0,0.002023476456438475,0.00010306673433084065
A5025880905,0.0005368406925244934,0.0,0.002023476456438475,0.00010306673433084065
A5034129399,0.0005368406925244934,0.0,0.002023476456438475,0.00010306673433084065
A5032689906,0.0005368406925244934,0.0,0.002023476456438475,0.00010306673433084065
A5000600923,0.00040263051939337007,0.0,0.0011929793167210962,0.00010303685268062059
A5059748553,0.00040263051939337007,0.00013089545207660967,0.048133551711531074,0.00010294247389183313
A5027303758,0.00040263051939337007,0.0,0.037590906299645746,0.0001029064023907355
A5111269850,0.00040263051939337007,0.0,0.037590906299645746,0.0001029064023907355
A5072465650,0.00040263051939337007,0.0,0.037590906299645746,0.0001029064023907355
A5073742421,0.0013421017313112334,0.0001225524469253815,0.053594606626005355,0.00010270010904922544
A5114202432,0.0013421017313112334,0.0001225524469253815,0.053594606626005355,0.00010270010904922544
A5093585054,0.0013421017313112334,0.0001225524469253815,0.053594606626005355,0.00010270010904922544
A5112515358,0.0016105220775734803,3.029700971299027e-06,0.05673956017293585,0.0001026510760777472
LOCAL_A000066,0.0008052610387867401,6.311323822869049e-07,0.002701966573772174,0.00010261751795079344
A5036074751,0.0006710508656556167,0.0,0.05264424038738222,0.00010260804995094664
A5002732389,0.0012078915581801102,2.294269240614191e-08,0.04658869282448801,0.00010260583110785186
A5083864523,0.0012078915581801102,2.294269240614191e-08,0.04658869282448801,0.00010260583110785186
LOCAL_A000671,0.0012078915581801102,2.294269240614191e-08,0.04658869282448801,0.00010260583110785186
A5012179893,0.0012078915581801102,2.294269240614191e-08,0.04658869282448801,0.00010260583110785186
A5103588120,0.0012078915581801102,2.294269240614191e-08,0.04658869282448801,0.00010260583110785186
A5109333181,0.0012078915581801102,2.294269240614191e-08,0.04658869282448801,0.00010260583110785186
A5076796223,0.0012078915581801102,2.294269240614191e-08,0.04658869282448801,0.00010260583110785186
LOCAL_A000600,0.0005368406925244934,1.20098588931654e-08,0.05343303108598122,0.00010258258176842303
A5054990885,0.0009394712119178635,5.878563018493934e-05,0.04925312327697644,0.00010255252090773131
A5104635098,0.00040263051939337007,2.1617746007697723e-08,0.000597845316675004,0.000102509655333918
A5002689322,0.00040263051939337007,2.1617746007697723e-08,0.000597845316675004,0.000102509655333918
A5101583696,0.00040263051939337007,2.1617746007697723e-08,0.000597845316675004,0.000102509655333918
A5077395669,0.00040263051939337007,2.1617746007697723e-08,0.000597845316675004,0.000102509655333918
A5081459010,0.0006710508656556167,5.40443650192443e-08,0.0006902237475314915,0.0001023366823849053
A5046932726,0.0006710508656556167,5.40443650192443e-08,0.0006902237475314915,0.0001023366823849053
A5084615254,0.0012078915581801102,0.0024640699840442755,0.05635349086267518,0.00010227101678031241
A5063263505,0.0005368406925244934,6.0049294465827e-09,0.04470385252659715,0.00010216296851338284
A5047569226,0.00040263051939337007,1.8014788339748096e-08,0.0006607270061839919,0.000102149153957956
A5066204594,0.00040263051939337007,1.8014788339748096e-08,0.0006607270061839919,0.000102149153957956
A5075020324,0.0009394712119178635,5.661208371925364e-07,0.0551505629374863,0.00010212390685072128
A5092718174,0.0006710508656556167,6.588013944803125e-05,0.03847131845283258,0.00010212136471807708
A5015523916,0.0006710508656556167,4.258040880304095e-08,0.002063152465388249,0.000102072603739868
A5016854536,0.0006710508656556167,4.258040880304095e-08,0.002063152465388249,0.000102072603739868
A5066814201,0.0006710508656556167,4.258040880304095e-08,0.002063152465388249,0.000102072603739868
A5033343758,0.0006710508656556167,4.258040880304095e-08,0.002063152465388249,0.000102072603739868
A5005871776,0.0002684203462622467,0.0,0.00041940679103476047,0.0001020245516680862
A5035085724,0.0002684203462622467,0.0,0.00041940679103476047,0.0001020245516680862
A5044103447,0.0002684203462622467,0.0,0.00041940679103476047,0.0001020245516680862
A5013750406,0.0002684203462622467,0.0,0.00041940679103476047,0.0001020245516680862
A5128356792,0.0008052610387867401,0.0,0.054996544547180844,0.00010200372177612683
A5128359839,0.0008052610387867401,0.0,0.054996544547180844,0.00010200372177612683
A5128349832,0.0008052610387867401,0.0,0.054996544547180844,0.00010200372177612683
A5123684279,0.0008052610387867401,0.0,0.054996544547180844,0.00010200372177612683
A5012079766,0.0008052610387867401,0.0,0.054996544547180844,0.00010200372177612683
A5128343243,0.0008052610387867401,0.0,0.054996544547180844,0.00010200372177612683
A5013224610,0.00040263051939337007,1.4772126438593442e-06,0.0014763119044423566,0.0001017502096528063
A5111281452,0.0006710508656556167,0.00036264284537970416,0.06256172400713016,0.00010171682222540271
A5005819709,0.0017447322507046035,1.4466514906083855e-07,0.003637885163460096,0.0001017120305596252
A5072452119,0.0017447322507046035,1.4466514906083855e-07,0.003637885163460096,0.0001017120305596252
A5028344237,0.0017447322507046035,1.4466514906083855e-07,0.003637885163460096,0.0001017120305596252
A5025281969,0.0017447322507046035,1.4466514906083855e-07,0.003637885163460096,0.0001017120305596252
A5055726223,0.0017447322507046035,1.4466514906083855e-07,0.003637885163460096,0.0001017120305596252
A5003502568,0.0017447322507046035,1.4466514906083855e-07,0.003637885163460096,0.0001017120305596252
A5001507533,0.0017447322507046035,1.4466514906083855e-07,0.003637885163460096,0.0001017120305596252
A5019007060,0.0017447322507046035,1.4466514906083855e-07,0.003637885163460096,0.0001017120305596252
A5101590309,0.0013421017313112334,0.00015650180021204387,0.05440901430919408,0.00010155594641978469
A5102017380,0.0013421017313112334,0.00015650180021204387,0.05440901430919408,0.00010155594641978469
A5061934686,0.0013421017313112334,0.00015650180021204387,0.05440901430919408,0.00010155594641978469
A5032941002,0.0013421017313112334,4.5653546640509955e-05,0.05384371726226561,0.00010145710609776596
A5056827171,0.0005368406925244934,0.0007655160879426173,0.04660584399069124,0.00010126124042361212
A5069928094,0.0005368406925244934,0.0007655160879426173,0.04660584399069124,0.00010126124042361212
A5101353641,0.0010736813850489868,2.1193868634997765e-09,0.06115851073574869,0.00010112872047625567
A5102804265,0.0010736813850489868,2.1193868634997765e-09,0.06115851073574869,0.00010112872047625567
A5103884475,0.0010736813850489868,2.1193868634997765e-09,0.06115851073574869,0.00010112872047625567
A5042395512,0.0010736813850489868,2.1193868634997765e-09,0.06115851073574869,0.00010112872047625567
A5085832671,0.0010736813850489868,2.1193868634997765e-09,0.06115851073574869,0.00010112872047625567
A5019323166,0.0002684203462622467,1.441183067179848e-07,0.000483156623272044,0.00010110289840692096
A5104346383,0.0009394712119178635,2.585914515466098e-05,0.054337287421730246,0.00010109645058321403
A5068838532,0.0009394712119178635,2.585914515466098e-05,0.054337287421730246,0.00010109645058321403
A5074219943,0.0009394712119178635,2.585914515466098e-05,0.054337287421730246,0.00010109645058321403
A5113709518,0.0009394712119178635,2.585914515466098e-05,0.054337287421730246,0.00010109645058321403
A5101868875,0.0010736813850489868,9.007394169874048e-08,0.0011184181094260278,0.00010108751849604236
A5030678711,0.0010736813850489868,9.007394169874048e-08,0.0011184181094260278,0.00010108751849604236
A5102666774,0.0010736813850489868,9.007394169874048e-08,0.0011184181094260278,0.00010108751849604236
A5067890490,0.0006710508656556167,0.0,0.03264821487873703,0.0001010864636652747
A5071311283,0.0006710508656556167,0.0,0.03264821487873703,0.0001010864636652747
A5003092345,0.0006710508656556167,0.0,0.03264821487873703,0.0001010864636652747
A5062801799,0.0006710508656556167,0.0,0.03264821487873703,0.0001010864636652747
A5111151930,0.0006710508656556167,0.0003739245546668856,0.04259796767664088,0.00010101059546334731
A5066816551,0.0009394712119178635,1.138221577723896e-06,0.044417052380071605,0.00010078262018475958
A5049257114,0.0009394712119178635,1.138221577723896e-06,0.044417052380071605,0.00010078262018475958
A5036024169,0.0009394712119178635,1.138221577723896e-06,0.044417052380071605,0.00010078262018475958
A5010532815,0.0009394712119178635,1.138221577723896e-06,0.044417052380071605,0.00010078262018475958
A5074534697,0.0009394712119178635,1.138221577723896e-06,0.044417052380071605,0.00010078262018475958
A5059729965,0.0009394712119178635,1.138221577723896e-06,0.044417052380071605,0.00010078262018475958
A5101289672,0.0006710508656556167,4.8748017247358355e-05,0.03478379795741251,0.0001007732991668908
A5101289673,0.0006710508656556167,4.8748017247358355e-05,0.03478379795741251,0.0001007732991668908
A5108892405,0.0006710508656556167,4.8748017247358355e-05,0.03478379795741251,0.0001007732991668908
A5113091446,0.0006710508656556167,4.8748017247358355e-05,0.03478379795741251,0.0001007732991668908
A5101990554,0.0017447322507046035,2.267325181641354e-07,0.003637885163460096,0.00010076194510136053
A5057481424,0.0017447322507046035,2.267325181641354e-07,0.003637885163460096,0.00010076194510136053
A5026380019,0.0017447322507046035,2.267325181641354e-07,0.003637885163460096,0.00010076194510136053
A5006585321,0.0017447322507046035,2.267325181641354e-07,0.003637885163460096,0.00010076194510136053
A5006515236,0.0017447322507046035,2.267325181641354e-07,0.003637885163460096,0.00010076194510136053
A5034192580,0.0017447322507046035,2.267325181641354e-07,0.003637885163460096,0.00010076194510136053
A5086283782,0.0017447322507046035,2.267325181641354e-07,0.003637885163460096,0.00010076194510136053
A5072396416,0.0010736813850489868,1.1067864630287912e-05,0.05172699162742229,0.00010064750418443011
A5082881241,0.0010736813850489868,1.1067864630287912e-05,0.05172699162742229,0.00010064750418443011
A5033799057,0.0010736813850489868,1.1067864630287912e-05,0.05172699162742229,0.00010064750418443011
A5044748360,0.0010736813850489868,1.1067864630287912e-05,0.05172699162742229,0.00010064750418443011
A5085674671,0.0010736813850489868,1.1067864630287912e-05,0.05172699162742229,0.00010064750418443011
A5100645455,0.0010736813850489868,1.1067864630287912e-05,0.05172699162742229,0.00010064750418443011
A5080090568,0.0010736813850489868,1.1067864630287912e-05,0.05172699162742229,0.00010064750418443011
A5073290826,0.0005368406925244934,0.0,0.0013765145962166495,0.00010058013509537062
A5111034568,0.0005368406925244934,0.0,0.0013765145962166495,0.00010058013509537062
A5007523071,0.0005368406925244934,0.0,0.0013765145962166495,0.00010058013509537062
A5059979748,0.0014763119044423568,1.2376793320539387e-05,0.05289878051401275,0.00010048534888539042
LOCAL_A000645,0.0014763119044423568,1.2376793320539387e-05,0.05289878051401275,0.0001004853488853904
A5089656800,0.0014763119044423568,1.2376793320539387e-05,0.05289878051401275,0.0001004853488853904
A5043955830,0.0014763119044423568,1.2376793320539387e-05,0.05289878051401275,0.0001004853488853904
A5023192051,0.0014763119044423568,1.2376793320539387e-05,0.05289878051401275,0.0001004853488853904
A5005045485,0.0014763119044423568,1.2376793320539387e-05,0.05289878051401275,0.0001004853488853904
A5026283144,0.0014763119044423568,1.2376793320539387e-05,0.05289878051401275,0.0001004853488853904
A5030671712,0.0014763119044423568,1.2376793320539387e-05,0.05289878051401275,0.0001004853488853904
A5052578911,0.0009394712119178635,3.6959792756683286e-05,0.059235107152902554,0.00010042141482787792
A5016336795,0.0009394712119178635,3.6959792756683286e-05,0.059235107152902554,0.00010042141482787792
A5079379433,0.0009394712119178635,3.6959792756683286e-05,0.059235107152902554,0.00010042141482787792
A5064354848,0.0009394712119178635,3.6959792756683286e-05,0.059235107152902554,0.00010042141482787792
A5062358076,0.0009394712119178635,3.6959792756683286e-05,0.059235107152902554,0.00010042141482787792
A5108224525,0.0010736813850489868,1.9016949675327142e-07,0.002303142435339456,0.00010040512645480626
A5084825086,0.0010736813850489868,1.9016949675327142e-07,0.002303142435339456,0.00010040512645480626
A5113544583,0.0010736813850489868,1.9016949675327142e-07,0.002303142435339456,0.00010040512645480626
A5068665609,0.0016105220775734803,0.0002220888465899424,0.057156749367022384,0.00010024869622842582
A5027082692,0.0016105220775734803,0.0002220888465899424,0.057156749367022384,0.00010024869622842582
A5083924160,0.0016105220775734803,0.0002220888465899424,0.057156749367022384,0.00010024869622842582
A5010287332,0.0002684203462622467,0.0,0.0006442088310293921,0.00010018476747762045
A5047692459,0.0002684203462622467,0.0,0.0006442088310293921,0.00010018476747762045
A5074603556,0.0009394712119178635,0.0,0.05334618471954,0.00010017730826061412
A5007920882,0.0009394712119178635,0.0,0.05334618471954,0.00010017730826061412
LOCAL_A000055,0.0009394712119178635,0.0,0.05334618471954,0.00010017730826061412
A5111598709,0.0009394712119178635,0.0,0.05334618471954,0.00010017730826061412
LOCAL_A000056,0.0009394712119178635,0.0,0.05334618471954,0.00010017730826061412
A5087265810,0.0009394712119178635,0.0,0.05334618471954,0.00010017730826061412
A5101541497,0.0009394712119178635,0.0,0.05334618471954,0.00010017730826061412
A5052248524,0.0012078915581801102,1.815259677138491e-06,0.005739190962878376,0.00010016547823919238
A5016345523,0.0012078915581801102,1.815259677138491e-06,0.005739190962878376,0.00010016547823919238
A5034663096,0.0012078915581801102,1.815259677138491e-06,0.005739190962878376,0.00010016547823919238
A5079824896,0.00040263051939337007,1.20098588931654e-08,0.0004294725540195947,0.00010016094500291733
A5056957912,0.00040263051939337007,1.20098588931654e-08,0.0004294725540195947,0.00010016094500291733
A5092655067,0.0010736813850489868,1.4609745167498774e-06,0.044480591304572534,0.00010014694318155113
A5087580314,0.0010736813850489868,1.4609745167498774e-06,0.044480591304572534,0.00010014694318155113
A5110937181,0.0010736813850489868,1.4609745167498774e-06,0.044480591304572534,0.00010014694318155113
A5060143737,0.0010736813850489868,1.4609745167498774e-06,0.044480591304572534,0.00010014694318155113
A5057116918,0.0010736813850489868,1.4609745167498774e-06,0.044480591304572534,0.00010014694318155113
LOCAL_A000210,0.00040263051939337007,2.6157472669315218e-05,0.02997570722549761,0.0001001135599987093
A5019242451,0.00040263051939337007,2.6157472669315218e-05,0.02997570722549761,0.0001001135599987093
A5021863822,0.00040263051939337007,2.6157472669315218e-05,0.02997570722549761,0.00010011355999870928
A5100742989,0.00040263051939337007,2.6157472669315218e-05,0.02997570722549761,0.00010011355999870928
A5029793479,0.0005368406925244934,4.503697084937025e-09,0.0398134115309207,0.00010011294584780787
A5023178095,0.0005368406925244934,4.503697084937025e-09,0.0398134115309207,0.00010011294584780787
A5050886449,0.0005368406925244934,4.503697084937025e-09,0.0398134115309207,0.00010011294584780787
A5094583818,0.0008052610387867401,2.4187387894254853e-07,0.03248485412613631,0.0001000517337999802
A5094583817,0.0008052610387867401,2.4187387894254853e-07,0.03248485412613631,0.00010005173379998018
A5075877402,0.0009394712119178635,4.619510739145958e-05,0.04633293182552995,9.998253679736056e-05
A5033172061,0.0009394712119178635,4.619510739145958e-05,0.04633293182552995,9.998253679736056e-05
A5103193588,0.0013421017313112334,2.0228033764345722e-07,0.0022874081681478415,9.994182154738935e-05
A5064027518,0.0013421017313112334,2.0228033764345722e-07,0.0022874081681478415,9.994182154738935e-05
A5080037825,0.0010736813850489868,1.4515711922082933e-05,0.054487630383730855,9.994090468602672e-05
A5063308163,0.0010736813850489868,0.0,0.05318131368325973,9.992401332080072e-05
A5010409421,0.005099986578982687,1.707713542557155e-07,0.011197495595562967,9.987954937181972e-05
A5022723002,0.005099986578982687,1.707713542557155e-07,0.011197495595562967,9.987954937181972e-05
A5056175362,0.0006710508656556167,0.0,0.05916194809807054,9.987925736319888e-05
A5083529055,0.0006710508656556167,0.0,0.05916194809807054,9.987925736319888e-05
A5101888078,0.0006710508656556167,0.0,0.05916194809807054,9.987925736319888e-05
A5100390259,0.0006710508656556167,0.0,0.05916194809807054,9.987925736319888e-05
A5037995503,0.0006710508656556167,0.0,0.05916194809807054,9.987925736319888e-05
A5103009774,0.0006710508656556167,0.0,0.035125721216100456,9.983090173319972e-05
A5093472703,0.0006710508656556167,0.0,0.035125721216100456,9.983090173319972e-05
A5113069115,0.0006710508656556167,0.0,0.035125721216100456,9.983090173319972e-05
A5137491069,0.0009394712119178635,4.503697084937025e-09,0.002147362770097973,9.982202818010016e-05
A5137480998,0.0009394712119178635,4.503697084937025e-09,0.002147362770097973,9.982202818010016e-05
A5137511902,0.0009394712119178635,4.503697084937025e-09,0.002147362770097973,9.982202818010016e-05
A5110833872,0.0009394712119178635,4.503697084937025e-09,0.002147362770097973,9.982202818010016e-05
A5137498136,0.0009394712119178635,4.503697084937025e-09,0.002147362770097973,9.982202818010016e-05
A5137477358,0.0009394712119178635,4.503697084937025e-09,0.002147362770097973,9.982202818010016e-05
A5101662082,0.0017447322507046035,5.823645096101558e-07,0.003725545046916966,9.976217615066324e-05
A5026427058,0.0017447322507046035,5.823645096101558e-07,0.003725545046916966,9.976217615066324e-05
A5103184608,0.0017447322507046035,5.823645096101558e-07,0.003725545046916966,9.976217615066324e-05
A5102008622,0.0017447322507046035,5.823645096101558e-07,0.003725545046916966,9.976217615066324e-05
A5049804329,0.0005368406925244934,3.60295766794962e-08,0.05540399003194739,9.966850006641785e-05
A5123417145,0.0010736813850489868,2.2918814054457302e-08,0.0021920994944750146,9.96471351349901e-05
A5028014897,0.0010736813850489868,2.2918814054457302e-08,0.0021920994944750146,9.96471351349901e-05
A5123433400,0.0010736813850489868,2.2918814054457302e-08,0.0021920994944750146,9.96471351349901e-05
A5010384305,0.0010736813850489868,2.2918814054457302e-08,0.0021920994944750146,9.96471351349901e-05
A5123414799,0.0010736813850489868,2.2918814054457302e-08,0.0021920994944750146,9.96471351349901e-05
A5123402673,0.0010736813850489868,2.2918814054457302e-08,0.0021920994944750146,9.96471351349901e-05
A5019777897,0.0013421017313112334,2.8300157961588522e-05,0.04759583331870662,9.959100084655051e-05
A5101189684,0.0013421017313112334,2.8300157961588522e-05,0.04759583331870662,9.959100084655051e-05
A5035626331,0.0013421017313112334,2.8300157961588522e-05,0.04759583331870662,9.959100084655051e-05
A5110130160,0.0005368406925244934,0.0,0.04325500039345936,9.957887280012952e-05
A5117757559,0.0005368406925244934,0.0,0.04325500039345936,9.957887280012952e-05
A5111800896,0.0005368406925244934,0.0,0.04325500039345936,9.957887280012952e-05
A5059158387,0.0005368406925244934,0.00014548190341718835,0.03297562032302592,9.951025807462948e-05
A5028743344,0.0009394712119178635,8.754692143031668e-06,0.04738080148426758,9.949663735027368e-05
A5107937189,0.0009394712119178635,8.754692143031668e-06,0.04738080148426758,9.949663735027368e-05
A5136018359,0.0009394712119178635,8.754692143031668e-06,0.04738080148426758,9.949663735027368e-05
A5136027486,0.0009394712119178635,8.754692143031668e-06,0.04738080148426758,9.949663735027368e-05
A5136015910,0.0009394712119178635,8.754692143031668e-06,0.04738080148426758,9.949663735027368e-05
A5107908640,0.0006710508656556167,0.0,0.006882572981083248,9.946254867049085e-05
A5057972238,0.0006710508656556167,0.0,0.006882572981083248,9.946254867049085e-05
A5024140904,0.0006710508656556167,0.0,0.006882572981083248,9.946254867049085e-05
A5067624332,0.0006710508656556167,0.0,0.006882572981083248,9.946254867049085e-05
A5078519359,0.0006710508656556167,0.0,0.006882572981083248,9.946254867049085e-05
A5024930700,0.0006710508656556167,0.0,0.006882572981083248,9.946254867049085e-05
A5018545038,0.0006710508656556167,0.0,0.006882572981083248,9.946254867049085e-05
A5023403556,0.0006710508656556167,0.0,0.006882572981083248,9.946254867049085e-05
A5057217204,0.0006710508656556167,0.0,0.006882572981083248,9.946254867049085e-05
A5035154661,0.0006710508656556167,0.0,0.006882572981083248,9.946254867049085e-05
A5138214688,0.00040263051939337007,0.0,0.03710922386721378,9.941663434073054e-05
A5138226202,0.00040263051939337007,0.0,0.03710922386721378,9.941663434073054e-05
A5064282135,0.00040263051939337007,0.0,0.03710922386721378,9.941663434073054e-05
A5055786940,0.0005368406925244934,3.431388255190114e-08,0.03297071287153057,9.934605101718185e-05
A5015546142,0.0012078915581801102,1.6679937462312865e-06,0.00615658666926953,9.932441388757403e-05
A5077549606,0.0012078915581801102,1.6679937462312865e-06,0.00615658666926953,9.932441388757403e-05
A5083152805,0.0012078915581801102,1.6679937462312865e-06,0.00615658666926953,9.932441388757403e-05
A5023886955,0.0012078915581801102,1.6679937462312865e-06,0.00615658666926953,9.932441388757403e-05
A5053882063,0.0012078915581801102,1.6679937462312865e-06,0.00615658666926953,9.932441388757403e-05
A5012013451,0.0012078915581801102,1.6679937462312865e-06,0.00615658666926953,9.932441388757403e-05
A5075570047,0.0022815729432290968,3.4742806083799914e-08,0.0037865163512727598,9.92715378252516e-05
A5036096394,0.0022815729432290968,3.4742806083799914e-08,0.0037865163512727598,9.92715378252516e-05
A5067116161,0.0022815729432290968,3.4742806083799914e-08,0.0037865163512727598,9.92715378252516e-05
A5043201732,0.0022815729432290968,3.4742806083799914e-08,0.0037865163512727598,9.92715378252516e-05
A5054540603,0.0022815729432290968,3.4742806083799914e-08,0.0037865163512727598,9.92715378252516e-05
A5021660019,0.0022815729432290968,3.4742806083799914e-08,0.0037865163512727598,9.92715378252516e-05
A5045270482,0.0022815729432290968,3.4742806083799914e-08,0.0037865163512727598,9.92715378252516e-05
A5016409419,0.0022815729432290968,3.4742806083799914e-08,0.0037865163512727598,9.92715378252516e-05
A5037601612,0.0022815729432290968,3.4742806083799914e-08,0.0037865163512727598,9.92715378252516e-05
A5055887373,0.0022815729432290968,3.4742806083799914e-08,0.0037865163512727598,9.92715378252516e-05
A5066566618,0.0022815729432290968,3.4742806083799914e-08,0.0037865163512727598,9.92715378252516e-05
A5072771340,0.0022815729432290968,3.4742806083799914e-08,0.0037865163512727598,9.92715378252516e-05
A5005077971,0.007649979868474031,1.4369145054334945e-06,0.012110596094771966,9.921536512926061e-05
A5077582388,0.0005368406925244934,5.1168302303486465e-05,0.04121990885906315,9.90119439352537e-05
A5093634125,0.0005368406925244934,0.0,0.03570958114806675,9.890906927311765e-05
LOCAL_A000042,0.0005368406925244934,0.0,0.03570958114806675,9.890906927311765e-05
LOCAL_A000043,0.0005368406925244934,0.0,0.03570958114806675,9.890906927311765e-05
A5079519299,0.0005368406925244934,0.0,0.03570958114806675,9.890906927311765e-05
A5102116435,0.0005368406925244934,0.0,0.05203680684445089,9.872943304884725e-05
A5033054759,0.0005368406925244934,0.0,0.05203680684445089,9.872943304884725e-05
A5011618630,0.0005368406925244934,0.0,0.05203680684445089,9.872943304884725e-05
A5093113482,0.0008052610387867401,5.198230755711279e-05,0.05288457483803775,9.856238641332997e-05
A5113069412,0.0008052610387867401,5.198230755711279e-05,0.05288457483803775,9.856238641332997e-05
A5002312869,0.0008052610387867401,5.198230755711279e-05,0.05288457483803775,9.856238641332997e-05
A5093305250,0.0008052610387867401,6.832486925656838e-05,0.03920313296000878,9.827025281666758e-05
A5056525180,0.0008052610387867401,6.832486925656838e-05,0.03920313296000878,9.827025281666758e-05
A5064908437,0.0008052610387867401,6.832486925656838e-05,0.03920313296000878,9.827025281666758e-05
A5136852879,0.0008052610387867401,3.270772991534765e-05,0.03571173969619176,9.825674537705559e-05
A5136851867,0.0008052610387867401,3.270772991534765e-05,0.03571173969619176,9.825674537705559e-05
A5136827707,0.0008052610387867401,3.270772991534765e-05,0.03571173969619176,9.825674537705559e-05
A5102448148,0.0009394712119178635,1.8490942894892305e-06,0.0502558664224912,9.823933416724321e-05
A5138033626,0.0009394712119178635,1.8490942894892305e-06,0.0502558664224912,9.823933416724321e-05
A5138020952,0.0009394712119178635,1.8490942894892305e-06,0.0502558664224912,9.823933416724321e-05
A5078951421,0.0009394712119178635,1.8490942894892305e-06,0.0502558664224912,9.823933416724321e-05
A5052421157,0.0009394712119178635,1.8490942894892305e-06,0.0502558664224912,9.823933416724321e-05
A5039060442,0.0006710508656556167,0.0005022382350115623,0.05257396894642848,9.820335276084175e-05
A5026941681,0.0006710508656556167,0.0005022382350115623,0.05257396894642848,9.820335276084175e-05
A5114074337,0.00040263051939337007,0.0,0.042548881073628544,9.8184826502931e-05
A5068331641,0.00040263051939337007,0.0,0.042548881073628544,9.8184826502931e-05
A5092794894,0.00040263051939337007,0.0,0.042548881073628544,9.8184826502931e-05
A5026815034,0.0008052610387867401,1.4947680562014944e-07,0.03571245927022501,9.814922275645774e-05
A5086796749,0.0008052610387867401,1.4947680562014944e-07,0.03571245927022501,9.814922275645774e-05
A5110933537,0.0008052610387867401,0.0,0.061051070962832736,9.814507142043955e-05
A5062647756,0.0008052610387867401,0.0,0.061051070962832736,9.814507142043955e-05
LOCAL_A000710,0.0008052610387867401,0.0,0.061051070962832736,9.814507142043955e-05
A5084718407,0.0006710508656556167,2.7525595761564473e-05,0.042592849205085,9.813262005798007e-05
A5030291168,0.0006710508656556167,2.7525595761564473e-05,0.042592849205085,9.813262005798007e-05
A5024816582,0.0006710508656556167,2.7525595761564473e-05,0.042592849205085,9.813262005798007e-05
A5080743502,0.0014763119044423568,1.3646900439864689e-05,0.05675591267842952,9.793273794560917e-05
A5028120119,0.0005368406925244934,0.0,0.048073495744873525,9.779303048517142e-05
A5002305257,0.0009394712119178635,1.7264172158925264e-07,0.05613929369110884,9.768802468148089e-05
A5091972389,0.0006710508656556167,3.5369694322728864e-08,0.0015776542800719805,9.765722673938727e-05
A5032368950,0.0006710508656556167,3.5369694322728864e-08,0.0015776542800719805,9.765722673938727e-05
A5110573321,0.0013421017313112334,1.0880544179864476e-07,0.05673592756240588,9.764510015978177e-05
A5061893866,0.00040263051939337007,6.542971124996509e-05,0.051974242430485824,9.758810301113615e-05
A5031717574,0.00040263051939337007,6.542971124996509e-05,0.051974242430485824,9.758810301113615e-05
A5094041631,0.0009394712119178635,4.503697084937025e-07,0.0013129256067175108,9.75725131715047e-05
LOCAL_A000401,0.0009394712119178635,4.503697084937025e-07,0.0013129256067175108,9.75725131715047e-05
A5015099323,0.0014763119044423568,0.0,0.055107693586281856,9.745686736964591e-05
A5013681893,0.0014763119044423568,0.0,0.055107693586281856,9.745686736964591e-05
A5074976419,0.0014763119044423568,0.0,0.055107693586281856,9.745686736964591e-05
A5079116380,0.0014763119044423568,0.0,0.055107693586281856,9.745686736964591e-05
A5087961624,0.0014763119044423568,0.0,0.055107693586281856,9.745686736964591e-05
A5101446353,0.0014763119044423568,0.0,0.055107693586281856,9.745686736964591e-05
A5101310980,0.0014763119044423568,0.0,0.055107693586281856,9.745686736964591e-05
A5015697783,0.0014763119044423568,0.0,0.055107693586281856,9.745686736964591e-05
A5103065067,0.0006710508656556167,2.6401230599145824e-06,0.0551179761513247,9.743739974518367e-05
A5025906301,0.0006710508656556167,2.6401230599145824e-06,0.0551179761513247,9.743739974518365e-05
A5114038173,0.0006710508656556167,2.6401230599145824e-06,0.0551179761513247,9.743739974518365e-05
A5049531721,0.0005368406925244934,0.0,0.0015466124713205641,9.739394203182715e-05
A5112986970,0.0002684203462622467,1.20098588931654e-08,0.0003019728895450275,9.737079011729662e-05
A5113179272,0.0002684203462622467,1.20098588931654e-08,0.0003019728895450275,9.737079011729662e-05
A5101235577,0.0002684203462622467,1.20098588931654e-08,0.0003019728895450275,9.737079011729662e-05
A5018164756,0.0002684203462622467,1.20098588931654e-08,0.0003019728895450275,9.737079011729662e-05
A5100741130,0.0002684203462622467,1.20098588931654e-08,0.0003019728895450275,9.737079011729662e-05
LOCAL_A000421,0.0002684203462622467,1.20098588931654e-08,0.0003019728895450275,9.737079011729662e-05
A5009617428,0.0006710508656556167,0.0,0.04233241714727231,9.734560908586308e-05
A5077799265,0.0006710508656556167,0.0,0.04233241714727231,9.734560908586308e-05
A5016164354,0.0006710508656556167,0.0,0.04233241714727231,9.734560908586308e-05
A5088435831,0.0006710508656556167,0.0,0.04233241714727231,9.734560908586308e-05
A5063957902,0.0006710508656556167,0.0,0.04233241714727231,9.734560908586308e-05
A5101626772,0.00040263051939337007,0.0,0.0563337880974508,9.714990381624715e-05
A5000752224,0.0008052610387867401,1.44950503101598e-06,0.049995025277763595,9.712915670489477e-05
A5070599449,0.0008052610387867401,1.44950503101598e-06,0.049995025277763595,9.712915670489477e-05
A5009897964,0.0005368406925244934,8.722760514106098e-05,0.032770757361178855,9.704967047932203e-05
A5000774558,0.0005368406925244934,8.722760514106098e-05,0.032770757361178855,9.704967047932203e-05
A5036126619,0.0005368406925244934,0.0,0.0015106447394293882,9.70195756424086e-05
A5109517914,0.0005368406925244934,0.0,0.0015106447394293882,9.70195756424086e-05
A5057952428,0.0005368406925244934,0.0,0.0015106447394293882,9.70195756424086e-05
A5111089455,0.0005368406925244934,0.0,0.04095984934764616,9.697177949229794e-05
LOCAL_A000412,0.0005368406925244934,0.0,0.04095984934764616,9.697177949229794e-05
A5055103179,0.0005368406925244934,0.0,0.04095984934764616,9.697177949229794e-05
A5115041579,0.0005368406925244934,0.0,0.04095984934764616,9.697177949229794e-05
A5004667230,0.00013421017313112335,0.0,0.0002684203462622467,9.690227079117621e-05
A5082133635,0.00013421017313112335,0.0,0.0002684203462622467,9.690227079117621e-05
A5110361679,0.0010736813850489868,4.503697084937025e-09,0.058594738201600015,9.688040740381208e-05
A5013417975,0.0010736813850489868,4.503697084937025e-09,0.058594738201600015,9.688040740381208e-05
LOCAL_A000102,0.0010736813850489868,4.503697084937025e-09,0.058594738201600015,9.688040740381208e-05
A5072521375,0.0010736813850489868,4.503697084937025e-09,0.058594738201600015,9.688040740381208e-05
A5112990496,0.0010736813850489868,4.503697084937025e-09,0.058594738201600015,9.688040740381208e-05
A5072983548,0.0008052610387867401,0.0,0.043265559407347665,9.686794908056343e-05
A5112965708,0.0008052610387867401,0.0,0.043265559407347665,9.686794908056343e-05
A5013334398,0.0008052610387867401,0.0,0.043265559407347665,9.686794908056343e-05
A5061233140,0.0008052610387867401,0.0,0.043265559407347665,9.686794908056343e-05
A5092443615,0.0008052610387867401,0.0,0.043265559407347665,9.686794908056343e-05
A5107918911,0.0012078915581801102,6.544026940098333e-07,0.005838142531203865,9.68557090132869e-05
A5033684516,0.0012078915581801102,6.544026940098333e-07,0.005838142531203865,9.68557090132869e-05
A5102021727,0.0012078915581801102,6.544026940098333e-07,0.005838142531203865,9.68557090132869e-05
A5102449057,0.0012078915581801102,6.544026940098333e-07,0.005838142531203865,9.68557090132869e-05
A5056919969,0.0012078915581801102,6.544026940098333e-07,0.005838142531203865,9.68557090132869e-05
A5025977132,0.0006710508656556167,1.7228688484922728e-07,0.002063152465388249,9.670464955606342e-05
A5091500375,0.0006710508656556167,1.7228688484922728e-07,0.002063152465388249,9.670464955606342e-05
LOCAL_A000577,0.0006710508656556167,1.7228688484922728e-07,0.002063152465388249,9.670464955606342e-05
LOCAL_A000557,0.0006710508656556167,0.0,0.0562604717367234,9.665619845775498e-05
A5124956555,0.0006710508656556167,0.0,0.0562604717367234,9.665619845775498e-05
A5087070774,0.0006710508656556167,0.0,0.0562604717367234,9.665619845775498e-05
A5128872648,0.0006710508656556167,0.0,0.0562604717367234,9.665619845775498e-05
A5128809922,0.0006710508656556167,0.0,0.0562604717367234,9.665619845775498e-05
A5104179689,0.0012078915581801102,6.444133306930437e-08,0.05614996487001416,9.660100070432988e-05
A5117389295,0.0012078915581801102,6.444133306930437e-08,0.05614996487001416,9.660100070432988e-05
A5032538132,0.0012078915581801102,6.444133306930437e-08,0.05614996487001416,9.660100070432988e-05
A5079553187,0.0012078915581801102,6.444133306930437e-08,0.05614996487001416,9.660100070432988e-05
A5117389294,0.0012078915581801102,6.444133306930437e-08,0.05614996487001416,9.660100070432988e-05
A5082000443,0.0012078915581801102,6.444133306930437e-08,0.05614996487001416,9.660100070432988e-05
A5133515580,0.0009394712119178635,7.445603430553986e-08,0.051776858435979,9.649944959068892e-05
A5133483751,0.0009394712119178635,7.445603430553986e-08,0.051776858435979,9.649944959068892e-05
A5133529032,0.0009394712119178635,7.445603430553986e-08,0.051776858435979,9.649944959068892e-05
A5123227832,0.0009394712119178635,2.40197177863308e-09,0.05506146948094061,9.648762992635866e-05
A5120569387,0.0009394712119178635,2.40197177863308e-09,0.05506146948094061,9.648762992635866e-05
A5123185333,0.0009394712119178635,2.40197177863308e-09,0.05506146948094061,9.648762992635863e-05
A5123209213,0.0009394712119178635,2.40197177863308e-09,0.05506146948094061,9.648762992635863e-05
A5123186240,0.0009394712119178635,2.40197177863308e-09,0.05506146948094061,9.648762992635863e-05
A5124933293,0.0005368406925244934,1.4511912829241036e-05,0.045596296496668395,9.644541317895396e-05
A5124953506,0.0005368406925244934,1.4511912829241036e-05,0.045596296496668395,9.644541317895396e-05
A5124912806,0.0005368406925244934,1.4511912829241036e-05,0.045596296496668395,9.644541317895396e-05
A5124936434,0.0005368406925244934,1.4511912829241036e-05,0.045596296496668395,9.644541317895396e-05
A5124971450,0.0005368406925244934,1.4511912829241036e-05,0.045596296496668395,9.644541317895396e-05
A5124906508,0.0005368406925244934,1.4511912829241036e-05,0.045596296496668395,9.644541317895396e-05
A5099851173,0.0002684203462622467,0.0,0.000909471290865024,9.63887936203563e-05
A5057348645,0.0002684203462622467,0.0,0.000909471290865024,9.63887936203563e-05
A5078263828,0.0010736813850489868,2.702727085431639e-05,0.05844402958260229,9.632189190404136e-05
A5042961006,0.0010736813850489868,2.702727085431639e-05,0.05844402958260229,9.632189190404133e-05
A5103258061,0.0010736813850489868,2.702727085431639e-05,0.05844402958260229,9.632189190404133e-05
A5027584112,0.0010736813850489868,2.702727085431639e-05,0.05844402958260229,9.632189190404133e-05
A5107919436,0.0010736813850489868,2.702727085431639e-05,0.05844402958260229,9.632189190404133e-05
A5116303657,0.0005368406925244934,3.263378907745369e-05,0.04458465124951569,9.632134975334802e-05
A5036415036,0.0005368406925244934,3.263378907745369e-05,0.04458465124951569,9.632134975334802e-05
A5024850056,0.0005368406925244934,3.263378907745369e-05,0.04458465124951569,9.632134975334802e-05
A5104340853,0.0017447322507046035,7.77719519909283e-07,0.003637885163460096,9.623984307719375e-05
A5021000959,0.0017447322507046035,7.77719519909283e-07,0.003637885163460096,9.623984307719375e-05
A5033554224,0.0017447322507046035,7.77719519909283e-07,0.003637885163460096,9.623984307719375e-05
A5065225644,0.0017447322507046035,7.77719519909283e-07,0.003637885163460096,9.623984307719375e-05
A5032035172,0.0006710508656556167,3.6361692176126723e-07,0.03693907257293506,9.609688680791098e-05
A5040929731,0.0006710508656556167,3.6361692176126723e-07,0.03693907257293506,9.609688680791098e-05
A5056015724,0.0006710508656556167,3.6361692176126723e-07,0.03693907257293506,9.609688680791098e-05
LOCAL_A000062,0.0005368406925244934,0.0033383575820291355,0.0462700337063568,9.605833868937054e-05
A5085504353,0.0006710508656556167,9.893836135798165e-08,0.0014681779545556222,9.604915858019391e-05
A5100705891,0.0006710508656556167,9.893836135798165e-08,0.0014681779545556222,9.604915858019391e-05
A5103518993,0.0006710508656556167,9.893836135798165e-08,0.0014681779545556222,9.604915858019391e-05
A5101205934,0.0006710508656556167,9.893836135798165e-08,0.0014681779545556222,9.604915858019391e-05
A5101205933,0.0006710508656556167,9.893836135798165e-08,0.0014681779545556222,9.604915858019391e-05
A5102516062,0.0006710508656556167,9.893836135798165e-08,0.0014681779545556222,9.604915858019391e-05
LOCAL_A000665,0.0008052610387867401,8.055495873445631e-07,0.002624767528807255,9.59776093945708e-05
A5136234150,0.0005368406925244934,0.0,0.04397622115281734,9.595931618975863e-05
A5136269085,0.0005368406925244934,0.0,0.04397622115281734,9.595931618975863e-05
A5136268330,0.0005368406925244934,0.0,0.04397622115281734,9.595931618975863e-05
A5003970144,0.00040263051939337007,0.0,0.032135579952531995,9.588733267648124e-05
A5005768372,0.00040263051939337007,0.0,0.032135579952531995,9.588733267648124e-05
A5037837813,0.0005368406925244934,1.080887300384886e-06,0.0010960497472375073,9.585633614887941e-05
A5010116708,0.0006710508656556167,3.930499274126858e-08,0.00120789155818011,9.580413924618067e-05
A5011264671,0.0006710508656556167,3.930499274126858e-08,0.00120789155818011,9.580413924618067e-05
A5009699300,0.0006710508656556167,3.930499274126858e-08,0.00120789155818011,9.580413924618067e-05
A5107286799,0.0010736813850489868,6.289346907560397e-07,0.04887419041258541,9.569968612850696e-05
A5089058918,0.0010736813850489868,6.289346907560397e-07,0.04887419041258541,9.569968612850696e-05
A5081987033,0.0010736813850489868,6.289346907560397e-07,0.04887419041258541,9.569968612850696e-05
A5007280992,0.0010736813850489868,6.289346907560397e-07,0.04887419041258541,9.569968612850696e-05
A5101441808,0.0010736813850489868,6.289346907560397e-07,0.04887419041258541,9.569968612850696e-05
A5056582727,0.0010736813850489868,6.289346907560397e-07,0.04887419041258541,9.569968612850696e-05
A5109606945,0.0009394712119178635,1.5711030431701016e-06,0.05633916021240336,9.568722356671387e-05
A5044592532,0.0009394712119178635,1.5711030431701016e-06,0.05633916021240336,9.568722356671387e-05
A5044607532,0.0009394712119178635,1.5711030431701016e-06,0.05633916021240336,9.568722356671387e-05
A5014695848,0.0009394712119178635,1.5711030431701016e-06,0.05633916021240336,9.568722356671387e-05
A5028160757,0.0009394712119178635,1.5711030431701016e-06,0.05633916021240336,9.568722356671387e-05
A5046366464,0.0009394712119178635,1.5711030431701016e-06,0.05633916021240336,9.568722356671387e-05
A5028951593,0.0013421017313112334,9.622140270672326e-06,0.05523133814652531,9.566477661228338e-05
A5060002377,0.0013421017313112334,9.622140270672326e-06,0.05523133814652531,9.566477661228338e-05
A5029483778,0.0013421017313112334,9.622140270672326e-06,0.05523133814652531,9.566477661228338e-05
A5101722766,0.0013421017313112334,9.622140270672326e-06,0.05523133814652531,9.566477661228338e-05
A5069659660,0.0013421017313112334,9.622140270672326e-06,0.05523133814652531,9.566477661228338e-05
A5109507730,0.0024157831163602204,5.152086490657323e-07,0.0038376854911548242,9.565889872073857e-05
A5021544196,0.0024157831163602204,5.152086490657323e-07,0.0038376854911548242,9.565889872073857e-05
A5005091829,0.0024157831163602204,5.152086490657323e-07,0.0038376854911548242,9.565889872073857e-05
A5028396638,0.0024157831163602204,5.152086490657323e-07,0.0038376854911548242,9.565889872073857e-05
A5103573643,0.0024157831163602204,5.152086490657323e-07,0.0038376854911548242,9.565889872073857e-05
A5088003737,0.0024157831163602204,5.152086490657323e-07,0.0038376854911548242,9.565889872073857e-05
A5022935112,0.0022815729432290968,2.686368617060838e-07,0.013192762055159402,9.561427688833043e-05
A5130332417,0.0022815729432290968,2.686368617060838e-07,0.013192762055159402,9.561427688833043e-05
A5130335043,0.0022815729432290968,2.686368617060838e-07,0.013192762055159402,9.561427688833043e-05
A5045349106,0.0022815729432290968,2.686368617060838e-07,0.013192762055159402,9.561427688833043e-05
A5130396600,0.0022815729432290968,2.686368617060838e-07,0.013192762055159402,9.561427688833043e-05
A5041758579,0.0022815729432290968,2.686368617060838e-07,0.013192762055159402,9.561427688833043e-05
A5130325740,0.0022815729432290968,2.686368617060838e-07,0.013192762055159402,9.561427688833043e-05
A5130388406,0.0022815729432290968,2.686368617060838e-07,0.013192762055159402,9.561427688833043e-05
A5130343899,0.0022815729432290968,2.686368617060838e-07,0.013192762055159402,9.561427688833043e-05
A5130406462,0.0022815729432290968,2.686368617060838e-07,0.013192762055159402,9.561427688833043e-05
A5130355847,0.0022815729432290968,2.686368617060838e-07,0.013192762055159402,9.561427688833043e-05
A5005615697,0.0005368406925244934,0.0,0.05158697328410505,9.558893761560161e-05
A5044054195,0.0005368406925244934,0.0,0.05158697328410505,9.558893761560161e-05
A5063393733,0.0005368406925244934,0.0,0.05158697328410505,9.558893761560161e-05
A5084172156,0.0005368406925244934,0.0,0.05322603204666798,9.558003510725451e-05
A5054227606,0.0016105220775734803,6.96057047413574e-05,0.05077852512955527,9.553038951185834e-05
A5076572310,0.00040263051939337007,1.080887300384886e-07,0.0012511851624159563,9.552402197312716e-05
A5124201354,0.00040263051939337007,1.080887300384886e-07,0.0012511851624159563,9.552402197312716e-05
A5042835508,0.0008052610387867401,4.0263266401105417e-05,0.029086299189661068,9.549623292780558e-05
A5077488637,0.0008052610387867401,4.0263266401105417e-05,0.029086299189661068,9.549623292780558e-05
A5032092538,0.0008052610387867401,4.0263266401105417e-05,0.029086299189661068,9.549623292780558e-05
LOCAL_A000584,0.0008052610387867401,4.0263266401105417e-05,0.029086299189661068,9.549623292780558e-05
A5067226256,0.0002684203462622467,0.0013057118588649423,0.03185946039298228,9.548027505138014e-05
A5055876350,0.0010736813850489868,0.00033691402618865097,0.051991013233264806,9.543122766399854e-05
A5108902976,0.00040263051939337007,0.0,0.038465473905028476,9.542319231179526e-05
A5112361199,0.00040263051939337007,0.0,0.038465473905028476,9.542319231179526e-05
A5114212779,0.0005368406925244934,1.9765777675514915e-05,0.05028580948538833,9.525597275362335e-05
A5021287146,0.0016105220775734803,6.922602309129922e-05,0.05077852512955527,9.52454151388482e-05
A5026770074,0.0016105220775734803,6.922602309129922e-05,0.05077852512955527,9.52454151388482e-05
A5063959328,0.00040263051939337007,0.0,0.04095227803604513,9.520942163459214e-05
A5025155792,0.00040263051939337007,0.0,0.04095227803604513,9.520942163459214e-05
A5041960973,0.00040263051939337007,0.0,0.04095227803604513,9.520942163459214e-05
A5023052681,0.0013421017313112334,1.768103800194771e-05,0.05374412156959176,9.519453978366836e-05
A5086990384,0.0013421017313112334,1.768103800194771e-05,0.05374412156959176,9.519453978366836e-05
A5023875296,0.0013421017313112334,1.768103800194771e-05,0.05374412156959176,9.519453978366836e-05
A5013777042,0.0013421017313112334,1.768103800194771e-05,0.05374412156959176,9.519453978366836e-05
A5057929288,0.0013421017313112334,1.768103800194771e-05,0.05374412156959176,9.519453978366836e-05
A5088433291,0.0013421017313112334,1.768103800194771e-05,0.05374412156959176,9.519453978366836e-05
A5083435065,0.0005368406925244934,2.2918814054457303e-07,0.03938783148411034,9.515775951194114e-05
A5022950828,0.0005368406925244934,0.0,0.0010960497472375073,9.491560622428271e-05
A5060760122,0.0005368406925244934,0.0,0.0010960497472375073,9.491560622428271e-05
A5033150655,0.0005368406925244934,0.0,0.0010960497472375073,9.491560622428271e-05
A5120591746,0.0005368406925244934,0.00039230804567469434,0.044692579900698415,9.47549801852078e-05
A5019585102,0.0008052610387867401,1.3673246084047165e-05,0.047180259839269476,9.472017744876883e-05
A5069734411,0.0008052610387867401,1.3673246084047165e-05,0.047180259839269476,9.472017744876883e-05
A5018634287,0.0008052610387867401,6.752529150661248e-08,0.055651018623524146,9.46808816180426e-05
A5092771767,0.0008052610387867401,6.752529150661248e-08,0.055651018623524146,9.46808816180426e-05
A5061425102,0.0008052610387867401,6.752529150661248e-08,0.055651018623524146,9.46808816180426e-05
A5025839759,0.0008052610387867401,6.752529150661248e-08,0.055651018623524146,9.46808816180426e-05
A5064008395,0.0009394712119178635,3.029896952998877e-07,0.0021873062740060457,9.46624135015465e-05
A5026219446,0.0009394712119178635,3.029896952998877e-07,0.0021873062740060457,9.46624135015465e-05
A5111093469,0.0009394712119178635,3.029896952998877e-07,0.0021873062740060457,9.46624135015465e-05
A5102744968,0.0009394712119178635,3.029896952998877e-07,0.0021873062740060457,9.46624135015465e-05
A5065893608,0.0006710508656556167,1.5873170145512307e-08,0.03213266690456502,9.458783418393773e-05
A5073928697,0.0006710508656556167,1.5873170145512307e-08,0.03213266690456502,9.458783418393773e-05
A5061026929,0.0006710508656556167,1.5873170145512307e-08,0.03213266690456502,9.458783418393773e-05
A5005120026,0.0006710508656556167,1.5873170145512307e-08,0.03213266690456502,9.458783418393773e-05
A5050946182,0.0009394712119178635,3.9076519057669446e-07,0.05645041376953203,9.44693995227069e-05
A5023853430,0.0009394712119178635,3.9076519057669446e-07,0.05645041376953203,9.44693995227069e-05
LOCAL_A000612,0.0009394712119178635,3.9076519057669446e-07,0.05645041376953203,9.44693995227069e-05
A5119326618,0.0009394712119178635,5.08528957439466e-07,0.04972710962128941,9.43783282684684e-05
A5071926923,0.0009394712119178635,5.08528957439466e-07,0.04972710962128941,9.43783282684684e-05
A5099052586,0.0009394712119178635,5.08528957439466e-07,0.04972710962128941,9.43783282684684e-05
A5112077621,0.0009394712119178635,5.08528957439466e-07,0.04972710962128941,9.43783282684684e-05
A5110548057,0.0009394712119178635,5.08528957439466e-07,0.04972710962128941,9.43783282684684e-05
A5080811307,0.0009394712119178635,5.08528957439466e-07,0.04972710962128941,9.43783282684684e-05
A5071122568,0.0009394712119178635,0.00011975972830053688,0.0568870728309795,9.437637015153374e-05
A5050043464,0.0009394712119178635,0.00011975972830053688,0.0568870728309795,9.437637015153374e-05
A5093290377,0.0009394712119178635,0.00011975972830053688,0.0568870728309795,9.437637015153374e-05
A5072572935,0.0009394712119178635,0.00011975972830053688,0.0568870728309795,9.437637015153374e-05
A5100643561,0.00040263051939337007,0.0,0.04094660138897995,9.430734311269799e-05
A5015095214,0.00040263051939337007,0.0,0.04094660138897995,9.430734311269799e-05
A5002530601,0.00040263051939337007,0.0,0.04094660138897995,9.430734311269799e-05
A5118648875,0.0006710508656556167,3.660147472202788e-08,0.03264099967074895,9.428495332149546e-05
LOCAL_A000445,0.0006710508656556167,3.660147472202788e-08,0.03264099967074895,9.428495332149546e-05
A5118648874,0.0006710508656556167,3.660147472202788e-08,0.03264099967074895,9.428495332149546e-05
A5101624945,0.0006710508656556167,0.00010794299774133204,0.038462134960656175,9.41980529916851e-05
A5107768506,0.0006710508656556167,0.00010794299774133204,0.038462134960656175,9.41980529916851e-05
A5132746810,0.0005368406925244934,0.0,0.0557929184726917,9.409234783815608e-05
A5007637679,0.0005368406925244934,0.0,0.0557929184726917,9.409234783815606e-05
A5007663091,0.0009394712119178635,0.0003907047295124567,0.056695999524071436,9.40849724056592e-05
A5010458646,0.0009394712119178635,0.0003907047295124567,0.056695999524071436,9.40849724056592e-05
A5103146667,0.0009394712119178635,0.0003907047295124567,0.056695999524071436,9.40849724056592e-05
A5126008088,0.0024157831163602204,7.603603553366109e-07,0.013589536853810813,9.399311173723338e-05
A5126033772,0.0024157831163602204,7.603603553366109e-07,0.013589536853810813,9.399311173723338e-05
A5126012782,0.0024157831163602204,7.603603553366109e-07,0.013589536853810813,9.399311173723338e-05
A5126021229,0.0024157831163602204,7.603603553366109e-07,0.013589536853810813,9.399311173723338e-05
A5126032981,0.0024157831163602204,7.603603553366109e-07,0.013589536853810813,9.399311173723338e-05
A5025159311,0.0024157831163602204,7.603603553366109e-07,0.013589536853810813,9.399311173723338e-05
A5126009246,0.0024157831163602204,7.603603553366109e-07,0.013589536853810813,9.399311173723338e-05
A5126004705,0.0024157831163602204,7.603603553366109e-07,0.013589536853810813,9.399311173723338e-05
A5125342398,0.0024157831163602204,7.603603553366109e-07,0.013589536853810813,9.399311173723338e-05
A5092237489,0.0024157831163602204,7.603603553366109e-07,0.013589536853810813,9.399311173723338e-05
A5074148727,0.0006710508656556167,5.802165595139647e-08,0.0011437040840739207,9.397100809069276e-05
A5028627559,0.0006710508656556167,5.802165595139647e-08,0.0011437040840739207,9.397100809069276e-05
A5029945067,0.0006710508656556167,5.802165595139647e-08,0.0011437040840739207,9.397100809069276e-05
A5100771609,0.0005368406925244934,0.0,0.04492822735993301,9.380465895798769e-05
A5120107431,0.0005368406925244934,0.0,0.04492822735993301,9.380465895798769e-05
A5109863810,0.0005368406925244934,0.0,0.04492822735993301,9.380465895798769e-05
A5059082065,0.0005368406925244934,0.0,0.04492822735993301,9.380465895798769e-05
A5079032924,0.0006710508656556167,0.0,0.051006493643432634,9.37981672361509e-05
A5113067823,0.0006710508656556167,0.0,0.051006493643432634,9.37981672361509e-05
A5030881692,0.0006710508656556167,0.0,0.051006493643432634,9.37981672361509e-05
A5072952199,0.0006710508656556167,0.0,0.051006493643432634,9.37981672361509e-05
A5053982776,0.0006710508656556167,0.0,0.051006493643432634,9.37981672361509e-05
A5082542863,0.0006710508656556167,3.7230562568812744e-07,0.0012484667268011474,9.37885661864903e-05
A5038369638,0.0006710508656556167,3.7230562568812744e-07,0.0012484667268011474,9.37885661864903e-05
A5036413818,0.0006710508656556167,3.7230562568812744e-07,0.0012484667268011474,9.37885661864903e-05
A5124156341,0.00040263051939337007,3.242661901154658e-07,0.0012511851624159563,9.352634375284279e-05
A5087802698,0.0005368406925244934,1.080887300384886e-07,0.0005368406925244934,9.346910249279761e-05
A5048882203,0.0006710508656556167,1.2753326348456593e-08,0.03264220198394013,9.333738434413543e-05
A5083727054,0.0006710508656556167,1.2753326348456593e-08,0.03264220198394013,9.333738434413543e-05
A5067921618,0.0005368406925244934,0.0,0.03438030806024979,9.322864315966669e-05
A5030966029,0.0005368406925244934,0.0,0.03438030806024979,9.322864315966669e-05
A5078615031,0.0005368406925244934,0.0,0.03438030806024979,9.322864315966669e-05
A5040857467,0.0005368406925244934,0.0,0.03438030806024979,9.322864315966669e-05
A5108592072,0.0005368406925244934,2.6107031261963642e-05,0.04458465124951569,9.322443451701871e-05
A5028661130,0.0005368406925244934,2.6107031261963642e-05,0.04458465124951569,9.322443451701871e-05
LOCAL_A000593,0.0005368406925244934,2.6107031261963642e-05,0.04458465124951569,9.322443451701871e-05
A5100905868,0.0008052610387867401,5.761456852657616e-07,0.0069180501613981095,9.31319317472161e-05
A5002969262,0.0008052610387867401,5.761456852657616e-07,0.0069180501613981095,9.31319317472161e-05
A5100441311,0.0008052610387867401,5.761456852657616e-07,0.0069180501613981095,9.31319317472161e-05
A5103098636,0.0008052610387867401,5.761456852657616e-07,0.0069180501613981095,9.31319317472161e-05
A5104242462,0.00040263051939337007,1.8014788339748094e-07,0.001694922289542537,9.311803319869165e-05
LOCAL_A000678,0.00040263051939337007,1.8014788339748094e-07,0.001694922289542537,9.311803319869165e-05
A5108029911,0.0013421017313112334,0.0004270178078170831,0.05344592126898249,9.293186133837493e-05
A5063754238,0.0013421017313112334,0.0004270178078170831,0.05344592126898249,9.293186133837493e-05
A5089524326,0.0013421017313112334,0.0004270178078170831,0.05344592126898249,9.293186133837493e-05
A5066830587,0.0013421017313112334,0.0004270178078170831,0.05344592126898249,9.293186133837493e-05
A5062580557,0.0013421017313112334,0.0004270178078170831,0.05344592126898249,9.293186133837493e-05
A5016102178,0.0013421017313112334,0.00016107022617011682,0.05916589802116428,9.291035884864367e-05
A5007561046,0.0005368406925244934,0.0,0.04233241714727231,9.287474257231679e-05
A5048509987,0.0005368406925244934,0.0,0.04233241714727231,9.287474257231679e-05
A5111951056,0.0005368406925244934,0.0,0.04233241714727231,9.287474257231679e-05
A5101437812,0.0010736813850489868,1.1266677386895492e-06,0.006990113183912674,9.284682019499528e-05
A5101651242,0.0010736813850489868,1.1266677386895492e-06,0.006990113183912674,9.284682019499528e-05
A5100314779,0.0010736813850489868,1.1266677386895492e-06,0.006990113183912674,9.284682019499528e-05
A5003259785,0.0010736813850489868,1.1266677386895492e-06,0.006990113183912674,9.284682019499528e-05
A5071977845,0.0009394712119178635,1.7281459077029067e-07,0.05305872473721701,9.278228122981157e-05
A5057289601,0.0002684203462622467,0.0,0.0004697356059589317,9.26604696398345e-05
LOCAL_A000081,0.0002684203462622467,0.0,0.0004697356059589317,9.26604696398345e-05
A5087370518,0.00040263051939337007,3.60295766794962e-08,0.0004294725540195947,9.261367860680607e-05
A5044178581,0.00040263051939337007,3.60295766794962e-08,0.0004294725540195947,9.261367860680607e-05
A5034679255,0.0006710508656556167,0.0,0.05264424038738222,9.255568909238658e-05
A5049222685,0.0006710508656556167,0.0,0.05264424038738222,9.255568909238658e-05
A5060719743,0.0006710508656556167,0.0,0.05264424038738222,9.255568909238658e-05
A5089374005,0.0006710508656556167,0.0,0.05264424038738222,9.255568909238658e-05
A5065874722,0.0006710508656556167,0.0,0.05264424038738222,9.255568909238658e-05
A5082154225,0.00040263051939337007,0.0,0.0014435049732325264,9.245860385659056e-05
A5106502439,0.00040263051939337007,0.0,0.0014435049732325264,9.245860385659056e-05
A5139426445,0.0010736813850489868,2.980101474411606e-06,0.0493683641436728,9.240057398941985e-05
A5139457398,0.0010736813850489868,2.980101474411606e-06,0.0493683641436728,9.240057398941985e-05
A5064657974,0.0010736813850489868,2.980101474411606e-06,0.0493683641436728,9.240057398941985e-05
A5050096200,0.0002684203462622467,0.0,0.05189814767128333,9.23764990663572e-05
A5035262683,0.0012078915581801102,0.00017150005810328558,0.05386662739330751,9.211252742244181e-05
A5003341125,0.0012078915581801102,0.00017150005810328558,0.05386662739330751,9.211252742244181e-05
A5129705205,0.0005368406925244934,0.0,0.05235654144871786,9.202144786566946e-05
A5129724645,0.0005368406925244934,0.0,0.05235654144871786,9.202144786566946e-05
A5129678195,0.0005368406925244934,0.0,0.05235654144871786,9.202144786566946e-05
A5129726591,0.0005368406925244934,0.0,0.05235654144871786,9.202144786566946e-05
A5123359358,0.0005368406925244934,3.0024647232913496e-08,0.0008388135820695209,9.197144118566929e-05
A5126262670,0.0005368406925244934,3.0024647232913496e-08,0.0008388135820695209,9.197144118566929e-05
A5136773117,0.0005368406925244934,3.0024647232913496e-08,0.0008388135820695209,9.197144118566929e-05
A5113012247,0.0012078915581801102,3.034943803698817e-06,0.00615658666926953,9.193936761607072e-05
A5072567250,0.0012078915581801102,3.034943803698817e-06,0.00615658666926953,9.193936761607072e-05
A5108782097,0.0008052610387867401,0.00020532397902582242,0.029086299189661068,9.192015026659745e-05
A5023113797,0.0008052610387867401,0.00020532397902582242,0.029086299189661068,9.192015026659745e-05
A5027385468,0.0008052610387867401,0.00020532397902582242,0.029086299189661068,9.192015026659745e-05
A5000602333,0.0012078915581801102,0.00013032283770192133,0.05371805907504386,9.186161309886835e-05
A5006103601,0.0012078915581801102,0.00013032283770192133,0.05371805907504386,9.186161309886835e-05
A5121951039,0.0024157831163602204,1.9387626802281282e-07,0.013224939523586618,9.182371291041751e-05
A5085874769,0.0024157831163602204,1.9387626802281282e-07,0.013224939523586618,9.182371291041751e-05
A5121968098,0.0024157831163602204,1.9387626802281282e-07,0.013224939523586618,9.182371291041751e-05
A5121964248,0.0024157831163602204,1.9387626802281282e-07,0.013224939523586618,9.182371291041751e-05
A5121948811,0.0024157831163602204,1.9387626802281282e-07,0.013224939523586618,9.182371291041751e-05
A5121929092,0.0024157831163602204,1.9387626802281282e-07,0.013224939523586618,9.182371291041751e-05
A5121972120,0.0024157831163602204,1.9387626802281282e-07,0.013224939523586618,9.182371291041751e-05
A5121977166,0.0024157831163602204,1.9387626802281282e-07,0.013224939523586618,9.182371291041751e-05
A5121970945,0.0024157831163602204,1.9387626802281282e-07,0.013224939523586618,9.182371291041751e-05
A5129709377,0.0025499932894913436,2.0799977929196337e-07,0.013257274339047711,9.181260441064058e-05
A5129722438,0.0025499932894913436,2.0799977929196337e-07,0.013257274339047711,9.181260441064058e-05
A5129749146,0.0025499932894913436,2.0799977929196337e-07,0.013257274339047711,9.181260441064058e-05
A5129723627,0.0025499932894913436,2.0799977929196337e-07,0.013257274339047711,9.181260441064058e-05
A5129674933,0.0025499932894913436,2.0799977929196337e-07,0.013257274339047711,9.181260441064058e-05
A5129739876,0.0025499932894913436,2.0799977929196337e-07,0.013257274339047711,9.181260441064058e-05
A5012207972,0.0025499932894913436,2.0799977929196337e-07,0.013257274339047711,9.181260441064058e-05
A5129725786,0.0025499932894913436,2.0799977929196337e-07,0.013257274339047711,9.181260441064058e-05
A5080830696,0.0025499932894913436,2.0799977929196337e-07,0.013257274339047711,9.181260441064058e-05
A5007973770,0.0025499932894913436,2.0799977929196337e-07,0.013257274339047711,9.181260441064058e-05
A5079670135,0.0010736813850489868,1.4819860928531514e-06,0.005706948317019508,9.179806781252022e-05
A5028753652,0.0010736813850489868,1.4819860928531514e-06,0.005706948317019508,9.179806781252022e-05
A5008596384,0.0010736813850489868,1.4819860928531514e-06,0.005706948317019508,9.179806781252022e-05
A5090965257,0.0006710508656556167,1.4751430775699703e-06,0.03918146658830545,9.175886524631418e-05
A5014549353,0.0006710508656556167,1.4751430775699703e-06,0.03918146658830545,9.175886524631418e-05
A5070675941,0.0006710508656556167,1.4751430775699703e-06,0.03918146658830545,9.175886524631418e-05
A5078872062,0.0006710508656556167,1.4751430775699703e-06,0.03918146658830545,9.175886524631418e-05
LOCAL_A000624,0.0012078915581801102,5.443700257111174e-05,0.058668442274809565,9.175688099488267e-05
A5075983792,0.00040263051939337007,0.0,0.04097121156573192,9.167127504607547e-05
A5027018014,0.0005368406925244934,2.316187072253327e-08,0.0455529361859257,9.166723604147725e-05
A5067957815,0.0005368406925244934,1.80147883397481e-08,0.04094660138897995,9.164143749271743e-05
LOCAL_A000096,0.0005368406925244934,1.80147883397481e-08,0.04094660138897995,9.164143749271743e-05
A5112706783,0.0012078915581801102,0.00015675262036880864,0.05190270707280067,9.150382376885326e-05
A5109665139,0.0012078915581801102,0.00015675262036880864,0.05190270707280067,9.150382376885326e-05
A5003463460,0.0012078915581801102,0.00015675262036880864,0.05190270707280067,9.150382376885326e-05
A5006331869,0.00040263051939337007,6.536966195549926e-05,0.02997570722549761,9.145811524611107e-05
A5070564589,0.00040263051939337007,6.536966195549926e-05,0.02997570722549761,9.145811524611107e-05
A5030631827,0.0009394712119178635,1.000801711315312e-06,0.05305872473721701,9.142649431601832e-05
A5002238892,0.0010736813850489868,1.9532347147251412e-06,0.006990113183912674,9.136020792504802e-05
A5081032657,0.0010736813850489868,1.9532347147251412e-06,0.006990113183912674,9.136020792504802e-05
A5003423239,0.0010736813850489868,1.9532347147251412e-06,0.006990113183912674,9.136020792504802e-05
A5062663112,0.0006710508656556167,4.5351514772762675e-08,0.03264099967074895,9.133910053988039e-05
A5072945695,0.0006710508656556167,4.5351514772762675e-08,0.03264099967074895,9.133910053988039e-05
LOCAL_A000005,0.0005368406925244934,0.0,0.05239523579158652,9.130739243826407e-05
A5120116412,0.0005368406925244934,0.0,0.05239523579158652,9.130739243826407e-05
A5055683391,0.0005368406925244934,0.0,0.05239523579158652,9.130739243826407e-05
A5134019745,0.0008052610387867401,2.0074017222275897e-05,0.05082366418495676,9.127003394855522e-05
A5134015655,0.0008052610387867401,2.0074017222275897e-05,0.05082366418495676,9.127003394855522e-05
A5103742538,0.0008052610387867401,2.0074017222275897e-05,0.05082366418495676,9.127003394855522e-05
A5035626329,0.0008052610387867401,2.0074017222275897e-05,0.05082366418495676,9.127003394855522e-05
A5048753083,0.0005368406925244934,2.311274965370624e-06,0.0535589762215036,9.126678571688934e-05
A5012852285,0.0005368406925244934,0.0,0.035686572860606,9.126521782216112e-05
A5034547214,0.0005368406925244934,0.0,0.035686572860606,9.126521782216112e-05
A5018775716,0.0005368406925244934,0.0,0.035686572860606,9.126521782216112e-05
A5041445983,0.00040263051939337007,0.0,0.05154796385196164,9.118511192585297e-05
A5065237636,0.0006710508656556167,5.444069036271254e-05,0.033817470733104316,9.117398505378792e-05
A5080542795,0.0006710508656556167,5.444069036271254e-05,0.033817470733104316,9.117398505378792e-05
A5069627644,0.0006710508656556167,5.444069036271254e-05,0.033817470733104316,9.117398505378792e-05
A5091724281,0.0017447322507046035,1.7880412296188208e-07,0.0023863223466485104,9.114389516323872e-05
A5111911511,0.0017447322507046035,1.7880412296188208e-07,0.0023863223466485104,9.114389516323872e-05
LOCAL_A000574,0.0017447322507046035,1.7880412296188208e-07,0.0023863223466485104,9.114389516323872e-05
A5015622316,0.0017447322507046035,1.7880412296188208e-07,0.0023863223466485104,9.114389516323872e-05
A5046308015,0.0017447322507046035,1.7880412296188208e-07,0.0023863223466485104,9.114389516323872e-05
A5030715845,0.0017447322507046035,1.7880412296188208e-07,0.0023863223466485104,9.114389516323872e-05
A5021265784,0.0017447322507046035,1.7880412296188208e-07,0.0023863223466485104,9.114389516323872e-05
A5030069786,0.0008052610387867401,1.0208380059190607e-07,0.0069180501613981095,9.10899627717005e-05
A5102899700,0.0008052610387867401,1.0208380059190607e-07,0.0069180501613981095,9.10899627717005e-05
LOCAL_A000539,0.0008052610387867401,1.0208380059190607e-07,0.0069180501613981095,9.10899627717005e-05
A5087105083,0.0008052610387867401,1.0208380059190607e-07,0.0069180501613981095,9.10899627717005e-05
A5100755541,0.0008052610387867401,1.0208380059190607e-07,0.0069180501613981095,9.10899627717005e-05
A5132986591,0.0021473627700979736,2.653060007504743e-07,0.013160740788035228,9.102580082075233e-05
A5132988298,0.0021473627700979736,2.653060007504743e-07,0.013160740788035228,9.102580082075233e-05
A5132988667,0.0021473627700979736,2.653060007504743e-07,0.013160740788035228,9.102580082075233e-05
A5132990251,0.0021473627700979736,2.653060007504743e-07,0.013160740788035228,9.102580082075233e-05
A5132976383,0.0021473627700979736,2.653060007504743e-07,0.013160740788035228,9.102580082075233e-05
A5132997043,0.0021473627700979736,2.653060007504743e-07,0.013160740788035228,9.102580082075233e-05
A5132979210,0.0021473627700979736,2.653060007504743e-07,0.013160740788035228,9.102580082075233e-05
A5132984408,0.0021473627700979736,2.653060007504743e-07,0.013160740788035228,9.102580082075233e-05
A5132980108,0.0021473627700979736,2.653060007504743e-07,0.013160740788035228,9.102580082075233e-05
A5132998477,0.0021473627700979736,2.653060007504743e-07,0.013160740788035228,9.102580082075233e-05
A5106258038,0.0010736813850489868,1.2256521552645536e-05,0.05616064010653053,9.092497087833537e-05
LOCAL_A000572,0.0010736813850489868,1.2256521552645536e-05,0.05616064010653053,9.092497087833537e-05
A5101974200,0.0010736813850489868,1.2256521552645536e-05,0.05616064010653053,9.092497087833537e-05
A5135073893,0.0010736813850489868,2.9870046090883914e-05,0.05944769709270803,9.08931507055633e-05
A5135069444,0.0010736813850489868,2.9870046090883914e-05,0.05944769709270803,9.08931507055633e-05
A5135088089,0.0010736813850489868,2.9870046090883914e-05,0.05944769709270803,9.08931507055633e-05
A5135077615,0.0010736813850489868,2.9870046090883914e-05,0.05944769709270803,9.08931507055633e-05
A5055316375,0.0010736813850489868,2.9870046090883914e-05,0.05944769709270803,9.08931507055633e-05
A5135080598,0.0010736813850489868,2.9870046090883914e-05,0.05944769709270803,9.08931507055633e-05
A5128617275,0.0005368406925244934,0.0,0.04931204833125583,9.079754896634042e-05
A5128342307,0.0005368406925244934,0.0,0.04931204833125583,9.079754896634042e-05
A5128503682,0.0005368406925244934,0.0,0.04931204833125583,9.079754896634042e-05
A5128645162,0.0005368406925244934,0.0,0.04931204833125583,9.079754896634042e-05
A5124943248,0.00040263051939337007,0.0,0.0445375962086191,9.070962112629589e-05
A5124888030,0.00040263051939337007,0.0,0.0445375962086191,9.070962112629589e-05
A5124939854,0.00040263051939337007,0.0,0.0445375962086191,9.070962112629589e-05
A5120054875,0.0008052610387867401,7.865343538338679e-07,0.04932302669121159,9.069760995396783e-05
A5129434995,0.0008052610387867401,7.865343538338679e-07,0.04932302669121159,9.069760995396783e-05
A5129411191,0.0008052610387867401,7.865343538338679e-07,0.04932302669121159,9.069760995396783e-05
A5019965004,0.0005368406925244934,2.7715058984227845e-09,0.0010960497472375073,9.066814688313515e-05
A5012007941,0.0005368406925244934,2.7715058984227845e-09,0.0010960497472375073,9.066814688313515e-05
A5023056660,0.0005368406925244934,2.7715058984227845e-09,0.0010960497472375073,9.066814688313515e-05
A5011071867,0.0009394712119178635,9.007394169874048e-08,0.0010323859471624874,9.060888828509199e-05
A5109295168,0.0009394712119178635,9.007394169874048e-08,0.0010323859471624874,9.060888828509199e-05
A5040180866,0.0009394712119178635,1.7765949996429098e-05,0.04876526733036173,9.05936528807051e-05
A5083452888,0.0009394712119178635,1.7765949996429098e-05,0.04876526733036173,9.05936528807051e-05
A5072923302,0.0009394712119178635,1.7765949996429098e-05,0.04876526733036173,9.05936528807051e-05
A5085593383,0.0009394712119178635,1.7765949996429098e-05,0.04876526733036173,9.05936528807051e-05
A5103928365,0.0002684203462622467,0.00013089545207660967,0.03290949274216423,9.057530997902334e-05
A5032059076,0.00040263051939337007,0.0,0.001052207757348007,9.05303333704764e-05
A5091570362,0.00040263051939337007,0.0,0.001052207757348007,9.05303333704764e-05
A5066150494,0.0002684203462622467,0.0,0.000483156623272044,9.048132840708441e-05
A5006213260,0.0002684203462622467,0.0,0.000483156623272044,9.048132840708441e-05
A5092900286,0.0006710508656556167,3.269684083664279e-05,0.04233241714727231,9.04342862330206e-05
A5092900285,0.0006710508656556167,3.269684083664279e-05,0.04233241714727231,9.04342862330206e-05
A5054882120,0.0006710508656556167,3.269684083664279e-05,0.04233241714727231,9.04342862330206e-05
A5092900287,0.0006710508656556167,3.269684083664279e-05,0.04233241714727231,9.04342862330206e-05
A5070999622,0.0009394712119178635,4.643812105357287e-08,0.0014365459272183201,9.035546585938825e-05
A5046987906,0.0009394712119178635,4.643812105357287e-08,0.0014365459272183201,9.035546585938825e-05
A5074230194,0.0009394712119178635,4.643812105357287e-08,0.0014365459272183201,9.035546585938825e-05
A5017887478,0.0002684203462622467,0.0,0.0006014604055135527,8.998715570284805e-05
A5091597013,0.0002684203462622467,0.0,0.0006014604055135527,8.998715570284805e-05
A5059158135,0.0005368406925244934,0.0,0.040028312957269906,8.99864634531277e-05
LOCAL_A000533,0.0005368406925244934,0.0,0.040028312957269906,8.99864634531277e-05
A5065438450,0.0008052610387867401,0.0002239214599836658,0.029086299189661068,8.998626981901114e-05
A5013901116,0.0008052610387867401,0.0002239214599836658,0.029086299189661068,8.998626981901114e-05
A5129476969,0.0005368406925244934,7.20591533589924e-08,0.0005592090547130139,8.991837211127086e-05
A5128559504,0.0005368406925244934,7.20591533589924e-08,0.0005592090547130139,8.991837211127086e-05
LOCAL_A000598,0.00040263051939337007,0.0,0.05202611445451602,8.988338642979132e-05
A5058766877,0.00040263051939337007,0.0,0.05202611445451602,8.988338642979132e-05
A5097712967,0.00040263051939337007,0.0,0.05202611445451602,8.988338642979132e-05
A5070562283,0.0005368406925244934,6.969381164998226e-05,0.04458465124951569,8.984416315586117e-05
A5100777968,0.0005368406925244934,6.969381164998226e-05,0.04458465124951569,8.984416315586117e-05
A5084547760,0.00040263051939337007,0.0,0.0501932440633796,8.977549398351699e-05
A5071619309,0.00040263051939337007,0.0,0.0501932440633796,8.977549398351699e-05
A5053219066,0.00040263051939337007,1.080887300384886e-07,0.002283436973411473,8.97536221404722e-05
A5069332870,0.00040263051939337007,1.080887300384886e-07,0.002283436973411473,8.97536221404722e-05
A5061693096,0.0006710508656556167,0.000276243911484071,0.0475396609924896,8.974276253611573e-05
A5072055957,0.0006710508656556167,0.000276243911484071,0.0475396609924896,8.974276253611573e-05
A5035059477,0.0006710508656556167,0.000276243911484071,0.0475396609924896,8.974276253611573e-05
A5038741719,0.0006710508656556167,0.000276243911484071,0.0475396609924896,8.974276253611573e-05
A5024823282,0.0005368406925244934,4.5165266147206316e-05,0.030955787985712992,8.968877969794167e-05
A5016349144,0.0005368406925244934,4.5165266147206316e-05,0.030955787985712992,8.968877969794167e-05
A5010537634,0.00040263051939337007,2.1749854455522346e-05,0.029978242297655645,8.966812347441634e-05
A5034916559,0.0008052610387867401,1.9690659401486108e-05,0.059163922993690866,8.96496935188936e-05
A5058199474,0.0008052610387867401,1.9690659401486108e-05,0.059163922993690866,8.96496935188936e-05
A5101287236,0.0008052610387867401,1.9690659401486108e-05,0.059163922993690866,8.96496935188936e-05
A5063894861,0.0008052610387867401,1.9690659401486108e-05,0.059163922993690866,8.96496935188936e-05
A5110810020,0.0005368406925244934,0.0,0.038475494217344995,8.964055931375958e-05
A5043189560,0.0005368406925244934,0.0,0.038475494217344995,8.964055931375958e-05
A5106344374,0.0005368406925244934,0.0,0.038475494217344995,8.964055931375958e-05
A5029859092,0.0005368406925244934,0.0,0.03573405998350768,8.956119765416638e-05
A5070416393,0.0005368406925244934,0.0,0.03573405998350768,8.956119765416638e-05
A5024203074,0.0005368406925244934,0.0,0.03573405998350768,8.956119765416638e-05
A5025542439,0.0008052610387867401,1.341936314707761e-05,0.05650260268815344,8.945677584491291e-05
A5035240489,0.00040263051939337007,9.908133586861455e-08,0.0008768397977900058,8.944856405538178e-05
A5034643812,0.00040263051939337007,9.908133586861455e-08,0.0008768397977900058,8.944856405538178e-05
A5036994574,0.0009394712119178635,5.366252172328052e-06,0.04738333487827823,8.943271351431593e-05
A5073007383,0.0009394712119178635,5.366252172328052e-06,0.04738333487827823,8.943271351431593e-05
A5049441779,0.0009394712119178635,5.366252172328052e-06,0.04738333487827823,8.943271351431593e-05
A5011347329,0.0009394712119178635,5.366252172328052e-06,0.04738333487827823,8.943271351431593e-05
A5004237375,0.0009394712119178635,5.366252172328052e-06,0.04738333487827823,8.943271351431593e-05
A5018810877,0.00040263051939337007,0.0,0.04468807244199584,8.942349108441086e-05
LOCAL_A000722,0.00040263051939337007,0.0,0.04468807244199584,8.942349108441086e-05
LOCAL_A000720,0.00040263051939337007,0.0,0.04468807244199584,8.942349108441086e-05
A5015332154,0.00040263051939337007,0.0,0.04468807244199584,8.942349108441086e-05
A5030680943,0.00040263051939337007,0.0,0.04468807244199584,8.942349108441086e-05
LOCAL_A000721,0.00040263051939337007,0.0,0.04468807244199584,8.942349108441086e-05
A5027038320,0.00040263051939337007,5.147082382785171e-09,0.000597845316675004,8.933240255840915e-05
A5126611252,0.00040263051939337007,5.147082382785171e-09,0.000597845316675004,8.933240255840915e-05
A5025937752,0.0002684203462622467,0.0,0.04108613382915288,8.931725436037765e-05
A5045964701,0.0002684203462622467,0.0,0.04108613382915288,8.931725436037765e-05
A5018189411,0.0005368406925244934,2.2518485424685124e-08,0.0017471288609390877,8.917454956888321e-05
A5071582722,0.0005368406925244934,2.2518485424685124e-08,0.0017471288609390877,8.917454956888321e-05
A5052919611,0.0009394712119178635,1.2047985096060257e-06,0.05126319318337471,8.898237743194481e-05
A5063731624,0.00040263051939337007,0.0,0.05426907257178717,8.889252255112908e-05
A5005524833,0.00040263051939337007,0.0,0.05426907257178717,8.889252255112908e-05
A5108738732,0.00040263051939337007,0.0,0.05426907257178717,8.889252255112908e-05
A5102981857,0.00040263051939337007,0.00013087743728826994,0.03710922386721378,8.887475072006667e-05
A5106361655,0.0006710508656556167,2.2460807173628855e-05,0.03918146658830545,8.880104700312641e-05
A5060773603,0.0006710508656556167,2.2460807173628855e-05,0.03918146658830545,8.880104700312641e-05
A5104246908,0.0006710508656556167,2.2460807173628855e-05,0.03918146658830545,8.880104700312641e-05
A5062820147,0.0005368406925244934,5.183430842041904e-05,0.04469032605769175,8.875664656561537e-05
A5033734566,0.0005368406925244934,5.183430842041904e-05,0.04469032605769175,8.875664656561537e-05
A5079652119,0.0002684203462622467,0.0,0.030151126024905113,8.864507489704949e-05
A5059207282,0.0002684203462622467,0.0,0.030151126024905113,8.864507489704949e-05
A5060548857,0.0012078915581801102,6.0568928242562005e-05,0.058248114931050254,8.8630553817964e-05
A5046084609,0.0006710508656556167,6.426694778638567e-05,0.034383642910780395,8.860991178501006e-05
A5057164223,0.0006710508656556167,6.426694778638567e-05,0.034383642910780395,8.860991178501006e-05
A5028286533,0.0006710508656556167,6.426694778638567e-05,0.034383642910780395,8.860991178501006e-05
A5036386687,0.0006710508656556167,6.426694778638567e-05,0.034383642910780395,8.860991178501006e-05
A5056461673,0.0006710508656556167,6.426694778638567e-05,0.034383642910780395,8.860991178501006e-05
A5053204545,0.0006710508656556167,6.426694778638567e-05,0.034383642910780395,8.860991178501006e-05
A5091100497,0.0006710508656556167,6.426694778638567e-05,0.034383642910780395,8.860991178501006e-05
A5071261094,0.0006710508656556167,6.426694778638567e-05,0.034383642910780395,8.860991178501006e-05
A5024457808,0.0006710508656556167,6.426694778638567e-05,0.034383642910780395,8.860991178501006e-05
A5036292398,0.0006710508656556167,5.0741773922216935e-05,0.034383642910780395,8.857831804292285e-05
A5073228774,0.0006710508656556167,5.0741773922216935e-05,0.034383642910780395,8.857831804292285e-05
A5015367073,0.0006710508656556167,5.0741773922216935e-05,0.034383642910780395,8.857831804292285e-05
A5004611183,0.0006710508656556167,5.0741773922216935e-05,0.034383642910780395,8.857831804292285e-05
A5014407605,0.0006710508656556167,5.0741773922216935e-05,0.034383642910780395,8.857831804292285e-05
A5002407497,0.0006710508656556167,5.0741773922216935e-05,0.034383642910780395,8.857831804292285e-05
A5024816987,0.00040263051939337007,0.0,0.0011817042073252568,8.835062536291841e-05
A5006566365,0.00040263051939337007,0.0,0.0011817042073252568,8.835062536291841e-05
A5025664353,0.00040263051939337007,0.0,0.0011817042073252568,8.835062536291841e-05
A5028563714,0.0013421017313112334,6.566645182983608e-05,0.05289720172870522,8.83410515252762e-05
A5055220887,0.0013421017313112334,6.566645182983608e-05,0.05289720172870522,8.83410515252762e-05
A5015976746,0.0013421017313112334,6.566645182983608e-05,0.05289720172870522,8.83410515252762e-05
A5086743869,0.0013421017313112334,6.566645182983608e-05,0.05289720172870522,8.83410515252762e-05
A5100662935,0.0010736813850489868,4.182502848026075e-06,0.006990113183912674,8.827549820036786e-05
A5016399927,0.0012078915581801102,8.544111633372098e-06,0.05289562303763384,8.826815004718541e-05
A5076923993,0.0012078915581801102,8.544111633372098e-06,0.05289562303763384,8.826815004718541e-05
A5078122387,0.0012078915581801102,8.544111633372098e-06,0.05289562303763384,8.826815004718541e-05
A5070885088,0.0012078915581801102,8.544111633372098e-06,0.05289562303763384,8.826815004718541e-05
A5012907404,0.0012078915581801102,8.544111633372098e-06,0.05289562303763384,8.826815004718541e-05
A5061478001,0.0012078915581801102,8.544111633372098e-06,0.05289562303763384,8.826815004718541e-05
A5016895866,0.0009394712119178635,2.7428996543138238e-05,0.058457523042382574,8.817496191522597e-05
A5000192304,0.0009394712119178635,2.7428996543138238e-05,0.058457523042382574,8.817496191522597e-05
A5108934667,0.00013421017313112335,0.0,0.00023859586334421928,8.816261626106876e-05
A5055267657,0.0013421017313112334,4.29352455430663e-08,0.0018495839484632935,8.811094596468681e-05
A5128214906,0.00040263051939337007,6.0049294465827e-09,0.040955116949856665,8.803769514436396e-05
A5093294021,0.00040263051939337007,6.0049294465827e-09,0.040955116949856665,8.803769514436396e-05
LOCAL_A000527,0.0006710508656556167,0.0,0.052440192944020275,8.799126886477313e-05
A5120882202,0.0006710508656556167,0.0,0.052440192944020275,8.799126886477313e-05
A5120946312,0.0006710508656556167,0.0,0.052440192944020275,8.799126886477313e-05
LOCAL_A000617,0.0010736813850489868,0.0001328147181374775,0.05318131368325973,8.798307718924832e-05
A5030383833,0.0006710508656556167,3.301816239946033e-06,0.04122566154451984,8.791171139661271e-05
A5072566978,0.0006710508656556167,3.301816239946033e-06,0.04122566154451984,8.791171139661271e-05
A5055350688,0.0006710508656556167,3.301816239946033e-06,0.04122566154451984,8.791171139661271e-05
A5100393094,0.0005368406925244934,0.0,0.006847457812812415,8.789374882532322e-05
A5101555441,0.0005368406925244934,0.0,0.006847457812812415,8.789374882532322e-05
A5062041023,0.0005368406925244934,0.0,0.006847457812812415,8.789374882532322e-05
A5043677244,0.0005368406925244934,0.0,0.006847457812812415,8.789374882532322e-05
A5033485941,0.0013421017313112334,1.3764489552316116e-05,0.05664164268070682,8.787906361058546e-05
A5010077597,0.0013421017313112334,1.3764489552316116e-05,0.05664164268070682,8.787906361058546e-05
A5051185903,0.0013421017313112334,1.3764489552316116e-05,0.05664164268070682,8.787906361058546e-05
A5035696819,0.001878942423835727,5.966063103260646e-05,0.05512140452578208,8.781470070049843e-05
A5112575468,0.001878942423835727,5.966063103260646e-05,0.05512140452578208,8.781470070049843e-05
A5097105432,0.001878942423835727,5.966063103260646e-05,0.05512140452578208,8.781470070049843e-05
A5030054157,0.0009394712119178635,6.485323802309316e-08,0.0014365459272183201,8.775777428470086e-05
A5109603511,0.0009394712119178635,6.485323802309316e-08,0.0014365459272183201,8.775777428470086e-05
A5119227694,0.00040263051939337007,0.0,0.0023155980575440293,8.772565680755274e-05
LOCAL_A000573,0.00040263051939337007,0.0,0.0023155980575440293,8.772565680755274e-05
A5073605632,0.00040263051939337007,0.0,0.05499142541489287,8.762932599526161e-05
A5034636962,0.00040263051939337007,3.60295766794962e-08,0.0006607270061839919,8.734036379080666e-05
LOCAL_A000614,0.0002684203462622467,4.80394355726616e-08,0.000483156623272044,8.733451063145157e-05
A5015751719,0.0002684203462622467,4.80394355726616e-08,0.000483156623272044,8.733451063145157e-05
A5005952694,0.00040263051939337007,2.6133452951530265e-05,0.03710922386721378,8.732115274361223e-05
A5058063287,0.0005368406925244934,0.0,0.04596643086057361,8.73168889264054e-05
A5102530480,0.0006710508656556167,7.730050500685519e-05,0.039202265845081886,8.730671214436078e-05
A5102428787,0.0006710508656556167,7.730050500685519e-05,0.039202265845081886,8.730671214436078e-05
A5081765985,0.0006710508656556167,7.730050500685519e-05,0.039202265845081886,8.730671214436078e-05
A5118514486,0.0005368406925244934,0.0,0.03573261912304181,8.730620838312073e-05
LOCAL_A000733,0.0005368406925244934,0.0,0.03573261912304181,8.730620838312073e-05
A5019391401,0.0005368406925244934,0.0,0.03573261912304181,8.730620838312073e-05
A5101739118,0.0009394712119178635,6.590962969053753e-07,0.005675065924186997,8.716865817153178e-05
A5108293775,0.0009394712119178635,6.590962969053753e-07,0.005675065924186997,8.716865817153178e-05
A5016811667,0.0009394712119178635,6.590962969053753e-07,0.005675065924186997,8.716865817153178e-05
A5103046358,0.0009394712119178635,6.590962969053753e-07,0.005675065924186997,8.716865817153178e-05
LOCAL_A000535,0.00040263051939337007,3.0475016941407206e-07,0.030928778311176987,8.713773441992786e-05
LOCAL_A000098,0.0005368406925244934,3.997567317296483e-07,0.0011064155736175535,8.711955376938075e-05
LOCAL_A000549,0.0005368406925244934,0.0,0.05019750881165733,8.70773156331583e-05
A5124890262,0.0005368406925244934,0.0,0.05019750881165733,8.70773156331583e-05
A5124890289,0.0005368406925244934,0.0,0.05019750881165733,8.70773156331583e-05
A5138162018,0.0008052610387867401,7.445603430553986e-08,0.04987544014863792,8.701260059673435e-05
A5138125595,0.0008052610387867401,7.445603430553986e-08,0.04987544014863792,8.701260059673435e-05
A5138152850,0.0008052610387867401,7.445603430553986e-08,0.04987544014863792,8.701260059673435e-05
A5138166377,0.0008052610387867401,7.445603430553986e-08,0.04987544014863792,8.701260059673435e-05
A5060053093,0.0006710508656556167,8.776435345005484e-09,0.040011143895116986,8.69285404107071e-05
A5000427458,0.0006710508656556167,8.776435345005484e-09,0.040011143895116986,8.69285404107071e-05
A5112860829,0.0006710508656556167,8.776435345005484e-09,0.040011143895116986,8.69285404107071e-05
A5077324612,0.00040263051939337007,0.0,0.045357089802487385,8.683390778212548e-05
A5106596649,0.00040263051939337007,0.0,0.045357089802487385,8.683390778212548e-05
A5113339637,0.00040263051939337007,0.0,0.045357089802487385,8.683390778212548e-05
A5047208892,0.0006710508656556167,0.0001853181276509801,0.033817470733104316,8.677389346149864e-05
A5028857740,0.0010736813850489868,1.981626717372291e-08,0.0016149957500111842,8.674429039678443e-05
A5003674306,0.0010736813850489868,1.981626717372291e-08,0.0016149957500111842,8.674429039678443e-05
A5105370959,0.0010736813850489868,1.981626717372291e-08,0.0016149957500111842,8.674429039678443e-05
A5057749394,0.0010736813850489868,1.981626717372291e-08,0.0016149957500111842,8.674429039678443e-05
A5039672274,0.0010736813850489868,1.981626717372291e-08,0.0016149957500111842,8.674429039678443e-05
A5038895380,0.0012078915581801102,1.7723062224613e-05,0.05374249192279927,8.66861967831398e-05
A5005289149,0.0012078915581801102,1.7723062224613e-05,0.05374249192279927,8.66861967831398e-05
A5089470104,0.0012078915581801102,1.7723062224613e-05,0.05374249192279927,8.66861967831398e-05
A5053892732,0.0012078915581801102,1.7723062224613e-05,0.05374249192279927,8.66861967831398e-05
LOCAL_A000712,0.0009394712119178635,4.803327175458377e-06,0.04739600591314339,8.655621098068876e-05
LOCAL_A000713,0.0009394712119178635,4.803327175458377e-06,0.04739600591314339,8.655621098068876e-05
LOCAL_A000714,0.0009394712119178635,4.803327175458377e-06,0.04739600591314339,8.655621098068876e-05
A5035470871,0.0009394712119178635,4.803327175458377e-06,0.04739600591314339,8.655621098068876e-05
A5082745090,0.0005368406925244934,6.540268906745546e-05,0.033816825496975775,8.652471876025982e-05
A5109525017,0.0005368406925244934,6.540268906745546e-05,0.033816825496975775,8.652471876025982e-05
A5087900851,0.00013421017313112335,0.0,0.0004392332938836763,8.643724406300621e-05
A5054805148,0.0009394712119178635,5.0730632664930465e-05,0.05844017545245308,8.643070516838177e-05
A5100631783,0.0009394712119178635,5.0730632664930465e-05,0.05844017545245308,8.643070516838177e-05
A5045332874,0.0009394712119178635,5.0730632664930465e-05,0.05844017545245308,8.643070516838177e-05
A5108312301,0.0005368406925244934,0.029775547642525043,0.04715891868988631,8.636830395642781e-05
A5101412722,0.0006710508656556167,4.46801064708305e-06,0.04233342826383541,8.614469496752498e-05
A5063689926,0.00040263051939337007,0.0,0.001985297655373598,8.612840726136568e-05
A5100696961,0.00040263051939337007,0.0,0.001985297655373598,8.612840726136568e-05
A5000225753,0.00040263051939337007,0.0,0.001985297655373598,8.612840726136568e-05
A5060501800,0.00040263051939337007,0.0,0.001985297655373598,8.612840726136568e-05
A5101852052,0.00040263051939337007,0.0,0.001985297655373598,8.612840726136568e-05
A5058979345,0.00040263051939337007,0.0,0.001985297655373598,8.612840726136568e-05
A5135480789,0.0006710508656556167,6.6196846724815245e-06,0.04918068819362886,8.602719127112984e-05
A5135434178,0.0006710508656556167,6.6196846724815245e-06,0.04918068819362886,8.602719127112984e-05
A5132943204,0.0006710508656556167,6.6196846724815245e-06,0.04918068819362886,8.602719127112984e-05
A5136527356,0.0006710508656556167,6.6196846724815245e-06,0.04918068819362886,8.602719127112984e-05
A5136549000,0.0006710508656556167,6.6196846724815245e-06,0.04918068819362886,8.602719127112984e-05
A5136580768,0.0006710508656556167,6.6196846724815245e-06,0.04918068819362886,8.602719127112984e-05
A5135526446,0.0006710508656556167,6.6196846724815245e-06,0.04918068819362886,8.602719127112984e-05
A5135488699,0.0006710508656556167,6.6196846724815245e-06,0.04918068819362886,8.602719127112984e-05
A5108726909,0.00040263051939337007,6.0049294465827e-09,0.03739973920915799,8.595336231983204e-05
LOCAL_A000385,0.00040263051939337007,0.0,0.030947680131342716,8.591013688608249e-05
LOCAL_A000386,0.00040263051939337007,0.0,0.030947680131342716,8.591013688608249e-05
LOCAL_A000387,0.00040263051939337007,0.0,0.030947680131342716,8.591013688608249e-05
A5012512059,0.0012078915581801102,0.00011414909878435218,0.053708292155212035,8.584778661899683e-05
LOCAL_A000530,0.0012078915581801102,0.00011414909878435218,0.053708292155212035,8.584778661899683e-05
A5016501250,0.0002684203462622467,1.80147883397481e-08,0.0003019728895450275,8.582246731241527e-05
A5006098346,0.0002684203462622467,1.80147883397481e-08,0.0003019728895450275,8.582246731241527e-05
A5103041986,0.00040263051939337007,0.0,0.042517239387851964,8.581891377774909e-05
A5101663833,0.00040263051939337007,0.0,0.042517239387851964,8.581891377774909e-05
A5101900159,0.00040263051939337007,0.0,0.042517239387851964,8.581891377774909e-05
A5109469192,0.0008052610387867401,0.00011002225282545115,0.052614547322982756,8.578640605382803e-05
A5079259160,0.0008052610387867401,0.00011002225282545115,0.052614547322982756,8.578640605382803e-05
A5108310133,0.0008052610387867401,0.00011002225282545115,0.052614547322982756,8.578640605382803e-05
A5078556006,0.0008052610387867401,4.503697084937025e-07,0.0012582203731042812,8.577865446844038e-05
A5088337340,0.0002684203462622467,0.0,0.0011937641715347286,8.577037274768305e-05
A5011268524,0.0010736813850489868,9.193261033696847e-08,0.0021920994944750146,8.576789752189426e-05
A5134546392,0.0022815729432290968,2.281254361092527e-07,0.013192762055159402,8.564511482841828e-05
A5134550811,0.0022815729432290968,2.281254361092527e-07,0.013192762055159402,8.564511482841828e-05
A5134539793,0.0022815729432290968,2.281254361092527e-07,0.013192762055159402,8.564511482841828e-05
A5019745875,0.0022815729432290968,2.281254361092527e-07,0.013192762055159402,8.564511482841828e-05
A5134528492,0.0022815729432290968,2.281254361092527e-07,0.013192762055159402,8.564511482841828e-05
A5134548566,0.0022815729432290968,2.281254361092527e-07,0.013192762055159402,8.564511482841828e-05
A5134489233,0.0022815729432290968,2.281254361092527e-07,0.013192762055159402,8.564511482841828e-05
A5134553459,0.0022815729432290968,2.281254361092527e-07,0.013192762055159402,8.564511482841828e-05
A5033756063,0.0012078915581801102,0.00023245990534544446,0.05383553979472684,8.562419913942231e-05
A5015278628,0.0002684203462622467,0.0,0.0384271110101684,8.561297137237088e-05
A5108531741,0.0002684203462622467,0.0,0.0384271110101684,8.561297137237088e-05
A5137083886,0.0005368406925244934,0.0,0.0476611084820501,8.555262993847467e-05
A5020523273,0.0005368406925244934,0.0,0.0476611084820501,8.555262993847467e-05
A5069842035,0.0005368406925244934,0.0,0.0476611084820501,8.555262993847467e-05
A5075693129,0.0008052610387867401,1.1082436926248112e-05,0.05000913182816504,8.55132756747591e-05
A5012999481,0.0008052610387867401,1.1082436926248112e-05,0.05000913182816504,8.55132756747591e-05
A5100698220,0.0008052610387867401,1.1082436926248112e-05,0.05000913182816504,8.55132756747591e-05
A5117799111,0.0008052610387867401,1.1082436926248112e-05,0.05000913182816504,8.55132756747591e-05
A5041639816,0.0008052610387867401,1.1082436926248112e-05,0.05000913182816504,8.55132756747591e-05
A5074437529,0.0005368406925244934,0.0,0.044413713254197296,8.551029298422584e-05
LOCAL_A000085,0.0005368406925244934,0.0,0.044413713254197296,8.551029298422584e-05
A5060887728,0.0005368406925244934,0.0,0.044413713254197296,8.551029298422584e-05
A5085001179,0.0008052610387867401,0.0028871182006668943,0.054192742428435935,8.532677539380845e-05
A5110789313,0.0010736813850489868,1.3096465173975603e-07,0.0021920994944750146,8.529168971364945e-05
A5079271587,0.0010736813850489868,1.3096465173975603e-07,0.0021920994944750146,8.529168971364945e-05
A5112688126,0.0010736813850489868,1.3096465173975603e-07,0.0021920994944750146,8.529168971364945e-05
A5068549213,0.0006710508656556167,7.392660792052305e-06,0.041257330038455206,8.523116882241515e-05
A5061363296,0.0006710508656556167,7.392660792052305e-06,0.041257330038455206,8.523116882241515e-05
A5114098797,0.0009394712119178635,0.00013033283584449907,0.04740868372668174,8.515293282167089e-05
A5011206551,0.0009394712119178635,0.00013033283584449907,0.04740868372668174,8.515293282167089e-05
A5088949909,0.0009394712119178635,0.00013033283584449907,0.04740868372668174,8.515293282167089e-05
A5109654630,0.0009394712119178635,0.00013033283584449907,0.04740868372668174,8.515293282167089e-05
A5103269673,0.0006710508656556167,1.8200448475868739e-06,0.03918233278334875,8.507914588729845e-05
A5008475914,0.0006710508656556167,1.8200448475868739e-06,0.03918233278334875,8.507914588729845e-05
A5103220984,0.0006710508656556167,1.8200448475868739e-06,0.03918233278334875,8.507914588729845e-05
A5090872335,0.00040263051939337007,2.702218250962215e-08,0.0004793220468968691,8.507876551301215e-05
A5068776863,0.00040263051939337007,2.702218250962215e-08,0.0004793220468968691,8.507876551301213e-05
A5081382082,0.00040263051939337007,2.001643148860898e-07,0.0021632560800740274,8.504751881886568e-05
A5039137182,0.00040263051939337007,2.001643148860898e-07,0.0021632560800740274,8.504751881886568e-05
A5104338666,0.0006710508656556167,5.198230755711279e-05,0.052882996900551905,8.503265302124967e-05
A5111242591,0.0006710508656556167,5.198230755711279e-05,0.052882996900551905,8.503265302124967e-05
A5067691424,0.0005368406925244934,5.40443650192443e-08,0.000603945779090055,8.494096492659957e-05
A5037587230,0.0002684203462622467,0.0,0.030955247329921703,8.481357995119204e-05
A5059897834,0.0005368406925244934,0.0,0.005581520881480618,8.468414245027859e-05
A5075279250,0.0005368406925244934,0.0,0.005581520881480618,8.468414245027859e-05
A5065897099,0.0005368406925244934,0.0,0.005581520881480618,8.468414245027859e-05
A5027936517,0.0005368406925244934,0.0,0.005581520881480618,8.468414245027859e-05
A5030005142,0.0012078915581801102,4.323549201539544e-07,0.0012200924830102122,8.468028388343036e-05
A5113029034,0.0012078915581801102,4.323549201539544e-07,0.0012200924830102122,8.468028388343036e-05
A5107928007,0.0009394712119178635,2.5299989540634682e-08,0.053383140300653505,8.464672656489163e-05
A5091396479,0.0009394712119178635,2.5299989540634682e-08,0.053383140300653505,8.464672656489163e-05
A5004174989,0.0009394712119178635,2.5299989540634682e-08,0.053383140300653505,8.464672656489163e-05
A5046582092,0.0009394712119178635,2.5299989540634682e-08,0.053383140300653505,8.464672656489163e-05
A5085028163,0.0005368406925244934,3.2026290381774404e-08,0.0014249962500098685,8.463050091236674e-05
A5076947041,0.0005368406925244934,3.2026290381774404e-08,0.0014249962500098685,8.463050091236674e-05
A5051157727,0.0005368406925244934,3.2026290381774404e-08,0.0014249962500098685,8.463050091236674e-05
A5124934837,0.00040263051939337007,0.0,0.04259080216085926,8.462767794613303e-05
A5029517462,0.00040263051939337007,0.0,0.04259080216085926,8.462767794613303e-05
A5124906951,0.00040263051939337007,0.0,0.04259080216085926,8.462767794613303e-05
A5077326623,0.00040263051939337007,5.883930118233312e-05,0.03710922386721378,8.459450811204819e-05
A5034073288,0.0020131525969668503,4.917608293219333e-07,0.003688165277213727,8.457110510322837e-05
A5100732442,0.0020131525969668503,4.917608293219333e-07,0.003688165277213727,8.457110510322837e-05
A5109361678,0.0020131525969668503,4.917608293219333e-07,0.003688165277213727,8.457110510322837e-05
A5006481103,0.0020131525969668503,4.917608293219333e-07,0.003688165277213727,8.457110510322837e-05
A5025654358,0.0020131525969668503,4.917608293219333e-07,0.003688165277213727,8.457110510322837e-05
A5055671335,0.0006710508656556167,1.0236540955134205e-05,0.0563337880974508,8.449209235863263e-05
A5110015524,0.0006710508656556167,1.0236540955134205e-05,0.0563337880974508,8.449209235863263e-05
A5113245914,0.0006710508656556167,1.0236540955134205e-05,0.0563337880974508,8.449209235863263e-05
A5057088209,0.0006710508656556167,1.0236540955134205e-05,0.0563337880974508,8.449209235863263e-05
A5126973237,0.0008052610387867401,3.8776272585340307e-07,0.05505975896620059,8.448915192515072e-05
A5126967423,0.0008052610387867401,3.8776272585340307e-07,0.05505975896620059,8.448915192515072e-05
A5106269420,0.0008052610387867401,3.8776272585340307e-07,0.05505975896620059,8.448915192515072e-05
A5126973597,0.0008052610387867401,3.8776272585340307e-07,0.05505975896620059,8.448915192515072e-05
LOCAL_A000554,0.0008052610387867401,3.8776272585340307e-07,0.05505975896620059,8.448915192515072e-05
A5003360104,0.0006710508656556167,5.2158230225026356e-08,0.03918233278334875,8.446076774641965e-05
A5101314574,0.0006710508656556167,5.2158230225026356e-08,0.03918233278334875,8.446076774641965e-05
A5056220381,0.0006710508656556167,5.2158230225026356e-08,0.03918233278334875,8.446076774641965e-05
A5114168431,0.0014763119044423568,1.080887300384886e-07,0.0017944397222346494,8.439539244208859e-05
A5069983339,0.0014763119044423568,1.080887300384886e-07,0.0017944397222346494,8.439539244208859e-05
A5104313465,0.0014763119044423568,1.080887300384886e-07,0.0017944397222346494,8.439539244208859e-05
A5002340134,0.0002684203462622467,0.0,0.0011396091893940998,8.43709874925209e-05
A5050195883,0.0002684203462622467,0.0,0.0011396091893940998,8.43709874925209e-05
A5023894442,0.0012078915581801102,0.00017609839524668016,0.05339922391979745,8.433908194088475e-05
A5054711582,0.0012078915581801102,0.00017609839524668016,0.05339922391979745,8.433908194088475e-05
A5112826970,0.0008052610387867401,4.503697084937025e-08,0.0010149644343041202,8.433439011169312e-05
A5050494962,0.0008052610387867401,4.503697084937025e-08,0.0010149644343041202,8.433439011169312e-05
A5053036468,0.0002684203462622467,9.00739416987405e-09,0.0003578937950163289,8.428123760489275e-05
A5109467550,0.0002684203462622467,0.0,0.05675591267842952,8.427703847497546e-05
A5000577107,0.0008052610387867401,5.169461001840759e-09,0.0553244362942314,8.407386339580561e-05
A5134886675,0.0008052610387867401,5.169461001840759e-09,0.0553244362942314,8.407386339580561e-05
A5108143070,0.0008052610387867401,5.169461001840759e-09,0.0553244362942314,8.407386339580561e-05
A5109475242,0.0008052610387867401,5.169461001840759e-09,0.0553244362942314,8.407386339580561e-05
A5093538491,0.0006710508656556167,1.574762109971177e-07,0.0021364386862384632,8.406301540137736e-05
A5114110828,0.0006710508656556167,1.574762109971177e-07,0.0021364386862384632,8.406301540137736e-05
A5031633765,0.0006710508656556167,1.574762109971177e-07,0.0021364386862384632,8.406301540137736e-05
A5035049724,0.00040263051939337007,0.0,0.0476611084820501,8.40052115400944e-05
A5081731365,0.00040263051939337007,0.0,0.0476611084820501,8.40052115400944e-05
A5002032651,0.0005368406925244934,0.0,0.05197881521268101,8.3963401227676e-05
A5100690079,0.0005368406925244934,0.0,0.05197881521268101,8.3963401227676e-05
A5101572022,0.0010736813850489868,1.3213208356610898e-06,0.005804781716739843,8.395216300072572e-05
A5116397599,0.0009394712119178635,0.0003424212920190011,0.04873844743907595,8.393498426759963e-05
A5078668326,0.0009394712119178635,0.0003424212920190011,0.04873844743907595,8.393498426759963e-05
A5100651745,0.0008052610387867401,5.702971738369561e-06,0.05965981018991508,8.387340594738588e-05
A5103976840,0.0008052610387867401,5.702971738369561e-06,0.05965981018991508,8.387340594738588e-05
A5011614425,0.0008052610387867401,5.702971738369561e-06,0.05965981018991508,8.387340594738588e-05
A5015666823,0.0008052610387867401,5.702971738369561e-06,0.05965981018991508,8.387340594738588e-05
A5055505215,0.0020131525969668503,3.7595147570926667e-07,0.003688165277213727,8.384427417368009e-05
A5068914974,0.0020131525969668503,3.7595147570926667e-07,0.003688165277213727,8.384427417368009e-05
A5028914131,0.0020131525969668503,3.7595147570926667e-07,0.003688165277213727,8.384427417368009e-05
A5012676647,0.0020131525969668503,3.7595147570926667e-07,0.003688165277213727,8.384427417368009e-05
A5113863931,0.0020131525969668503,3.7595147570926667e-07,0.003688165277213727,8.384427417368009e-05
A5042185009,0.0006710508656556167,4.552633360621843e-07,0.044142702326766384,8.373214767200019e-05
A5062516283,0.0006710508656556167,4.552633360621843e-07,0.044142702326766384,8.373214767200019e-05
A5086418672,0.0006710508656556167,4.552633360621843e-07,0.044142702326766384,8.373214767200019e-05
A5107520148,0.0005368406925244934,3.9023034008617946e-05,0.042591825658375916,8.372599316440972e-05
A5069783085,0.0005368406925244934,3.9023034008617946e-05,0.042591825658375916,8.372599316440972e-05
A5054642186,0.0008052610387867401,0.0001366618617493269,0.053612439611663905,8.368922195658732e-05
A5103857970,0.0008052610387867401,0.0001366618617493269,0.053612439611663905,8.368922195658732e-05
A5113306497,0.0002684203462622467,0.0,0.000925587400904299,8.368583007330781e-05
A5003162913,0.0002684203462622467,0.0,0.000925587400904299,8.368583007330781e-05
A5136407418,0.00040263051939337007,0.0,0.04493278339769292,8.362447142272017e-05
A5136436435,0.00040263051939337007,0.0,0.04493278339769292,8.362447142272017e-05
A5136412233,0.00040263051939337007,0.0,0.04493278339769292,8.362447142272017e-05
A5011303321,0.0006710508656556167,0.0,0.05373271611708343,8.361854909222065e-05
LOCAL_A000292,0.0010736813850489868,6.795101908680642e-08,0.0016149957500111842,8.356294859412062e-05
LOCAL_A000290,0.0010736813850489868,6.795101908680642e-08,0.0016149957500111842,8.356294859412062e-05
LOCAL_A000291,0.0010736813850489868,6.795101908680642e-08,0.0016149957500111842,8.356294859412062e-05
LOCAL_A000293,0.0010736813850489868,6.795101908680642e-08,0.0016149957500111842,8.356294859412062e-05
A5090489273,0.00040263051939337007,6.6182923523011295e-06,0.057811130573488065,8.345978910843005e-05
A5035395012,0.0009394712119178635,1.4678730189521968e-05,0.04875855959070143,8.341948950906335e-05
A5076541729,0.00040263051939337007,2.1767869243862175e-05,0.04662423425900976,8.337937777700075e-05
A5033543615,0.00040263051939337007,2.1767869243862175e-05,0.04662423425900976,8.337937777700075e-05
A5028391259,0.00040263051939337007,2.1767869243862175e-05,0.04662423425900976,8.337937777700075e-05
A5009681520,0.00040263051939337007,2.1767869243862175e-05,0.04662423425900976,8.337937777700075e-05
LOCAL_A000297,0.0005368406925244934,0.0001567646881324847,0.03264520815446101,8.337690378324938e-05
A5042094599,0.0005368406925244934,0.0001567646881324847,0.03264520815446101,8.337690378324938e-05
A5103808536,0.0005368406925244934,0.0001567646881324847,0.03264520815446101,8.337690378324938e-05
A5083002277,0.0005368406925244934,0.0001567646881324847,0.03264520815446101,8.337690378324938e-05
A5028059172,0.0013421017313112334,7.455712907710245e-05,0.055768340867876944,8.337672106464031e-05
A5034939841,0.0013421017313112334,7.455712907710245e-05,0.055768340867876944,8.337672106464031e-05
A5008034575,0.0013421017313112334,7.455712907710245e-05,0.055768340867876944,8.337672106464031e-05
A5084884218,0.0005368406925244934,6.125028035514354e-08,0.001052207757348007,8.336590519074748e-05
A5113089117,0.0005368406925244934,6.125028035514354e-08,0.001052207757348007,8.336590519074748e-05
A5052439876,0.0002684203462622467,0.0,0.0008784665877673526,8.33272954684097e-05
A5125178220,0.0008052610387867401,6.252438677755271e-05,0.05625690021018877,8.331116250448887e-05
A5125177715,0.0008052610387867401,6.252438677755271e-05,0.05625690021018877,8.331116250448887e-05
LOCAL_A000550,0.0008052610387867401,6.252438677755271e-05,0.05625690021018877,8.331116250448887e-05
A5083127097,0.00040263051939337007,0.0,0.035120152996512444,8.328293871436317e-05
A5056302319,0.00040263051939337007,0.0,0.035120152996512444,8.328293871436317e-05
A5000531779,0.00040263051939337007,0.0,0.035120152996512444,8.328293871436317e-05
A5013912685,0.0002684203462622467,9.00739416987405e-08,0.0004392332938836763,8.328190839813378e-05
LOCAL_A000458,0.0012078915581801102,0.00013988033775424338,0.05791313688151866,8.310210410860722e-05
A5091390670,0.0012078915581801102,0.00013988033775424338,0.05791313688151866,8.310210410860722e-05
A5101475545,0.0012078915581801102,0.00013988033775424338,0.05791313688151866,8.310210410860722e-05
A5043004126,0.00040263051939337007,0.0,0.0013328458573021904,8.31009274982747e-05
A5117757326,0.00040263051939337007,0.0,0.0013328458573021904,8.31009274982747e-05
A5117757327,0.00040263051939337007,0.0,0.0013328458573021904,8.31009274982747e-05
A5024392587,0.0009394712119178635,0.002064710254850991,0.05457319460301127,8.306765468517295e-05
A5000269339,0.00040263051939337007,4.212277858894435e-05,0.032970099542794375,8.299270138145099e-05
A5111021016,0.0008052610387867401,0.0003907047295124567,0.05669418594849969,8.296730354642374e-05
A5069929256,0.0008052610387867401,0.0003907047295124567,0.05669418594849969,8.296730354642374e-05
A5069810619,0.0002684203462622467,1.080887300384886e-07,0.00041940679103476047,8.287147976975901e-05
A5052848551,0.0012078915581801102,3.7667284710382386e-08,0.0017935359500250117,8.286840726328971e-05
LOCAL_A000413,0.0006710508656556167,6.759174611749381e-05,0.056052297315686186,8.285101912971655e-05
A5004094067,0.0006710508656556167,6.759174611749381e-05,0.056052297315686186,8.285101912971655e-05
A5073800051,0.0006710508656556167,6.759174611749381e-05,0.056052297315686186,8.285101912971655e-05
A5050610976,0.0002684203462622467,0.0,0.0006135322200279924,8.281537928461508e-05
A5003254637,0.0002684203462622467,0.0,0.0006135322200279924,8.281537928461508e-05
A5071979760,0.0006710508656556167,4.552633360621843e-07,0.04414600082499744,8.279177722294689e-05
A5048989760,0.0006710508656556167,4.552633360621843e-07,0.04414600082499744,8.279177722294689e-05
A5022332552,0.001878942423835727,0.0005239034265188568,0.056578357949371036,8.27488752314853e-05
A5036520383,0.0008052610387867401,7.27540094806684e-07,0.039880600358264635,8.26064150608694e-05
A5073961077,0.0008052610387867401,7.27540094806684e-07,0.039880600358264635,8.26064150608694e-05
A5011087520,0.0010736813850489868,1.8348240442831375e-06,0.005804781716739843,8.260201592726909e-05
A5019108633,0.0005368406925244934,4.943358702459548e-08,0.03571173969619176,8.249939474582087e-05
A5101835954,0.0005368406925244934,4.943358702459548e-08,0.03571173969619176,8.249939474582087e-05
A5112992444,0.0008052610387867401,0.0,0.0510373381265873,8.247177598861546e-05
A5104039630,0.0008052610387867401,0.0,0.0510373381265873,8.247177598861546e-05
LOCAL_A000718,0.0008052610387867401,0.0,0.0510373381265873,8.247177598861546e-05
A5111033585,0.0008052610387867401,0.0,0.0510373381265873,8.247177598861546e-05
A5114079096,0.0008052610387867401,0.0,0.0510373381265873,8.247177598861546e-05
A5022564032,0.0006710508656556167,0.0,0.05800601018235958,8.246157276331178e-05
A5030423329,0.0006710508656556167,0.0,0.05800601018235958,8.246157276331178e-05
A5102933878,0.0006710508656556167,0.0,0.05800601018235958,8.246157276331178e-05
A5005919150,0.0006710508656556167,0.00023963871942479654,0.03326464670561733,8.23951490344435e-05
A5049392649,0.0006710508656556167,0.00023963871942479654,0.03326464670561733,8.23951490344435e-05
A5065353383,0.0005368406925244934,1.80147883397481e-08,0.0557929184726917,8.234724914184632e-05
A5109145665,0.0009394712119178635,0.0002988161247602801,0.05352500954676402,8.232455361691085e-05
A5043481464,0.0009394712119178635,0.0002988161247602801,0.05352500954676402,8.232455361691085e-05
A5109716671,0.0009394712119178635,0.0002988161247602801,0.05352500954676402,8.232455361691085e-05
A5101412720,0.0009394712119178635,2.1992859536065243e-05,0.06198627779953125,8.216575906197792e-05
A5120172106,0.0009394712119178635,2.1992859536065243e-05,0.06198627779953125,8.216575906197792e-05
A5125005209,0.0005368406925244934,0.0,0.04971734525854855,8.214024700207184e-05
A5101907055,0.0005368406925244934,0.0,0.04971734525854855,8.214024700207184e-05
A5125090196,0.0005368406925244934,0.0,0.04971734525854855,8.214024700207184e-05
A5124978282,0.0005368406925244934,0.0,0.04971734525854855,8.214024700207184e-05
A5039949041,0.0010736813850489868,6.239721967395998e-05,0.05093759566380219,8.211534434502277e-05
A5101465468,0.0010736813850489868,6.239721967395998e-05,0.05093759566380219,8.211534434502277e-05
A5006023366,0.0010736813850489868,6.239721967395998e-05,0.05093759566380219,8.211534434502277e-05
A5071521088,0.0010736813850489868,6.239721967395998e-05,0.05093759566380219,8.211534434502277e-05
A5045944169,0.0010736813850489868,6.239721967395998e-05,0.05093759566380219,8.211534434502277e-05
A5103945707,0.00013421017313112335,0.0,0.0003716589409784954,8.211473292539756e-05
A5101480212,0.0002684203462622467,0.0,0.0005480248736187537,8.208385977246098e-05
A5036306881,0.0002684203462622467,0.0,0.0005480248736187537,8.208385977246098e-05
A5115602156,0.0006710508656556167,2.046178373007392e-05,0.054333955889699484,8.203902060067029e-05
A5072008290,0.0006710508656556167,2.046178373007392e-05,0.054333955889699484,8.203902060067029e-05
A5002248149,0.0006710508656556167,2.046178373007392e-05,0.054333955889699484,8.203902060067029e-05
A5031337674,0.00013421017313112335,0.0,0.0003067661100139962,8.195663833949725e-05
A5104201126,0.0010736813850489868,0.00018945846859961719,0.05188599318252868,8.195215825333233e-05
A5101240606,0.0010736813850489868,0.00018945846859961719,0.05188599318252868,8.195215825333233e-05
A5137019412,0.0002684203462622467,0.0,0.040943763655562675,8.19211727599622e-05
A5137034080,0.0002684203462622467,0.0,0.040943763655562675,8.19211727599622e-05
A5024910823,0.0008052610387867401,1.2986514160092112e-05,0.050116602322126315,8.191043322602272e-05
A5051047872,0.0008052610387867401,1.2986514160092112e-05,0.050116602322126315,8.191043322602272e-05
LOCAL_A000451,0.0008052610387867401,1.2986514160092112e-05,0.050116602322126315,8.191043322602272e-05
A5083661698,0.0005368406925244934,0.000196034451509632,0.04469483397105024,8.186959844800666e-05
A5022825726,0.0006710508656556167,6.453302711000654e-05,0.047502710758811,8.18581635730736e-05
A5055525972,0.0006710508656556167,6.453302711000654e-05,0.047502710758811,8.18581635730736e-05
A5000769140,0.0002684203462622467,0.0,0.00080526103878674,8.180450543202603e-05
A5083658619,0.0002684203462622467,0.0,0.00080526103878674,8.180450543202603e-05
A5023913918,0.00040263051939337007,0.0,0.03926131717258483,8.167393538796878e-05
A5089897389,0.00040263051939337007,0.0,0.03926131717258483,8.167393538796878e-05
A5022563807,0.00040263051939337007,0.0,0.03926131717258483,8.167393538796878e-05
A5018169142,0.00040263051939337007,0.0,0.03926131717258483,8.167393538796878e-05
A5078584137,0.00040263051939337007,0.0,0.03926131717258483,8.167393538796878e-05
A5112652952,0.00040263051939337007,0.0,0.03926131717258483,8.167393538796878e-05
A5059661066,0.0016105220775734803,1.5215630371111504e-06,0.002329505147918784,8.15606786527605e-05
A5000852799,0.0016105220775734803,1.5215630371111504e-06,0.002329505147918784,8.15606786527605e-05
A5057600108,0.0008052610387867401,7.425524184231407e-07,0.04340117151411703,8.155329447791668e-05
A5023787832,0.0008052610387867401,1.8099273277849376e-07,0.002223723730672578,8.152680971874884e-05
A5111866792,0.0008052610387867401,1.8099273277849376e-07,0.002223723730672578,8.152680971874884e-05
A5101420279,0.0006710508656556167,6.539368167328561e-05,0.05264424038738222,8.145603805630289e-05
A5051509129,0.0006710508656556167,6.539368167328561e-05,0.05264424038738222,8.145603805630289e-05
A5016152230,0.0006710508656556167,6.539368167328561e-05,0.05264424038738222,8.145603805630289e-05
A5052869556,0.0005368406925244934,5.434461149157344e-08,0.0020472377203017388,8.14353101127272e-05
A5049249038,0.0005368406925244934,5.434461149157344e-08,0.0020472377203017388,8.14353101127272e-05
A5022771633,0.0005368406925244934,5.434461149157344e-08,0.0020472377203017388,8.14353101127272e-05
A5062012235,0.0005368406925244934,2.6157472669315686e-05,0.04233140607900827,8.138342753642188e-05
A5087460269,0.0005368406925244934,2.6157472669315686e-05,0.04233140607900827,8.138342753642188e-05
A5014568924,0.0005368406925244934,2.6157472669315686e-05,0.04233140607900827,8.138342753642188e-05
LOCAL_A000046,0.0006710508656556167,2.8761411836545514e-06,0.054994838063857424,8.137913549093146e-05
LOCAL_A000045,0.0006710508656556167,2.8761411836545514e-06,0.054994838063857424,8.137913549093146e-05
A5110608596,0.0006710508656556167,2.8761411836545514e-06,0.054994838063857424,8.137913549093146e-05
A5126219837,0.0006710508656556167,2.8761411836545514e-06,0.054994838063857424,8.137913549093146e-05
A5059676139,0.0006710508656556167,0.0,0.05237046482646329,8.135976349193529e-05
A5054723226,0.0006710508656556167,0.0,0.05237046482646329,8.135976349193529e-05
A5135086837,0.0006710508656556167,0.0,0.05237046482646329,8.135976349193529e-05
A5044326088,0.0006710508656556167,0.0,0.05237046482646329,8.135976349193529e-05
A5099594564,0.00040263051939337007,0.0,0.03326339810299715,8.133362264436139e-05
A5113268349,0.00040263051939337007,0.0,0.03326339810299715,8.133362264436139e-05
A5099594565,0.00040263051939337007,0.0,0.03326339810299715,8.133362264436139e-05
A5085568555,0.0005368406925244934,9.334935776051288e-08,0.0011614341905577979,8.126091762632239e-05
A5058447725,0.0005368406925244934,9.334935776051288e-08,0.0011614341905577979,8.126091762632239e-05
A5055078097,0.0002684203462622467,1.080887300384886e-07,0.000483156623272044,8.109648281898858e-05
A5091407554,0.0002684203462622467,1.080887300384886e-07,0.000483156623272044,8.109648281898858e-05
A5036010540,0.0002684203462622467,0.0,0.0007971270889000053,8.10642795074097e-05
A5001635692,0.0002684203462622467,0.0,0.0007971270889000053,8.10642795074097e-05
A5072982996,0.0005368406925244934,1.4331764945844045e-07,0.0021920994944750146,8.098259698570999e-05
A5089901216,0.0005368406925244934,1.4331764945844045e-07,0.0021920994944750146,8.098259698570999e-05
A5117323253,0.0002684203462622467,0.0,0.03923611177548032,8.088451894047376e-05
A5079471980,0.0002684203462622467,0.0,0.03923611177548032,8.088451894047376e-05
A5117182966,0.0002684203462622467,0.0,0.03923611177548032,8.088451894047376e-05
A5032625001,0.0002684203462622467,0.0,0.03923611177548032,8.088451894047376e-05
A5045509692,0.0006710508656556167,9.543890055771225e-05,0.04246528598418662,8.074682104473405e-05
A5087200966,0.0006710508656556167,9.543890055771225e-05,0.04246528598418662,8.074682104473405e-05
A5092439237,0.0006710508656556167,9.543890055771225e-05,0.04246528598418662,8.074682104473405e-05
A5071482191,0.0006710508656556167,0.0,0.044432641608513554,8.06275720677973e-05
A5114377555,0.0006710508656556167,0.0,0.044432641608513554,8.06275720677973e-05
A5104601006,0.0006710508656556167,0.0,0.044432641608513554,8.06275720677973e-05
A5026384627,0.0006710508656556167,0.0,0.044432641608513554,8.06275720677973e-05
A5039779616,0.0006710508656556167,4.783945162562017e-05,0.0455541070018762,8.060557611609204e-05
A5116037833,0.0006710508656556167,4.783945162562017e-05,0.0455541070018762,8.060557611609204e-05
A5077529549,0.0006710508656556167,4.783945162562017e-05,0.0455541070018762,8.060557611609204e-05
A5095380028,0.0006710508656556167,4.783945162562017e-05,0.0455541070018762,8.060557611609204e-05
A5025132197,0.0006710508656556167,0.0002616287710581616,0.0462700337063568,8.05695970807582e-05
A5011724052,0.0006710508656556167,1.1680736108589122e-05,0.04738080148426758,8.045234524036614e-05
A5114594133,0.0006710508656556167,1.1680736108589122e-05,0.04738080148426758,8.045234524036614e-05
A5075629036,0.0006710508656556167,1.1680736108589122e-05,0.04738080148426758,8.045234524036614e-05
A5002869113,0.0006710508656556167,1.1680736108589122e-05,0.04738080148426758,8.045234524036614e-05
A5066909635,0.00040263051939337007,3.60295766794962e-09,0.0008547068920455749,8.02755583397019e-05
A5113359591,0.00040263051939337007,3.60295766794962e-09,0.0008547068920455749,8.02755583397019e-05
A5101489171,0.0005368406925244934,3.372782468651414e-05,0.05322603204666798,8.0261306365929e-05
A5136992181,0.00013421017313112335,0.0,0.000241578311636022,8.023089301506463e-05
A5107198922,0.00013421017313112335,0.0,0.000241578311636022,8.023089301506463e-05
A5076309514,0.00013421017313112335,0.0,0.000241578311636022,8.023089301506463e-05
A5042447339,0.00013421017313112335,0.0,0.000241578311636022,8.023089301506463e-05
A5004191876,0.00013421017313112335,0.0,0.000241578311636022,8.023089301506463e-05
A5042636879,0.0009394712119178635,3.833631459503235e-06,0.006953894980887219,8.020810639618566e-05
LOCAL_A000418,0.0005368406925244934,0.0,0.0416011088424091,8.017997942460174e-05
A5101742691,0.0005368406925244934,0.0,0.0416011088424091,8.017997942460174e-05
A5077456883,0.0005368406925244934,0.0,0.0416011088424091,8.017997942460174e-05
A5060808788,0.00013421017313112335,0.0,0.0006671035076223484,8.01796660325669e-05
A5034456266,0.0006710508656556167,0.0009515857135501727,0.04355368460023584,8.015843122778722e-05
A5057644436,0.0006710508656556167,0.0009515857135501727,0.04355368460023584,8.015843122778722e-05
A5039142428,0.00040263051939337007,6.539368167328561e-05,0.04662423425900976,7.996892670850802e-05
A5078876786,0.001878942423835727,1.4372046460144101e-09,0.01022380032638358,7.996402275949638e-05
A5085428223,0.001878942423835727,1.4372046460144101e-09,0.01022380032638358,7.996402275949638e-05
A5056885320,0.001878942423835727,1.4372046460144101e-09,0.01022380032638358,7.996402275949638e-05
A5068022071,0.001878942423835727,1.4372046460144101e-09,0.01022380032638358,7.996402275949638e-05
A5078661947,0.001878942423835727,1.4372046460144101e-09,0.01022380032638358,7.996402275949638e-05
A5063956844,0.001878942423835727,1.4372046460144101e-09,0.01022380032638358,7.996402275949638e-05
A5008973458,0.001878942423835727,1.4372046460144101e-09,0.01022380032638358,7.996402275949638e-05
A5021997056,0.001878942423835727,1.4372046460144101e-09,0.01022380032638358,7.996402275949638e-05
A5017002382,0.001878942423835727,1.4372046460144101e-09,0.01022380032638358,7.996402275949638e-05
A5073498622,0.001878942423835727,1.4372046460144101e-09,0.01022380032638358,7.996402275949638e-05
A5040423202,0.001878942423835727,1.4372046460144101e-09,0.01022380032638358,7.996402275949638e-05
A5079958449,0.001878942423835727,1.4372046460144101e-09,0.01022380032638358,7.996402275949638e-05
LOCAL_A000643,0.0010736813850489868,3.553196539318847e-08,0.0021269394828823678,7.985935531133436e-05
A5050886317,0.0010736813850489868,3.553196539318847e-08,0.0021269394828823678,7.985935531133436e-05
A5108077585,0.0010736813850489868,3.553196539318847e-08,0.0021269394828823678,7.985935531133436e-05
A5019008914,0.0010736813850489868,3.553196539318847e-08,0.0021269394828823678,7.985935531133436e-05
LOCAL_A000642,0.0010736813850489868,3.553196539318847e-08,0.0021269394828823678,7.985935531133436e-05
A5004868082,0.0010736813850489868,3.553196539318847e-08,0.0021269394828823678,7.985935531133436e-05
A5081003707,0.0006710508656556167,0.0009672766427340467,0.04355368460023584,7.980019102176252e-05
A5073556653,0.0006710508656556167,0.0009672766427340467,0.04355368460023584,7.980019102176252e-05
A5037482393,0.001878942423835727,3.2426619011546586e-07,0.05266614094202588,7.978797655189062e-05
A5009080751,0.001878942423835727,3.2426619011546586e-07,0.05266614094202588,7.978797655189062e-05
A5080831219,0.001878942423835727,3.2426619011546586e-07,0.05266614094202588,7.978797655189062e-05
A5028063152,0.001878942423835727,3.2426619011546586e-07,0.05266614094202588,7.978797655189062e-05
A5024056764,0.00040263051939337007,0.0,0.035707422860867054,7.978497763027659e-05
A5058987661,0.00040263051939337007,0.0,0.035707422860867054,7.978497763027659e-05
A5002285759,0.00040263051939337007,0.0,0.035707422860867054,7.978497763027659e-05
A5049701520,0.0006710508656556167,9.654231600521334e-06,0.046768177985645226,7.978218438568866e-05
LOCAL_A000440,0.00040263051939337007,0.0,0.04483730023835658,7.974956298558876e-05
A5117428933,0.00040263051939337007,0.0,0.04483730023835658,7.974956298558876e-05
A5003871391,0.00040263051939337007,0.0,0.04483730023835658,7.974956298558876e-05
A5054924786,0.0005368406925244934,1.2510122302503346e-05,0.05235190196786286,7.970787267297575e-05
A5103852709,0.0009394712119178635,0.0005567796868837051,0.05937401229848237,7.970014500207411e-05
A5061587506,0.00040263051939337007,0.0,0.0425723876134223,7.96660483769172e-05
A5011862544,0.00040263051939337007,0.0,0.0425723876134223,7.96660483769172e-05
A5048870921,0.0002684203462622467,0.0,0.029975200262515173,7.959163263785175e-05
A5082563112,0.0002684203462622467,0.0,0.029975200262515173,7.959163263785175e-05
A5049349769,0.0006710508656556167,0.00020532397902582242,0.02908582186428379,7.948988453621174e-05
A5039042106,0.0006710508656556167,0.00020532397902582242,0.02908582186428379,7.948988453621174e-05
A5000043086,0.0009394712119178635,5.74070101707741e-06,0.05318290947374414,7.94536334131158e-05
A5009805440,0.0009394712119178635,5.74070101707741e-06,0.05318290947374414,7.94536334131158e-05
A5007383712,0.0009394712119178635,5.74070101707741e-06,0.05318290947374414,7.94536334131158e-05
A5088136225,0.0009394712119178635,5.74070101707741e-06,0.05318290947374414,7.94536334131158e-05
A5112177412,0.0005368406925244934,2.1344794669216693e-07,0.0011614341905577979,7.941726414743052e-05
A5043525540,0.0002684203462622467,0.0,0.0011452601440522525,7.938134777140933e-05
A5007250589,0.0002684203462622467,0.0,0.0011452601440522525,7.938134777140933e-05
A5037825941,0.0008052610387867401,9.36539442290112e-05,0.04900391620001098,7.937985216724351e-05
A5102966597,0.0006710508656556167,6.186495039765641e-07,0.04125829044932253,7.932914345147823e-05
A5085301677,0.0006710508656556167,6.186495039765641e-07,0.04125829044932253,7.932914345147823e-05
A5101629727,0.0002684203462622467,0.0,0.04164607455994166,7.92794649667461e-05
A5044936759,0.0002684203462622467,0.0,0.04164607455994166,7.92794649667461e-05
A5090464440,0.0006710508656556167,2.865926712223904e-07,0.04016619773199468,7.927068884386435e-05
A5071255604,0.0005368406925244934,4.397456025497485e-08,0.0021873062740060457,7.92333159745542e-05
A5086255445,0.0005368406925244934,4.397456025497485e-08,0.0021873062740060457,7.92333159745542e-05
A5071570842,0.0005368406925244934,4.397456025497485e-08,0.0021873062740060457,7.92333159745542e-05
A5063030612,0.0009394712119178635,0.019463257651238478,0.05893963091091075,7.92265587364938e-05
A5112633710,0.00013421017313112335,0.0,0.0008028856374923839,7.917217951881027e-05
A5066574572,0.00013421017313112335,0.0,0.0008028856374923839,7.917217951881027e-05
A5042031508,0.0009394712119178635,0.0004182247109493311,0.05368063849295809,7.915324476062578e-05
A5010612728,0.0009394712119178635,0.0004182247109493311,0.05368063849295809,7.915324476062578e-05
A5037307550,0.0010736813850489868,2.616099937390986e-07,0.0016149957500111842,7.912101589759375e-05
A5044748414,0.0005368406925244934,7.025767452501758e-08,0.0010960497472375073,7.902733044545973e-05
A5044856217,0.0008052610387867401,5.484502227878866e-08,0.0013852407155319514,7.896967002492859e-05
A5110058980,0.0008052610387867401,5.484502227878866e-08,0.0013852407155319514,7.896967002492859e-05
A5116503919,0.0012078915581801102,0.0003924586264292928,0.04778704308884028,7.892298038901276e-05
LOCAL_A000417,0.00040263051939337007,0.0,0.03846046570583506,7.888264718875027e-05
A5041664690,0.00040263051939337007,0.0,0.03846046570583506,7.888264718875027e-05
A5086818392,0.00040263051939337007,0.0,0.03846046570583506,7.888264718875027e-05
A5006188990,0.0005368406925244934,2.478620413783394e-06,0.04719407911388623,7.885389020158378e-05
A5068826746,0.0005368406925244934,2.478620413783394e-06,0.04719407911388623,7.885389020158378e-05
A5024981821,0.0005368406925244934,2.478620413783394e-06,0.04719407911388623,7.885389020158378e-05
A5092372479,0.0006710508656556167,2.4379533638684473e-07,0.04014981970646061,7.88156251648401e-05
A5100361027,0.0006710508656556167,2.4379533638684473e-07,0.04014981970646061,7.88156251648401e-05
A5052572077,0.0006710508656556167,2.0028441347502166e-06,0.006882572981083248,7.878294600055741e-05
A5004928802,0.0006710508656556167,2.0028441347502166e-06,0.006882572981083248,7.878294600055741e-05
A5081105220,0.0009394712119178635,1.3714231697008357e-05,0.04778446634283241,7.857828259993945e-05
A5062542939,0.0009394712119178635,1.3714231697008357e-05,0.04778446634283241,7.857828259993945e-05
A5033199664,0.0009394712119178635,1.3714231697008357e-05,0.04778446634283241,7.857828259993945e-05
A5090037543,0.0009394712119178635,1.3714231697008357e-05,0.04778446634283241,7.857828259993945e-05
A5005345397,0.0009394712119178635,1.3714231697008357e-05,0.04778446634283241,7.857828259993945e-05
A5054597879,0.0006710508656556167,2.148964084617063e-06,0.006882572981083248,7.854240338772059e-05
A5088950452,0.0006710508656556167,2.148964084617063e-06,0.006882572981083248,7.854240338772059e-05
A5113354082,0.0002684203462622467,0.0,0.0373713499161219,7.85420509993768e-05
A5139202772,0.0002684203462622467,0.0,0.0373713499161219,7.85420509993768e-05
A5044391214,0.0002684203462622467,0.0,0.0010784746055179553,7.851682004103168e-05
A5038772426,0.0002684203462622467,0.0,0.0010784746055179553,7.851682004103168e-05
A5130098709,0.0020131525969668503,4.399345790646801e-07,0.014010917841525876,7.851015281993437e-05
A5130028438,0.0020131525969668503,4.399345790646801e-07,0.014010917841525876,7.851015281993437e-05
A5129823529,0.0020131525969668503,4.399345790646801e-07,0.014010917841525876,7.851015281993437e-05
A5129955226,0.0020131525969668503,4.399345790646801e-07,0.014010917841525876,7.851015281993437e-05
A5129810714,0.0020131525969668503,4.399345790646801e-07,0.014010917841525876,7.851015281993437e-05
A5067025192,0.0005368406925244934,1.0433564913437438e-06,0.0027984248865638483,7.850208929805447e-05
A5090251360,0.0005368406925244934,0.0,0.04897818667261716,7.849763973257038e-05
A5054795012,0.0005368406925244934,0.0,0.04897818667261716,7.849763973257038e-05
A5027148979,0.0005368406925244934,0.0,0.04897818667261716,7.849763973257038e-05
A5048485189,0.0005368406925244934,0.0,0.04897818667261716,7.849763973257038e-05
A5043810535,0.0006710508656556167,9.551123837857332e-05,0.042351636625056685,7.848709838230496e-05
A5114971328,0.0006710508656556167,2.14860871267833e-07,0.049002561340429567,7.84661971910289e-05
A5002135635,0.0006710508656556167,2.14860871267833e-07,0.049002561340429567,7.84661971910289e-05
A5000515264,0.0006710508656556167,2.14860871267833e-07,0.049002561340429567,7.84661971910289e-05
A5056432086,0.0009394712119178635,3.74194305980883e-05,0.05614640735964764,7.846326474542889e-05
A5109723297,0.0009394712119178635,3.74194305980883e-05,0.05614640735964764,7.846326474542889e-05
A5113341526,0.0009394712119178635,3.74194305980883e-05,0.05614640735964764,7.846326474542889e-05
A5017679520,0.0005368406925244934,0.0,0.05305713639042051,7.836831717367989e-05
A5102642642,0.0005368406925244934,0.0,0.05305713639042051,7.836831717367989e-05
A5107943446,0.0005368406925244934,0.0,0.05305713639042051,7.836831717367989e-05
A5127851653,0.0006710508656556167,7.611652032128399e-06,0.05324042178197649,7.834433531518121e-05
A5127824099,0.0006710508656556167,7.611652032128399e-06,0.05324042178197649,7.834433531518121e-05
LOCAL_A000555,0.0006710508656556167,7.611652032128399e-06,0.05324042178197649,7.834433531518121e-05
A5041738711,0.0002684203462622467,1.80147883397481e-08,0.00041940679103476047,7.828641543720471e-05
A5063848301,0.0002684203462622467,0.0,0.04559395058580498,7.821675427497187e-05
A5054095804,0.0009394712119178635,1.0975186964512146e-07,0.004724822327578942,7.819048239991448e-05
A5101732045,0.0009394712119178635,1.0975186964512146e-07,0.004724822327578942,7.819048239991448e-05
A5024748232,0.0009394712119178635,1.0975186964512146e-07,0.004724822327578942,7.819048239991448e-05
A5036684171,0.0008052610387867401,3.8271235523416586e-05,0.05843824857799456,7.811661472455882e-05
A5018943018,0.0008052610387867401,3.8271235523416586e-05,0.05843824857799456,7.811661472455882e-05
A5053113069,0.0008052610387867401,3.8271235523416586e-05,0.05843824857799456,7.811661472455882e-05
A5038733482,0.00040263051939337007,2.6157472669315445e-05,0.05119655799191187,7.808269048018833e-05
A5047923619,0.00040263051939337007,2.6157472669315445e-05,0.05119655799191187,7.808269048018833e-05
A5107125626,0.00040263051939337007,2.6157472669315445e-05,0.05119655799191187,7.808269048018833e-05
A5107125627,0.00040263051939337007,2.6157472669315445e-05,0.05119655799191187,7.808269048018833e-05
A5009547395,0.0005368406925244934,1.0982587034267862e-06,0.0034430882112173,7.804750093495307e-05
A5055641789,0.0005368406925244934,1.0982587034267862e-06,0.0034430882112173,7.804750093495307e-05
A5089075576,0.0005368406925244934,1.0982587034267862e-06,0.0034430882112173,7.804750093495307e-05
A5116933739,0.00040263051939337007,0.0,0.03846380436038102,7.797589360399864e-05
A5116933738,0.00040263051939337007,0.0,0.03846380436038102,7.797589360399864e-05
A5124912709,0.0005368406925244934,3.5610405564306557e-06,0.04655687412650706,7.785914901863172e-05
A5122875143,0.0005368406925244934,3.5610405564306557e-06,0.04655687412650706,7.785914901863172e-05
A5123725179,0.0005368406925244934,3.5610405564306557e-06,0.04655687412650706,7.785914901863172e-05
A5089709445,0.0008052610387867401,0.0,0.0033021944923890345,7.78492385408925e-05
A5078980138,0.0008052610387867401,0.0,0.0033021944923890345,7.78492385408925e-05
A5021876776,0.0008052610387867401,0.0,0.0033021944923890345,7.78492385408925e-05
A5102764900,0.0008052610387867401,0.0,0.0033021944923890345,7.78492385408925e-05
LOCAL_A000053,0.0002684203462622467,0.0,0.029119272518680333,7.784433020495791e-05
A5077585613,0.00040263051939337007,1.20098588931654e-08,0.047892929476099036,7.781048574428841e-05
A5072708707,0.0006710508656556167,2.0885594182125032e-07,0.05105792184835644,7.763408724088218e-05
A5027709025,0.0006710508656556167,2.0885594182125032e-07,0.05105792184835644,7.763408724088218e-05
LOCAL_A000443,0.0006710508656556167,2.0885594182125032e-07,0.05105792184835644,7.763408724088218e-05
A5026143976,0.0006710508656556167,9.695288054510534e-08,0.040155277564049054,7.745505644317214e-05
A5018679710,0.0006710508656556167,9.695288054510534e-08,0.040155277564049054,7.745505644317214e-05
LOCAL_A000063,0.00040263051939337007,0.0,0.04559864264894896,7.744790919299184e-05
A5021191255,0.00040263051939337007,0.0,0.04559864264894896,7.744790919299184e-05
A5100430160,0.00040263051939337007,0.0,0.04559864264894896,7.744790919299184e-05
A5058762592,0.00040263051939337007,3.56397511772359e-07,0.030917448297840374,7.742805935282931e-05
A5045179061,0.00040263051939337007,3.56397511772359e-07,0.030917448297840374,7.742805935282931e-05
A5051081707,0.0008052610387867401,5.048044003325501e-05,0.04740107622481338,7.742776905928802e-05
A5110951526,0.0008052610387867401,5.048044003325501e-05,0.04740107622481338,7.742776905928802e-05
LOCAL_A000583,0.0008052610387867401,5.048044003325501e-05,0.04740107622481338,7.742776905928802e-05
A5020231952,0.0002684203462622467,0.0,0.0012120856260904576,7.73639232163547e-05
LOCAL_A000709,0.0002684203462622467,0.0,0.0012120856260904576,7.73639232163547e-05
A5116144841,0.0002684203462622467,0.0,0.0012120856260904576,7.73639232163547e-05
A5010505038,0.0002684203462622467,0.0,0.0012120856260904576,7.73639232163547e-05
A5040031185,0.00040263051939337007,8.198899868815906e-05,0.03843627778283304,7.736012579188313e-05
A5122807415,0.0002684203462622467,0.0,0.0008119715474432962,7.734729728792471e-05
A5122762361,0.0002684203462622467,0.0,0.0008119715474432962,7.734729728792471e-05
A5013382990,0.0002684203462622467,1.80147883397481e-08,0.0003019728895450275,7.733826463176107e-05
A5101595253,0.0002684203462622467,1.80147883397481e-08,0.0003019728895450275,7.733826463176107e-05
A5110999034,0.0005368406925244934,0.0003179693159694729,0.038485519751633925,7.733516083140415e-05
A5034249017,0.0009394712119178635,2.2443713156471466e-06,0.0060828550923920505,7.729181526222466e-05
A5048707344,0.0009394712119178635,2.2443713156471466e-06,0.0060828550923920505,7.729181526222466e-05
A5011157840,0.0002684203462622467,0.0,0.04731755455914775,7.718318680063828e-05
A5102702020,0.0002684203462622467,0.0,0.04731755455914775,7.718318680063828e-05
A5102896013,0.0006710508656556167,4.155520463026541e-07,0.04738080148426758,7.717186657312853e-05
A5064103828,0.0006710508656556167,4.155520463026541e-07,0.04738080148426758,7.717186657312853e-05
A5059108095,0.0006710508656556167,4.155520463026541e-07,0.04738080148426758,7.717186657312853e-05
A5047790977,0.0006710508656556167,4.155520463026541e-07,0.04738080148426758,7.717186657312853e-05
A5011810216,0.0021473627700979736,5.493451367864392e-07,0.013160740788035228,7.715492753689775e-05
A5014260545,0.0021473627700979736,5.493451367864392e-07,0.013160740788035228,7.715492753689775e-05
A5102233003,0.0021473627700979736,5.493451367864392e-07,0.013160740788035228,7.715492753689775e-05
A5109960742,0.0021473627700979736,5.493451367864392e-07,0.013160740788035228,7.715492753689775e-05
A5124887268,0.00040263051939337007,1.4511912829241036e-05,0.04559512351106187,7.712020154592743e-05
A5124880789,0.00040263051939337007,1.4511912829241036e-05,0.04559512351106187,7.712020154592743e-05
LOCAL_A000601,0.0006710508656556167,2.831524398378626e-06,0.006882572981083248,7.710368263473136e-05
A5101325666,0.0010736813850489868,0.00013190346769469948,0.05370666468052475,7.701749192694801e-05
LOCAL_A000571,0.0009394712119178635,0.00010660779914196075,0.05358974514322853,7.701479571884125e-05
A5059312578,0.0009394712119178635,0.00010660779914196075,0.05358974514322853,7.701479571884125e-05
A5055437349,0.0005368406925244934,1.5778249366475027e-05,0.04444266903515539,7.69613997459645e-05
A5086210076,0.0005368406925244934,1.5778249366475027e-05,0.04444266903515539,7.69613997459645e-05
LOCAL_A000622,0.0005368406925244934,1.5778249366475027e-05,0.04444266903515539,7.69613997459645e-05
A5117613150,0.0005368406925244934,1.5778249366475027e-05,0.04444266903515539,7.69613997459645e-05
A5088308470,0.0006710508656556167,5.870379434037838e-07,0.0056123580134225,7.689123667955903e-05
A5115912140,0.0006710508656556167,5.870379434037838e-07,0.0056123580134225,7.689123667955903e-05
A5001144676,0.0006710508656556167,5.870379434037838e-07,0.0056123580134225,7.689123667955903e-05
A5110556117,0.004160515367064824,1.7314750869378126e-07,0.010894860579466672,7.674999447915103e-05
A5042452558,0.004160515367064824,1.7314750869378126e-07,0.010894860579466672,7.674999447915103e-05
A5082218840,0.004160515367064824,1.7314750869378126e-07,0.010894860579466672,7.674999447915103e-05
A5101613907,0.0002684203462622467,7.20591533589924e-08,0.0003019728895450275,7.674259995325879e-05
A5052778502,0.0008052610387867401,3.654773991759045e-05,0.05951556887582261,7.669694755422821e-05
A5048057078,0.0008052610387867401,3.654773991759045e-05,0.05951556887582261,7.669694755422821e-05
LOCAL_A000536,0.0010736813850489868,0.00014459622575580637,0.05370666468052475,7.663432771420182e-05
A5056555278,0.00040263051939337007,0.0,0.039179734313106465,7.661544209316404e-05
A5006308177,0.00040263051939337007,0.0,0.039179734313106465,7.661544209316404e-05
A5105298433,0.00040263051939337007,0.0,0.039179734313106465,7.661544209316404e-05
A5112687130,0.0002684203462622467,0.0,0.0006794390014763119,7.66145608006889e-05
A5012087265,0.0002684203462622467,0.0,0.0006794390014763119,7.66145608006889e-05
A5019298056,0.00040263051939337007,4.503697084937025e-09,0.047180259839269476,7.660654035825439e-05
A5081485853,0.00040263051939337007,4.503697084937025e-09,0.047180259839269476,7.660654035825439e-05
A5073839152,0.0005368406925244934,4.323549201539545e-08,0.0009760739864081698,7.651211846176399e-05
A5090616142,0.00040263051939337007,0.0001173407705644138,0.04110709808706738,7.647329924197367e-05
A5012907646,0.00040263051939337007,0.0001173407705644138,0.04110709808706738,7.647329924197367e-05
A5101412721,0.0008052610387867401,1.0918053539241272e-09,0.003361089553196828,7.637058924126684e-05
A5006299836,0.0008052610387867401,1.0918053539241272e-09,0.003361089553196828,7.637058924126684e-05
A5035362471,0.0008052610387867401,1.0918053539241272e-09,0.003361089553196828,7.637058924126684e-05
A5044887879,0.0008052610387867401,1.0918053539241272e-09,0.003361089553196828,7.637058924126684e-05
A5030825815,0.0008052610387867401,1.0918053539241272e-09,0.003361089553196828,7.637058924126684e-05
A5019250403,0.0002684203462622467,0.0,0.03843544425914595,7.634780598507284e-05
A5055365606,0.0006710508656556167,2.4201992566955145e-05,0.041257330038455206,7.633715931610813e-05
A5086096942,0.0005368406925244934,0.003193752876025961,0.046272449706863616,7.631784869006734e-05
A5097765031,0.0005368406925244934,0.003193752876025961,0.046272449706863616,7.631784869006734e-05
A5116034918,0.00013421017313112335,0.0,0.028208585588674336,7.62713564654666e-05
A5107618613,0.00013421017313112335,0.0,0.028208585588674336,7.62713564654666e-05
A5111216846,0.00040263051939337007,3.266981865413317e-05,0.027456100276083174,7.626303002804748e-05
A5101786594,0.00040263051939337007,3.266981865413317e-05,0.027456100276083174,7.626303002804748e-05
A5117907413,0.0005368406925244934,7.987373978155708e-05,0.03761883179356448,7.62599296261793e-05
A5043650731,0.00040263051939337007,0.0,0.05203680684445089,7.612598844145718e-05
A5109158453,0.00040263051939337007,0.0,0.05203680684445089,7.612598844145718e-05
A5021331415,0.0012078915581801102,8.067958344502808e-05,0.055766586153231296,7.608718607717504e-05
A5100637269,0.0012078915581801102,8.067958344502808e-05,0.055766586153231296,7.608718607717504e-05
A5023207047,0.004831566232720441,4.576679442323752e-07,0.011109326338904992,7.601787263599138e-05
A5034159221,0.0008052610387867401,2.2750425237808297e-06,0.05633916021240336,7.594922577331531e-05
A5050904768,0.0008052610387867401,2.2750425237808297e-06,0.05633916021240336,7.594922577331531e-05
A5012875627,0.0008052610387867401,2.2750425237808297e-06,0.05633916021240336,7.594922577331531e-05
A5006282791,0.0008052610387867401,2.2750425237808297e-06,0.05633916021240336,7.594922577331531e-05
A5106708348,0.00040263051939337007,1.8673614884744564e-05,0.04259080216085926,7.587175944965465e-05
A5098732947,0.00040263051939337007,1.8673614884744564e-05,0.04259080216085926,7.587175944965465e-05
A5028849339,0.0008052610387867401,1.5975557089595167e-05,0.04850104373264366,7.586189912211896e-05
A5100403280,0.0008052610387867401,1.5975557089595167e-05,0.04850104373264366,7.586189912211896e-05
A5001031417,0.0008052610387867401,1.5975557089595167e-05,0.04850104373264366,7.586189912211896e-05
A5055510228,0.0006710508656556167,8.823741126650469e-06,0.048870147547963635,7.583582905862036e-05
A5010817506,0.0006710508656556167,8.823741126650469e-06,0.048870147547963635,7.583582905862036e-05
A5055988466,0.0002684203462622467,0.0,0.0006135322200279924,7.581080307848232e-05
A5109107978,0.0002684203462622467,0.0,0.0006135322200279924,7.581080307848232e-05
LOCAL_A000004,0.0009394712119178635,0.0001703716405198157,0.053557357783277346,7.577206337187583e-05
A5062458911,0.0009394712119178635,0.0001703716405198157,0.053557357783277346,7.577206337187583e-05
A5085036106,0.0009394712119178635,0.0001703716405198157,0.053557357783277346,7.577206337187583e-05
A5116250663,0.0005368406925244934,1.6620396930593574e-07,0.0015461011944705408,7.573176390872138e-05
A5116174048,0.0005368406925244934,8.284398598530046e-05,0.038485519751633925,7.569764502095993e-05
A5116174049,0.0005368406925244934,8.284398598530046e-05,0.038485519751633925,7.569764502095993e-05
A5100613572,0.0005368406925244934,8.284398598530046e-05,0.038485519751633925,7.56976450209599e-05
A5116174086,0.0005368406925244934,8.284398598530046e-05,0.038485519751633925,7.56976450209599e-05
A5099120825,0.0005368406925244934,1.1709612420836263e-07,0.0010117382282192374,7.567027897336585e-05
A5083362726,0.0008052610387867401,1.2326602424413702e-07,0.054101759497008454,7.56092706891574e-05
A5009736760,0.0008052610387867401,1.2326602424413702e-07,0.054101759497008454,7.56092706891574e-05
A5046526189,0.0008052610387867401,1.2326602424413702e-07,0.054101759497008454,7.56092706891574e-05
A5085524233,0.0008052610387867401,1.2326602424413702e-07,0.054101759497008454,7.56092706891574e-05
A5130918484,0.0002684203462622467,0.0,0.035635628943260354,7.55925543049973e-05
LOCAL_A000437,0.0002684203462622467,0.0,0.035635628943260354,7.55925543049973e-05
A5133627928,0.0002684203462622467,0.0,0.035635628943260354,7.55925543049973e-05
A5081983746,0.0002684203462622467,0.0,0.035635628943260354,7.55925543049973e-05
A5001939335,0.0006710508656556167,2.237662714362322e-06,0.04020355316143807,7.555650884553974e-05
A5002377783,0.0005368406925244934,3.5401788600989835e-08,0.03572181637217827,7.553841759283479e-05
A5121361644,0.0005368406925244934,3.5401788600989835e-08,0.03572181637217827,7.553841759283479e-05
A5004798557,0.0009394712119178635,1.7669736787544742e-05,0.05265362410867167,7.549651711660191e-05
A5100753115,0.0009394712119178635,1.7669736787544742e-05,0.05265362410867167,7.549651711660191e-05
A5101868998,0.0009394712119178635,1.7669736787544742e-05,0.05265362410867167,7.54965171166019e-05
A5041295651,0.0006710508656556167,5.56628364796089e-07,0.0352094568938376,7.547858846143324e-05
A5101402518,0.0006710508656556167,5.56628364796089e-07,0.0352094568938376,7.547858846143324e-05
A5120690682,0.0005368406925244934,6.08576891694762e-07,0.0465666598650061,7.546576966564373e-05
LOCAL_A000466,0.0005368406925244934,6.08576891694762e-07,0.0465666598650061,7.546576966564373e-05
A5008986510,0.006442088310293921,3.8759699623078213e-07,0.011660202025131686,7.544400439629391e-05
A5073249579,0.006442088310293921,3.8759699623078213e-07,0.011660202025131686,7.54440043962939e-05
A5057536910,0.006442088310293921,3.8759699623078213e-07,0.011660202025131686,7.54440043962939e-05
A5003607184,0.006442088310293921,3.8759699623078213e-07,0.011660202025131686,7.54440043962939e-05
A5110451785,0.006442088310293921,3.8759699623078213e-07,0.011660202025131686,7.54440043962939e-05
A5046497176,0.006442088310293921,3.8759699623078213e-07,0.011660202025131686,7.54440043962939e-05
A5034684238,0.006442088310293921,3.8759699623078213e-07,0.011660202025131686,7.54440043962939e-05
A5058693463,0.006442088310293921,3.8759699623078213e-07,0.011660202025131686,7.54440043962939e-05
A5044462379,0.006442088310293921,3.8759699623078213e-07,0.011660202025131686,7.54440043962939e-05
LOCAL_A000003,0.006442088310293921,3.8759699623078213e-07,0.011660202025131686,7.54440043962939e-05
A5034275358,0.006442088310293921,3.8759699623078213e-07,0.011660202025131686,7.54440043962939e-05
A5011391692,0.006442088310293921,3.8759699623078213e-07,0.011660202025131686,7.54440043962939e-05
A5024526613,0.006442088310293921,3.8759699623078213e-07,0.011660202025131686,7.54440043962939e-05
A5113239988,0.0005368406925244934,6.691207097620723e-08,0.03248366337601256,7.541770275164788e-05
A5109666631,0.0005368406925244934,6.691207097620723e-08,0.03248366337601256,7.541770275164788e-05
A5052910132,0.0006710508656556167,6.503323224967399e-07,0.04014981970646061,7.536880757396162e-05
A5006254056,0.0005368406925244934,9.00739416987405e-09,0.049738273590447246,7.531091574360671e-05
A5069162937,0.0005368406925244934,9.00739416987405e-09,0.049738273590447246,7.531091574360671e-05
A5006348959,0.00040263051939337007,0.006583792635374379,0.053484629160540684,7.530962962404532e-05
A5002451590,0.0005368406925244934,3.7138179038865325e-08,0.002015249630922024,7.529704993421668e-05
A5109974992,0.0005368406925244934,3.7138179038865325e-08,0.002015249630922024,7.529704993421668e-05
A5016298705,0.00040263051939337007,3.266981865413317e-05,0.027456100276083174,7.527159724433658e-05
A5091027836,0.00040263051939337007,3.266981865413317e-05,0.027456100276083174,7.527159724433658e-05
A5084838089,0.00040263051939337007,1.1866832391802314e-05,0.03688526026767387,7.51065331511778e-05
A5103277183,0.00040263051939337007,1.1866832391802314e-05,0.03688526026767387,7.51065331511778e-05
A5003130042,0.00040263051939337007,1.1866832391802314e-05,0.03688526026767387,7.51065331511778e-05
A5061007639,0.00040263051939337007,1.1866832391802314e-05,0.03688526026767387,7.51065331511778e-05
LOCAL_A000734,0.0005368406925244934,3.388981247395623e-06,0.05917182389483514,7.509176627559593e-05
A5066757939,0.0005368406925244934,3.388981247395623e-06,0.05917182389483514,7.509176627559593e-05
LOCAL_A000672,0.0006710508656556167,5.004107872152244e-07,0.03777195919105763,7.507015230473421e-05
A5046613313,0.0005368406925244934,1.3208025783895131e-05,0.05761006472036396,7.492448228335253e-05
A5024590295,0.0013421017313112334,0.0001336297462292457,0.05704269708480567,7.490831877563921e-05
A5086262788,0.0013421017313112334,0.0001336297462292457,0.05704269708480567,7.490831877563921e-05
A5107591587,0.00040263051939337007,2.554913874179214e-06,0.04559981581563232,7.489693588947897e-05
LOCAL_A000621,0.00040263051939337007,1.9276397660242452e-05,0.04574339650859437,7.482478570655274e-05
A5114117904,0.00013421017313112335,0.0,0.0003019728895450275,7.479282048599768e-05
A5110923917,0.0006710508656556167,5.111540024546587e-06,0.049002561340429567,7.467642519026584e-05
A5067253160,0.0006710508656556167,5.111540024546587e-06,0.049002561340429567,7.467642519026584e-05
A5102968901,0.0006710508656556167,1.0294164765570341e-08,0.03815823374789005,7.466294645795362e-05
A5026299963,0.0006710508656556167,3.2754160617723818e-09,0.02750125903644851,7.46418442253958e-05
LOCAL_A000611,0.0006710508656556167,3.2754160617723818e-09,0.02750125903644851,7.46418442253958e-05
A5067247554,0.0006710508656556167,3.2754160617723818e-09,0.02750125903644851,7.46418442253958e-05
A5109594464,0.0006710508656556167,3.2754160617723818e-09,0.02750125903644851,7.46418442253958e-05
A5040248665,0.0006710508656556167,4.405071489440618e-05,0.05916194809807054,7.46090266303798e-05
A5100394494,0.0006710508656556167,4.405071489440618e-05,0.05916194809807054,7.46090266303798e-05
A5007410147,0.0002684203462622467,0.0,0.037108446905950276,7.457915032588411e-05
A5103514725,0.0002684203462622467,0.0,0.037108446905950276,7.457915032588411e-05
A5062984662,0.0005368406925244934,2.5580559520871116e-07,0.0021873062740060457,7.452615360764568e-05
A5110590514,0.0005368406925244934,2.5580559520871116e-07,0.0021873062740060457,7.452615360764567e-05
A5062199270,0.0002684203462622467,1.20098588931654e-08,0.03014958733579419,7.447017690061555e-05
A5034541869,0.0002684203462622467,0.0,0.029072939998392423,7.4465581498116e-05
LOCAL_A000377,0.0002684203462622467,0.0,0.029072939998392423,7.4465581498116e-05
A5082519416,0.0002684203462622467,0.0,0.04038677546136487,7.438284244537632e-05
A5106234466,0.0002684203462622467,0.0,0.04038677546136487,7.438284244537632e-05
A5090824386,0.0013421017313112334,9.098423143629149e-05,0.05686334630953823,7.433036459024707e-05
A5040778010,0.0013421017313112334,9.098423143629149e-05,0.05686334630953823,7.433036459024707e-05
A5027239578,0.0013421017313112334,9.098423143629149e-05,0.05686334630953823,7.433036459024707e-05
A5029981257,0.0010736813850489868,3.290692475981496e-05,0.05289404444079017,7.425257847828722e-05
A5002467172,0.0010736813850489868,3.290692475981496e-05,0.05289404444079017,7.425257847828721e-05
A5071547141,0.0010736813850489868,3.290692475981496e-05,0.05289404444079017,7.425257847828721e-05
A5109542308,0.0009394712119178635,1.7442913249645832e-05,0.04778446634283241,7.423972576854288e-05
LOCAL_A000303,0.0009394712119178635,1.7442913249645832e-05,0.04778446634283241,7.423972576854288e-05
A5103840607,0.0009394712119178635,1.7442913249645832e-05,0.04778446634283241,7.423972576854288e-05
A5110849253,0.0009394712119178635,1.7442913249645832e-05,0.04778446634283241,7.423972576854288e-05
A5071261948,0.0002684203462622467,2.161774600769772e-07,0.0005480248736187537,7.423275306886938e-05
A5090147142,0.0002684203462622467,0.0,0.0011893086111311854,7.423113670121303e-05
A5101937289,0.00040263051939337007,4.1456837347642984e-07,0.03437964116776904,7.412660530842308e-05
A5079289303,0.00040263051939337007,4.1456837347642984e-07,0.03437964116776904,7.412660530842308e-05
A5100344370,0.0008052610387867401,1.519365103956694e-06,0.0069180501613981095,7.412061185509881e-05
A5100775772,0.0008052610387867401,1.519365103956694e-06,0.0069180501613981095,7.412061185509881e-05
A5109776893,0.0009394712119178635,5.74854815845867e-05,0.05304760830630622,7.409728437478261e-05
A5014526200,0.0009394712119178635,5.74854815845867e-05,0.05304760830630622,7.409728437478261e-05
A5092028947,0.0009394712119178635,5.74854815845867e-05,0.05304760830630622,7.409728437478261e-05
A5019304743,0.0009394712119178635,5.74854815845867e-05,0.05304760830630622,7.409728437478261e-05
A5010420002,0.0005368406925244934,1.923336009387248e-06,0.0034430882112173,7.407642491140707e-05
A5058692331,0.0005368406925244934,1.923336009387248e-06,0.0034430882112173,7.407642491140707e-05
A5061719042,0.0005368406925244934,0.0,0.05284988195139543,7.405449422568514e-05
A5090734900,0.0005368406925244934,0.0,0.05284988195139543,7.405449422568514e-05
A5101472479,0.0005368406925244934,0.0,0.05284988195139543,7.405449422568514e-05
A5116540100,0.0006710508656556167,1.0797482321037315e-05,0.049002561340429567,7.40066973514501e-05
A5045777504,0.0006710508656556167,1.0797482321037315e-05,0.049002561340429567,7.40066973514501e-05
A5125908715,0.001878942423835727,1.784704763669514e-07,0.013974807228532253,7.399877694547454e-05
A5127851075,0.001878942423835727,1.784704763669514e-07,0.013974807228532253,7.399877694547454e-05
A5058591249,0.001878942423835727,1.784704763669514e-07,0.013974807228532253,7.399877694547454e-05
A5127802930,0.001878942423835727,1.784704763669514e-07,0.013974807228532253,7.399877694547454e-05
A5127820180,0.001878942423835727,1.784704763669514e-07,0.013974807228532253,7.399877694547454e-05
A5101710140,0.00040263051939337007,1.7417411681626332e-07,0.032956612081332805,7.396596777185143e-05
A5080877722,0.00040263051939337007,1.7417411681626332e-07,0.032956612081332805,7.396596777185143e-05
A5019820840,0.00040263051939337007,7.20591533589924e-09,0.04558105238972321,7.396083287606136e-05
A5103258679,0.0005368406925244934,2.2460807173628855e-05,0.03918753075798172,7.392514371166767e-05
LOCAL_A000015,0.0017447322507046035,9.87323227264458e-07,0.010694724269567088,7.39091869672335e-05
LOCAL_A000023,0.0017447322507046035,9.87323227264458e-07,0.010694724269567088,7.39091869672335e-05
LOCAL_A000016,0.0017447322507046035,9.87323227264458e-07,0.010694724269567088,7.39091869672335e-05
A5029794080,0.0010736813850489868,0.00042631195884672356,0.05318131368325973,7.379358014176484e-05
A5054973662,0.00040263051939337007,0.0,0.0329768474141703,7.360250758788926e-05
A5002233566,0.00040263051939337007,0.0,0.0329768474141703,7.360250758788926e-05
A5074050779,0.0006710508656556167,5.114850030119801e-05,0.059231147983891896,7.355525584752938e-05
A5006178080,0.0006710508656556167,5.114850030119801e-05,0.059231147983891896,7.355525584752938e-05
A5112268129,0.0006710508656556167,1.0236540955134205e-05,0.05715490619548524,7.350643702480652e-05
A5104309497,0.0006710508656556167,1.0236540955134205e-05,0.05715490619548524,7.350643702480652e-05
A5035305639,0.0006710508656556167,1.0236540955134205e-05,0.05715490619548524,7.350643702480652e-05
A5034798042,0.0006710508656556167,1.3381390377766708e-06,0.04016710801409625,7.348022880060499e-05
LOCAL_A000065,0.0005368406925244934,5.164222385690433e-05,0.048073495744873525,7.341614156532129e-05
A5049432618,0.0005368406925244934,5.164222385690433e-05,0.048073495744873525,7.341614156532129e-05
A5101936200,0.00013421017313112335,0.0,0.04468581905357631,7.339823324141406e-05
A5092236474,0.0002684203462622467,0.0,0.0007381559522211783,7.338576994749534e-05
A5092236475,0.0002684203462622467,0.0,0.0007381559522211783,7.338576994749534e-05
A5136040019,0.00040263051939337007,3.0024647232913496e-08,0.0007894716066536668,7.3367294463644e-05
A5136043944,0.00040263051939337007,3.0024647232913496e-08,0.0007894716066536668,7.3367294463644e-05
A5003495146,0.00040263051939337007,0.0,0.0412218262424876,7.334560524179742e-05
A5109801092,0.00040263051939337007,0.0,0.0412218262424876,7.334560524179742e-05
A5112403918,0.0009394712119178635,0.00018945846859961719,0.05188447427172123,7.332544022476791e-05
A5009326662,0.0005368406925244934,0.003363106322711501,0.04121990885906315,7.329817696860203e-05
LOCAL_A000402,0.0017447322507046035,6.559582532769672e-07,0.044450471274345975,7.327904336520833e-05
A5035970169,0.0017447322507046035,6.559582532769672e-07,0.044450471274345975,7.327904336520833e-05
A5100757726,0.0006710508656556167,1.5759628387634722e-06,0.04016164694029134,7.322699778716625e-05
A5029226423,0.0017447322507046035,0.00022815741628746375,0.04887149509518549,7.303330020018553e-05
A5039756985,0.0009394712119178635,1.8150614124849365e-07,0.05292089340784083,7.30283616969191e-05
A5063440476,0.0009394712119178635,1.8150614124849365e-07,0.05292089340784083,7.30283616969191e-05
A5113747468,0.0006710508656556167,1.2883247903140387e-06,0.05264424038738222,7.28988461111608e-05
A5101080410,0.0006710508656556167,1.2883247903140387e-06,0.05264424038738222,7.28988461111608e-05
A5104337962,0.0006710508656556167,1.2883247903140387e-06,0.05264424038738222,7.28988461111608e-05
A5103159189,0.0006710508656556167,1.2883247903140387e-06,0.05264424038738222,7.28988461111608e-05
A5020344273,0.0008052610387867401,0.0002826885188096076,0.05789043771629204,7.288612645518964e-05
A5101893134,0.0006710508656556167,7.593090310693188e-07,0.006882572981083248,7.287889808300883e-05
A5083403495,0.0006710508656556167,7.593090310693188e-07,0.006882572981083248,7.287889808300883e-05
A5028135770,0.0005368406925244934,1.7925275845652596e-05,0.051876881051426814,7.280803415616981e-05
A5041972283,0.0005368406925244934,1.7925275845652596e-05,0.051876881051426814,7.280803415616981e-05
A5094582176,0.0005368406925244934,1.7925275845652596e-05,0.051876881051426814,7.280803415616981e-05
A5051166280,0.00040263051939337007,6.533963730826635e-05,0.027456100276083174,7.280543638482577e-05
A5079571573,0.0009394712119178635,9.286285920234851e-06,0.05373271611708343,7.280348511326662e-05
A5023835965,0.0009394712119178635,9.286285920234851e-06,0.05373271611708343,7.280348511326662e-05
A5012675535,0.0009394712119178635,9.286285920234851e-06,0.05373271611708343,7.280348511326662e-05
A5112856865,0.0009394712119178635,1.5499742372053588e-07,0.04778446634283241,7.27993107213847e-05
A5050948507,0.0009394712119178635,1.5499742372053588e-07,0.04778446634283241,7.27993107213847e-05
A5028269577,0.0009394712119178635,1.5499742372053588e-07,0.04778446634283241,7.27993107213847e-05
LOCAL_A000380,0.0005368406925244934,1.1920862759316044e-06,0.002240655207518388,7.276795203394384e-05
A5128247676,0.0002684203462622467,5.40443650192443e-08,0.040943763655562675,7.256689651167383e-05
LOCAL_A000299,0.0005368406925244934,0.0008923703508055923,0.05252566876454367,7.249376722781929e-05
A5065186859,0.0005368406925244934,0.0008923703508055923,0.05252566876454367,7.249376722781929e-05
A5031233789,0.0005368406925244934,0.0008923703508055923,0.05252566876454367,7.249376722781929e-05
A5043362152,0.00013421017313112335,0.0,0.0007733062356602821,7.249173499997758e-05
A5104386707,0.0008052610387867401,1.9532347147251412e-06,0.0069180501613981095,7.218082704871405e-05
A5092136044,0.00013421017313112335,0.0,0.025278095145432465,7.211365237586515e-05
A5008745879,0.00013421017313112335,0.0,0.025278095145432465,7.211365237586515e-05
A5001873550,0.0006710508656556167,0.0,0.05077852512955527,7.194901579076628e-05
A5027387894,0.0006710508656556167,0.0,0.05077852512955527,7.194901579076628e-05
A5054853879,0.0006710508656556167,0.0,0.05077852512955527,7.194901579076628e-05
A5009063961,0.0005368406925244934,3.267882604830305e-05,0.04758816564069373,7.189401868009805e-05
A5101660391,0.0005368406925244934,3.267882604830305e-05,0.04758816564069373,7.189401868009805e-05
A5028976017,0.0005368406925244934,3.267882604830305e-05,0.04758816564069373,7.189401868009805e-05
LOCAL_A000556,0.00013421017313112335,0.0,0.0003067661100139962,7.185545916014463e-05
LOCAL_A000602,0.0005368406925244934,4.260628688363777e-05,0.038479670888449787,7.184814523064135e-05
A5104881614,0.0005368406925244934,4.260628688363777e-05,0.038479670888449787,7.184814523064135e-05
A5051691002,0.0005368406925244934,0.0,0.059227189344093475,7.184593404114146e-05
A5107919035,0.0005368406925244934,0.0,0.059227189344093475,7.184593404114146e-05
A5108008350,0.0005368406925244934,0.0,0.059227189344093475,7.184593404114146e-05
A5047566421,0.0002684203462622467,1.20098588931654e-08,0.0003578937950163289,7.178812228678854e-05
A5090593514,0.00040263051939337007,7.571615505205208e-07,0.0563337880974508,7.172337507883304e-05
A5038960846,0.00040263051939337007,5.571915643893731e-07,0.030919066362925827,7.170989723588638e-05
A5014754170,0.00040263051939337007,0.0,0.03264340438570766,7.170788497316255e-05
A5049528580,0.00040263051939337007,0.0,0.03264340438570766,7.170788497316255e-05
A5110152999,0.0006710508656556167,6.468974364934138e-05,0.059231147983891896,7.169464107125331e-05
A5017884554,0.0006710508656556167,2.6750126278775823e-05,0.049002561340429567,7.164712808563903e-05
A5102793218,0.0006710508656556167,2.6750126278775823e-05,0.049002561340429567,7.164712808563903e-05
A5062852134,0.0009394712119178635,2.3812404745913062e-07,0.0015628991129140494,7.161189107572117e-05
A5048155073,0.0013421017313112334,2.6598894901790968e-05,0.058465236388652385,7.159745137445632e-05
A5101344332,0.0002684203462622467,3.60295766794962e-07,0.001120075025143696,7.155120803137199e-05
A5110985355,0.0002684203462622467,0.0,0.0291159239912933,7.139665483001898e-05
LOCAL_A000383,0.0002684203462622467,0.0,0.0291159239912933,7.139665483001898e-05
A5081622130,0.0005368406925244934,7.15373716099248e-06,0.04432042113333326,7.1382175290522e-05
A5035910808,0.0008052610387867401,2.8836263965505202e-05,0.05514884688287999,7.137810565717452e-05
A5069800548,0.0008052610387867401,2.8836263965505202e-05,0.05514884688287999,7.137810565717452e-05
A5021838259,0.0009394712119178635,9.592824526391045e-05,0.05414142354356052,7.13720666887049e-05
A5065302871,0.0009394712119178635,9.592824526391045e-05,0.05414142354356052,7.13720666887049e-05
A5047127247,0.0016105220775734803,0.0002463731891043111,0.048870147547963635,7.135626970576877e-05
A5007239425,0.0016105220775734803,0.0002463731891043111,0.048870147547963635,7.135626970576877e-05
A5119547354,0.0005368406925244934,3.372194230245264e-05,0.039382580240023043,7.133696444190085e-05
LOCAL_A000639,0.0005368406925244934,3.372194230245264e-05,0.039382580240023043,7.133696444190085e-05
A5008604791,0.0009394712119178635,6.242949580537742e-05,0.05093905964022524,7.124908678114787e-05
LOCAL_A000537,0.0009394712119178635,6.242949580537742e-05,0.05093905964022524,7.124908678114787e-05
A5111348471,0.0009394712119178635,6.242949580537742e-05,0.05093905964022524,7.124908678114787e-05
A5080175796,0.00040263051939337007,1.448111831925905e-08,0.03092931804275438,7.117863097659406e-05
A5047541214,0.0002684203462622467,4.2034506126078896e-08,0.00080526103878674,7.10889430845873e-05
A5103601073,0.001878942423835727,4.950463424884046e-07,0.013097162330122014,7.097052695395061e-05
A5100617659,0.001878942423835727,4.950463424884046e-07,0.013097162330122014,7.097052695395061e-05
A5050404183,0.001878942423835727,4.950463424884046e-07,0.013097162330122014,7.097052695395061e-05
A5006955283,0.0008052610387867401,3.976569013803999e-07,0.05462365214417349,7.094023485766097e-05
A5038993769,0.0008052610387867401,3.976569013803999e-07,0.05462365214417349,7.094023485766097e-05
A5034048261,0.0008052610387867401,3.976569013803999e-07,0.05462365214417349,7.094023485766097e-05
A5030190819,0.0013421017313112334,1.128069595320764e-06,0.05673592756240588,7.092545084183275e-05
A5077817519,0.0013421017313112334,1.128069595320764e-06,0.05673592756240588,7.092545084183275e-05
A5122877860,0.0006710508656556167,1.1379679800992856e-05,0.05505804855773344,7.077819561417917e-05
A5052611963,0.00040263051939337007,1.283260973932193e-05,0.03926305666959077,7.066355089273678e-05
A5033621300,0.00040263051939337007,2.462021073098907e-07,0.0010930852655016794,7.052066925527684e-05
A5007222296,0.0006710508656556167,5.4335333565098385e-06,0.052466583023652265,7.050677010231768e-05
A5109514994,0.0006710508656556167,5.4335333565098385e-06,0.052466583023652265,7.050677010231768e-05
A5015756945,0.0006710508656556167,5.4335333565098385e-06,0.052466583023652265,7.050677010231768e-05
A5102826855,0.0006710508656556167,5.4335333565098385e-06,0.052466583023652265,7.050677010231768e-05
A5103966558,0.0005368406925244934,0.0,0.04836208363681503,7.048818823989305e-05
A5129926033,0.0005368406925244934,0.0,0.04836208363681503,7.048818823989305e-05
A5101105129,0.00013421017313112335,0.0,0.03437830746042085,7.046467659471088e-05
A5112560700,0.0002684203462622467,0.0,0.0011782607407355764,7.040116965987504e-05
A5112560699,0.0002684203462622467,0.0,0.0011782607407355764,7.040116965987504e-05
LOCAL_A000381,0.0012078915581801102,3.5525425703387466e-06,0.056719586569444355,7.0291041600647e-05
A5110780252,0.0012078915581801102,3.5525425703387466e-06,0.056719586569444355,7.0291041600647e-05
LOCAL_A000382,0.0012078915581801102,3.5525425703387466e-06,0.056719586569444355,7.0291041600647e-05
A5113989777,0.00040263051939337007,3.473008835110584e-07,0.030912595118548828,7.027688608232278e-05
A5108152504,0.0017447322507046035,2.4846018608208483e-07,0.013065602902820515,7.024407187344544e-05
A5071723663,0.0017447322507046035,2.4846018608208483e-07,0.013065602902820515,7.024407187344544e-05
A5024110740,0.0017447322507046035,2.4846018608208483e-07,0.013065602902820515,7.024407187344544e-05
A5005018946,0.0017447322507046035,2.4846018608208483e-07,0.013065602902820515,7.024407187344544e-05
A5109301306,0.0017447322507046035,2.4846018608208483e-07,0.013065602902820515,7.024407187344544e-05
A5113318434,0.0008052610387867401,4.941322092892957e-05,0.05514884688287999,7.023201267972134e-05
A5114202395,0.0008052610387867401,4.941322092892957e-05,0.05514884688287999,7.023201267972134e-05
LOCAL_A000655,0.0006710508656556167,0.0,0.049225764230579006,7.009044840497174e-05
LOCAL_A000656,0.0006710508656556167,0.0,0.049225764230579006,7.009044840497174e-05
A5113822792,0.0006710508656556167,0.0,0.049225764230579006,7.009044840497174e-05
LOCAL_A000657,0.0006710508656556167,0.0,0.049225764230579006,7.009044840497174e-05
A5043555012,0.0010736813850489868,2.4814580204932357e-05,0.05684510860264912,7.007205012312905e-05
A5067918460,0.0010736813850489868,2.4814580204932357e-05,0.05684510860264912,7.007205012312905e-05
A5084438384,0.0010736813850489868,2.4814580204932357e-05,0.05684510860264912,7.007205012312905e-05
A5066433757,0.0010736813850489868,2.4814580204932357e-05,0.05684510860264912,7.007205012312905e-05
A5104723824,0.0006710508656556167,3.748906640394872e-05,0.05650260268815344,7.002080808554838e-05
A5024205395,0.0006710508656556167,3.748906640394872e-05,0.05650260268815344,7.002080808554838e-05
A5095604805,0.0008052610387867401,3.6335258990762966e-06,0.05661812040384606,6.997764946381964e-05
A5057145784,0.0008052610387867401,3.6335258990762966e-06,0.05661812040384606,6.997764946381964e-05
A5031148394,0.0002684203462622467,7.926506869489164e-08,0.0010784746055179553,6.996588880488063e-05
LOCAL_A000644,0.00040263051939337007,0.005750713378879104,0.044659921411127276,6.990343789294011e-05
A5074200091,0.00040263051939337007,0.0002607100168528345,0.03631020325170035,6.980097238669736e-05
A5120676815,0.0008052610387867401,3.3063660667424165e-06,0.05453457357298453,6.977367010059239e-05
A5101908614,0.0008052610387867401,3.3063660667424165e-06,0.05453457357298453,6.977367010059239e-05
A5109419815,0.0016105220775734803,0.0003145804478453877,0.048870147547963635,6.973041044604935e-05
A5125946113,0.0008052610387867401,7.54421436140242e-05,0.05514198373225055,6.972528415891049e-05
A5126253702,0.0008052610387867401,7.54421436140242e-05,0.05514198373225055,6.972528415891049e-05
A5101044326,0.00040263051939337007,3.367566734371507e-05,0.030959573105121523,6.958533267962607e-05
A5118752430,0.0002684203462622467,0.0,0.0021920994944750146,6.957312151335185e-05
A5056304959,0.0002684203462622467,0.0,0.029107795058663115,6.954195978764878e-05
A5060302514,0.0002684203462622467,0.0,0.029107795058663115,6.954195978764878e-05
LOCAL_A000474,0.0002684203462622467,0.0,0.029107795058663115,6.954195978764878e-05
LOCAL_A000473,0.0002684203462622467,0.0,0.029107795058663115,6.954195978764878e-05
A5107906105,0.0014763119044423568,0.00012700024038854332,0.04886880007505231,6.941904856498424e-05
A5025344010,0.0014763119044423568,0.00012700024038854332,0.04886880007505231,6.941904856498424e-05
A5101416013,0.0014763119044423568,0.00012700024038854332,0.04886880007505231,6.941904856498424e-05
A5054517839,0.0014763119044423568,0.00012700024038854332,0.04886880007505231,6.941904856498424e-05
A5091046899,0.0008052610387867401,0.00015689205862499248,0.045555277878013604,6.941415645433976e-05
LOCAL_A000416,0.0008052610387867401,0.00015689205862499248,0.045555277878013604,6.941415645433976e-05
A5013024980,0.0008052610387867401,2.5177117343299584e-05,0.05374249192279927,6.939571631238602e-05
A5042349140,0.0008052610387867401,2.5177117343299584e-05,0.05374249192279927,6.939571631238602e-05
A5072290797,0.00013421017313112335,0.0,0.00031315707063928776,6.934568627019728e-05
A5019165820,0.0006710508656556167,1.945597140692795e-06,0.0015843347267186266,6.924845210334642e-05
A5043160132,0.00040263051939337007,8.967361306896825e-08,0.0021632560800740274,6.923989630449642e-05
A5021469380,0.00040263051939337007,8.967361306896825e-08,0.0021632560800740274,6.923989630449642e-05
A5062168310,0.0006710508656556167,6.044962309559917e-08,0.0013374737943067118,6.922887466394791e-05
A5108850616,0.0006710508656556167,1.3905700904157937e-07,0.03986445436621676,6.917411953796332e-05
A5097683438,0.00040263051939337007,2.3840866264339756e-05,0.03926131717258483,6.917104502809106e-05
A5081124735,0.0005368406925244934,0.0,0.05273979768856743,6.909693850481026e-05
A5000054820,0.0005368406925244934,0.0,0.05273979768856743,6.909693850481026e-05
A5020203529,0.0005368406925244934,0.0,0.05273979768856743,6.909693850481026e-05
A5005047524,0.0010736813850489868,4.0666575175017056e-06,0.056732295416984,6.904095284290544e-05
A5039339494,0.0010736813850489868,4.0666575175017056e-06,0.056732295416984,6.904095284290544e-05
A5042275039,0.0010736813850489868,4.0666575175017056e-06,0.056732295416984,6.904095284290544e-05
A5102761696,0.00040263051939337007,0.0,0.04698763629697766,6.892511328929706e-05
A5009778531,0.00040263051939337007,0.0,0.04698763629697766,6.892511328929706e-05
A5124964039,0.00040263051939337007,0.0,0.04698763629697766,6.892511328929706e-05
A5071477512,0.0005368406925244934,0.000174888179763922,0.05235190196786286,6.885405153979926e-05
A5102772323,0.0002684203462622467,7.20591533589924e-08,0.03759010903758212,6.885150879431905e-05
A5075214747,0.0008052610387867401,0.00019823988984222243,0.048718351872512285,6.883257440580449e-05
LOCAL_A000676,0.0008052610387867401,0.00019823988984222243,0.048718351872512285,6.883257440580449e-05
A5046789775,0.0012078915581801102,4.295267871477692e-05,0.056916301898586937,6.881405165963598e-05
A5027956814,0.0012078915581801102,4.295267871477692e-05,0.056916301898586937,6.881405165963598e-05
A5024825570,0.0010736813850489868,0.0004628420796633976,0.0582883428526983,6.869757771653775e-05
A5109666639,0.00040263051939337007,0.00028704403444791715,0.04259592014040225,6.864633726592848e-05
A5088454026,0.0002684203462622467,0.0,0.05154646466734519,6.8630325112152e-05
A5045541958,0.00040263051939337007,0.0,0.04555176543015747,6.860782797403892e-05
A5109692993,0.00040263051939337007,0.0,0.04555176543015747,6.860782797403892e-05
A5037177799,0.0002684203462622467,1.080887300384886e-07,0.0012120856260904576,6.848051007848024e-05
A5032455988,0.0009394712119178635,4.6832835055935256e-05,0.04778446634283241,6.847380973126586e-05
A5107190682,0.0009394712119178635,4.6832835055935256e-05,0.04778446634283241,6.847380973126586e-05
A5116808724,0.0005368406925244934,0.00019618104501985676,0.04626882580071,6.843563388445283e-05
LOCAL_A000727,0.00040263051939337007,8.688052021905338e-05,0.04259080216085926,6.84291096695905e-05
A5061255396,0.0012078915581801102,5.553964017139941e-07,0.056734111431562005,6.842348385833726e-05
A5051097584,0.0012078915581801102,5.553964017139941e-07,0.056734111431562005,6.842348385833726e-05
A5084369852,0.0012078915581801102,5.553964017139941e-07,0.056734111431562005,6.842348385833726e-05
A5096741207,0.0006710508656556167,4.1921916276523094e-05,0.056488196109191646,6.841109006797198e-05
LOCAL_A000587,0.0006710508656556167,4.1921916276523094e-05,0.056488196109191646,6.841109006797197e-05
A5109033530,0.0005368406925244934,0.0,0.053763685042831924,6.835901276878499e-05
LOCAL_A000374,0.0005368406925244934,0.0,0.053763685042831924,6.835901276878499e-05
A5024291260,0.0005368406925244934,0.0,0.053763685042831924,6.835901276878499e-05
LOCAL_A000050,0.00040263051939337007,0.0,0.055464673482146676,6.835279737999372e-05
A5051435891,0.00040263051939337007,0.0,0.055464673482146676,6.835279737999372e-05
A5013842891,0.0005368406925244934,1.6841030180483662e-05,0.05281523455277422,6.830628701137303e-05
LOCAL_A000009,0.00040263051939337007,0.0,0.03988778055367505,6.825098468678033e-05
A5066842174,0.00040263051939337007,0.0,0.03988778055367505,6.825098468678033e-05
A5083712493,0.0006710508656556167,4.6555244931323925e-05,0.05948360991817684,6.817285410863486e-05
A5055431798,0.00040263051939337007,1.0812798417840342e-06,0.03096281823000589,6.816534351301759e-05
A5109472612,0.0008052610387867401,0.0003280245772226817,0.05813920423559118,6.811159722680445e-05
A5027154276,0.00040263051939337007,0.0,0.038043565749162817,6.81000130092567e-05
A5081835298,0.00040263051939337007,0.0,0.038043565749162817,6.81000130092567e-05
A5080199946,0.00040263051939337007,0.0,0.052463476929875894,6.806499820873845e-05
A5085509570,0.00040263051939337007,0.0,0.052463476929875894,6.806499820873845e-05
A5041914128,0.00040263051939337007,5.40443650192443e-08,0.0004294725540195947,6.803810846275972e-05
A5014184732,0.00040263051939337007,5.40443650192443e-08,0.0004294725540195947,6.803810846275972e-05
A5055449699,0.0002684203462622467,2.1749854455522346e-05,0.029975200262515173,6.802730074388725e-05
A5064895029,0.0002684203462622467,2.1749854455522346e-05,0.029975200262515173,6.802730074388725e-05
A5101821143,0.00040263051939337007,6.540268906745546e-05,0.03381618028546892,6.801841952674322e-05
A5106164109,0.0002684203462622467,0.0001301717735345782,0.04169898459255593,6.797010695073173e-05
A5102341962,0.0009394712119178635,0.00042934232533730883,0.05344592126898249,6.7921710756091e-05
A5045970281,0.0006710508656556167,6.084995172537135e-08,0.0013374737943067118,6.786523291315831e-05
A5025776689,0.0006710508656556167,0.00067368514714779,0.052808939905905405,6.785054181124146e-05
LOCAL_A000528,0.0002684203462622467,3.2680627527137023e-05,0.037108446905950276,6.782248060424922e-05
A5110786089,0.0002684203462622467,3.2680627527137023e-05,0.037108446905950276,6.782248060424922e-05
A5100752861,0.0005368406925244934,9.654231600521334e-06,0.04414160293688975,6.76189571426813e-05
A5137176937,0.0002684203462622467,0.0,0.03380779477581301,6.753538947649173e-05
A5056625994,0.0002684203462622467,0.0,0.03380779477581301,6.753538947649173e-05
A5045459799,0.0005368406925244934,1.1899768519978049e-07,0.0021615732590177395,6.750319456933817e-05
A5044956941,0.00040263051939337007,3.2705848230812676e-05,0.05540225817017277,6.731403628591419e-05
A5056153037,0.00040263051939337007,3.2705848230812676e-05,0.05540225817017277,6.731403628591419e-05
A5036034688,0.0005368406925244934,4.98189883156002e-07,0.04645315408926973,6.729228476565007e-05
A5058278223,0.00040263051939337007,2.3784073005869063e-06,0.04751417192434714,6.722513928658318e-05
A5132643128,0.00040263051939337007,2.3784073005869063e-06,0.04751417192434714,6.722513928658318e-05
A5078046494,0.0005368406925244934,0.0009682465027896739,0.04351946277861801,6.722004924863471e-05
A5138750666,0.00040263051939337007,1.1559489184671694e-06,0.002909866585586302,6.721790260144129e-05
A5072294451,0.00040263051939337007,1.1559489184671694e-06,0.002909866585586302,6.721790260144129e-05
A5113353655,0.0005368406925244934,0.00013973036732597513,0.03847048340869521,6.71750562638968e-05
A5109802312,0.0005368406925244934,0.0001618082898091917,0.039382580240023043,6.717434185233098e-05
A5049922872,0.00040263051939337007,6.964906645908953e-05,0.032970099542794375,6.694175551491272e-05
A5067606131,0.0002684203462622467,0.0,0.04468694571937867,6.691297824765668e-05
A5053354763,0.0002684203462622467,0.0,0.04468694571937867,6.691297824765668e-05
A5036631670,0.0002684203462622467,0.0,0.04468694571937867,6.691297824765668e-05
A5102804031,0.0002684203462622467,0.0,0.04468694571937867,6.691297824765668e-05
A5050450168,0.00013421017313112335,0.0,0.00040263051939337,6.679083841031622e-05
A5040500724,0.00013421017313112335,0.0,0.00040263051939337,6.679083841031622e-05
A5073375320,0.00013421017313112335,0.0,0.00040263051939337,6.679083841031622e-05
A5001785029,0.00013421017313112335,0.0,0.00038684108726029666,6.66701319686854e-05
A5034148650,0.00013421017313112335,0.0,0.00222925372319493,6.663269189766814e-05
A5094127272,0.0005368406925244934,6.759174611749381e-05,0.05619090866533502,6.661666200758207e-05
A5044990778,0.00040263051939337007,0.0001308233929232507,0.05154946312378562,6.643037788749639e-05
A5017639225,0.00040263051939337007,0.0001308233929232507,0.05154946312378562,6.643037788749639e-05
A5069345368,0.0008052610387867401,0.00028959105704201045,0.056572940123272276,6.637917096121747e-05
A5098817519,0.00040263051939337007,9.292469497157216e-05,0.03297071287153057,6.632506145001143e-05
A5063478996,0.00040263051939337007,0.0,0.05197271834854252,6.625314465774113e-05
A5033393657,0.0006710508656556167,5.218283689080372e-06,0.004136036782028329,6.618872551766549e-05
A5052968307,0.0010736813850489868,6.114778829705073e-07,0.0034357804321567573,6.614482013420146e-05
A5065361608,0.00040263051939337007,3.9889888466585074e-08,0.04751417192434714,6.61133567587702e-05
A5028918749,0.00040263051939337007,3.9889888466585074e-08,0.04751417192434714,6.61133567587702e-05
A5103217838,0.00040263051939337007,4.8070141685236276e-05,0.04123909072367251,6.608837248192381e-05
A5006039089,0.00040263051939337007,4.8070141685236276e-05,0.04123909072367251,6.608837248192381e-05
A5020187786,0.0009394712119178635,0.00028978799477654744,0.05306349034825296,6.60765632219541e-05
A5063159047,0.0012078915581801102,4.6363523290816064e-05,0.06092934240166376,6.596792188300117e-05
A5043049232,0.0002684203462622467,0.0,0.036884492656330585,6.592526561439614e-05
A5068862407,0.0002684203462622467,0.0,0.036884492656330585,6.592526561439614e-05
A5136160460,0.0005368406925244934,3.906065663128532e-06,0.05237510759816776,6.58929299460433e-05
A5127062529,0.0005368406925244934,3.906065663128532e-06,0.05237510759816776,6.58929299460433e-05
A5016874352,0.0005368406925244934,1.7542972454659458e-07,0.0020414858557389758,6.579886344245264e-05
A5064393318,0.0006710508656556167,5.795453766648955e-07,0.005706948317019508,6.575494983084394e-05
A5137142487,0.0005368406925244934,1.6841030180483662e-05,0.050915646110945054,6.571471668588767e-05
A5137183534,0.0005368406925244934,1.6841030180483662e-05,0.050915646110945054,6.571471668588767e-05
A5137106802,0.0005368406925244934,1.6841030180483662e-05,0.050915646110945054,6.571471668588767e-05
A5051877757,0.0002684203462622467,0.0,0.048132244551557374,6.558698451119259e-05
A5123242141,0.0006710508656556167,7.968727953594128e-06,0.04977459113463258,6.54994488363133e-05
A5122339110,0.0006710508656556167,7.968727953594128e-06,0.04977459113463258,6.54994488363133e-05
A5123232411,0.0006710508656556167,7.968727953594128e-06,0.04977459113463258,6.54994488363133e-05
A5047468382,0.0012078915581801102,1.0506953830106212e-06,0.056734111431562005,6.546134147746707e-05
A5120691163,0.0008052610387867401,0.0002868317183957338,0.04233545064187262,6.541169451777546e-05
A5000461756,0.0008052610387867401,0.0002868317183957338,0.04233545064187262,6.541169451777546e-05
A5119797401,0.0017447322507046035,7.00015712400943e-07,0.013065602902820515,6.523852453844423e-05
A5081127782,0.0010736813850489868,1.5697584155066715e-05,0.05912839503326096,6.523627179840366e-05
A5061739783,0.0010736813850489868,1.5697584155066715e-05,0.05912839503326096,6.523627179840366e-05
A5026900647,0.00040263051939337007,8.76845708123263e-05,0.053912506193825004,6.518482029013563e-05
A5032442216,0.00040263051939337007,8.76845708123263e-05,0.053912506193825004,6.518482029013563e-05
A5101219574,0.00040263051939337007,8.76845708123263e-05,0.053912506193825004,6.518482029013563e-05
A5065042911,0.00040263051939337007,8.76845708123263e-05,0.053912506193825004,6.518482029013563e-05
LOCAL_A000664,0.00040263051939337007,0.0,0.05197271834854252,6.513841874209686e-05
LOCAL_A000663,0.00040263051939337007,0.0,0.05197271834854252,6.513841874209686e-05
LOCAL_A000662,0.00040263051939337007,0.0,0.05197271834854252,6.513841874209686e-05
A5119566593,0.00040263051939337007,6.669964166869109e-05,0.038484684090893236,6.5081904650882e-05
A5109689211,0.00040263051939337007,6.669964166869109e-05,0.038484684090893236,6.5081904650882e-05
A5063236562,0.0005368406925244934,4.3535738487724565e-08,0.005675065924186997,6.507842091760748e-05
A5110069127,0.0005368406925244934,4.3535738487724565e-08,0.005675065924186997,6.507842091760748e-05
A5038369716,0.0005368406925244934,4.3535738487724565e-08,0.005675065924186997,6.507842091760748e-05
A5025509748,0.0009394712119178635,1.944406724040982e-05,0.05543691599017851,6.504911241070053e-05
A5001160212,0.0009394712119178635,1.944406724040982e-05,0.05543691599017851,6.504911241070053e-05
A5047547190,0.0006710508656556167,6.412622531642036e-06,0.050695736424072456,6.501735515498285e-05
A5086509701,0.00040263051939337007,4.8754420350328175e-05,0.04122853848942746,6.49440315707386e-05
A5065666743,0.0008052610387867401,0.00011466401945778029,0.05373760357534404,6.492837811570147e-05
A5013667478,0.0008052610387867401,0.00011466401945778029,0.05373760357534404,6.492837811570147e-05
A5024404261,0.0008052610387867401,0.00011466401945778029,0.05373760357534404,6.492837811570147e-05
A5104351126,0.00040263051939337007,0.0,0.048976833235381816,6.482319309522274e-05
A5139404053,0.00040263051939337007,0.0,0.048976833235381816,6.482319309522274e-05
A5139451528,0.00040263051939337007,0.0,0.048976833235381816,6.482319309522274e-05
A5044678839,0.0002684203462622467,7.20591533589924e-09,0.0362737897530136,6.4797444897585e-05
A5040810553,0.0008052610387867401,3.298578518741862e-06,0.04862479125163229,6.4364994667987e-05
A5102781968,0.0008052610387867401,3.298578518741862e-06,0.04862479125163229,6.436499466798698e-05
A5101278247,0.0005368406925244934,8.341280819291612e-05,0.05248367311584238,6.435364317520026e-05
A5067395177,0.0002684203462622467,0.0,0.00041940679103476047,6.426391921758191e-05
A5040784486,0.0002684203462622467,0.0,0.00041940679103476047,6.426391921758191e-05
A5086061422,0.0005368406925244934,8.552282704805746e-06,0.05339278930929348,6.424113657742893e-05
A5091726191,0.0005368406925244934,8.552282704805746e-06,0.05339278930929348,6.424113657742893e-05
A5116337066,0.0005368406925244934,8.552282704805746e-06,0.05339278930929348,6.424113657742893e-05
A5113932182,0.00013421017313112335,0.0,0.00033552543282780835,6.421403439065712e-05
A5018528890,0.00013421017313112335,0.0,0.00033552543282780835,6.421403439065712e-05
LOCAL_A000302,0.0008052610387867401,0.00040738417850378467,0.052652059922820904,6.417282138369344e-05
A5086626112,0.00040263051939337007,1.2337400499342633e-07,0.0011184181094260278,6.415863438077697e-05
A5028577107,0.0002684203462622467,0.0,0.0019485328839777905,6.41562955455874e-05
A5020977498,0.0002684203462622467,0.0,0.0019485328839777905,6.41562955455874e-05
A5109753108,0.0006710508656556167,6.22601837943319e-05,0.05040450590455869,6.415138692906258e-05
A5010581356,0.0006710508656556167,6.22601837943319e-05,0.05040450590455869,6.415138692906258e-05
A5015302001,0.0006710508656556167,2.372499511275079e-06,0.048639469829633006,6.408230015250517e-05
A5078129675,0.0006710508656556167,2.372499511275079e-06,0.048639469829633006,6.408230015250517e-05
A5082595015,0.0006710508656556167,2.372499511275079e-06,0.048639469829633006,6.408230015250517e-05
A5069753167,0.0006710508656556167,7.248341925437685e-05,0.051043217496241605,6.40102478823064e-05
A5039561939,0.0006710508656556167,7.248341925437685e-05,0.051043217496241605,6.40102478823064e-05
A5000068956,0.0002684203462622467,9.908133586861455e-08,0.0008485546430225862,6.399453009240122e-05
A5130078012,0.0002684203462622467,0.0,0.04013618155125789,6.397547990847166e-05
A5136593842,0.0002684203462622467,0.0,0.04013618155125789,6.397547990847166e-05
A5130026653,0.0002684203462622467,0.0,0.04013618155125789,6.397547990847166e-05
A5136539897,0.0002684203462622467,0.0,0.04013618155125789,6.397547990847166e-05
A5034407820,0.0016105220775734803,3.398831401175227e-07,0.013034195203534889,6.396276444664973e-05
A5055094158,0.0016105220775734803,3.398831401175227e-07,0.013034195203534889,6.396276444664973e-05
A5101819600,0.0016105220775734803,3.398831401175227e-07,0.013034195203534889,6.396276444664973e-05
A5111144764,0.0006710508656556167,1.5993571877934914e-05,0.04849971653683224,6.395850002586338e-05
LOCAL_A000551,0.00013421017313112335,0.0,0.00032210441551469603,6.393303998451623e-05
A5041697858,0.0005368406925244934,1.1082436926248112e-05,0.05000630988127407,6.383141810605906e-05
A5045302320,0.0005368406925244934,1.1082436926248112e-05,0.05000630988127407,6.383141810605906e-05
A5051920398,0.0005368406925244934,1.1082436926248112e-05,0.05000630988127407,6.383141810605906e-05
A5112982600,0.0002684203462622467,0.0,0.04023732385402282,6.381633578596497e-05
A5112982599,0.0002684203462622467,0.0,0.04023732385402282,6.381633578596497e-05
A5088192772,0.0002684203462622467,0.0,0.04350343980565026,6.370397047074266e-05
A5069167776,0.0002684203462622467,1.261035183782367e-07,0.0007381559522211783,6.360983545198744e-05
A5114767761,0.00040263051939337007,6.491302766702531e-05,0.03846046570583506,6.355167162380166e-05
A5061359290,0.0002684203462622467,0.0,0.051334462176968,6.344448871411994e-05
A5010268119,0.0002684203462622467,0.0,0.051334462176968,6.344448871411994e-05
A5021847930,0.00040263051939337007,7.386063219296721e-07,0.0014435049732325264,6.339650043925014e-05
A5050952324,0.00040263051939337007,0.0,0.030961195582531176,6.322947898428342e-05
A5064483608,0.00040263051939337007,0.0,0.030961195582531176,6.32294789842834e-05
A5126318146,0.0006710508656556167,2.203352536254992e-06,0.04978437799842693,6.322280296822777e-05
A5126349317,0.0006710508656556167,2.203352536254992e-06,0.04978437799842693,6.322280296822777e-05
A5101725627,0.0002684203462622467,0.0,0.04258977871253147,6.310276434791102e-05
A5121793322,0.0002684203462622467,0.0,0.04258977871253147,6.310276434791102e-05
A5015211989,0.00040263051939337007,0.0,0.047192822481680614,6.29606394755426e-05
A5016877301,0.00040263051939337007,0.0,0.047192822481680614,6.29606394755426e-05
A5091841688,0.0010736813850489868,0.00015201332016030565,0.05914220639088351,6.295001073754074e-05
A5030197858,0.0006710508656556167,2.96843755621475e-06,0.04987544014863792,6.29357194082766e-05
A5104119779,0.0005368406925244934,6.958829386159983e-08,0.0021873062740060457,6.290077587262495e-05
A5092809842,0.0005368406925244934,0.00029443370062484295,0.04758816564069373,6.285460492193282e-05
A5046987451,0.00040263051939337007,6.538167181439245e-05,0.03381618028546892,6.279676152149262e-05
A5006970624,0.00040263051939337007,6.538167181439245e-05,0.03381618028546892,6.279676152149262e-05
A5113060363,0.0002684203462622467,0.0,0.03477424346888238,6.277060521839037e-05
A5078106534,0.0002684203462622467,0.0,0.03477424346888238,6.277060521839037e-05
LOCAL_A000390,0.0009394712119178635,0.0004628167731750156,0.058286425977440055,6.24770753066318e-05
A5062887483,0.0002684203462622467,3.242661901154658e-07,0.0007381559522211783,6.246199533089416e-05
A5072303686,0.0006710508656556167,6.530173670909396e-05,0.050925886881073384,6.228393870132072e-05
A5007149615,0.0006710508656556167,6.530173670909396e-05,0.050925886881073384,6.228393870132072e-05
A5107900056,0.0006710508656556167,6.530173670909396e-05,0.050925886881073384,6.228393870132072e-05
LOCAL_A000652,0.0008052610387867401,0.0001100997364723343,0.05305713639042051,6.22181606309709e-05
A5102794571,0.0008052610387867401,0.0001100997364723343,0.05305713639042051,6.22181606309709e-05
A5005940245,0.0002684203462622467,1.80147883397481e-08,0.042565230700112804,6.198195557466477e-05
A5137731172,0.00013421017313112335,0.0,0.03082978728316716,6.183430925397997e-05
A5078022401,0.0010736813850489868,0.0009996452281241016,0.06029096986502014,6.176707618828846e-05
A5060429609,0.0010736813850489868,0.0009996452281241016,0.06029096986502014,6.176707618828846e-05
A5104115904,0.0002684203462622467,0.0,0.05203527909110117,6.172464111713069e-05
A5069639294,0.0002684203462622467,0.0,0.05203527909110117,6.172464111713069e-05
A5058626278,0.00040263051939337007,1.5931077821783903e-06,0.002909866585586302,6.168050084776591e-05
A5053901514,0.0002684203462622467,0.0,0.040145272625019754,6.154735417524402e-05
A5063988759,0.0008052610387867401,8.554082708693213e-05,0.05304602062498495,6.130786054740729e-05
A5008976102,0.00040263051939337007,8.134195160750238e-05,0.04122853848942746,6.124516738802079e-05
A5016901918,0.00040263051939337007,8.134195160750238e-05,0.04122853848942746,6.124516738802079e-05
A5113845275,0.00040263051939337007,8.134195160750238e-05,0.04122853848942746,6.124516738802079e-05
A5120978819,0.0002684203462622467,0.0,0.04259694388391649,6.123051931854247e-05
A5068385014,0.00040263051939337007,0.00013129236845340069,0.053912506193825004,6.091790396077007e-05
A5051278633,0.00040263051939337007,0.00013129236845340069,0.053912506193825004,6.091790396077007e-05
A5103170579,0.00040263051939337007,0.00013129236845340069,0.053912506193825004,6.091790396077007e-05
A5100520720,0.0013421017313112334,2.5736219737210263e-07,0.012971830633183048,6.089096268863494e-05
A5102621665,0.0013421017313112334,2.5736219737210263e-07,0.012971830633183048,6.089096268863494e-05
A5103273709,0.0013421017313112334,2.5736219737210263e-07,0.012971830633183048,6.089096268863494e-05
A5065648868,0.0013421017313112334,2.5736219737210263e-07,0.012971830633183048,6.089096268863494e-05
A5000737661,0.0005368406925244934,1.9131515305967917e-05,0.05289562303763384,6.083853980624426e-05
A5019526804,0.0005368406925244934,1.9131515305967917e-05,0.05289562303763384,6.0838539806244256e-05
A5092925734,0.0002684203462622467,0.0005346487741807417,0.03843877857082126,6.0835290473622304e-05
A5068882573,0.0006710508656556167,2.75654405585947e-06,0.05211024465253432,6.0620360707507245e-05
A5026263106,0.0006710508656556167,2.75654405585947e-06,0.05211024465253432,6.0620360707507245e-05
A5009228968,0.0005368406925244934,1.7288645176115076e-05,0.04900120655576437,6.060366659624071e-05
A5113496089,0.00040263051939337007,0.0,0.04555176543015747,6.059610974661108e-05
A5102559764,0.0005368406925244934,8.536568108320548e-07,0.005581520881480618,6.057111583540793e-05
A5047030006,0.00013421017313112335,0.0,0.00040263051939337,6.0499915978721845e-05
A5113308037,0.00040263051939337007,0.0,0.04591522605948025,6.048141626055027e-05
LOCAL_A000206,0.00040263051939337007,0.0,0.04591522605948025,6.048141626055027e-05
A5100687895,0.0002684203462622467,0.0,0.055400526416666575,6.04561098698827e-05
A5038934404,0.00040263051939337007,0.0,0.002962296614155425,6.0221306440496335e-05
A5001100117,0.00040263051939337007,0.0,0.002962296614155425,6.022130644049633e-05
A5047516371,0.0006710508656556167,0.0003325408982043092,0.04233342826383541,6.008612153167416e-05
A5103002149,0.0006710508656556167,8.644385641255513e-05,0.05613573753276525,6.001623836116773e-05
A5041832298,0.0008052610387867401,0.0003345039946966925,0.05317812238957056,5.9907429878605654e-05
LOCAL_A000616,0.0008052610387867401,0.0001401187426814947,0.05305713639042051,5.9818716263512716e-05
LOCAL_A000304,0.0002684203462622467,0.0,0.04121895023423794,5.978139056653042e-05
A5046255585,0.0002684203462622467,0.0,0.04121895023423794,5.978139056653042e-05
A5003546699,0.0002684203462622467,0.0,0.04121895023423794,5.978139056653042e-05
A5033733596,0.0002684203462622467,0.0,0.04121895023423794,5.978139056653042e-05
A5087916376,0.00040263051939337007,6.485323802309324e-07,0.006812699143711844,5.972556266565619e-05
A5027047123,0.00040263051939337007,6.485323802309324e-07,0.006812699143711844,5.972556266565619e-05
A5031270481,0.00040263051939337007,0.0,0.04914659460172468,5.9724929290886924e-05
A5076450937,0.00040263051939337007,0.0,0.04914659460172468,5.9724929290886924e-05
A5048027237,0.0002684203462622467,2.1767869243862175e-05,0.04662300778960929,5.972300412267372e-05
A5018098972,0.00040263051939337007,1.24362928689e-07,0.002015249630922024,5.972183636879833e-05
A5112953474,0.0005368406925244934,0.00012885950125254578,0.053061901716124696,5.966936949190944e-05
A5089615125,0.0005368406925244934,0.00012885950125254578,0.053061901716124696,5.966936949190944e-05
A5015967624,0.0006710508656556167,0.00041499220585225146,0.05531752937334573,5.951557705234957e-05
A5051935392,0.0006710508656556167,0.00041499220585225146,0.05531752937334573,5.9515577052349564e-05
A5111288522,0.00040263051939337007,0.00022084419677462488,0.038486355448666666,5.9444296362077005e-05
A5111317906,0.0006710508656556167,0.00015689205862499248,0.0455541070018762,5.944414529085135e-05
A5116701399,0.00040263051939337007,0.00016667893668728236,0.05343142025027877,5.9409595250002e-05
A5110402647,0.00040263051939337007,0.00016667893668728236,0.05343142025027877,5.9409595250002e-05
A5059493647,0.0006710508656556167,7.276814849729471e-05,0.05613573753276525,5.939912177898424e-05
A5056016594,0.0005368406925244934,1.8281992657985778e-05,0.054993131686431385,5.9251798267706635e-05
A5128192943,0.0005368406925244934,1.8281992657985778e-05,0.054993131686431385,5.9251798267706635e-05
A5113811229,0.0008052610387867401,0.00015895860317121724,0.05305713639042051,5.924782969995525e-05
A5112492572,0.0006710508656556167,0.00028956403485950083,0.05657113441180968,5.9165436318271606e-05
A5053883070,0.0006710508656556167,5.282336113778834e-06,0.04717900394287532,5.9109489613137264e-05
A5034087931,0.0006710508656556167,6.468911247369192e-05,0.05105350965324338,5.9109268183137453e-05
A5015461915,0.0002684203462622467,6.544772603830487e-05,0.04559395058580498,5.909000230542941e-05
A5133178690,0.0002684203462622467,9.00739416987405e-08,0.0008485546430225862,5.90088162187404e-05
A5090662722,0.0005368406925244934,2.3301551286792972e-05,0.05598324776910191,5.8987259652124945e-05
A5136998865,0.0005368406925244934,2.3301551286792972e-05,0.05598324776910191,5.8987259652124945e-05
A5080808397,0.0002684203462622467,0.0,0.046266410178604916,5.889926461691484e-05
A5033103782,0.0002684203462622467,0.0,0.046266410178604916,5.889926461691484e-05
A5035577823,0.0005368406925244934,9.126665080803915e-05,0.05460850508756462,5.876142293422572e-05
A5115720696,0.00040263051939337007,4.111232053249657e-06,0.00342515546011721,5.8509742222866316e-05
A5080858949,0.0005368406925244934,8.321367603473277e-05,0.04596643086057361,5.8434454240627354e-05
A5086514385,0.0012078915581801102,1.424338070290733e-07,0.0017935359500250117,5.801787848605557e-05
A5046483870,0.0012078915581801102,1.424338070290733e-07,0.0017935359500250117,5.801787848605557e-05
A5021571129,0.0012078915581801102,1.424338070290733e-07,0.0017935359500250117,5.801787848605557e-05
A5030451807,0.00040263051939337007,3.403453243052918e-05,0.039381705168803405,5.796370600675719e-05
A5126193240,0.00013421017313112335,0.0,0.027479513180594703,5.794348032351783e-05
A5042295571,0.00040263051939337007,0.0,0.05097128842522711,5.791160392558112e-05
A5017559788,0.00040263051939337007,0.0,0.05097128842522711,5.791160392558112e-05
A5057330116,0.0002684203462622467,0.0,0.03437897430115989,5.785262950192555e-05
A5054984885,0.0002684203462622467,0.0,0.03437897430115989,5.785262950192555e-05
A5015818019,0.0002684203462622467,0.0,0.03437897430115989,5.785262950192555e-05
A5067924169,0.0002684203462622467,0.0,0.03437897430115989,5.785262950192555e-05
A5082293385,0.0005368406925244934,0.0006082374211094854,0.052807366478622206,5.778681036308717e-05
A5112740426,0.0002684203462622467,3.242661901154658e-06,0.0012960868148091341,5.772499455441711e-05
A5057884284,0.0008052610387867401,0.0005930545889873197,0.05381428999914975,5.75276048905823e-05
A5098960318,0.00040263051939337007,2.040599141859666e-05,0.039381705168803405,5.751716271223197e-05
A5077097054,0.0006710508656556167,1.0099199523798176e-08,0.003324948805312991,5.742216862210023e-05
A5057057975,0.0006710508656556167,1.0099199523798176e-08,0.003324948805312991,5.742216862210023e-05
A5067800187,0.0006710508656556167,1.0099199523798176e-08,0.003324948805312991,5.742216862210023e-05
A5035112064,0.0009394712119178635,5.770658083302989e-07,0.05671595651590391,5.7392704773791114e-05
A5104038142,0.0009394712119178635,5.770658083302989e-07,0.05671595651590391,5.7392704773791114e-05
A5114705828,0.00040263051939337007,3.257353448003774e-05,0.04781024631442359,5.729011057491728e-05
A5072778651,0.0005368406925244934,2.5830771083790755e-06,0.05033436445308409,5.7211549944849735e-05
LOCAL_A000599,0.0005368406925244934,2.5830771083790755e-06,0.05033436445308409,5.7211549944849735e-05
A5101648172,0.00040263051939337007,7.232822389531878e-05,0.039381705168803405,5.708750111159511e-05
A5051697844,0.00040263051939337007,4.189143245254775e-05,0.039381705168803405,5.696737489284208e-05
A5106257856,0.00040263051939337007,4.189143245254775e-05,0.039381705168803405,5.696737489284208e-05
A5090732320,0.00040263051939337007,2.215664993239104e-08,0.0020878832615512256,5.684795400085602e-05
A5085494628,0.00040263051939337007,2.215664993239104e-08,0.0020878832615512256,5.684795400085602e-05
A5015647530,0.0009394712119178635,3.666447047657103e-07,0.05671595651590391,5.668900960225069e-05
A5036002983,0.0009394712119178635,3.666447047657103e-07,0.05671595651590391,5.668900960225069e-05
A5114329407,0.00040263051939337007,3.4705232574452895e-05,0.039381705168803405,5.667265186635218e-05
A5021556130,0.0006710508656556167,9.250450837950012e-08,0.0014681779545556222,5.666521347531287e-05
A5113567751,0.0002684203462622467,5.032615789786351e-07,0.030917448297840374,5.6528610568033786e-05
LOCAL_A000375,0.0002684203462622467,6.152272144958303e-05,0.05189814767128333,5.6502611388979336e-05
A5080542895,0.0002684203462622467,0.0,0.03741947938608671,5.64852437340447e-05
LOCAL_A000054,0.0009394712119178635,5.950344360493831e-06,0.05671595651590391,5.644427790153615e-05
A5104107891,0.00040263051939337007,4.752090142805817e-05,0.05154796385196164,5.641536567442457e-05
A5119042679,0.00040263051939337007,0.0,0.05436562194785428,5.6306181544899e-05
A5119042681,0.00040263051939337007,0.0,0.05436562194785428,5.6306181544899e-05
LOCAL_A000215,0.00013421017313112335,0.0,0.0002684203462622467,5.6281105992049954e-05
A5066264424,0.0002684203462622467,0.0,0.03938083013647063,5.622389866801627e-05
A5036059136,0.0002684203462622467,0.0,0.03938083013647063,5.622389866801627e-05
A5102749218,0.00040263051939337007,3.372194230245264e-05,0.039381705168803405,5.62225065022948e-05
A5080092209,0.00040263051939337007,8.082004664387166e-05,0.039386956179515036,5.61518109696979e-05
A5123725993,0.0002684203462622467,0.0,0.04644706730055812,5.608470091181222e-05
A5101505292,0.0002684203462622467,0.0,0.04644706730055812,5.608470091181222e-05
A5112933551,0.00040263051939337007,1.8910582579332877e-06,0.04899714265120386,5.606941067398778e-05
A5101211304,0.00040263051939337007,1.8910582579332877e-06,0.04899714265120386,5.606941067398778e-05
A5055106821,0.0005368406925244934,6.412622531642036e-06,0.04972292442480003,5.602167888569376e-05
A5034704196,0.0005368406925244934,2.9166800169115973e-08,0.04924901748143818,5.5969118802627186e-05
A5018401587,0.0005368406925244934,9.131522660357881e-05,0.0455529361859257,5.596543078459658e-05
A5074171210,0.0005368406925244934,9.131522660357881e-05,0.0455529361859257,5.596543078459658e-05
A5123640296,0.0005368406925244934,8.386049083569968e-06,0.05363190731751739,5.5943152568220105e-05
A5079727585,0.0009394712119178635,8.645309358594807e-07,0.056730479518660684,5.5893252119036214e-05
A5085841822,0.00040263051939337007,5.147082382785171e-09,0.039862661174081174,5.5755300593036584e-05
A5080048400,0.00040263051939337007,5.147082382785171e-09,0.039862661174081174,5.5755300593036584e-05
A5033264739,0.00040263051939337007,8.789416594589453e-05,0.054045668144233616,5.5752537936458715e-05
A5111282879,0.00040263051939337007,0.0001074681642568309,0.03846964840080737,5.572328428421678e-05
A5059592113,0.00040263051939337007,2.0793733914609447e-07,0.005551020767374166,5.5696907018821354e-05
A5016621990,0.00040263051939337007,2.0793733914609447e-07,0.005551020767374166,5.5696907018821354e-05
A5017693604,0.00040263051939337007,2.0793733914609447e-07,0.005551020767374166,5.5696907018821354e-05
A5056343785,0.00040263051939337007,2.0793733914609447e-07,0.005551020767374166,5.5696907018821354e-05
A5112971315,0.0002684203462622467,0.0,0.05237510759816776,5.5658977882846314e-05
A5043301027,0.0002684203462622467,0.0,0.05237510759816776,5.5658977882846314e-05
LOCAL_A000620,0.0005368406925244934,7.033161371944549e-05,0.051050568613456915,5.563693327017898e-05
A5113010213,0.0012078915581801102,6.042674717389789e-07,0.0017935359500250117,5.551344445349898e-05
A5110748521,0.00040263051939337007,0.0002980636414822301,0.04753711085511204,5.5457861146603334e-05
A5049982885,0.0006710508656556167,0.00020059963930283336,0.05373271611708343,5.535958150745536e-05
A5082578116,0.0002684203462622467,6.544772603830485e-05,0.05018613775971223,5.5304559288222015e-05
A5102004284,0.0002684203462622467,6.542971124996509e-05,0.05674500996100394,5.5100299360746916e-05
A5023727753,0.0002684203462622467,6.542971124996509e-05,0.05674500996100394,5.5100299360746916e-05
A5124878754,0.0002684203462622467,1.4511912829241036e-05,0.04559395058580498,5.5098550799503656e-05
A5074260255,0.0005368406925244934,1.315091295958376e-05,0.050007720814908785,5.506742064468615e-05
A5102880338,0.0005368406925244934,1.315091295958376e-05,0.050007720814908785,5.506742064468615e-05
LOCAL_A000058,0.0010736813850489868,8.58159008184364e-08,0.001740784892671335,5.50630105634122e-05
A5049489715,0.0010736813850489868,8.58159008184364e-08,0.001740784892671335,5.50630105634122e-05
A5050116381,0.0010736813850489868,8.58159008184364e-08,0.001740784892671335,5.50630105634122e-05
A5048321637,0.00040263051939337007,2.462021073098907e-07,0.0015106447394293882,5.503576890937094e-05
A5072707677,0.0006710508656556167,0.0002449429428228213,0.053811022288672225,5.5024044486738505e-05
A5014209082,0.0006710508656556167,0.0002449429428228213,0.053811022288672225,5.5024044486738505e-05
LOCAL_A000567,0.0005368406925244934,3.226895387066668e-05,0.056133959622537435,5.500349635215391e-05
A5067373966,0.0005368406925244934,3.226895387066668e-05,0.056133959622537435,5.500349635215391e-05
A5110573326,0.0012078915581801102,2.6540915920977714e-07,0.012940871610192157,5.483442788269404e-05
LOCAL_A000008,0.0012078915581801102,2.6540915920977714e-07,0.012940871610192157,5.483442788269404e-05
A5079609169,0.0012078915581801102,2.6540915920977714e-07,0.012940871610192157,5.483442788269404e-05
LOCAL_A000585,0.0002684203462622467,1.510338738169064e-07,0.029128365262412234,5.474953877331759e-05
A5072119812,0.00040263051939337007,7.053518767674572e-06,0.04436590756018917,5.474589244759015e-05
A5112470311,0.0002684203462622467,4.503697084937025e-09,0.0006135322200279924,5.459162540895835e-05
A5034764343,0.0005368406925244934,3.629108132389512e-05,0.05000630988127407,5.455348763111983e-05
A5082958436,0.0002684203462622467,2.6637951010068083e-07,0.03090936051205938,5.447890534956889e-05
A5001193118,0.00040263051939337007,7.049915810006622e-06,0.044372571943068796,5.440015200746757e-05
A5119657244,0.0005368406925244934,7.258884816651316e-06,0.056337369393579056,5.402822463286217e-05
A5108908629,0.0002684203462622467,1.3856869609757154e-07,0.030912055970454815,5.395486940839105e-05
A5063584493,0.0002684203462622467,0.0,0.030914212675678454,5.3944164981926806e-05
A5011756398,0.0005368406925244934,0.00021754658399080588,0.05197881521268101,5.384708760784761e-05
LOCAL_A000203,0.0005368406925244934,0.00021754658399080588,0.05197881521268101,5.384708760784761e-05
A5079062419,0.0002684203462622467,3.266981865413317e-05,0.02745567495619167,5.374329658400639e-05
A5112701559,0.0006710508656556167,0.0002135778543206002,0.05344108672160402,5.371415423088256e-05
LOCAL_A000711,0.0006710508656556167,0.0002135778543206002,0.05344108672160402,5.371415423088256e-05
A5009549735,0.0002684203462622467,0.0,0.0309455187540943,5.369953777534929e-05
A5013846032,0.0005368406925244934,0.00015449637968850956,0.05281523455277422,5.36408699672503e-05
A5023142347,0.00013421017313112335,0.0,0.0004392332938836763,5.360161611898766e-05
A5138262578,0.0002684203462622467,1.9222428538551995e-05,0.05674500996100394,5.352490585639824e-05
A5078351000,0.00040263051939337007,8.0224163569222e-06,0.050440367725026955,5.349589342065791e-05
A5112038070,0.0032210441551469605,1.687780445096807e-07,0.010608153722112285,5.3422235894363245e-05
A5108122544,0.0032210441551469605,1.687780445096807e-07,0.010608153722112285,5.3422235894363245e-05
A5089109767,0.0032210441551469605,1.687780445096807e-07,0.010608153722112285,5.3422235894363245e-05
A5035104463,0.0032210441551469605,1.687780445096807e-07,0.010608153722112285,5.3422235894363245e-05
A5007722052,0.0032210441551469605,1.687780445096807e-07,0.010608153722112285,5.3422235894363245e-05
A5022508032,0.0032210441551469605,1.687780445096807e-07,0.010608153722112285,5.3422235894363245e-05
A5018635438,0.0032210441551469605,1.687780445096807e-07,0.010608153722112285,5.3422235894363245e-05
A5046825896,0.0032210441551469605,1.687780445096807e-07,0.010608153722112285,5.3422235894363245e-05
A5078514638,0.00013421017313112335,0.0,0.04381099100536391,5.322875992476634e-05
A5056909844,0.0002684203462622467,1.1314831415849256e-06,0.030955247329921703,5.3002691333610244e-05
A5086428556,0.0005368406925244934,5.051436818477584e-06,0.04481122676784985,5.296793199202314e-05
LOCAL_A000281,0.0002684203462622467,0.0,0.030949301362425085,5.295901953644395e-05
A5051848349,0.003757884847671454,1.066678654454542e-06,0.010770110267488045,5.2946138235465464e-05
A5020787018,0.0002684203462622467,0.0,0.050542494114751674,5.294087762853397e-05
A5086989944,0.0002684203462622467,0.0,0.050542494114751674,5.294087762853397e-05
A5005258745,0.0005368406925244934,8.4821977413231e-07,0.05577711609774664,5.2918694175981173e-05
A5093276916,0.0005368406925244934,0.0009496544398104338,0.057453195926026684,5.2420675515878446e-05
A5114054713,0.0006710508656556167,0.00010625972759614258,0.05305554813871751,5.22482811516945e-05
A5023198807,0.0006710508656556167,6.70969313402264e-05,0.05304443303869743,5.223872839418861e-05
A5102898390,0.0006710508656556167,9.896924523181934e-05,0.05305554813871751,5.219878413239764e-05
A5097051672,0.0002684203462622467,0.0,0.05032436017836955,5.2125310472661116e-05
A5086230780,0.0002684203462622467,2.1030810646005757e-07,0.030939036433369357,5.20972403326419e-05
A5098756445,0.0002684203462622467,4.2204316952357824e-05,0.03295477373697515,5.196648606153679e-05
A5101736122,0.0005368406925244934,6.631568494091391e-06,0.056335578688598495,5.184920567431328e-05
A5059777868,0.00040263051939337007,2.1811565615786656e-06,0.0563337880974508,5.177659644970161e-05
A5074378322,0.00040263051939337007,2.1811565615786656e-06,0.0563337880974508,5.177659644970161e-05
A5039141089,0.00040263051939337007,2.1811565615786656e-06,0.0563337880974508,5.177659644970161e-05
A5102990924,0.00040263051939337007,2.1811565615786656e-06,0.0563337880974508,5.177659644970161e-05
A5112266228,0.0005368406925244934,2.109467872910327e-06,0.050914183479991874,5.171180208712241e-05
A5062032042,0.0002684203462622467,0.0,0.005520852176247133,5.17080117561929e-05
A5068032370,0.0002684203462622467,0.0,0.005520852176247133,5.17080117561929e-05
A5100337614,0.00013421017313112335,0.0,0.040949439515780166,5.169052744224144e-05
A5060172696,0.0002684203462622467,2.6013354362597252e-05,0.04258977871253147,5.162752848630715e-05
A5014849714,0.0005368406925244934,0.00013278836252936466,0.05197881521268101,5.1594560901175144e-05
A5100450639,0.00040263051939337007,3.6959792756683286e-05,0.059227189344093475,5.1553207172219395e-05
A5066384363,0.0010736813850489868,3.3404564664275754e-07,0.001740784892671335,5.146372898852274e-05
A5020278447,0.0010736813850489868,4.294694345757263e-07,0.001740784892671335,5.146064222850866e-05
A5005897892,0.0002684203462622467,0.0,0.0357138985052894,5.139328915406339e-05
A5088589391,0.00013421017313112335,0.0,0.0003067661100139962,5.136131325723318e-05
A5107908300,0.0005368406925244934,6.462546483718837e-06,0.004059443508287064,5.131837597358268e-05
A5088690923,0.0002684203462622467,0.0,0.002434805030662269,5.129337602111881e-05
A5035120821,0.0002684203462622467,0.0,0.002434805030662269,5.129337602111881e-05
A5112875977,0.0010736813850489868,4.1265563212529473e-07,0.001740784892671335,5.110839509910567e-05
A5108864193,0.0002684203462622467,2.6791223684753587e-08,0.0013102552495513058,5.106791303777315e-05
A5053686396,0.00013421017313112335,0.0,0.0005726300720261262,5.1046176988703294e-05
A5028500163,0.0005368406925244934,5.9822825461673876e-06,0.0487531947274577,5.0934645281684345e-05
A5123927654,0.00013421017313112335,0.0,0.000241578311636022,5.0784444933318684e-05
A5110803276,0.0002684203462622467,0.0,0.04124292923912126,5.0618156466089165e-05
A5008074955,0.00040263051939337007,2.1941503476477477e-07,0.0020878832615512256,5.0513248763569994e-05
A5100840424,0.0005368406925244934,0.0003482979177606704,0.05197881521268101,4.965195917372564e-05
A5008930531,0.0005368406925244934,4.805313070791642e-06,0.04864881535798192,4.962089370764442e-05
LOCAL_A000670,0.00040263051939337007,7.20591533589924e-09,0.040147091333997714,4.9474300892065056e-05
A5093464640,0.00013421017313112335,0.0,0.029936215541288693,4.944515305524355e-05
A5112230202,0.00013421017313112335,0.0,0.029936215541288693,4.944515305524355e-05
A5015610209,0.00013421017313112335,0.0,0.029936215541288693,4.944515305524355e-05
A5018119494,0.00013421017313112335,0.0,0.029936215541288693,4.944515305524355e-05
A5076385003,0.00040263051939337007,8.718642848200362e-05,0.04555176543015747,4.9442291710793527e-05
A5112326314,0.0002684203462622467,0.00868782131609356,0.042666674076119335,4.936278414248378e-05
A5010835990,0.0002684203462622467,7.981752220397617e-05,0.037591703595528915,4.932517873545739e-05
A5060040851,0.0002684203462622467,3.60295766794962e-08,0.046971447834044396,4.906037839839669e-05
A5045269843,0.00013421017313112335,0.0,0.0011064155736175535,4.851608879508186e-05
A5101980585,0.00013421017313112335,0.0,0.0011064155736175535,4.851608879508186e-05
LOCAL_A000654,0.0002684203462622467,3.920017942729201e-06,0.03521505346954097,4.8496233391513274e-05
A5087726456,0.0008052610387867401,3.501982763810002e-05,0.0538715392438297,4.841320904711135e-05
A5124896920,0.0002684203462622467,1.2397879603570092e-05,0.04444044032701462,4.822013404872642e-05
A5019049009,0.00013421017313112335,0.0,0.042328373163975856,4.8177796008248373e-05
A5060670572,0.0002684203462622467,3.774616382531041e-05,0.04122757946317742,4.817624462373859e-05
A5000973793,0.0002684203462622467,3.774616382531041e-05,0.04122757946317742,4.817624462373859e-05
A5089531486,0.0002684203462622467,1.544124714835551e-08,0.0014127386645381404,4.806302121408227e-05
A5074060298,0.0008052610387867401,2.046697243131815e-05,0.0534104882208895,4.791752189132348e-05
LOCAL_A000388,0.0002684203462622467,3.2705848230812676e-05,0.055400526416666575,4.7908544354779056e-05
A5040035619,0.00013421017313112335,0.0,0.0009098994788550735,4.781191842566201e-05
A5094279601,0.00040263051939337007,1.6305456548153013e-05,0.0563337880974508,4.7681272642083626e-05
A5018823341,0.0005368406925244934,2.196156380864163e-06,0.04865282168387815,4.7653039516985746e-05
LOCAL_A000100,0.00013421017313112335,0.0,0.032481877414496416,4.7560560930380715e-05
LOCAL_A000315,0.0005368406925244934,3.5416213010780594e-06,0.04919024287757756,4.754747735666521e-05
A5016568572,0.0005368406925244934,3.5416213010780594e-06,0.04919024287757756,4.754747735666521e-05
A5111162167,0.00040263051939337007,8.515002511189204e-08,0.05372457232864496,4.7350418425156115e-05
A5100578712,0.00040263051939337007,8.515002511189204e-08,0.05372457232864496,4.7350418425156115e-05
A5030792313,0.00040263051939337007,7.846671571750936e-05,0.05806492075488131,4.710189064686691e-05
A5045277826,0.0006710508656556167,3.933971932568374e-06,0.05672684807073349,4.6845699124563806e-05
A5037558820,0.0005368406925244934,8.158759156590508e-06,0.056133959622537435,4.670879529668467e-05
LOCAL_A000092,0.0005368406925244934,8.158759156590508e-06,0.056133959622537435,4.670879529668467e-05
A5061957366,0.0002684203462622467,0.003193752876025961,0.046266410178604916,4.670100473565463e-05
A5071594228,0.00013421017313112335,0.0,0.03923524320107137,4.631558655445868e-05
A5037211367,0.00013421017313112335,0.0,0.02997469331668043,4.6151247119643554e-05
A5061176218,0.00013421017313112335,0.0,0.02997469331668043,4.6151247119643554e-05
A5031189170,0.00013421017313112335,0.0,0.02997469331668043,4.6151247119643554e-05
LOCAL_A000613,0.00013421017313112335,0.0,0.02997469331668043,4.6151247119643554e-05
A5025898651,0.00013421017313112335,0.0,0.02997469331668043,4.6151247119643554e-05
A5036649104,0.00013421017313112335,0.0,0.02997469331668043,4.6151247119643554e-05
A5032425379,0.00013421017313112335,0.0,0.02997469331668043,4.6151247119643554e-05
A5084065970,0.00013421017313112335,0.0,0.02997469331668043,4.6151247119643554e-05
A5097356205,0.00013421017313112335,0.0,0.02997469331668043,4.6151247119643554e-05
A5051010639,0.00013421017313112335,0.0,0.02997469331668043,4.6151247119643554e-05
A5016882940,0.00013421017313112335,0.0,0.02997469331668043,4.6151247119643554e-05
LOCAL_A000653,0.00013421017313112335,0.0,0.02997469331668043,4.6151247119643554e-05
A5039725259,0.00013421017313112335,0.0,0.02997469331668043,4.6151247119643554e-05
A5005323032,0.00013421017313112335,0.0,0.02997469331668043,4.6151247119643554e-05
A5056158177,0.0005368406925244934,8.720515670173819e-05,0.053053959982099476,4.613395604004947e-05
A5096293397,0.0002684203462622467,2.6157472669315686e-05,0.0423293840873635,4.6083667710928444e-05
A5110369816,0.0006710508656556167,1.6610558684547218e-07,0.0019967186982161,4.57617444686637e-05
A5068908636,0.0005368406925244934,5.498450994398822e-05,0.05304284554743512,4.5710732186556544e-05
A5101761853,0.0002684203462622467,0.0,0.046542203227908856,4.560359082258704e-05
A5061433920,0.0002684203462622467,2.8955889890014145e-05,0.03438164192283215,4.557282364551839e-05
A5112495549,0.0002684203462622467,0.0,0.05670144094702147,4.556623079986128e-05
A5040523210,0.0002684203462622467,0.0,0.05670144094702147,4.556623079986128e-05
LOCAL_A000429,0.00013421017313112335,0.0,0.029951392329902782,4.54706966180273e-05
LOCAL_A000409,0.0002684203462622467,0.0,0.05133000205977575,4.522948650542963e-05
A5046633562,0.0002684203462622467,0.0,0.05133000205977575,4.522948650542963e-05
A5035351643,0.0002684203462622467,3.2754160617723818e-09,0.0008119715474432962,4.520822459813408e-05
A5062367420,0.00040263051939337007,0.0001923362623394652,0.057608192196645557,4.509912972472292e-05
A5031192326,0.00040263051939337007,8.056807079193553e-06,0.04758688793454147,4.500846558101085e-05
A5109586304,0.0002684203462622467,0.00013421271195137007,0.05401766606083317,4.497333785735191e-05
LOCAL_A000373,0.0002684203462622467,3.270509826455813e-05,0.05154646466734519,4.493533922949622e-05
A5006405976,0.0002684203462622467,3.2114547118031145e-06,0.03437897430115989,4.4867879998513284e-05
A5109724952,0.0002684203462622467,2.8343610126695842e-05,0.04304698810195995,4.461075730605525e-05
A5060829860,0.00040263051939337007,7.5280155580995624e-06,0.052709996761992485,4.441676008118448e-05
A5113986794,0.00040263051939337007,1.2062394603152553e-06,0.0543522843730871,4.439496218311829e-05
LOCAL_A000708,0.00013421017313112335,0.0,0.001175355758633171,4.4334305921038785e-05
A5009716673,0.00040263051939337007,1.703348536233123e-05,0.051991013233264806,4.4314800549283165e-05
A5056681282,0.00040263051939337007,0.0005287214796729116,0.053557357783277346,4.4241485619258116e-05
A5135400802,0.0002684203462622467,0.0,0.049667189046433996,4.416038469233403e-05
A5122391746,0.0002684203462622467,0.0,0.05248678160157537,4.41524926415428e-05
LOCAL_A000623,0.00013421017313112335,0.0,0.001031074980880376,4.414036220128308e-05
A5029249233,0.0002684203462622467,1.20098588931654e-08,0.001159959353490423,4.408556417845111e-05
A5075052743,0.0002684203462622467,1.20098588931654e-08,0.001159959353490423,4.408556417845111e-05
A5128356196,0.00013421017313112335,0.0,0.00063947200138947,4.3929123821099335e-05
A5020835202,0.00013421017313112335,0.0,0.035297107145997986,4.3825513911371135e-05
A5070496761,0.002684203462622467,7.576574803330279e-07,0.010450995889192105,4.381861641711225e-05
LOCAL_A000444,0.00013421017313112335,0.0,0.0007515769695342907,4.362829601822412e-05
A5106977164,0.00013421017313112335,0.0,0.0004520763726522049,4.3531687832852985e-05
A5004005170,0.00040263051939337007,4.6504301807192675e-05,0.0519772908625472,4.343880473122057e-05
A5016165289,0.00013421017313112335,0.0,0.03895326683784609,4.341518147047792e-05
A5036662627,0.002684203462622467,4.702589701154888e-07,0.010450995889192105,4.309144643112825e-05
A5057408423,0.00013421017313112335,0.0,0.0371076699772208,4.277140552428772e-05
A5041461727,0.00013421017313112335,0.0,0.030900199468635536,4.2590964514084984e-05
A5101740969,0.00013421017313112335,0.0,0.0007060622151680836,4.258023051041986e-05
A5068715226,0.00013421017313112335,0.0,0.03699381425844286,4.2455623676115065e-05
A5107933958,0.0002684203462622467,0.0,0.049224397076098346,4.23512274073536e-05
A5011077680,0.00013421017313112335,0.0,0.044036315869658046,4.186241515693801e-05
A5133244710,0.00013421017313112335,0.0,0.042261758813534195,4.17894008886223e-05
A5114060515,0.00040263051939337007,4.242725845764466e-06,0.04864748006263544,4.1703020411098325e-05
A5070482335,0.00040263051939337007,7.890670065843356e-06,0.05521929280375104,4.169578569960954e-05
A5101663227,0.00040263051939337007,8.496984784268109e-06,0.05373108716188677,4.143418082448761e-05
A5110190664,0.00013421017313112335,0.0,0.0016118378635845694,4.1375603526905755e-05
A5030860493,0.00040263051939337007,4.8840734194629e-06,0.047180259839269476,4.1296053254282046e-05
A5083805250,0.00013421017313112335,0.0,0.04667334600310731,4.11676629806122e-05
A5101793667,0.0002684203462622467,3.268783344247293e-05,0.052639549780873096,4.049009492370779e-05
A5019334343,0.00013421017313112335,0.0,0.048632796650257853,4.0411562508760345e-05
A5022353158,0.00013421017313112335,0.0,0.052117906346399186,4.014822844614346e-05
LOCAL_A000384,0.00013421017313112335,0.0,0.029107317027508125,3.968471994733647e-05
A5101932598,0.00040263051939337007,2.215755667220261e-06,0.05131216933852514,3.907745293425455e-05
A5009575522,0.00013421017313112335,0.0,0.03213324947190742,3.891037571266621e-05
A5065170284,0.00013421017313112335,0.0,0.0009993495968532876,3.874987476437251e-05
LOCAL_A000218,0.00013421017313112335,0.0,0.032469976021287844,3.865833812702482e-05
A5023725893,0.00013421017313112335,0.0,0.0010673656121957574,3.8218274343345966e-05
A5113262960,0.00013421017313112335,0.0,0.0011267412209380356,3.7305983654172034e-05
A5106785511,0.00013421017313112335,0.0,0.038048465955132824,3.7204981760590784e-05
A5106610329,0.00013421017313112335,0.0,0.038048465955132824,3.7204981760590784e-05
A5111497739,0.00013421017313112335,0.0,0.038048465955132824,3.7204981760590784e-05
LOCAL_A000087,0.00013421017313112335,0.0,0.038048465955132824,3.7204981760590784e-05
A5138204528,0.0002684203462622467,0.0,0.05561085755457931,3.67095139910284e-05
A5043012596,0.0002684203462622467,0.0,0.05375390152620397,3.667210649229359e-05
A5004759226,0.00013421017313112335,0.0,0.030946599404979697,3.667143248376e-05
A5130888934,0.00013421017313112335,0.0,0.039338001134657574,3.659249631628021e-05
A5066391854,0.00040263051939337007,0.0,0.03292233010350139,3.6381558601705523e-05
A5108236710,0.00013421017313112335,0.0,0.05192703741714511,3.6036083389816426e-05
LOCAL_A000061,0.0002684203462622467,1.037250094787325e-06,0.04726833905275222,3.5866195101380295e-05
A5054786913,0.00013421017313112335,0.0,0.04662423425900976,3.553725316919096e-05
A5033642366,0.00013421017313112335,0.0,0.0021077879754567447,3.4976699696772315e-05
A5044906171,0.00013421017313112335,0.0,0.036307227981030754,3.452439014764779e-05
A5065071509,0.00013421017313112335,0.0,0.0332621495941071,3.437283157064332e-05
A5039649826,0.00013421017313112335,0.0,0.0332621495941071,3.437283157064332e-05
LOCAL_A000405,0.00013421017313112335,0.0,0.047720137883255624,3.4186920236532505e-05
A5046024857,0.00013421017313112335,0.0,0.04121799165399993,3.417916288046748e-05
A5036573017,0.00013421017313112335,0.0,0.04121799165399993,3.417916288046748e-05
A5039631988,0.00013421017313112335,0.0,0.04121799165399993,3.417916288046748e-05
A5007907047,0.00013421017313112335,0.0,0.04121799165399993,3.417916288046748e-05
A5084751540,0.00013421017313112335,0.0,0.032481877414496416,3.4163274552674904e-05
A5012612250,0.00013421017313112335,0.0,0.04626520246213676,3.361906538592499e-05
LOCAL_A000393,0.00013421017313112335,0.0,0.03845879659589882,3.355956489431051e-05
A5056209905,0.0002684203462622467,3.108790479018808e-07,0.04864748006263544,3.3456070574013646e-05
A5102765203,0.00013421017313112335,0.0,0.04838452788954703,3.285371964773296e-05
A5112645301,0.00040263051939337007,3.7230562568812765e-07,0.03292233010350139,3.2744872976165975e-05
A5113027053,0.00013421017313112335,0.0,0.051544965569928665,3.272395073409505e-05
A5071364715,0.00013421017313112335,0.0,0.051544965569928665,3.272395073409505e-05
A5050158366,0.00013421017313112335,0.0,0.05235190196786286,3.2281581057528276e-05
A5093287777,0.00013421017313112335,0.0,0.0013820792296907168,3.171619290588893e-05
A5041272794,0.00013421017313112335,0.0,0.04806958425651588,3.0325768177736047e-05
A5109782608,0.00013421017313112335,0.0,0.042328373163975856,2.990325745272886e-05
A5104293876,0.00013421017313112335,0.0,0.042328373163975856,2.990325745272886e-05
A5040962133,0.00013421017313112335,0.0,0.042328373163975856,2.990325745272886e-05
A5031742904,0.00013421017313112335,0.0,0.05498801318943898,2.868776695692669e-05
A5110577305,0.0002684203462622467,6.5508321235447636e-09,0.001479667158770635,2.848562493969781e-05
A5113849259,0.00013421017313112335,0.0,0.027498272273590422,2.787336488237603e-05
A5135380258,0.00013421017313112335,0.0,0.03895840420982981,2.7449466975201808e-05
A5000321582,0.00013421017313112335,0.0,0.045995059976176804,2.7296349412918152e-05
A5005497446,0.00013421017313112335,0.0,0.04554942409914927,2.6584549992722906e-05
A5073871936,0.00013421017313112335,0.0,0.05669962702332119,2.5915705995734772e-05
A5101588922,0.00013421017313112335,0.0,0.00144357771587379,2.4709716285000727e-05
A5100415670,0.0,0.0,0.0,2.07659881749691e-05
A5071090412,0.0,0.0,0.0,2.07659881749691e-05
A5103934844,0.0,0.0,0.0,2.07659881749691e-05
A5062581235,0.0,0.0,0.0,2.07659881749691e-05
A5057515922,0.0,0.0,0.0,2.07659881749691e-05
A5104026243,0.0,0.0,0.0,2.07659881749691e-05
A5030154211,0.0,0.0,0.0,2.07659881749691e-05
A5103046309,0.0,0.0,0.0,2.07659881749691e-05
A5070348318,0.0,0.0,0.0,2.07659881749691e-05
A5037488103,0.0,0.0,0.0,2.07659881749691e-05
A5041034605,0.0,0.0,0.0,2.07659881749691e-05
A5057023966,0.0,0.0,0.0,2.07659881749691e-05
A5000049016,0.0,0.0,0.0,2.07659881749691e-05
LOCAL_A000562,0.0,0.0,0.0,2.07659881749691e-05
A5101884386,0.0,0.0,0.0,2.07659881749691e-05
A5083021064,0.0,0.0,0.0,2.07659881749691e-05
A5101308419,0.0,0.0,0.0,2.07659881749691e-05
A5090756733,0.0,0.0,0.0,2.07659881749691e-05
A5108103361,0.0,0.0,0.0,2.07659881749691e-05
A5073470573,0.0,0.0,0.0,2.07659881749691e-05
A5063193184,0.0,0.0,0.0,2.07659881749691e-05
A5103462837,0.0,0.0,0.0,2.07659881749691e-05
A5015097286,0.0,0.0,0.0,2.07659881749691e-05
A5088805063,0.0,0.0,0.0,2.07659881749691e-05
A5044946155,0.0,0.0,0.0,2.07659881749691e-05
A5061201875,0.0,0.0,0.0,2.07659881749691e-05
A5088461473,0.0,0.0,0.0,2.07659881749691e-05
A5102409685,0.0,0.0,0.0,2.07659881749691e-05
A5100676084,0.0,0.0,0.0,2.07659881749691e-05
A5035772870,0.0,0.0,0.0,2.07659881749691e-05
A5011655568,0.0,0.0,0.0,2.07659881749691e-05
A5113115341,0.0,0.0,0.0,2.07659881749691e-05
A5110679012,0.0,0.0,0.0,2.07659881749691e-05
A5100839259,0.0,0.0,0.0,2.07659881749691e-05
A5102220548,0.0,0.0,0.0,2.07659881749691e-05
A5016128874,0.0,0.0,0.0,2.07659881749691e-05
A5004954278,0.0,0.0,0.0,2.07659881749691e-05
A5055087826,0.0,0.0,0.0,2.07659881749691e-05
A5017280670,0.0,0.0,0.0,2.07659881749691e-05
A5132713198,0.0,0.0,0.0,2.07659881749691e-05
A5087172256,0.0,0.0,0.0,2.07659881749691e-05
A5132655044,0.0,0.0,0.0,2.07659881749691e-05
A5092295668,0.0,0.0,0.0,2.07659881749691e-05
A5086169122,0.0,0.0,0.0,2.07659881749691e-05
A5004270298,0.0,0.0,0.0,2.07659881749691e-05
A5110729206,0.0,0.0,0.0,2.07659881749691e-05
A5112623757,0.0,0.0,0.0,2.07659881749691e-05
A5018725411,0.0,0.0,0.0,2.07659881749691e-05
A5110947774,0.0,0.0,0.0,2.07659881749691e-05
A5083861519,0.0,0.0,0.0,2.07659881749691e-05
A5035756893,0.0,0.0,0.0,2.07659881749691e-05
A5099167405,0.0,0.0,0.0,2.07659881749691e-05
A5120924308,0.0,0.0,0.0,2.07659881749691e-05
LOCAL_A000725,0.0,0.0,0.0,2.07659881749691e-05
A5067826188,0.0,0.0,0.0,2.07659881749691e-05
A5036760861,0.0,0.0,0.0,2.07659881749691e-05
A5116552325,0.0,0.0,0.0,2.07659881749691e-05
A5050703987,0.0,0.0,0.0,2.07659881749691e-05
A5071961095,0.0,0.0,0.0,2.07659881749691e-05
A5018026493,0.0,0.0,0.0,2.07659881749691e-05
A5067057339,0.0,0.0,0.0,2.07659881749691e-05
A5090498564,0.0,0.0,0.0,2.07659881749691e-05
LOCAL_A000378,0.0,0.0,0.0,2.07659881749691e-05
A5107608257,0.0,0.0,0.0,2.07659881749691e-05
A5079813953,0.0,0.0,0.0,2.07659881749691e-05
A5024162646,0.0,0.0,0.0,2.07659881749691e-05
A5100759043,0.0,0.0,0.0,2.07659881749691e-05
A5029731231,0.0,0.0,0.0,2.07659881749691e-05
A5107569559,0.0,0.0,0.0,2.07659881749691e-05
A5112978882,0.0,0.0,0.0,2.07659881749691e-05
A5111016325,0.0,0.0,0.0,2.07659881749691e-05
A5017384034,0.0,0.0,0.0,2.07659881749691e-05
A5121682937,0.0,0.0,0.0,2.07659881749691e-05
A5117424256,0.0,0.0,0.0,2.07659881749691e-05
A5101958583,0.0,0.0,0.0,2.07659881749691e-05
A5071773232,0.0,0.0,0.0,2.07659881749691e-05
A5077406567,0.0,0.0,0.0,2.07659881749691e-05
A5117078370,0.0,0.0,0.0,2.07659881749691e-05
A5057625755,0.0,0.0,0.0,2.07659881749691e-05
A5014044862,0.0,0.0,0.0,2.07659881749691e-05
A5098157644,0.0,0.0,0.0,2.07659881749691e-05
A5040102344,0.0,0.0,0.0,2.07659881749691e-05
A5092815858,0.0,0.0,0.0,2.07659881749691e-05
LOCAL_A000540,0.0,0.0,0.0,2.07659881749691e-05
A5101153572,0.0,0.0,0.0,2.07659881749691e-05
A5092677217,0.0,0.0,0.0,2.07659881749691e-05
LOCAL_A000406,0.0,0.0,0.0,2.07659881749691e-05
A5071030668,0.0,0.0,0.0,2.07659881749691e-05
A5010072711,0.0,0.0,0.0,2.07659881749691e-05
A5066407131,0.0,0.0,0.0,2.07659881749691e-05
A5122193922,0.0,0.0,0.0,2.07659881749691e-05
LOCAL_A000428,0.0,0.0,0.0,2.07659881749691e-05
A5129448426,0.0,0.0,0.0,2.07659881749691e-05
LOCAL_A000371,0.0,0.0,0.0,2.07659881749691e-05
A5050842566,0.0,0.0,0.0,2.07659881749691e-05
A5045025427,0.0,0.0,0.0,2.07659881749691e-05
A5117758222,0.0,0.0,0.0,2.07659881749691e-05
A5042789478,0.0,0.0,0.0,2.07659881749691e-05
A5107154585,0.0,0.0,0.0,2.07659881749691e-05
A5084021444,0.0,0.0,0.0,2.07659881749691e-05
A5031708507,0.0,0.0,0.0,2.07659881749691e-05
A5117603954,0.0,0.0,0.0,2.07659881749691e-05
A5030774861,0.0,0.0,0.0,2.07659881749691e-05
A5006468960,0.0,0.0,0.0,2.07659881749691e-05
A5113169613,0.0,0.0,0.0,2.07659881749691e-05
A5060086486,0.0,0.0,0.0,2.07659881749691e-05
A5048731153,0.0,0.0,0.0,2.07659881749691e-05
A5100452334,0.0,0.0,0.0,2.07659881749691e-05
A5120630366,0.0,0.0,0.0,2.07659881749691e-05
A5015010937,0.0,0.0,0.0,2.07659881749691e-05
A5022561054,0.0,0.0,0.0,2.07659881749691e-05
A5051487546,0.0,0.0,0.0,2.07659881749691e-05
A5100411480,0.0,0.0,0.0,2.07659881749691e-05
A5102728063,0.0,0.0,0.0,2.07659881749691e-05
A5078016706,0.0,0.0,0.0,2.07659881749691e-05
A5007080908,0.0,0.0,0.0,2.07659881749691e-05
A5017221030,0.0,0.0,0.0,2.07659881749691e-05
A5080706652,0.0,0.0,0.0,2.07659881749691e-05
A5062880735,0.0,0.0,0.0,2.07659881749691e-05
A5109216007,0.0,0.0,0.0,2.07659881749691e-05
A5100727651,0.0,0.0,0.0,2.07659881749691e-05
A5047015242,0.0,0.0,0.0,2.07659881749691e-05
A5034305048,0.0,0.0,0.0,2.07659881749691e-05
LOCAL_A000093,0.0,0.0,0.0,2.07659881749691e-05
A5136377972,0.0,0.0,0.0,2.07659881749691e-05
A5087442163,0.0,0.0,0.0,2.07659881749691e-05
A5136886963,0.0,0.0,0.0,2.07659881749691e-05
A5104280858,0.0,0.0,0.0,2.07659881749691e-05
A5041986292,0.0,0.0,0.0,2.07659881749691e-05
A5070442948,0.0,0.0,0.0,2.07659881749691e-05
A5063807725,0.0,0.0,0.0,2.07659881749691e-05
A5107174257,0.0,0.0,0.0,2.07659881749691e-05
A5059100699,0.0,0.0,0.0,2.07659881749691e-05
A5043910551,0.0,0.0,0.0,2.07659881749691e-05
A5006572715,0.0,0.0,0.0,2.07659881749691e-05
A5102001542,0.0,0.0,0.0,2.07659881749691e-05
A5114377952,0.0,0.0,0.0,2.07659881749691e-05
A5062050270,0.0,0.0,0.0,2.07659881749691e-05
A5101547642,0.0,0.0,0.0,2.07659881749691e-05
A5103106651,0.0,0.0,0.0,2.07659881749691e-05
A5102027458,0.0,0.0,0.0,2.07659881749691e-05
A5026736557,0.0,0.0,0.0,2.07659881749691e-05
A5081094991,0.0,0.0,0.0,2.07659881749691e-05
A5100626681,0.0,0.0,0.0,2.07659881749691e-05
A5103784185,0.0,0.0,0.0,2.07659881749691e-05
A5136296185,0.0,0.0,0.0,2.07659881749691e-05
A5113955270,0.0,0.0,0.0,2.07659881749691e-05
A5072039769,0.0,0.0,0.0,2.07659881749691e-05
A5100374993,0.0,0.0,0.0,2.07659881749691e-05
A5135852227,0.0,0.0,0.0,2.07659881749691e-05
LOCAL_A000211,0.0,0.0,0.0,2.07659881749691e-05
A5009202157,0.0,0.0,0.0,2.07659881749691e-05
A5012062329,0.0,0.0,0.0,2.07659881749691e-05
A5074698039,0.0,0.0,0.0,2.07659881749691e-05
LOCAL_A000219,0.0,0.0,0.0,2.07659881749691e-05
A5135603184,0.0,0.0,0.0,2.07659881749691e-05
LOCAL_A000719,0.0,0.0,0.0,2.07659881749691e-05
LOCAL_A000552,0.0,0.0,0.0,2.07659881749691e-05
A5057056307,0.0,0.0,0.0,2.07659881749691e-05
A5029262393,0.0,0.0,0.0,2.07659881749691e-05
A5092395055,0.0,0.0,0.0,2.07659881749691e-05
A5062946533,0.0,0.0,0.0,2.07659881749691e-05
A5077974169,0.0,0.0,0.0,2.07659881749691e-05
A5089075317,0.0,0.0,0.0,2.07659881749691e-05
LOCAL_A000214,0.0,0.0,0.0,2.07659881749691e-05
A5110945029,0.0,0.0,0.0,2.07659881749691e-05
A5025205889,0.0,0.0,0.0,2.07659881749691e-05
A5119048346,0.0,0.0,0.0,2.07659881749691e-05
A5017509727,0.0,0.0,0.0,2.07659881749691e-05
A5090435705,0.0,0.0,0.0,2.07659881749691e-05
A5102004265,0.0,0.0,0.0,2.07659881749691e-05
A5106161395,0.0,0.0,0.0,2.07659881749691e-05
A5028867378,0.0,0.0,0.0,2.07659881749691e-05
A5051317969,0.0,0.0,0.0,2.07659881749691e-05
A5010696478,0.0,0.0,0.0,2.07659881749691e-05
A5025220393,0.0,0.0,0.0,2.07659881749691e-05
A5102481156,0.0,0.0,0.0,2.07659881749691e-05
A5065084903,0.0,0.0,0.0,2.07659881749691e-05
A5134569039,0.0,0.0,0.0,2.07659881749691e-05
A5070941732,0.0,0.0,0.0,2.07659881749691e-05
A5114995941,0.0,0.0,0.0,2.07659881749691e-05
A5114995942,0.0,0.0,0.0,2.07659881749691e-05
A5114995951,0.0,0.0,0.0,2.07659881749691e-05
A5013241108,0.0,0.0,0.0,2.07659881749691e-05
A5115435966,0.0,0.0,0.0,2.07659881749691e-05
A5115451748,0.0,0.0,0.0,2.07659881749691e-05
A5083387016,0.0,0.0,0.0,2.07659881749691e-05
A5046049487,0.0,0.0,0.0,2.07659881749691e-05
A5060026159,0.0,0.0,0.0,2.07659881749691e-05
A5039870293,0.0,0.0,0.0,2.07659881749691e-05
A5101940487,0.0,0.0,0.0,2.07659881749691e-05
A5100417317,0.0,0.0,0.0,2.07659881749691e-05
A5087680483,0.0,0.0,0.0,2.07659881749691e-05
LOCAL_A000403,0.0,0.0,0.0,2.07659881749691e-05
A5000392422,0.0,0.0,0.0,2.07659881749691e-05
A5100336793,0.0,0.0,0.0,2.07659881749691e-05
A5078038327,0.0,0.0,0.0,2.07659881749691e-05
A5102002673,0.0,0.0,0.0,2.07659881749691e-05
A5100727459,0.0,0.0,0.0,2.07659881749691e-05
A5032333683,0.0,0.0,0.0,2.07659881749691e-05
A5075223103,0.0,0.0,0.0,2.07659881749691e-05
A5101356478,0.0,0.0,0.0,2.07659881749691e-05
A5102212713,0.0,0.0,0.0,2.07659881749691e-05
A5016443118,0.0,0.0,0.0,2.07659881749691e-05
A5112107553,0.0,0.0,0.0,2.07659881749691e-05
A5101978986,0.0,0.0,0.0,2.07659881749691e-05
A5102657472,0.0,0.0,0.0,2.07659881749691e-05
A5022071004,0.0,0.0,0.0,2.07659881749691e-05
A5100418954,0.0,0.0,0.0,2.07659881749691e-05
A5003791909,0.0,0.0,0.0,2.07659881749691e-05
A5028101406,0.0,0.0,0.0,2.07659881749691e-05
A5077465191,0.0,0.0,0.0,2.07659881749691e-05
A5100970994,0.0,0.0,0.0,2.07659881749691e-05
A5073077276,0.0,0.0,0.0,2.07659881749691e-05
A5100617481,0.0,0.0,0.0,2.07659881749691e-05
A5032882089,0.0,0.0,0.0,2.07659881749691e-05
A5100352418,0.0,0.0,0.0,2.07659881749691e-05
A5078778703,0.0,0.0,0.0,2.07659881749691e-05
A5054223932,0.0,0.0,0.0,2.07659881749691e-05
A5010181020,0.0,0.0,0.0,2.07659881749691e-05
A5012747702,0.0,0.0,0.0,2.07659881749691e-05
A5013742376,0.0,0.0,0.0,2.07659881749691e-05
A5100962753,0.0,0.0,0.0,2.07659881749691e-05
A5012338476,0.0,0.0,0.0,2.07659881749691e-05
A5101539552,0.0,0.0,0.0,2.07659881749691e-05
A5100914650,0.0,0.0,0.0,2.07659881749691e-05
A5034064963,0.0,0.0,0.0,2.07659881749691e-05
A5050179474,0.0,0.0,0.0,2.07659881749691e-05
A5077149091,0.0,0.0,0.0,2.07659881749691e-05
A5000067885,0.0,0.0,0.0,2.07659881749691e-05
A5101468353,0.0,0.0,0.0,2.07659881749691e-05
A5104000316,0.0,0.0,0.0,2.07659881749691e-05
A5101727536,0.0,0.0,0.0,2.07659881749691e-05
A5067673175,0.0,0.0,0.0,2.07659881749691e-05
A5100939206,0.0,0.0,0.0,2.07659881749691e-05
LOCAL_A000289,0.0,0.0,0.0,2.07659881749691e-05
A5102884219,0.0,0.0,0.0,2.07659881749691e-05
A5090643890,0.0,0.0,0.0,2.07659881749691e-05
A5102861347,0.0,0.0,0.0,2.07659881749691e-05
A5027631172,0.0,0.0,0.0,2.07659881749691e-05
A5038701537,0.0,0.0,0.0,2.07659881749691e-05
A5100719060,0.0,0.0,0.0,2.07659881749691e-05
A5100754504,0.0,0.0,0.0,2.07659881749691e-05
A5089298247,0.0,0.0,0.0,2.07659881749691e-05
A5102221833,0.0,0.0,0.0,2.07659881749691e-05
A5100569874,0.0,0.0,0.0,2.07659881749691e-05
A5101153859,0.0,0.0,0.0,2.07659881749691e-05
A5101402718,0.0,0.0,0.0,2.07659881749691e-05
A5108577449,0.0,0.0,0.0,2.07659881749691e-05
A5074982789,0.0,0.0,0.0,2.07659881749691e-05
LOCAL_A000288,0.0,0.0,0.0,2.07659881749691e-05
A5069741452,0.0,0.0,0.0,2.07659881749691e-05
A5101838627,0.0,0.0,0.0,2.07659881749691e-05
A5002509297,0.0,0.0,0.0,2.07659881749691e-05
A5051884219,0.0,0.0,0.0,2.07659881749691e-05
A5034313357,0.0,0.0,0.0,2.07659881749691e-05
A5103166964,0.0,0.0,0.0,2.07659881749691e-05
A5101579465,0.0,0.0,0.0,2.07659881749691e-05
A5103137371,0.0,0.0,0.0,2.07659881749691e-05
A5059838493,0.0,0.0,0.0,2.07659881749691e-05
A5026950458,0.0,0.0,0.0,2.07659881749691e-05
A5009067755,0.0,0.0,0.0,2.07659881749691e-05
A5056596042,0.0,0.0,0.0,2.07659881749691e-05
A5033714280,0.0,0.0,0.0,2.07659881749691e-05
A5007520446,0.0,0.0,0.0,2.07659881749691e-05
A5019101426,0.0,0.0,0.0,2.07659881749691e-05
A5101414185,0.0,0.0,0.0,2.07659881749691e-05
A5087672790,0.0,0.0,0.0,2.07659881749691e-05
A5101440733,0.0,0.0,0.0,2.07659881749691e-05
